# Blender 5.0.1
# www.blender.org
mtllib 100.mtl
o 100
v -0.082751 -0.082751 1.812500
v -0.099999 -0.082751 1.795251
v -0.082751 -0.100000 1.795251
v -0.082751 0.082752 1.812500
v -0.082751 0.100000 1.795251
v -0.099999 0.082752 1.795251
v 0.100001 0.082752 1.795251
v 0.082752 0.100000 1.795251
v 0.082752 0.082752 1.812500
v 0.082752 -0.100000 1.795251
v 0.100001 -0.082751 1.795251
v 0.082752 -0.082751 1.812500
v -0.082751 0.100000 0.762835
v -0.099999 0.082752 0.762835
v -0.099999 -0.082752 0.762835
v -0.082751 -0.100000 0.762835
v 0.082752 0.100000 0.762835
v 0.100001 0.082752 0.762835
v 0.100001 -0.082752 0.762835
v 0.082752 -0.100000 0.762835
v -0.082751 -0.082751 -0.286830
v -0.099999 -0.082751 -0.269582
v -0.082751 -0.100000 -0.269582
v -0.082751 0.082752 -0.286830
v -0.082751 0.100000 -0.269582
v -0.099999 0.082752 -0.269582
v 0.100001 0.082752 -0.269582
v 0.082752 0.100000 -0.269582
v 0.082752 0.082752 -0.286830
v 0.082752 -0.100000 -0.269582
v 0.100001 -0.082751 -0.269582
v 0.082752 -0.082751 -0.286830
v -0.930525 0.249334 1.149188
v -0.777656 0.448981 1.516820
v -0.834285 0.481676 1.149188
v -0.681191 0.681192 1.149188
v -0.481674 0.834287 1.149188
v -0.249332 0.930526 1.149188
v -0.251048 0.936929 0.848421
v -0.485230 0.840447 0.826477
v -0.681191 0.681192 0.413925
v -0.686920 0.686922 0.781557
v -0.834285 0.481676 0.413925
v -0.841303 0.485727 0.781556
v -0.930525 0.249334 0.413925
v -0.938351 0.251431 0.781556
v -0.963350 0.000000 0.413925
v -0.971453 0.000000 0.781556
v -0.938249 -0.190667 0.413925
v -0.874562 -0.177725 0.046293
v -0.777656 0.448981 0.046293
v -0.843846 0.213430 1.139945
v -0.752344 0.434367 1.139822
v -0.696837 0.402320 1.500221
v -0.781838 0.196984 1.500495
v -0.614286 0.614287 1.139822
v -0.568965 0.568967 1.500221
v -0.434365 0.752346 1.139822
v -0.402318 0.696839 1.500221
v -0.213429 0.843847 1.139945
v -0.196983 0.781839 1.500495
v -0.752344 0.434367 0.423291
v -0.606758 0.624078 0.423168
v -0.619757 0.619983 0.781397
v -0.759175 0.438310 0.781556
v -0.839131 0.224845 0.423291
v -0.846798 0.226735 0.781716
v -0.868732 0.000000 0.423291
v -0.876665 0.000000 0.783645
v -0.845231 -0.178421 0.423168
v -0.852966 -0.180004 0.783609
v -0.782783 -0.165642 0.062617
v -0.804638 0.000000 0.062892
v -0.777221 0.208256 0.062892
v -0.696837 0.402320 0.062892
v -0.561511 0.578601 0.062617
v -0.437836 0.758358 0.824388
v -0.215084 0.850105 0.846368
v -0.676383 0.580962 0.046293
v -0.643380 0.643382 0.113297
v -0.581781 0.594155 0.058112
v -0.905667 0.000000 0.089624
v -0.854278 0.000000 0.054062
v -0.892217 -0.043623 0.046293
v -0.825170 0.221104 0.054062
v -0.874808 0.234405 0.089624
v -0.850525 0.273060 0.046293
v -0.423124 0.732875 1.507622
v -0.453541 0.785559 1.465524
v -0.634953 0.634955 1.516820
v -0.234769 0.876177 1.465524
v -0.212778 0.819973 1.507774
v -0.967046 -0.033471 0.781556
v -0.939910 -0.191005 0.491328
v -0.887109 -0.184499 0.782857
v -0.820560 0.213023 1.507886
v -0.830830 0.320608 1.516820
v -0.889168 0.238252 1.389907
v -0.519953 0.817484 1.189230
v -0.404820 0.864692 1.209608
v -0.502162 0.827796 1.064825
v -0.387029 0.875004 1.085203
v -0.516168 0.861610 1.065625
v -0.529310 0.840075 1.189764
v -0.414177 0.887282 1.210142
v -0.401035 0.908817 1.086003
v -0.821996 0.458219 1.221965
v -0.748237 0.557989 1.209379
v -0.846868 0.461195 1.099796
v -0.773109 0.560965 1.087210
v -0.884928 0.490401 1.108256
v -0.811170 0.590170 1.095670
v -0.778030 0.521068 0.486945
v -0.819023 0.362119 0.356777
v -0.760196 0.497250 0.341827
v -0.871671 0.383927 0.346728
v -0.830678 0.542876 0.476896
v -0.812845 0.519058 0.331778
v -0.944111 -0.028022 0.381589
v -0.956207 0.028376 0.491339
v -0.920209 0.081237 0.328078
v -0.932305 0.137635 0.437829
v -0.967496 0.087463 0.319667
v -0.991398 -0.021796 0.373178
v -1.003495 0.034601 0.482929
v -0.835705 0.468739 1.225012
v -0.761947 0.568509 1.212427
v -0.818538 0.428016 0.497239
v -0.831304 0.378520 0.456706
v -0.883952 0.400328 0.446657
v -0.871187 0.449824 0.487190
v -0.938276 0.138421 0.436767
v -0.968282 0.091124 0.326791
v -0.505102 0.970843 1.140163
v -0.952834 0.523796 0.395845
v -1.067213 0.073481 0.383240
v -0.606516 0.758938 1.155557
v -0.529941 0.778792 1.330576
v -0.907687 0.304470 0.413925
v -0.863337 0.374089 0.218536
v 0.000002 0.963352 1.149188
v 0.000002 0.897962 1.516819
v 0.249336 0.930526 1.149188
v 0.481678 0.834287 1.149188
v 0.634957 0.634955 1.516820
v 0.681195 0.681192 1.149188
v 0.712537 0.533851 1.516820
v 0.799478 0.527043 1.149188
v -0.204370 0.936445 1.149188
v 0.000002 0.970924 0.805647
v 0.930529 0.249334 0.413925
v 0.936505 0.250935 0.694661
v 0.834289 0.481676 0.413925
v 0.839648 0.484769 0.694661
v 0.681195 0.681192 0.413925
v 0.686924 0.686922 0.781557
v 0.528003 0.798741 0.413925
v 0.532239 0.805106 0.800054
v 0.251295 0.937840 0.805647
v 0.634957 0.634955 0.033497
v 0.867367 0.232410 0.046293
v -0.162196 0.949570 0.805647
v -0.237313 0.937781 0.891836
v 0.000002 0.868734 1.139822
v 0.223834 0.839200 1.140536
v 0.208258 0.777222 1.500221
v 0.000002 0.804640 1.500221
v 0.434110 0.752513 1.140069
v 0.402322 0.696839 1.500221
v 0.614078 0.614430 1.139984
v 0.568969 0.568967 1.500221
v 0.724797 0.470197 1.140135
v 0.639095 0.477497 1.500495
v -0.192124 0.843428 1.139945
v -0.135862 0.786704 1.500495
v 0.752241 0.434481 0.423083
v 0.843697 0.213786 0.422915
v 0.849681 0.214972 0.696715
v 0.757443 0.437528 0.695001
v 0.614546 0.613999 0.423030
v 0.619780 0.619903 0.781610
v 0.471185 0.724068 0.423018
v 0.483769 0.723798 0.800793
v 0.569221 0.568575 0.049622
v 0.781471 0.197664 0.062123
v 0.225477 0.846431 0.804500
v 0.000002 0.876136 0.803558
v -0.149929 0.856396 0.803593
v -0.225046 0.844607 0.889782
v 0.483062 0.634783 0.062423
v 0.441905 0.679282 0.120541
v 0.793761 0.410109 0.026895
v 0.751960 0.482474 0.024605
v 0.792994 0.457834 0.128601
v 0.670901 0.435910 0.040858
v 0.712685 0.363562 0.043099
v 0.702554 0.405854 0.079927
v -0.139305 0.812856 1.505147
v -0.022074 0.895056 1.516819
v -0.191786 0.923518 1.231181
v 0.520317 0.683956 0.051677
v 0.613301 0.651572 0.036385
v 0.518061 0.783701 0.311943
v 0.479160 0.728455 0.109795
v 0.651340 0.671389 1.209172
v 0.556227 0.774137 1.075262
v 0.665017 0.690882 1.074262
v 0.588309 0.815947 1.084556
v 0.683422 0.713199 1.218465
v 0.697099 0.732692 1.083555
v 0.102731 0.949815 1.149722
v 0.201966 0.935067 1.226104
v 0.178764 0.942015 1.049435
v 0.277999 0.927267 1.125817
v 0.185191 0.990837 1.050511
v 0.109158 0.998637 1.150798
v 0.205816 0.964311 1.226749
v 0.281849 0.956511 1.126462
v 0.760865 0.583006 0.452512
v 0.832603 0.480474 0.453466
v 0.746212 0.572850 0.327178
v 0.820459 0.471352 0.327630
v 0.784763 0.602431 0.319126
v 0.801641 0.614292 0.443520
v 0.861409 0.502311 0.318273
v 0.570134 0.733534 1.209919
v 0.546018 0.759587 1.175965
v 0.578100 0.801397 1.185259
v 0.602216 0.775344 1.219212
v 0.837992 0.484609 0.452340
v 0.687386 0.842725 1.174882
v 0.876819 0.601051 0.364290
v 0.734325 0.633981 0.621083
v 0.000002 0.965724 1.041579
v -0.035641 0.968352 0.946254
v -0.249332 0.930526 0.413925
v -0.251429 0.938353 0.781557
v 0.000002 0.971455 0.781557
v -0.060050 0.968133 0.432210
v -0.481674 0.834287 0.413925
v -0.485725 0.841304 0.781557
v -0.631204 0.719549 0.413925
v 0.481678 0.834287 0.413925
v 0.249336 0.930526 0.413925
v 0.251433 0.938353 0.781557
v -0.588359 0.670708 0.046293
v 0.387950 0.881806 0.781557
v 0.484563 0.839284 0.675747
v -0.225272 0.839029 0.423715
v 0.000066 0.868777 0.423742
v 0.000002 0.876667 0.783646
v -0.226896 0.846795 0.783646
v -0.434557 0.752221 0.423462
v -0.438331 0.759215 0.783646
v -0.574089 0.645116 0.423167
v -0.579302 0.651044 0.783610
v 0.225276 0.839018 0.423690
v 0.226900 0.846795 0.783646
v 0.000094 0.804948 0.074200
v 0.208881 0.777171 0.076781
v 0.445985 0.747524 0.423315
v -0.532005 0.597266 0.062617
v -0.402591 0.696679 0.063113
v -0.208889 0.777217 0.082200
v 0.448599 0.752460 0.677800
v 0.351986 0.794982 0.783610
v 0.366434 0.711755 0.066123
v 0.418502 0.699834 0.113704
v 0.433022 0.735366 0.106812
v 0.460204 0.797093 0.172466
v 0.330770 0.826624 0.053482
v 0.380938 0.747280 0.059096
v 0.000046 0.853727 0.064886
v 0.000002 0.906661 0.100668
v 0.232412 0.867365 0.059464
v -0.452898 0.784446 0.090363
v -0.426838 0.739006 0.054321
v -0.221204 0.824421 0.073070
v -0.234548 0.875352 0.108919
v 0.109250 0.937037 0.470670
v 0.230278 0.921633 0.494717
v 0.132749 0.931254 0.348696
v 0.253776 0.915850 0.372743
v 0.135206 0.949921 0.348285
v 0.111708 0.955703 0.470259
v 0.232736 0.940299 0.494305
v 0.256234 0.934517 0.372331
v -0.384196 0.868781 0.496555
v -0.269727 0.915755 0.477918
v -0.400384 0.859150 0.372853
v -0.285915 0.906123 0.354216
v -0.419084 0.904296 0.371785
v -0.402897 0.913927 0.495487
v -0.304615 0.951270 0.353148
v -0.272950 0.923536 0.477734
v -0.405507 1.034307 0.415268
v 0.202066 1.074547 0.417923
v 0.834385 0.481731 1.144197
v 0.872377 0.233752 1.487657
v 0.930528 0.249333 1.149188
v 0.897964 -0.000001 1.516820
v 0.963354 0.000000 1.149188
v 0.873378 -0.186753 1.516819
v 0.936977 -0.200352 1.149188
v 0.969918 0.000000 0.851345
v 0.937520 0.251207 0.820814
v 0.747734 0.445756 1.135004
v 0.839137 0.224821 1.139831
v 0.782238 0.209519 1.471104
v 0.868736 0.000000 1.139822
v 0.804642 -0.000001 1.500221
v 0.843959 -0.188106 1.139945
v 0.781598 -0.174670 1.500495
v 0.875131 0.000000 0.849256
v 0.845962 0.226674 0.818725
v 0.759499 0.437528 0.781653
v 0.854995 -0.149826 0.867890
v 0.848823 -0.189157 0.912970
v 0.897344 -0.195546 0.914039
v 0.940547 -0.201115 0.982657
v 0.957107 -0.095451 0.862477
v 0.903515 -0.156194 0.869117
v 0.812187 0.463798 0.782197
v 0.835519 0.482386 1.084765
v 0.922490 0.287843 0.814681
v 0.861656 0.389401 1.186158
v 0.893069 0.286451 1.246877
v 0.902580 0.339679 1.080682
v 0.933994 0.236729 1.141401
v 0.930964 0.351538 1.086105
v 0.890040 0.401260 1.191581
v 0.921453 0.298310 1.252300
v 0.962378 0.248588 1.146824
v 0.936668 0.009883 1.248584
v 0.924366 -0.112483 1.227178
v 0.960670 0.028646 1.127528
v 0.948368 -0.093719 1.106122
v 1.008280 0.022379 1.135996
v 0.984278 0.003615 1.257052
v 0.971976 -0.118751 1.235646
v 0.995978 -0.099987 1.114590
v 1.017114 0.362905 1.186569
v 1.045662 -0.055497 1.195698
v 0.887252 0.097861 1.504610
v 0.934341 0.250355 0.970113
v 0.958600 0.085947 1.151742
v 0.915659 0.155500 1.341679
v 0.893422 0.239390 1.365167
v 0.221704 0.827402 1.509461
v 0.234301 0.874415 1.475780
v 0.169016 0.875710 1.516819
v 0.452633 0.783980 1.475781
v 0.428297 0.741829 1.509461
v 0.586696 0.671987 1.516820
v 0.781280 0.451070 1.493043
v 0.787310 0.427052 1.513849
v 0.701848 0.391516 1.497426
v 0.695791 0.415512 1.476816
v 0.183248 1.053392 1.151090
v 0.214694 1.025732 1.187584
v 0.251287 1.021978 1.139318
v 0.209767 1.050671 1.116111
v -0.866952 0.594421 1.132645
v -0.901294 0.547969 1.138505
v -0.899994 0.572913 1.176580
v -0.885623 0.592353 1.174128
v -0.525988 0.810409 0.781557
v -0.632758 0.721321 0.521559
v -0.617259 0.700510 0.782248
v 0.000001 0.181975 1.551591
v -0.047097 0.175775 1.551591
v -0.090986 0.157595 1.551591
v -0.128675 0.128676 1.551591
v -0.157594 0.090988 1.551591
v -0.175773 0.047099 1.551591
v -0.181974 0.000000 1.551591
v -0.175773 -0.047099 1.551591
v -0.157594 -0.090988 1.551591
v -0.128675 -0.128676 1.551591
v -0.090986 -0.157595 1.551591
v -0.047097 -0.175775 1.551591
v 0.000001 -0.181976 1.551591
v 0.047100 -0.175775 1.551591
v 0.090989 -0.157595 1.551591
v 0.128677 -0.128676 1.551591
v 0.157597 -0.090988 1.551591
v 0.175776 -0.047099 1.551591
v 0.181977 0.000000 1.551591
v 0.175776 0.047099 1.551591
v 0.157597 0.090988 1.551591
v 0.128677 0.128676 1.551591
v 0.090989 0.157595 1.551591
v 0.047100 0.175775 1.551591
v -0.051917 0.193762 1.476309
v 0.000001 0.200597 1.476309
v -0.100298 0.173722 1.476309
v -0.141843 0.141843 1.476309
v -0.173721 0.100298 1.476309
v -0.193761 0.051918 1.476309
v -0.200596 0.000000 1.476309
v -0.193761 -0.051918 1.476309
v -0.173721 -0.100299 1.476309
v -0.141843 -0.141844 1.476309
v -0.100298 -0.173722 1.476309
v -0.051917 -0.193762 1.476309
v 0.000001 -0.200597 1.476309
v 0.051919 -0.193762 1.476309
v 0.100300 -0.173722 1.476309
v 0.141845 -0.141844 1.476309
v 0.173723 -0.100299 1.476309
v 0.193763 -0.051918 1.476309
v 0.200598 0.000000 1.476309
v 0.193763 0.051918 1.476309
v 0.173723 0.100298 1.476309
v 0.141845 0.141843 1.476309
v 0.100300 0.173722 1.476309
v 0.051919 0.193762 1.476309
v -0.078809 0.294119 1.452442
v 0.000000 0.304495 1.452442
v -0.152247 0.263700 1.452442
v -0.215310 0.215310 1.452442
v -0.263700 0.152247 1.452442
v -0.294119 0.078809 1.452442
v -0.304495 0.000000 1.452442
v -0.294119 -0.078809 1.452442
v -0.263700 -0.152248 1.452442
v -0.215310 -0.215310 1.452442
v -0.152247 -0.263700 1.452442
v -0.078809 -0.294119 1.452442
v 0.000000 -0.304495 1.452442
v 0.078809 -0.294119 1.452442
v 0.152247 -0.263700 1.452442
v 0.215310 -0.215310 1.452442
v 0.263700 -0.152248 1.452442
v 0.294119 -0.078809 1.452442
v 0.304495 0.000000 1.452442
v 0.294119 0.078809 1.452442
v 0.152247 0.263700 1.452442
v 0.078809 0.294119 1.452442
v -0.078809 0.294119 1.364859
v 0.000000 0.304495 1.364859
v -0.152247 0.263700 1.364859
v -0.215310 0.215310 1.364859
v -0.263700 0.152247 1.364859
v -0.294119 0.078809 1.364859
v -0.304495 0.000000 1.364859
v -0.294119 -0.078809 1.364859
v -0.263700 -0.152248 1.364859
v -0.215310 -0.215310 1.364859
v -0.152247 -0.263700 1.364859
v -0.078809 -0.294119 1.364859
v 0.000000 -0.304495 1.364859
v 0.078809 -0.294119 1.364859
v 0.152247 -0.263700 1.364859
v 0.215310 -0.215310 1.364859
v 0.263700 -0.152248 1.364859
v 0.294119 -0.078809 1.364859
v 0.304495 0.000000 1.364859
v 0.294119 0.078809 1.364859
v 0.263700 0.152247 1.364859
v 0.215310 0.215310 1.364859
v 0.152247 0.263700 1.364859
v 0.078809 0.294119 1.364859
v -0.252646 -0.064926 1.634269
v -0.252646 -0.064926 1.504418
v -0.252646 0.064926 1.504418
v 0.241764 -0.063881 1.633224
v 0.241764 0.063881 1.633224
v 0.252647 -0.064926 1.504418
v 0.252647 0.064926 1.504418
v -0.102283 -0.050485 1.518859
v 0.102284 -0.050485 1.518859
v 0.102284 0.050485 1.518859
v -0.102283 0.050485 1.518859
v 0.102284 -0.050485 1.619828
v -0.102283 -0.050485 1.619828
v -0.102283 0.050485 1.619828
v 0.102284 0.050485 1.619828
v -0.118305 0.384091 1.364859
v -0.157362 0.367913 1.364859
v -0.173540 0.328856 1.364859
v -0.157362 0.289798 1.364859
v -0.118305 0.273620 1.364859
v -0.079247 0.289798 1.364859
v -0.063069 0.328856 1.364859
v -0.079247 0.367913 1.364859
v -0.118305 0.384091 1.448487
v -0.157362 0.367913 1.448487
v -0.173540 0.328856 1.448487
v -0.157362 0.289798 1.448487
v -0.118305 0.273620 1.448487
v -0.079247 0.289798 1.448487
v -0.063069 0.328856 1.448487
v -0.079247 0.367913 1.448487
v -0.102576 0.368553 1.507340
v -0.141389 0.353680 1.515060
v -0.162941 0.319103 1.503785
v -0.154608 0.285076 1.480121
v -0.121272 0.271533 1.457930
v -0.082459 0.286407 1.450210
v -0.060907 0.320984 1.461485
v -0.069240 0.355010 1.485149
v -0.118305 -0.384091 1.364859
v -0.157362 -0.367913 1.364859
v -0.173540 -0.328856 1.364859
v -0.157362 -0.289798 1.364859
v -0.118305 -0.273620 1.364859
v -0.079247 -0.289798 1.364859
v -0.063069 -0.328856 1.364859
v -0.079247 -0.367913 1.364859
v -0.118305 -0.384091 1.448487
v -0.157362 -0.367913 1.448487
v -0.173540 -0.328856 1.448487
v -0.157362 -0.289798 1.448487
v -0.118305 -0.273620 1.448487
v -0.079247 -0.289798 1.448487
v -0.063069 -0.328856 1.448487
v -0.079247 -0.367913 1.448487
v -0.102576 -0.368554 1.507340
v -0.141389 -0.353680 1.515060
v -0.162941 -0.319103 1.503785
v -0.154608 -0.285077 1.480121
v -0.121272 -0.271534 1.457930
v -0.082459 -0.286407 1.450210
v -0.060907 -0.320984 1.461485
v -0.069240 -0.355011 1.485149
v 0.118309 0.384091 1.364859
v 0.157366 0.367913 1.364859
v 0.173544 0.328856 1.364859
v 0.157366 0.289798 1.364859
v 0.118309 0.273620 1.364859
v 0.079251 0.289798 1.364859
v 0.063073 0.328856 1.364859
v 0.079251 0.367913 1.364859
v 0.118309 0.384091 1.448487
v 0.157366 0.367913 1.448487
v 0.173544 0.328856 1.448487
v 0.157366 0.289798 1.448487
v 0.118309 0.273620 1.448487
v 0.079251 0.289798 1.448487
v 0.063073 0.328856 1.448487
v 0.079251 0.367913 1.448487
v 0.102580 0.368553 1.507340
v 0.141392 0.353680 1.515060
v 0.162945 0.319103 1.503785
v 0.154612 0.285076 1.480121
v 0.121276 0.271533 1.457930
v 0.082463 0.286407 1.450210
v 0.060911 0.320984 1.461485
v 0.069243 0.355010 1.485149
v 0.118309 -0.384091 1.364859
v 0.157366 -0.367913 1.364859
v 0.173544 -0.328856 1.364859
v 0.157366 -0.289798 1.364859
v 0.118309 -0.273620 1.364859
v 0.079251 -0.289798 1.364859
v 0.063073 -0.328856 1.364859
v 0.079251 -0.367913 1.364859
v 0.118309 -0.384091 1.448487
v 0.157366 -0.367913 1.448487
v 0.173544 -0.328856 1.448487
v 0.157366 -0.289798 1.448487
v 0.118309 -0.273620 1.448487
v 0.079251 -0.289798 1.448487
v 0.063073 -0.328856 1.448487
v 0.079251 -0.367913 1.448487
v 0.102580 -0.368554 1.507340
v 0.141392 -0.353680 1.515060
v 0.162945 -0.319103 1.503785
v 0.154612 -0.285077 1.480121
v 0.121276 -0.271534 1.457930
v 0.082463 -0.286407 1.450210
v 0.060911 -0.320984 1.461485
v 0.069243 -0.355011 1.485149
v -0.044648 0.183664 1.593307
v -0.019858 0.183636 1.559063
v -0.030285 0.244185 1.640559
v -0.048967 0.208744 1.627064
v 0.029564 0.244117 1.557887
v 0.025245 0.269198 1.591644
v 0.010882 0.208676 1.544391
v 0.000455 0.269226 1.625888
v 0.035664 0.168266 1.562615
v 0.002328 0.154723 1.540423
v 0.022445 0.236869 1.597553
v 0.043997 0.202292 1.586279
v -0.058037 0.204174 1.543978
v -0.049704 0.238200 1.567642
v -0.036485 0.169596 1.532704
v -0.016368 0.251743 1.589834
v 0.025022 -0.180159 1.619651
v 0.003830 -0.172374 1.583909
v -0.001686 -0.243301 1.657091
v 0.022737 -0.209538 1.649964
v -0.052847 -0.224506 1.570801
v -0.055132 -0.253885 1.601114
v -0.028425 -0.190743 1.563675
v -0.033940 -0.261670 1.636856
v -0.035661 -0.168266 1.545999
v -0.002324 -0.154723 1.523807
v -0.022441 -0.236870 1.580937
v -0.043993 -0.202292 1.569663
v 0.058041 -0.204174 1.527362
v 0.049708 -0.238200 1.551026
v 0.036488 -0.169596 1.516088
v 0.016371 -0.251743 1.573218
v 0.165261 0.063045 1.719175
v 0.136088 0.134546 1.702662
v 0.093418 0.126583 1.706318
v 0.123873 0.055050 1.722508
v 0.088440 0.095235 1.609388
v 0.121680 0.025568 1.624835
v 0.163090 0.118447 1.631319
v 0.192975 0.047719 1.647753
v 0.093966 0.040758 1.696257
v 0.061840 0.111541 1.680705
v 0.059851 0.098265 1.640730
v 0.093057 0.028576 1.655799
v 0.131515 0.103548 1.605515
v 0.163067 0.033472 1.621502
v 0.164793 0.131299 1.671552
v 0.193883 0.059998 1.688210
v 0.165261 -0.068927 1.719175
v 0.138554 -0.136622 1.692995
v 0.089029 -0.095242 1.598234
v 0.121680 -0.031450 1.624835
v 0.163067 -0.039353 1.621502
v 0.131160 -0.104030 1.594930
v 0.192975 -0.053600 1.647753
v 0.163977 -0.119405 1.621881
v 0.193883 -0.065879 1.688210
v 0.166552 -0.133033 1.662205
v 0.096493 -0.128467 1.696015
v 0.123873 -0.060931 1.722508
v 0.093966 -0.046639 1.696257
v 0.064372 -0.113491 1.669101
v 0.093057 -0.034457 1.655799
v 0.061627 -0.099293 1.628989
v -0.166338 0.126436 1.665179
v -0.193880 0.057618 1.688210
v -0.138391 0.129898 1.695836
v -0.165257 0.060665 1.719175
v -0.123869 0.052669 1.722508
v -0.096307 0.121824 1.698969
v -0.093962 0.038377 1.696257
v -0.064339 0.106927 1.672642
v -0.093053 0.026195 1.655799
v -0.061591 0.092977 1.633023
v -0.121676 0.023188 1.624835
v -0.088834 0.089200 1.602479
v -0.163063 0.031091 1.621502
v -0.131130 0.097776 1.599100
v -0.192971 0.045338 1.647753
v -0.163780 0.112985 1.625303
v -0.123869 -0.049859 1.722508
v -0.097531 -0.124858 1.708406
v -0.139539 -0.131872 1.703053
v -0.165257 -0.057854 1.719175
v -0.093962 -0.035567 1.696257
v -0.065593 -0.110007 1.685003
v -0.061945 -0.095937 1.646276
v -0.093053 -0.023384 1.655799
v -0.088979 -0.091334 1.614173
v -0.121676 -0.020377 1.624835
v -0.131746 -0.098647 1.608052
v -0.163063 -0.028281 1.621502
v -0.164069 -0.113777 1.631881
v -0.192971 -0.042528 1.647753
v -0.167087 -0.127483 1.671392
v -0.193880 -0.054807 1.688210
v -0.218173 0.061615 1.630959
v -0.252646 0.064926 1.599480
v -0.252646 0.030136 1.634269
v 0.263700 0.152247 1.435963
v 0.249678 0.144151 1.456161
v 0.203861 0.203861 1.456161
v 0.215310 0.215310 1.435963
v -0.253444 0.165614 1.452442
v -0.232390 0.168055 1.443586
v -0.226763 0.200385 1.452442
v -0.222942 0.128716 1.463253
v -0.228817 0.132803 1.454422
v -0.245775 0.141898 1.457196
v -0.217130 0.058180 1.470751
v -0.231445 0.194283 1.420033
v 0.000001 0.181975 1.178127
v -0.047097 0.175775 1.178127
v -0.090986 0.157595 1.178127
v -0.128675 0.128676 1.178127
v -0.157594 0.090988 1.178127
v -0.175773 0.047099 1.178127
v -0.181974 0.000000 1.178127
v -0.175773 -0.047099 1.178127
v -0.157594 -0.090988 1.178127
v -0.128675 -0.128676 1.178127
v -0.090986 -0.157595 1.178127
v -0.047097 -0.175775 1.178127
v 0.000001 -0.181976 1.178127
v 0.047100 -0.175775 1.178127
v 0.090989 -0.157595 1.178127
v 0.128677 -0.128676 1.178127
v 0.157597 -0.090988 1.178127
v 0.175776 -0.047099 1.178127
v 0.181977 0.000000 1.178127
v 0.175776 0.047099 1.178127
v 0.157597 0.090988 1.178127
v 0.128677 0.128676 1.178127
v 0.090989 0.157595 1.178127
v 0.047100 0.175775 1.178127
v -0.051917 0.193762 1.253410
v 0.000001 0.200597 1.253410
v -0.100298 0.173722 1.253410
v -0.141843 0.141843 1.253410
v -0.173721 0.100298 1.253410
v -0.193761 0.051918 1.253410
v -0.200596 0.000000 1.253410
v -0.193761 -0.051918 1.253410
v -0.173721 -0.100299 1.253410
v -0.141843 -0.141844 1.253410
v -0.100298 -0.173722 1.253410
v -0.051917 -0.193762 1.253410
v 0.000001 -0.200597 1.253410
v 0.051919 -0.193762 1.253410
v 0.100300 -0.173722 1.253410
v 0.141845 -0.141844 1.253410
v 0.173723 -0.100299 1.253410
v 0.193763 -0.051918 1.253410
v 0.200598 0.000000 1.253410
v 0.193763 0.051918 1.253410
v 0.173723 0.100298 1.253410
v 0.141845 0.141843 1.253410
v 0.100300 0.173722 1.253410
v 0.051919 0.193762 1.253410
v -0.078809 0.294119 1.277277
v 0.000000 0.304495 1.277277
v -0.152247 0.263700 1.277277
v -0.215310 0.215310 1.277277
v -0.263700 0.152247 1.277277
v -0.294119 0.078809 1.277277
v -0.304495 0.000000 1.277277
v -0.294119 -0.078809 1.277277
v -0.263700 -0.152248 1.277277
v -0.215310 -0.215310 1.277277
v -0.152247 -0.263700 1.277277
v -0.078809 -0.294119 1.277277
v 0.000000 -0.304495 1.277277
v 0.078809 -0.294119 1.277277
v 0.152247 -0.263700 1.277277
v 0.215310 -0.215310 1.277277
v 0.263700 -0.152248 1.277277
v 0.294119 -0.078809 1.277277
v 0.304495 0.000000 1.277277
v 0.294119 0.078809 1.277277
v 0.152247 0.263700 1.277277
v 0.078809 0.294119 1.277277
v -0.252646 -0.064926 1.095449
v -0.252646 -0.064926 1.225301
v -0.252646 0.064926 1.225301
v 0.241764 -0.063881 1.096494
v 0.241764 0.063881 1.096494
v 0.252647 -0.064926 1.225301
v 0.252647 0.064926 1.225301
v -0.102283 -0.050485 1.210860
v 0.102284 -0.050485 1.210860
v 0.102284 0.050485 1.210860
v -0.102283 0.050485 1.210860
v 0.102284 -0.050485 1.109890
v -0.102283 -0.050485 1.109890
v -0.102283 0.050485 1.109890
v 0.102284 0.050485 1.109890
v -0.118305 0.384091 1.281231
v -0.157362 0.367913 1.281231
v -0.173540 0.328856 1.281231
v -0.157362 0.289798 1.281231
v -0.118305 0.273620 1.281231
v -0.079247 0.289798 1.281231
v -0.063069 0.328856 1.281231
v -0.079247 0.367913 1.281231
v -0.102576 0.368553 1.222378
v -0.141389 0.353680 1.214658
v -0.162941 0.319103 1.225933
v -0.154608 0.285076 1.249597
v -0.121272 0.271533 1.271789
v -0.082459 0.286407 1.279508
v -0.060907 0.320984 1.268234
v -0.069240 0.355010 1.244570
v -0.118305 -0.384091 1.281231
v -0.157362 -0.367913 1.281231
v -0.173540 -0.328856 1.281231
v -0.157362 -0.289798 1.281231
v -0.118305 -0.273620 1.281231
v -0.079247 -0.289798 1.281231
v -0.063069 -0.328856 1.281231
v -0.079247 -0.367913 1.281231
v -0.102576 -0.368554 1.222378
v -0.141389 -0.353680 1.214658
v -0.162941 -0.319103 1.225933
v -0.154608 -0.285077 1.249597
v -0.121272 -0.271534 1.271789
v -0.082459 -0.286407 1.279508
v -0.060907 -0.320984 1.268234
v -0.069240 -0.355011 1.244570
v 0.118309 0.384091 1.281231
v 0.157366 0.367913 1.281231
v 0.173544 0.328856 1.281231
v 0.157366 0.289798 1.281231
v 0.118309 0.273620 1.281231
v 0.079251 0.289798 1.281231
v 0.063073 0.328856 1.281231
v 0.079251 0.367913 1.281231
v 0.102580 0.368553 1.222378
v 0.141392 0.353680 1.214658
v 0.162945 0.319103 1.225933
v 0.154612 0.285076 1.249597
v 0.121276 0.271533 1.271789
v 0.082463 0.286407 1.279508
v 0.060911 0.320984 1.268234
v 0.069243 0.355010 1.244570
v 0.118309 -0.384091 1.281231
v 0.157366 -0.367913 1.281231
v 0.173544 -0.328856 1.281231
v 0.157366 -0.289798 1.281231
v 0.118309 -0.273620 1.281231
v 0.079251 -0.289798 1.281231
v 0.063073 -0.328856 1.281231
v 0.079251 -0.367913 1.281231
v 0.102580 -0.368554 1.222378
v 0.141392 -0.353680 1.214658
v 0.162945 -0.319103 1.225933
v 0.154612 -0.285077 1.249597
v 0.121276 -0.271534 1.271789
v 0.082463 -0.286407 1.279508
v 0.060911 -0.320984 1.268234
v 0.069243 -0.355011 1.244570
v -0.044648 0.183664 1.136412
v -0.019858 0.183636 1.170656
v -0.030285 0.244185 1.089159
v -0.048967 0.208744 1.102655
v 0.029564 0.244117 1.171831
v 0.025245 0.269198 1.138074
v 0.010882 0.208676 1.185327
v 0.000455 0.269226 1.103830
v 0.035664 0.168266 1.167104
v 0.002328 0.154723 1.189295
v 0.022445 0.236869 1.132165
v 0.043997 0.202292 1.143439
v -0.058037 0.204174 1.185740
v -0.049704 0.238200 1.162076
v -0.036485 0.169596 1.197015
v -0.016368 0.251743 1.139884
v 0.025022 -0.180159 1.110067
v 0.003830 -0.172374 1.145809
v -0.001686 -0.243301 1.072628
v 0.022737 -0.209538 1.079754
v -0.052847 -0.224506 1.158917
v -0.055132 -0.253885 1.128605
v -0.028425 -0.190743 1.166044
v -0.033940 -0.261670 1.092862
v -0.035661 -0.168266 1.183720
v -0.002324 -0.154723 1.205911
v -0.022441 -0.236870 1.148781
v -0.043993 -0.202292 1.160055
v 0.058041 -0.204174 1.202356
v 0.049708 -0.238200 1.178692
v 0.036488 -0.169596 1.213631
v 0.016371 -0.251743 1.156500
v 0.165261 0.063045 1.010544
v 0.136088 0.134546 1.027056
v 0.093418 0.126583 1.023400
v 0.123873 0.055050 1.007211
v 0.088440 0.095235 1.120330
v 0.121680 0.025568 1.104884
v 0.163090 0.118447 1.098400
v 0.192975 0.047719 1.081965
v 0.093966 0.040758 1.033462
v 0.061840 0.111541 1.049014
v 0.059851 0.098265 1.088988
v 0.093057 0.028576 1.073919
v 0.131515 0.103548 1.124203
v 0.163067 0.033472 1.108216
v 0.164793 0.131299 1.058166
v 0.193883 0.059998 1.041508
v 0.165261 -0.068927 1.010544
v 0.138554 -0.136622 1.036724
v 0.089029 -0.095242 1.131485
v 0.121680 -0.031450 1.104884
v 0.163067 -0.039353 1.108216
v 0.131160 -0.104030 1.134788
v 0.192975 -0.053600 1.081965
v 0.163977 -0.119405 1.107838
v 0.193883 -0.065879 1.041508
v 0.166552 -0.133033 1.067514
v 0.096493 -0.128467 1.033704
v 0.123873 -0.060931 1.007211
v 0.093966 -0.046639 1.033462
v 0.064372 -0.113491 1.060617
v 0.093057 -0.034457 1.073919
v 0.061627 -0.099293 1.100730
v -0.166338 0.126436 1.064540
v -0.193880 0.057618 1.041508
v -0.138391 0.129898 1.033882
v -0.165257 0.060665 1.010544
v -0.123869 0.052669 1.007211
v -0.096307 0.121824 1.030750
v -0.093962 0.038377 1.033462
v -0.064339 0.106927 1.057076
v -0.093053 0.026195 1.073919
v -0.061591 0.092977 1.096696
v -0.121676 0.023188 1.104884
v -0.088834 0.089200 1.127240
v -0.163063 0.031091 1.108216
v -0.131130 0.097776 1.130619
v -0.192971 0.045338 1.081965
v -0.163780 0.112985 1.104415
v -0.123869 -0.049859 1.007211
v -0.097531 -0.124858 1.021312
v -0.139539 -0.131872 1.026665
v -0.165257 -0.057854 1.010544
v -0.093962 -0.035567 1.033462
v -0.065593 -0.110007 1.044715
v -0.061945 -0.095937 1.083443
v -0.093053 -0.023384 1.073919
v -0.088979 -0.091334 1.115546
v -0.121676 -0.020377 1.104884
v -0.131746 -0.098647 1.121667
v -0.163063 -0.028281 1.108216
v -0.164069 -0.113777 1.097837
v -0.192971 -0.042528 1.081965
v -0.167087 -0.127483 1.058326
v -0.193880 -0.054807 1.041508
v -0.218173 0.061615 1.098760
v -0.252646 0.064926 1.130239
v -0.252646 0.030136 1.095449
v 0.263700 0.152247 1.293755
v 0.249678 0.144151 1.273557
v 0.203861 0.203861 1.273557
v 0.215310 0.215310 1.293755
v -0.253444 0.165614 1.277277
v -0.232390 0.168055 1.286133
v -0.226763 0.200385 1.277277
v -0.222942 0.128716 1.266466
v -0.228817 0.132803 1.275296
v -0.245775 0.141898 1.272522
v -0.217130 0.058180 1.258967
v -0.231445 0.194283 1.309685
v 0.127867 -0.803251 1.316993
v -0.127857 -0.803251 1.316993
v 0.107916 -0.604159 1.336785
v 0.094956 -0.283566 1.368655
v -0.107907 -0.604159 1.336785
v -0.094947 -0.283566 1.368655
v 0.040846 -0.291359 1.447051
v 0.094956 -0.286006 1.393206
v -0.040837 -0.291359 1.447051
v 0.127867 -0.811596 1.400930
v 0.084356 -0.815900 1.444228
v -0.084346 -0.815900 1.444228
v -0.127857 -0.811596 1.400930
v -0.094947 -0.286006 1.393206
v -0.107907 -0.610287 1.398419
v -0.061934 -0.614834 1.444167
v 0.061943 -0.614834 1.444167
v 0.107916 -0.610287 1.398419
v -0.094947 -0.279525 1.328014
v -0.040837 -0.275366 1.286175
v 0.127867 -0.794907 1.233055
v 0.084356 -0.790603 1.189758
v -0.084346 -0.790603 1.189758
v -0.127857 -0.794907 1.233056
v -0.107907 -0.598032 1.275150
v -0.061934 -0.593485 1.229402
v 0.094956 -0.279525 1.328014
v 0.040846 -0.275366 1.286175
v 0.107916 -0.598032 1.275150
v 0.061943 -0.593484 1.229402
v -0.054493 -0.872293 1.315456
v -0.054493 -0.714993 1.420556
v -0.054493 -0.951698 1.392423
v -0.054493 -0.904561 1.321875
v 0.054501 -0.904561 1.321875
v 0.054501 -0.951698 1.392423
v -0.054493 -0.876841 1.545495
v -0.054493 -0.928055 1.511276
v -0.054493 -0.705743 1.467052
v -0.054493 -0.739962 1.518266
v 0.054501 -0.928055 1.511276
v 0.054501 -0.876841 1.545495
v 0.054501 -0.739962 1.518266
v 0.054501 -0.705743 1.467052
v -0.803249 -0.127865 1.316993
v -0.803249 0.127859 1.316993
v -0.604119 -0.107915 1.336397
v -0.283464 -0.094954 1.367643
v -0.604119 0.107909 1.336397
v -0.283464 0.094949 1.367643
v -0.291104 -0.040844 1.446054
v -0.285857 -0.094954 1.392199
v -0.291104 0.040839 1.446054
v -0.811430 -0.127865 1.400946
v -0.815650 -0.084354 1.444252
v -0.815650 0.084348 1.444252
v -0.811430 0.127859 1.400946
v -0.285857 0.094949 1.392199
v -0.610126 0.107909 1.398044
v -0.614585 0.061935 1.443800
v -0.614585 -0.061941 1.443800
v -0.610126 -0.107915 1.398044
v -0.279503 0.094949 1.326994
v -0.275364 0.040839 1.284523
v -0.795069 -0.127865 1.233040
v -0.790849 -0.084354 1.189734
v -0.790849 0.084348 1.189734
v -0.795069 0.127859 1.233040
v -0.598112 0.107909 1.274750
v -0.593654 0.061935 1.228994
v -0.279503 -0.094954 1.326994
v -0.275364 -0.040844 1.284523
v -0.598112 -0.107915 1.274750
v -0.593654 -0.061941 1.228994
v -0.705742 -0.054499 1.467052
v -0.739960 -0.054499 1.518266
v -0.876839 -0.054499 1.545495
v -0.928053 -0.054499 1.511276
v -0.739960 0.054494 1.518266
v -0.705742 0.054494 1.467052
v -0.928053 0.054495 1.511277
v -0.876839 0.054495 1.545495
v -0.951696 -0.054499 1.392423
v -0.904559 -0.054499 1.321875
v -0.904559 0.054495 1.321875
v -0.951696 0.054495 1.392423
v -0.714991 0.054494 1.420556
v -0.872291 0.054495 1.315456
v -0.872291 -0.054499 1.315456
v -0.714991 -0.054499 1.420556
v 0.054501 -0.872293 1.315456
v 0.054501 -0.714993 1.420556
v 0.215310 -0.215310 0.073228
v 0.152247 -0.263700 0.073228
v 0.078809 -0.294119 0.073228
v 0.000000 -0.304495 0.073228
v -0.078809 -0.294119 0.073228
v -0.152247 -0.263700 0.073228
v -0.215310 -0.215310 0.073228
v -0.263700 -0.152248 0.073228
v -0.294119 -0.078809 0.073228
v -0.304495 0.000000 0.073228
v -0.294119 0.078809 0.073228
v -0.263700 0.152247 0.073228
v -0.215310 0.215310 0.073228
v -0.152247 0.263700 0.073228
v 0.000000 0.304495 0.073228
v -0.078809 0.294119 0.073228
v 0.051919 0.193762 0.049361
v 0.100300 0.173722 0.049361
v 0.141845 0.141843 0.049361
v 0.173723 0.100298 0.049361
v 0.193763 0.051918 0.049361
v 0.200598 0.000000 0.049361
v 0.193763 -0.051918 0.049361
v 0.173723 -0.100299 0.049361
v 0.141845 -0.141844 0.049361
v 0.100300 -0.173722 0.049361
v 0.051919 -0.193762 0.049361
v 0.000001 -0.200597 0.049361
v -0.051917 -0.193762 0.049361
v -0.100298 -0.173722 0.049361
v -0.141843 -0.141844 0.049361
v -0.173721 -0.100299 0.049361
v -0.127863 0.803251 1.316993
v 0.127861 0.803251 1.316993
v -0.107913 0.603934 1.334369
v -0.094952 0.282977 1.362350
v 0.107911 0.603934 1.334369
v 0.094951 0.282977 1.362350
v -0.040842 0.289819 1.440834
v -0.094952 0.285120 1.386929
v 0.040841 0.289819 1.440834
v -0.127863 0.810577 1.401025
v -0.084352 0.814356 1.444372
v 0.084350 0.814356 1.444372
v 0.127861 0.810577 1.401025
v 0.094951 0.285120 1.386929
v 0.107911 0.609313 1.396074
v 0.061938 0.613306 1.441873
v -0.061939 0.613306 1.441873
v -0.107913 0.609313 1.396074
v 0.094951 0.279430 1.321663
v 0.040841 0.275778 1.279777
v -0.127863 0.795925 1.232961
v -0.084352 0.792146 1.189614
v 0.084350 0.792146 1.189614
v 0.127861 0.795925 1.232961
v 0.107911 0.598554 1.272665
v 0.061938 0.594562 1.226865
v -0.094952 0.279430 1.321662
v -0.040842 0.275778 1.279777
v -0.107913 0.598554 1.272665
v -0.061939 0.594562 1.226865
v 0.054497 0.872292 1.315456
v 0.054497 0.714992 1.420556
v 0.054497 0.951698 1.392423
v 0.054497 0.904561 1.321875
v -0.054497 0.904561 1.321875
v -0.054497 0.951698 1.392423
v 0.054497 0.876841 1.545495
v 0.054497 0.928054 1.511276
v 0.054497 0.705743 1.467052
v 0.054497 0.739962 1.518266
v -0.054497 0.928054 1.511276
v -0.054497 0.876841 1.545495
v -0.054497 0.739962 1.518266
v -0.054497 0.705743 1.467052
v 0.803253 0.127865 1.316993
v 0.803253 -0.127859 1.316993
v 0.603923 0.107914 1.334217
v 0.282945 0.094954 1.361952
v 0.603923 -0.107909 1.334217
v 0.282945 -0.094949 1.361952
v 0.289727 0.040844 1.440442
v 0.285069 0.094954 1.386533
v 0.289727 -0.040839 1.440442
v 0.810515 0.127865 1.401031
v 0.814261 0.084354 1.444380
v 0.814261 -0.084348 1.444380
v 0.810515 -0.127859 1.401031
v 0.285069 -0.094949 1.386533
v 0.609255 -0.107909 1.395925
v 0.613213 -0.061936 1.441728
v 0.613213 0.061941 1.441728
v 0.609255 0.107914 1.395925
v 0.279429 -0.094949 1.321262
v 0.275755 -0.040839 1.278748
v 0.795992 0.127865 1.232955
v 0.792246 0.084354 1.189605
v 0.792246 -0.084348 1.189605
v 0.795992 -0.127859 1.232955
v 0.598590 -0.107909 1.272508
v 0.594633 -0.061936 1.226706
v 0.279429 0.094954 1.321262
v 0.275755 0.040844 1.278748
v 0.598590 0.107914 1.272508
v 0.594633 0.061941 1.226706
v 0.705745 0.054499 1.467052
v 0.739964 0.054499 1.518266
v 0.876843 0.054499 1.545495
v 0.928057 0.054499 1.511276
v 0.739964 -0.054495 1.518266
v 0.705745 -0.054495 1.467052
v 0.928057 -0.054495 1.511276
v 0.876843 -0.054495 1.545495
v 0.951700 0.054499 1.392423
v 0.904563 0.054499 1.321875
v 0.904563 -0.054495 1.321875
v 0.951700 -0.054495 1.392423
v 0.714995 -0.054495 1.420556
v 0.872295 -0.054495 1.315456
v 0.872295 0.054499 1.315456
v 0.714995 0.054499 1.420556
v -0.054497 0.872292 1.315456
v -0.054497 0.714992 1.420556
v 0.002697 0.830982 0.985037
v 0.217771 0.802666 0.985036
v 0.203069 0.747796 1.304405
v 0.002697 0.774176 1.304405
v 0.418188 0.719651 0.985037
v -0.412794 0.719651 0.985037
v -0.212377 0.802666 1.010798
v -0.197675 0.747796 1.320385
v -0.384391 0.670456 1.304406
v -0.584896 0.587592 0.985037
v -0.716954 0.415491 0.985037
v -0.667759 0.387088 1.304406
v -0.799970 0.215074 0.985037
v -0.745100 0.200372 1.304405
v -0.828285 0.000000 0.985037
v -0.771479 0.000000 1.304405
v 0.833679 0.000000 0.985037
v 0.776873 0.000000 1.304405
v 0.805364 0.215074 1.011341
v 0.722348 0.415491 0.985037
v 0.590290 0.587592 0.985037
v -0.494650 0.585852 1.304406
v -0.583155 0.497347 1.304406
v -0.552480 0.555177 1.242774
v -0.631008 0.632392 1.006286
v -0.599606 0.600990 1.255960
v -0.534360 0.637842 1.315402
v -0.418902 0.726360 1.315748
v -0.446416 0.774016 1.006369
v 0.002183 0.894218 1.006369
v 0.002183 0.839189 1.315747
v 0.218614 0.810710 1.315664
v 0.232856 0.863863 1.006286
v 0.421039 0.726863 1.315664
v 0.448553 0.774519 1.006286
v -0.215888 0.810871 1.331459
v -0.230131 0.864025 1.031557
v -0.773135 0.447169 1.006286
v -0.725479 0.419655 1.315664
v -0.636458 0.535745 1.315402
v -0.862480 0.231472 1.006286
v -0.809326 0.217230 1.315664
v -0.892953 0.000000 1.006286
v -0.837925 0.000000 1.315664
v 0.865006 0.231407 1.033122
v 0.811853 0.217165 1.292351
v 0.840434 0.000000 1.317015
v 0.895463 0.000000 1.007636
v 0.775779 0.447135 1.006962
v 0.728123 0.419621 1.316341
v 0.633777 0.632392 1.006286
v 0.594866 0.593481 1.315664
v 0.392781 0.675645 1.270721
v 0.406321 0.700300 1.310362
v 0.702239 0.404302 1.310721
v 0.678342 0.390084 1.270721
v 0.750494 0.200372 1.278941
v 0.573797 0.571794 1.310363
v 0.554359 0.551662 1.270721
v 0.002697 0.830982 0.545511
v 0.217771 0.802666 0.545511
v 0.203069 0.747796 0.226142
v 0.002697 0.774176 0.226142
v 0.418188 0.719651 0.545511
v -0.412794 0.719651 0.545511
v -0.212377 0.802666 0.519750
v -0.197675 0.747796 0.210163
v -0.384391 0.670456 0.226142
v -0.584896 0.587592 0.545511
v -0.716954 0.415491 0.545511
v -0.667759 0.387088 0.226142
v -0.799970 0.215074 0.545511
v -0.745100 0.200372 0.226142
v -0.828285 0.000000 0.545511
v -0.771479 0.000000 0.226142
v 0.833679 0.000000 0.545511
v 0.776873 0.000000 0.226142
v 0.805364 0.215074 0.519206
v 0.722348 0.415491 0.545511
v 0.590290 0.587592 0.545511
v -0.494650 0.585852 0.226142
v -0.583155 0.497347 0.226142
v -0.552480 0.555177 0.287774
v -0.631008 0.632392 0.524262
v -0.599606 0.600990 0.274587
v -0.534360 0.637842 0.215146
v -0.418902 0.726360 0.214800
v -0.446416 0.774016 0.524178
v 0.002183 0.894218 0.524179
v 0.002183 0.839189 0.214800
v 0.218614 0.810710 0.214883
v 0.232856 0.863863 0.524262
v 0.421039 0.726863 0.214883
v 0.448553 0.774519 0.524262
v -0.215888 0.810871 0.199089
v -0.230131 0.864025 0.498991
v -0.773135 0.447169 0.524262
v -0.725479 0.419655 0.214883
v -0.636458 0.535745 0.215146
v -0.862480 0.231472 0.524262
v -0.809326 0.217230 0.214883
v -0.892953 0.000000 0.524262
v -0.837925 0.000000 0.214883
v 0.865006 0.231407 0.497426
v 0.811853 0.217165 0.238197
v 0.840434 0.000000 0.213533
v 0.895463 0.000000 0.522911
v 0.775779 0.447135 0.523585
v 0.728123 0.419621 0.214207
v 0.633777 0.632392 0.524262
v 0.594866 0.593481 0.214883
v 0.392781 0.675645 0.259826
v 0.406321 0.700300 0.220185
v 0.702239 0.404302 0.219827
v 0.678342 0.390084 0.259826
v 0.750494 0.200372 0.251606
v 0.573797 0.571794 0.220185
v 0.554359 0.551662 0.259826
v 0.002697 -0.830982 0.985037
v 0.217771 -0.802666 0.985036
v 0.203069 -0.747796 1.304405
v 0.002697 -0.774176 1.304405
v 0.418188 -0.719651 0.985037
v -0.412794 -0.719651 0.985037
v -0.212377 -0.802666 1.010798
v -0.197675 -0.747796 1.320385
v -0.384391 -0.670456 1.304406
v -0.584896 -0.587592 0.985037
v -0.716954 -0.415491 0.985037
v -0.667759 -0.387088 1.304406
v -0.799970 -0.215074 0.985037
v -0.745100 -0.200372 1.304405
v 0.805364 -0.215074 1.011341
v 0.722348 -0.415491 0.985037
v 0.590290 -0.587592 0.985037
v -0.494650 -0.585852 1.304406
v -0.583155 -0.497347 1.304406
v -0.552480 -0.555177 1.242774
v -0.631008 -0.632392 1.006286
v -0.599606 -0.600990 1.255960
v -0.534360 -0.637843 1.315402
v -0.418902 -0.726360 1.315748
v -0.446416 -0.774016 1.006369
v 0.002183 -0.894218 1.006369
v 0.002183 -0.839190 1.315747
v 0.218614 -0.810710 1.315664
v 0.232856 -0.863864 1.006286
v 0.421039 -0.726863 1.315664
v 0.448553 -0.774519 1.006286
v -0.215888 -0.810871 1.331459
v -0.230131 -0.864025 1.031557
v -0.773135 -0.447169 1.006286
v -0.725479 -0.419655 1.315664
v -0.636458 -0.535745 1.315402
v -0.862480 -0.231472 1.006286
v -0.809326 -0.217230 1.315664
v 0.865006 -0.231407 1.033122
v 0.811853 -0.217165 1.292351
v 0.775779 -0.447136 1.006962
v 0.728123 -0.419621 1.316341
v 0.633777 -0.632392 1.006286
v 0.594866 -0.593481 1.315664
v 0.392781 -0.675645 1.270721
v 0.406321 -0.700300 1.310362
v 0.702239 -0.404302 1.310721
v 0.678342 -0.390084 1.270721
v 0.750494 -0.200372 1.278941
v 0.573797 -0.571794 1.310363
v 0.554359 -0.551662 1.270721
v 0.002697 -0.830982 0.545511
v 0.217771 -0.802666 0.545511
v 0.203069 -0.747796 0.226142
v 0.002697 -0.774176 0.226142
v 0.418188 -0.719651 0.545511
v -0.412794 -0.719651 0.545511
v -0.212377 -0.802666 0.519750
v -0.197675 -0.747796 0.210163
v -0.384391 -0.670456 0.226142
v -0.584896 -0.587592 0.545511
v -0.716954 -0.415491 0.545511
v -0.667759 -0.387088 0.226142
v -0.799970 -0.215074 0.545511
v -0.745100 -0.200372 0.226142
v 0.805364 -0.215074 0.519206
v 0.722348 -0.415491 0.545511
v 0.590290 -0.587592 0.545511
v -0.494650 -0.585852 0.226142
v -0.583155 -0.497347 0.226142
v -0.552480 -0.555177 0.287774
v -0.631008 -0.632392 0.524262
v -0.599606 -0.600990 0.274587
v -0.534360 -0.637843 0.215146
v -0.418902 -0.726360 0.214800
v -0.446416 -0.774016 0.524178
v 0.002183 -0.894218 0.524179
v 0.002183 -0.839190 0.214800
v 0.218614 -0.810710 0.214883
v 0.232856 -0.863864 0.524262
v 0.421039 -0.726863 0.214883
v 0.448553 -0.774519 0.524262
v -0.215888 -0.810871 0.199089
v -0.230131 -0.864025 0.498991
v -0.773135 -0.447169 0.524262
v -0.725479 -0.419655 0.214883
v -0.636458 -0.535745 0.215146
v -0.862480 -0.231472 0.524262
v -0.809326 -0.217230 0.214883
v 0.865006 -0.231407 0.497426
v 0.811853 -0.217165 0.238197
v 0.775779 -0.447136 0.523585
v 0.728123 -0.419621 0.214207
v 0.633777 -0.632392 0.524262
v 0.594866 -0.593481 0.214883
v 0.392781 -0.675645 0.259826
v 0.406321 -0.700300 0.220185
v 0.702239 -0.404302 0.219827
v 0.678342 -0.390084 0.259826
v 0.750494 -0.200372 0.251606
v 0.573797 -0.571794 0.220185
v 0.554359 -0.551662 0.259826
v 0.930529 -0.249335 1.149188
v 0.777660 -0.448982 1.516819
v 0.834289 -0.481677 1.149188
v 0.681195 -0.681193 1.149188
v 0.481678 -0.834288 1.149188
v 0.249336 -0.930526 1.149188
v 0.251051 -0.936930 0.848421
v 0.485234 -0.840447 0.826477
v 0.681195 -0.681192 0.413924
v 0.686924 -0.686923 0.781556
v 0.834289 -0.481676 0.413925
v 0.841307 -0.485728 0.781556
v 0.930529 -0.249334 0.413925
v 0.938355 -0.251432 0.781556
v 0.963354 -0.000001 0.413925
v 0.971457 -0.000001 0.781556
v 0.938253 0.190667 0.413925
v 0.874566 0.177725 0.046293
v 0.777660 -0.448981 0.046293
v 0.843850 -0.213431 1.139945
v 0.752347 -0.434368 1.139822
v 0.696841 -0.402321 1.500221
v 0.781842 -0.196985 1.500495
v 0.614290 -0.614288 1.139822
v 0.568968 -0.568967 1.500221
v 0.434369 -0.752346 1.139822
v 0.402322 -0.696840 1.500221
v 0.213432 -0.843848 1.139945
v 0.196986 -0.781839 1.500495
v 0.752347 -0.434367 0.423291
v 0.606762 -0.624078 0.423167
v 0.619761 -0.619983 0.781397
v 0.759178 -0.438311 0.781556
v 0.839135 -0.224846 0.423291
v 0.846801 -0.226736 0.781716
v 0.868736 0.000000 0.423291
v 0.876669 -0.000001 0.783645
v 0.845235 0.178421 0.423168
v 0.852970 0.180004 0.783609
v 0.782787 0.165642 0.062617
v 0.804642 0.000000 0.062892
v 0.777225 -0.208257 0.062892
v 0.696841 -0.402320 0.062891
v 0.561515 -0.578601 0.062617
v 0.437840 -0.758358 0.824388
v 0.215088 -0.850106 0.846368
v 0.676387 -0.580963 0.046293
v 0.643384 -0.643382 0.113297
v 0.581785 -0.594155 0.058112
v 0.905671 0.000000 0.089624
v 0.854282 0.000000 0.054062
v 0.892221 0.043623 0.046293
v 0.825173 -0.221105 0.054062
v 0.874811 -0.234405 0.089624
v 0.850529 -0.273061 0.046293
v 0.423127 -0.732876 1.507622
v 0.453545 -0.785560 1.465524
v 0.634957 -0.634956 1.516819
v 0.234773 -0.876178 1.465524
v 0.212782 -0.819974 1.507774
v 0.967050 0.033471 0.781556
v 0.939914 0.191004 0.491328
v 0.887113 0.184499 0.782857
v 0.820564 -0.213024 1.507886
v 0.830834 -0.320608 1.516819
v 0.889171 -0.238253 1.389907
v 0.519957 -0.817485 1.189230
v 0.404824 -0.864693 1.209608
v 0.502166 -0.827797 1.064825
v 0.387033 -0.875004 1.085203
v 0.516172 -0.861610 1.065624
v 0.529314 -0.840075 1.189764
v 0.414181 -0.887283 1.210142
v 0.401039 -0.908818 1.086003
v 0.821999 -0.458220 1.221965
v 0.748241 -0.557989 1.209379
v 0.846871 -0.461196 1.099796
v 0.773113 -0.560966 1.087210
v 0.884932 -0.490401 1.108256
v 0.811173 -0.590171 1.095670
v 0.783187 -0.516875 0.482262
v 0.821402 -0.368700 0.360917
v 0.766562 -0.494671 0.346980
v 0.870482 -0.389030 0.351548
v 0.832267 -0.537205 0.472893
v 0.815642 -0.515001 0.337612
v 0.944115 0.028021 0.381589
v 0.956211 -0.028377 0.491339
v 0.920213 -0.081238 0.328078
v 0.932309 -0.137636 0.437829
v 0.967500 -0.087463 0.319667
v 0.991402 0.021796 0.373178
v 1.003498 -0.034602 0.482929
v 0.835709 -0.468739 1.225012
v 0.761950 -0.568509 1.212427
v 0.820950 -0.430130 0.491858
v 0.832850 -0.383990 0.454072
v 0.881930 -0.404319 0.444704
v 0.870030 -0.450460 0.482490
v 0.938280 -0.138422 0.436767
v 0.968285 -0.091124 0.326791
v 0.505105 -0.970843 1.140163
v 0.946143 -0.519418 0.397336
v 1.067217 -0.073482 0.383240
v 0.606519 -0.758938 1.155556
v 0.529945 -0.778793 1.330576
v 0.907691 -0.304470 0.413925
v 0.863340 -0.374090 0.218536
v 0.000002 -0.963352 1.149187
v 0.000002 -0.897963 1.516819
v -0.249332 -0.930526 1.149188
v -0.481674 -0.834287 1.149188
v -0.634953 -0.634955 1.516819
v -0.681191 -0.681192 1.149188
v -0.712533 -0.533851 1.516820
v -0.799474 -0.527043 1.149188
v 0.204374 -0.936446 1.149188
v 0.000002 -0.970924 0.805647
v -0.930525 -0.249334 0.413925
v -0.936501 -0.250935 0.694661
v -0.834285 -0.481676 0.413925
v -0.839644 -0.484769 0.694661
v -0.681191 -0.681192 0.413924
v -0.686920 -0.686922 0.781556
v -0.527999 -0.798741 0.413924
v -0.532236 -0.805106 0.800054
v -0.251292 -0.937840 0.805647
v -0.634953 -0.634955 0.033497
v -0.867363 -0.232410 0.046293
v 0.162199 -0.949570 0.805647
v 0.237316 -0.937781 0.891836
v 0.000002 -0.868735 1.139821
v -0.223831 -0.839201 1.140536
v -0.208255 -0.777223 1.500221
v 0.000002 -0.804641 1.500221
v -0.434106 -0.752513 1.140069
v -0.402319 -0.696839 1.500221
v -0.614075 -0.614431 1.139984
v -0.568965 -0.568967 1.500221
v -0.724793 -0.470197 1.140135
v -0.639091 -0.477497 1.500495
v 0.192128 -0.843428 1.139945
v 0.135865 -0.786705 1.500495
v -0.752237 -0.434481 0.423083
v -0.843693 -0.213786 0.422915
v -0.849677 -0.214972 0.696715
v -0.757439 -0.437528 0.695001
v -0.614542 -0.613999 0.423030
v -0.619776 -0.619904 0.781610
v -0.471181 -0.724068 0.423018
v -0.483765 -0.723798 0.800793
v -0.569217 -0.568575 0.049622
v -0.781467 -0.197664 0.062123
v -0.225473 -0.846431 0.804499
v 0.000002 -0.876137 0.803558
v 0.149932 -0.856397 0.803593
v 0.225050 -0.844608 0.889782
v -0.483059 -0.634783 0.062423
v -0.441902 -0.679282 0.120541
v -0.793758 -0.410109 0.026895
v -0.751956 -0.482474 0.024605
v -0.792990 -0.457834 0.128600
v -0.670898 -0.435910 0.040857
v -0.712681 -0.363562 0.043099
v -0.702551 -0.405854 0.079927
v 0.139309 -0.812857 1.505146
v 0.022078 -0.895056 1.516819
v 0.191789 -0.923519 1.231181
v -0.520314 -0.683955 0.051677
v -0.613298 -0.651572 0.036385
v -0.518057 -0.783701 0.311943
v -0.479157 -0.728455 0.109795
v -0.651937 -0.668702 1.210593
v -0.554170 -0.774316 1.072948
v -0.665995 -0.688739 1.071920
v -0.587147 -0.817293 1.082501
v -0.684914 -0.711678 1.220146
v -0.698972 -0.731715 1.081473
v -0.102727 -0.949815 1.149722
v -0.201962 -0.935067 1.226104
v -0.178760 -0.942015 1.049434
v -0.277995 -0.927267 1.125817
v -0.185188 -0.990837 1.050510
v -0.109155 -0.998637 1.150798
v -0.205812 -0.964311 1.226749
v -0.281846 -0.956511 1.126462
v -0.760862 -0.583006 0.452512
v -0.832599 -0.480474 0.453466
v -0.746208 -0.572850 0.327178
v -0.820455 -0.471352 0.327630
v -0.784759 -0.602431 0.319126
v -0.801638 -0.614292 0.443520
v -0.861406 -0.502311 0.318273
v -0.568466 -0.732581 1.211361
v -0.543676 -0.759360 1.176460
v -0.576653 -0.802336 1.186013
v -0.601443 -0.775557 1.220914
v -0.837988 -0.484609 0.452340
v -0.688988 -0.844818 1.175347
v -0.876815 -0.601051 0.364290
v -0.734321 -0.633981 0.621083
v 0.000002 -0.965724 1.041579
v 0.035644 -0.968352 0.946253
v 0.249336 -0.930526 0.413924
v 0.251433 -0.938353 0.781556
v 0.000002 -0.971455 0.781556
v 0.060053 -0.968133 0.432210
v 0.481678 -0.834287 0.413924
v 0.485729 -0.841304 0.781556
v 0.631207 -0.719549 0.413924
v -0.481674 -0.834287 0.413924
v -0.249332 -0.930526 0.413924
v -0.251429 -0.938353 0.781556
v 0.588362 -0.670708 0.046292
v -0.387946 -0.881806 0.781556
v -0.484559 -0.839284 0.675747
v 0.225276 -0.839029 0.423714
v -0.000063 -0.868777 0.423742
v 0.000002 -0.876668 0.783646
v 0.226900 -0.846795 0.783646
v 0.434560 -0.752221 0.423462
v 0.438335 -0.759216 0.783646
v 0.574093 -0.645116 0.423167
v 0.579306 -0.651044 0.783610
v -0.225273 -0.839018 0.423689
v -0.226896 -0.846795 0.783646
v -0.000090 -0.804948 0.072545
v -0.208878 -0.777171 0.076781
v -0.445981 -0.747524 0.423315
v 0.532008 -0.597266 0.062617
v 0.402594 -0.696679 0.063113
v 0.208893 -0.777217 0.082200
v -0.448596 -0.752461 0.677800
v -0.351982 -0.794982 0.783610
v -0.366431 -0.711755 0.066123
v -0.418499 -0.699834 0.113704
v -0.433018 -0.735366 0.106812
v -0.460200 -0.797093 0.172466
v -0.330766 -0.826624 0.053482
v -0.380935 -0.747280 0.059096
v -0.000042 -0.853727 0.063231
v 0.000002 -0.906661 0.099012
v -0.232408 -0.867365 0.059463
v 0.452902 -0.784447 0.090363
v 0.426841 -0.739006 0.054321
v 0.221208 -0.824421 0.073070
v 0.234552 -0.875353 0.108919
v -0.109247 -0.937037 0.470670
v -0.230274 -0.921633 0.494716
v -0.132745 -0.931255 0.348696
v -0.253773 -0.915851 0.372742
v -0.135203 -0.949921 0.348285
v -0.111704 -0.955703 0.470259
v -0.232732 -0.940300 0.494305
v -0.256231 -0.934517 0.372331
v 0.384200 -0.868781 0.496555
v 0.269731 -0.915755 0.477918
v 0.400388 -0.859150 0.372853
v 0.285919 -0.906124 0.354216
v 0.419088 -0.904297 0.371785
v 0.402900 -0.913928 0.495487
v 0.304619 -0.951270 0.353148
v 0.272954 -0.923537 0.477734
v 0.405510 -1.034307 0.415268
v -0.202063 -1.074547 0.417923
v -0.834381 -0.481731 1.144197
v -0.872373 -0.233752 1.487657
v -0.930525 -0.249333 1.149188
v -0.897960 0.000000 1.516820
v -0.963350 0.000000 1.149188
v -0.873374 0.186753 1.516819
v -0.936973 0.200352 1.149188
v -0.969914 0.000000 0.851345
v -0.937516 -0.251207 0.820814
v -0.747731 -0.445756 1.135004
v -0.839133 -0.224821 1.139831
v -0.782234 -0.209519 1.471104
v -0.868732 0.000000 1.139822
v -0.804639 0.000000 1.500221
v -0.843955 0.188106 1.139945
v -0.781594 0.174670 1.500495
v -0.875127 0.000000 0.849256
v -0.845958 -0.226674 0.818725
v -0.759496 -0.437528 0.781653
v -0.854991 0.149825 0.867890
v -0.848819 0.189157 0.912970
v -0.897340 0.195546 0.914039
v -0.940543 0.201115 0.982657
v -0.957103 0.095451 0.862477
v -0.903511 0.156194 0.869117
v -0.812184 -0.463798 0.782197
v -0.835516 -0.482386 1.084765
v -0.922486 -0.287843 0.814681
v -0.861652 -0.389401 1.186158
v -0.893066 -0.286451 1.246877
v -0.902577 -0.339679 1.080682
v -0.933990 -0.236729 1.141401
v -0.930961 -0.351538 1.086104
v -0.890036 -0.401260 1.191581
v -0.921450 -0.298310 1.252300
v -0.962374 -0.248588 1.146824
v -0.936664 -0.009883 1.248584
v -0.924362 0.112483 1.227178
v -0.960666 -0.028647 1.127528
v -0.948364 0.093719 1.106122
v -1.008276 -0.022379 1.135996
v -0.984274 -0.003615 1.257052
v -0.971972 0.118750 1.235646
v -0.995974 0.099987 1.114590
v -1.017111 -0.362905 1.186569
v -1.045658 0.055497 1.195698
v -0.887248 -0.097861 1.504610
v -0.934337 -0.250355 0.970113
v -0.958596 -0.085947 1.151742
v -0.915655 -0.155500 1.341679
v -0.893418 -0.239391 1.365167
v -0.221701 -0.827403 1.509461
v -0.234298 -0.874415 1.475780
v -0.169013 -0.875711 1.516819
v -0.452629 -0.783980 1.475780
v -0.428294 -0.741830 1.509461
v -0.586692 -0.671987 1.516819
v -0.781276 -0.451070 1.493043
v -0.787307 -0.427052 1.513849
v -0.701844 -0.391516 1.497426
v -0.695787 -0.415512 1.476816
v -0.183244 -1.053392 1.151089
v -0.214690 -1.025732 1.187584
v -0.251283 -1.021978 1.139318
v -0.209764 -1.050672 1.116110
v 0.866956 -0.594421 1.132645
v 0.901297 -0.547969 1.138505
v 0.899998 -0.572914 1.176580
v 0.885626 -0.592354 1.174128
v 0.525992 -0.810410 0.781556
v 0.632761 -0.721321 0.521559
v 0.617262 -0.700510 0.782248
v -0.193761 -0.051918 0.049361
v -0.200596 0.000000 0.049361
v -0.193761 0.051918 0.049361
v -0.173721 0.100298 0.049361
v -0.141843 0.141843 0.049361
v -0.100298 0.173722 0.049361
v 0.000001 0.200597 0.049361
v -0.051917 0.193762 0.049361
v 0.047100 0.175775 -0.025922
v 0.090989 0.157595 -0.025922
v 0.128677 0.128676 -0.025922
v 0.157597 0.090988 -0.025922
v 0.175776 0.047099 -0.025922
v 0.181977 -0.000000 -0.025922
v 0.175776 -0.047099 -0.025922
v 0.157597 -0.090988 -0.025922
v 0.128677 -0.128676 -0.025922
v 0.090989 -0.157595 -0.025922
v 0.047100 -0.175775 -0.025922
v 0.000001 -0.181976 -0.025922
v -0.047097 -0.175775 -0.025922
v -0.090986 -0.157595 -0.025922
v -0.128675 -0.128676 -0.025922
v -0.157594 -0.090988 -0.025922
v -0.175773 -0.047099 -0.025922
v -0.181974 -0.000000 -0.025922
v -0.175773 0.047099 -0.025922
v -0.157594 0.090988 -0.025922
v -0.128675 0.128676 -0.025922
v -0.090986 0.157595 -0.025922
v -0.047097 0.175775 -0.025922
v 0.000001 0.181975 -0.025922
v 0.263700 -0.152248 0.073228
v 0.294119 -0.078809 0.073228
v 0.304495 0.000000 0.073228
v 0.294119 0.078809 0.073228
v 0.152247 0.263700 0.073228
v 0.078809 0.294119 0.073228
v -0.078809 0.294119 0.160810
v 0.000000 0.304495 0.160810
v -0.152247 0.263700 0.160810
v -0.215310 0.215310 0.160810
v -0.263700 0.152247 0.160810
v -0.294119 0.078809 0.160810
v -0.304495 0.000000 0.160810
v -0.294119 -0.078809 0.160810
v -0.263700 -0.152248 0.160810
v -0.215310 -0.215310 0.160810
v -0.152247 -0.263700 0.160810
v -0.078809 -0.294119 0.160810
v 0.000000 -0.304495 0.160810
v 0.078809 -0.294119 0.160810
v 0.152247 -0.263700 0.160810
v 0.215310 -0.215310 0.160810
v 0.263700 -0.152248 0.160810
v 0.294119 -0.078809 0.160810
v 0.304495 0.000000 0.160810
v 0.294119 0.078809 0.160810
v 0.263700 0.152247 0.160810
v 0.215310 0.215310 0.160810
v 0.152247 0.263700 0.160810
v 0.078809 0.294119 0.160810
v -0.252646 -0.064926 -0.108600
v -0.252646 -0.064926 0.021252
v -0.252646 0.064926 0.021252
v 0.241764 -0.063881 -0.107555
v 0.241764 0.063881 -0.107555
v 0.252647 -0.064926 0.021252
v 0.252647 0.064926 0.021252
v -0.102283 -0.050485 0.006811
v 0.102284 -0.050485 0.006811
v 0.102284 0.050485 0.006811
v -0.102283 0.050485 0.006811
v 0.102284 -0.050485 -0.094159
v -0.102283 -0.050485 -0.094159
v -0.102283 0.050485 -0.094159
v 0.102284 0.050485 -0.094159
v -0.118305 0.384091 0.160810
v -0.157362 0.367913 0.160810
v -0.173540 0.328856 0.160810
v -0.157362 0.289798 0.160810
v -0.118305 0.273620 0.160810
v -0.079247 0.289798 0.160810
v -0.063069 0.328856 0.160810
v -0.079247 0.367913 0.160810
v -0.118305 0.384091 0.077182
v -0.157362 0.367913 0.077182
v -0.173540 0.328856 0.077182
v -0.157362 0.289798 0.077182
v -0.118305 0.273620 0.077182
v -0.079247 0.289798 0.077182
v -0.063069 0.328856 0.077182
v -0.079247 0.367913 0.077182
v -0.102576 0.368553 0.018329
v -0.141389 0.353680 0.010609
v -0.162941 0.319103 0.021884
v -0.154608 0.285076 0.045548
v -0.121272 0.271533 0.067740
v -0.082459 0.286407 0.075459
v -0.060907 0.320984 0.064185
v -0.069240 0.355010 0.040521
v -0.118305 -0.384091 0.160810
v -0.157362 -0.367913 0.160810
v -0.173540 -0.328856 0.160810
v -0.157362 -0.289798 0.160810
v -0.118305 -0.273620 0.160810
v -0.079247 -0.289798 0.160810
v -0.063069 -0.328856 0.160810
v -0.079247 -0.367913 0.160810
v -0.118305 -0.384091 0.077182
v -0.157362 -0.367913 0.077182
v -0.173540 -0.328856 0.077182
v -0.157362 -0.289798 0.077182
v -0.118305 -0.273620 0.077182
v -0.079247 -0.289798 0.077182
v -0.063069 -0.328856 0.077182
v -0.079247 -0.367913 0.077182
v -0.102576 -0.368554 0.018329
v -0.141389 -0.353680 0.010609
v -0.162941 -0.319103 0.021884
v -0.154608 -0.285077 0.045548
v -0.121272 -0.271534 0.067740
v -0.082459 -0.286407 0.075459
v -0.060907 -0.320984 0.064185
v -0.069240 -0.355011 0.040521
v 0.118309 0.384091 0.160810
v 0.157366 0.367913 0.160810
v 0.173544 0.328856 0.160810
v 0.157366 0.289798 0.160810
v 0.118309 0.273620 0.160810
v 0.079251 0.289798 0.160810
v 0.063073 0.328856 0.160810
v 0.079251 0.367913 0.160810
v 0.118309 0.384091 0.077182
v 0.157366 0.367913 0.077182
v 0.173544 0.328856 0.077182
v 0.157366 0.289798 0.077182
v 0.118309 0.273620 0.077182
v 0.079251 0.289798 0.077182
v 0.063073 0.328856 0.077182
v 0.079251 0.367913 0.077182
v 0.102580 0.368553 0.018329
v 0.141392 0.353680 0.010609
v 0.162945 0.319103 0.021884
v 0.154612 0.285076 0.045548
v 0.121276 0.271533 0.067740
v 0.082463 0.286407 0.075459
v 0.060911 0.320984 0.064185
v 0.069243 0.355010 0.040521
v 0.118309 -0.384091 0.160810
v 0.157366 -0.367913 0.160810
v 0.173544 -0.328856 0.160810
v 0.157366 -0.289798 0.160810
v 0.118309 -0.273620 0.160810
v 0.079251 -0.289798 0.160810
v 0.063073 -0.328856 0.160810
v 0.079251 -0.367913 0.160810
v 0.118309 -0.384091 0.077182
v 0.157366 -0.367913 0.077182
v 0.173544 -0.328856 0.077182
v 0.157366 -0.289798 0.077182
v 0.118309 -0.273620 0.077182
v 0.079251 -0.289798 0.077182
v 0.063073 -0.328856 0.077182
v 0.079251 -0.367913 0.077182
v 0.102580 -0.368554 0.018329
v 0.141392 -0.353680 0.010609
v 0.162945 -0.319103 0.021884
v 0.154612 -0.285077 0.045548
v 0.121276 -0.271534 0.067740
v 0.082463 -0.286407 0.075459
v 0.060911 -0.320984 0.064185
v 0.069243 -0.355011 0.040521
v -0.044648 0.183664 -0.067637
v -0.019858 0.183636 -0.033393
v -0.030285 0.244185 -0.114890
v -0.048967 0.208744 -0.101394
v 0.029564 0.244117 -0.032218
v 0.025245 0.269198 -0.065975
v 0.010882 0.208676 -0.018722
v 0.000455 0.269226 -0.100219
v 0.035664 0.168266 -0.036946
v 0.002328 0.154723 -0.014754
v 0.022445 0.236869 -0.071884
v 0.043997 0.202292 -0.060610
v -0.058037 0.204174 -0.018309
v -0.049704 0.238200 -0.041973
v -0.036485 0.169596 -0.007034
v -0.016368 0.251743 -0.064165
v 0.025022 -0.180159 -0.093982
v 0.003830 -0.172374 -0.058240
v -0.001686 -0.243301 -0.131421
v 0.022737 -0.209538 -0.124295
v -0.052847 -0.224506 -0.045132
v -0.055132 -0.253885 -0.075444
v -0.028425 -0.190743 -0.038005
v -0.033940 -0.261670 -0.111187
v -0.035661 -0.168266 -0.020330
v -0.002324 -0.154723 0.001862
v -0.022441 -0.236870 -0.055268
v -0.043993 -0.202292 -0.043994
v 0.058041 -0.204174 -0.001693
v 0.049708 -0.238200 -0.025357
v 0.036488 -0.169596 0.009582
v 0.016371 -0.251743 -0.047549
v 0.165261 0.063045 -0.193506
v 0.136088 0.134546 -0.176993
v 0.093418 0.126583 -0.180649
v 0.123873 0.055050 -0.196838
v 0.088440 0.095235 -0.083719
v 0.121680 0.025568 -0.099165
v 0.163090 0.118447 -0.105649
v 0.192975 0.047719 -0.122084
v 0.093966 0.040758 -0.170587
v 0.061840 0.111541 -0.155036
v 0.059851 0.098265 -0.115061
v 0.093057 0.028576 -0.130130
v 0.131515 0.103548 -0.079846
v 0.163067 0.033472 -0.095833
v 0.164793 0.131299 -0.145883
v 0.193883 0.059998 -0.162541
v 0.165261 -0.068927 -0.193506
v 0.138554 -0.136622 -0.167325
v 0.089029 -0.095242 -0.072564
v 0.121680 -0.031450 -0.099165
v 0.163067 -0.039353 -0.095833
v 0.131160 -0.104030 -0.069261
v 0.192975 -0.053600 -0.122084
v 0.163977 -0.119405 -0.096211
v 0.193883 -0.065879 -0.162541
v 0.166552 -0.133033 -0.136535
v 0.096493 -0.128467 -0.170345
v 0.123873 -0.060931 -0.196838
v 0.093966 -0.046639 -0.170587
v 0.064372 -0.113491 -0.143432
v 0.093057 -0.034457 -0.130130
v 0.061627 -0.099293 -0.103319
v -0.166338 0.126436 -0.139509
v -0.193880 0.057618 -0.162541
v -0.138391 0.129898 -0.170167
v -0.165257 0.060665 -0.193506
v -0.123869 0.052669 -0.196838
v -0.096307 0.121824 -0.173299
v -0.093962 0.038377 -0.170587
v -0.064339 0.106927 -0.146973
v -0.093053 0.026195 -0.130130
v -0.061591 0.092977 -0.107353
v -0.121676 0.023188 -0.099165
v -0.088834 0.089200 -0.076809
v -0.163063 0.031091 -0.095833
v -0.131130 0.097776 -0.073431
v -0.192971 0.045338 -0.122084
v -0.163780 0.112985 -0.099634
v -0.123869 -0.049859 -0.196838
v -0.097531 -0.124858 -0.182737
v -0.139539 -0.131872 -0.177384
v -0.165257 -0.057854 -0.193506
v -0.093962 -0.035567 -0.170587
v -0.065593 -0.110007 -0.159334
v -0.061945 -0.095937 -0.120606
v -0.093053 -0.023384 -0.130130
v -0.088979 -0.091334 -0.088503
v -0.121676 -0.020377 -0.099165
v -0.131746 -0.098647 -0.082382
v -0.163063 -0.028281 -0.095833
v -0.164069 -0.113777 -0.106212
v -0.192971 -0.042528 -0.122084
v -0.167087 -0.127483 -0.145723
v -0.193880 -0.054807 -0.162541
v -0.218173 0.061615 -0.105289
v -0.252646 0.064926 -0.073810
v -0.252646 0.030136 -0.108600
v 0.263700 0.152247 0.089706
v 0.249678 0.144151 0.069508
v 0.203861 0.203861 0.069508
v 0.215310 0.215310 0.089706
v -0.253444 0.165614 0.073228
v -0.232390 0.168055 0.082084
v -0.226763 0.200385 0.073228
v -0.222942 0.128716 0.062416
v -0.228817 0.132803 0.071247
v -0.245775 0.141898 0.068473
v -0.217130 0.058180 0.054918
v -0.231445 0.194283 0.105636
v 0.000001 0.181975 0.347542
v -0.047097 0.175775 0.347542
v -0.090986 0.157595 0.347542
v -0.128675 0.128676 0.347542
v -0.157594 0.090988 0.347542
v -0.175773 0.047099 0.347542
v -0.181974 0.000000 0.347542
v -0.175773 -0.047099 0.347542
v -0.157594 -0.090988 0.347542
v -0.128675 -0.128676 0.347542
v -0.090986 -0.157595 0.347542
v -0.047097 -0.175775 0.347542
v 0.000001 -0.181976 0.347542
v 0.047100 -0.175775 0.347542
v 0.090989 -0.157595 0.347542
v 0.128677 -0.128676 0.347542
v 0.157597 -0.090988 0.347542
v 0.175776 -0.047099 0.347542
v 0.181977 0.000000 0.347542
v 0.175776 0.047099 0.347542
v 0.157597 0.090988 0.347542
v 0.128677 0.128676 0.347542
v 0.090989 0.157595 0.347542
v 0.047100 0.175775 0.347542
v -0.051917 0.193762 0.272260
v 0.000001 0.200597 0.272260
v -0.100298 0.173722 0.272260
v -0.141843 0.141843 0.272260
v -0.173721 0.100298 0.272260
v -0.193761 0.051918 0.272260
v -0.200596 0.000000 0.272260
v -0.193761 -0.051918 0.272260
v -0.173721 -0.100299 0.272260
v -0.141843 -0.141844 0.272260
v -0.100298 -0.173722 0.272260
v -0.051917 -0.193762 0.272260
v 0.000001 -0.200597 0.272260
v 0.051919 -0.193762 0.272260
v 0.100300 -0.173722 0.272260
v 0.141845 -0.141844 0.272260
v 0.173723 -0.100299 0.272260
v 0.193763 -0.051918 0.272260
v 0.200598 0.000000 0.272260
v 0.193763 0.051918 0.272260
v 0.173723 0.100298 0.272260
v 0.141845 0.141843 0.272260
v 0.100300 0.173722 0.272260
v 0.051919 0.193762 0.272260
v -0.078809 0.294119 0.248393
v 0.000000 0.304495 0.248393
v -0.152247 0.263700 0.248393
v -0.215310 0.215310 0.248392
v -0.263700 0.152247 0.248393
v -0.294119 0.078809 0.248392
v -0.304495 0.000000 0.248392
v -0.294119 -0.078809 0.248392
v -0.263700 -0.152248 0.248392
v -0.215310 -0.215310 0.248392
v -0.152247 -0.263700 0.248392
v -0.078809 -0.294119 0.248392
v 0.000000 -0.304495 0.248392
v 0.078809 -0.294119 0.248392
v 0.152247 -0.263700 0.248392
v 0.215310 -0.215310 0.248392
v 0.263700 -0.152248 0.248392
v 0.294119 -0.078809 0.248392
v 0.304495 0.000000 0.248392
v 0.294119 0.078809 0.248392
v 0.152247 0.263700 0.248393
v 0.078809 0.294119 0.248393
v -0.252646 -0.064926 0.430220
v -0.252646 -0.064926 0.300369
v -0.252646 0.064926 0.300369
v 0.241764 -0.063881 0.429175
v 0.241764 0.063881 0.429175
v 0.252647 -0.064926 0.300369
v 0.252647 0.064926 0.300369
v -0.102283 -0.050485 0.314810
v 0.102284 -0.050485 0.314810
v 0.102284 0.050485 0.314810
v -0.102283 0.050485 0.314810
v 0.102284 -0.050485 0.415779
v -0.102283 -0.050485 0.415779
v -0.102283 0.050485 0.415779
v 0.102284 0.050485 0.415779
v -0.118305 0.384091 0.244438
v -0.157362 0.367913 0.244438
v -0.173540 0.328856 0.244438
v -0.157362 0.289798 0.244438
v -0.118305 0.273620 0.244438
v -0.079247 0.289798 0.244438
v -0.063069 0.328856 0.244438
v -0.079247 0.367913 0.244438
v -0.102576 0.368553 0.303291
v -0.141389 0.353680 0.311011
v -0.162941 0.319103 0.299736
v -0.154608 0.285076 0.276072
v -0.121272 0.271533 0.253881
v -0.082459 0.286407 0.246161
v -0.060907 0.320984 0.257436
v -0.069240 0.355010 0.281100
v -0.118305 -0.384091 0.244438
v -0.157362 -0.367913 0.244438
v -0.173540 -0.328856 0.244438
v -0.157362 -0.289798 0.244438
v -0.118305 -0.273620 0.244438
v -0.079247 -0.289798 0.244438
v -0.063069 -0.328856 0.244438
v -0.079247 -0.367913 0.244438
v -0.102576 -0.368554 0.303291
v -0.141389 -0.353680 0.311011
v -0.162941 -0.319103 0.299736
v -0.154608 -0.285077 0.276072
v -0.121272 -0.271534 0.253881
v -0.082459 -0.286407 0.246161
v -0.060907 -0.320984 0.257436
v -0.069240 -0.355011 0.281100
v 0.118309 0.384091 0.244438
v 0.157366 0.367913 0.244438
v 0.173544 0.328856 0.244438
v 0.157366 0.289798 0.244438
v 0.118309 0.273620 0.244438
v 0.079251 0.289798 0.244438
v 0.063073 0.328856 0.244438
v 0.079251 0.367913 0.244438
v 0.102580 0.368553 0.303291
v 0.141392 0.353680 0.311011
v 0.162945 0.319103 0.299736
v 0.154612 0.285076 0.276072
v 0.121276 0.271533 0.253881
v 0.082463 0.286407 0.246161
v 0.060911 0.320984 0.257436
v 0.069243 0.355010 0.281100
v 0.118309 -0.384091 0.244438
v 0.157366 -0.367913 0.244438
v 0.173544 -0.328856 0.244438
v 0.157366 -0.289798 0.244438
v 0.118309 -0.273620 0.244438
v 0.079251 -0.289798 0.244438
v 0.063073 -0.328856 0.244438
v 0.079251 -0.367913 0.244438
v 0.102580 -0.368554 0.303291
v 0.141392 -0.353680 0.311011
v 0.162945 -0.319103 0.299736
v 0.154612 -0.285077 0.276072
v 0.121276 -0.271534 0.253881
v 0.082463 -0.286407 0.246161
v 0.060911 -0.320984 0.257436
v 0.069243 -0.355011 0.281100
v -0.044648 0.183664 0.389258
v -0.019858 0.183636 0.355014
v -0.030285 0.244185 0.436510
v -0.048967 0.208744 0.423015
v 0.029564 0.244117 0.353838
v 0.025245 0.269198 0.387595
v 0.010882 0.208676 0.340342
v 0.000455 0.269226 0.421839
v 0.035664 0.168266 0.358566
v 0.002328 0.154723 0.336374
v 0.022445 0.236869 0.393504
v 0.043997 0.202292 0.382230
v -0.058037 0.204174 0.339929
v -0.049704 0.238200 0.363593
v -0.036485 0.169596 0.328655
v -0.016368 0.251743 0.385785
v 0.025022 -0.180159 0.415602
v 0.003830 -0.172374 0.379860
v -0.001686 -0.243301 0.453042
v 0.022737 -0.209538 0.445915
v -0.052847 -0.224506 0.366752
v -0.055132 -0.253885 0.397065
v -0.028425 -0.190743 0.359625
v -0.033940 -0.261670 0.432807
v -0.035661 -0.168266 0.341950
v -0.002324 -0.154723 0.319758
v -0.022441 -0.236870 0.376888
v -0.043993 -0.202292 0.365614
v 0.058041 -0.204174 0.323313
v 0.049708 -0.238200 0.346977
v 0.036488 -0.169596 0.312039
v 0.016371 -0.251743 0.369169
v 0.165261 0.063045 0.515126
v 0.136088 0.134546 0.498613
v 0.093418 0.126583 0.502269
v 0.123873 0.055050 0.518459
v 0.088440 0.095235 0.405339
v 0.121680 0.025568 0.420786
v 0.163090 0.118447 0.427269
v 0.192975 0.047719 0.443704
v 0.093966 0.040758 0.492207
v 0.061840 0.111541 0.476656
v 0.059851 0.098265 0.436681
v 0.093057 0.028576 0.451750
v 0.131515 0.103548 0.401466
v 0.163067 0.033472 0.417453
v 0.164793 0.131299 0.467503
v 0.193883 0.059998 0.484161
v 0.165261 -0.068927 0.515126
v 0.138554 -0.136622 0.488946
v 0.089029 -0.095242 0.394185
v 0.121680 -0.031450 0.420786
v 0.163067 -0.039353 0.417453
v 0.131160 -0.104030 0.390881
v 0.192975 -0.053600 0.443704
v 0.163977 -0.119405 0.417832
v 0.193883 -0.065879 0.484161
v 0.166552 -0.133033 0.458156
v 0.096493 -0.128467 0.491966
v 0.123873 -0.060931 0.518459
v 0.093966 -0.046639 0.492207
v 0.064372 -0.113491 0.465052
v 0.093057 -0.034457 0.451750
v 0.061627 -0.099293 0.424940
v -0.166338 0.126436 0.461129
v -0.193880 0.057618 0.484161
v -0.138391 0.129898 0.491787
v -0.165257 0.060665 0.515126
v -0.123869 0.052669 0.518459
v -0.096307 0.121824 0.494920
v -0.093962 0.038377 0.492207
v -0.064339 0.106927 0.468593
v -0.093053 0.026195 0.451750
v -0.061591 0.092977 0.428974
v -0.121676 0.023188 0.420786
v -0.088834 0.089200 0.398429
v -0.163063 0.031091 0.417453
v -0.131130 0.097776 0.395051
v -0.192971 0.045338 0.443704
v -0.163780 0.112985 0.421254
v -0.123869 -0.049859 0.518459
v -0.097531 -0.124858 0.504357
v -0.139539 -0.131872 0.499004
v -0.165257 -0.057854 0.515126
v -0.093962 -0.035567 0.492207
v -0.065593 -0.110007 0.480954
v -0.061945 -0.095937 0.442227
v -0.093053 -0.023384 0.451750
v -0.088979 -0.091334 0.410124
v -0.121676 -0.020377 0.420786
v -0.131746 -0.098647 0.404002
v -0.163063 -0.028281 0.417453
v -0.164069 -0.113777 0.427832
v -0.192971 -0.042528 0.443704
v -0.167087 -0.127483 0.467343
v -0.193880 -0.054807 0.484161
v -0.218173 0.061615 0.426910
v -0.252646 0.064926 0.395431
v -0.252646 0.030136 0.430220
v 0.263700 0.152247 0.231914
v 0.249678 0.144151 0.252112
v 0.203861 0.203861 0.252112
v 0.215310 0.215310 0.231914
v -0.253444 0.165614 0.248393
v -0.232390 0.168055 0.239537
v -0.226763 0.200385 0.248393
v -0.222942 0.128716 0.259204
v -0.228817 0.132803 0.250373
v -0.245775 0.141898 0.253147
v -0.217130 0.058180 0.266702
v -0.231445 0.194283 0.215984
v 0.127867 -0.803251 0.208677
v -0.127857 -0.803251 0.208677
v 0.107916 -0.604159 0.188885
v 0.094956 -0.283566 0.157014
v -0.107907 -0.604159 0.188885
v -0.094947 -0.283566 0.157014
v 0.040846 -0.291359 0.078618
v 0.094956 -0.286006 0.132463
v -0.040837 -0.291359 0.078618
v 0.127867 -0.811596 0.124739
v 0.084356 -0.815900 0.081442
v -0.084346 -0.815900 0.081442
v -0.127857 -0.811596 0.124739
v -0.094947 -0.286006 0.132463
v -0.107907 -0.610287 0.127250
v -0.061934 -0.614834 0.081502
v 0.061943 -0.614834 0.081502
v 0.107916 -0.610287 0.127250
v -0.094947 -0.279525 0.197656
v -0.040837 -0.275366 0.239494
v 0.127867 -0.794907 0.292614
v 0.084356 -0.790603 0.335912
v -0.084346 -0.790603 0.335912
v -0.127857 -0.794907 0.292614
v -0.107907 -0.598032 0.250519
v -0.061934 -0.593485 0.296267
v 0.094956 -0.279525 0.197656
v 0.040846 -0.275366 0.239494
v 0.107916 -0.598032 0.250519
v 0.061943 -0.593484 0.296267
v -0.054493 -0.872293 0.210214
v -0.054493 -0.714993 0.105113
v -0.054493 -0.951698 0.133246
v -0.054493 -0.904561 0.203795
v 0.054501 -0.904561 0.203795
v 0.054501 -0.951698 0.133246
v -0.054493 -0.876841 -0.019826
v -0.054493 -0.928055 0.014393
v -0.054493 -0.705743 0.058617
v -0.054493 -0.739962 0.007404
v 0.054501 -0.928055 0.014393
v 0.054501 -0.876841 -0.019826
v 0.054501 -0.739962 0.007404
v 0.054501 -0.705743 0.058617
v -0.803249 -0.127865 0.208676
v -0.803249 0.127859 0.208676
v -0.604119 -0.107915 0.189272
v -0.283464 -0.094954 0.158027
v -0.604119 0.107909 0.189272
v -0.283464 0.094949 0.158027
v -0.291104 -0.040844 0.079616
v -0.285857 -0.094954 0.133471
v -0.291104 0.040839 0.079616
v -0.811430 -0.127865 0.124723
v -0.815650 -0.084354 0.081417
v -0.815650 0.084348 0.081417
v -0.811430 0.127859 0.124723
v -0.285857 0.094949 0.133471
v -0.610126 0.107909 0.127626
v -0.614585 0.061935 0.081869
v -0.614585 -0.061941 0.081869
v -0.610126 -0.107915 0.127626
v -0.279503 0.094949 0.198676
v -0.275364 0.040839 0.241147
v -0.795069 -0.127865 0.292630
v -0.790849 -0.084354 0.335936
v -0.790849 0.084348 0.335936
v -0.795069 0.127859 0.292629
v -0.598112 0.107909 0.250919
v -0.593654 0.061935 0.296675
v -0.279503 -0.094954 0.198676
v -0.275364 -0.040844 0.241147
v -0.598112 -0.107915 0.250919
v -0.593654 -0.061941 0.296675
v -0.705742 -0.054499 0.058617
v -0.739960 -0.054499 0.007403
v -0.876839 -0.054499 -0.019826
v -0.928053 -0.054499 0.014393
v -0.739960 0.054494 0.007403
v -0.705742 0.054494 0.058617
v -0.928053 0.054495 0.014393
v -0.876839 0.054495 -0.019826
v -0.951696 -0.054499 0.133246
v -0.904559 -0.054499 0.203794
v -0.904559 0.054495 0.203794
v -0.951696 0.054495 0.133246
v -0.714991 0.054495 0.105113
v -0.872291 0.054495 0.210213
v -0.872291 -0.054499 0.210213
v -0.714991 -0.054499 0.105113
v 0.054501 -0.872293 0.210214
v 0.054501 -0.714993 0.105113
v -0.127863 0.803251 0.208677
v 0.127861 0.803251 0.208677
v -0.107913 0.603934 0.191300
v -0.094952 0.282977 0.163320
v 0.107911 0.603934 0.191300
v 0.094951 0.282977 0.163320
v -0.040842 0.289819 0.084835
v -0.094952 0.285120 0.138741
v 0.040841 0.289819 0.084835
v -0.127863 0.810577 0.124644
v -0.084352 0.814356 0.081298
v 0.084350 0.814356 0.081298
v 0.127861 0.810577 0.124644
v 0.094951 0.285120 0.138741
v 0.107911 0.609313 0.129596
v 0.061938 0.613306 0.083796
v -0.061939 0.613306 0.083796
v -0.107913 0.609313 0.129596
v 0.094951 0.279430 0.204007
v 0.040841 0.275778 0.245893
v -0.127863 0.795925 0.292709
v -0.084352 0.792146 0.336055
v 0.084350 0.792146 0.336055
v 0.127861 0.795925 0.292709
v 0.107911 0.598554 0.253005
v 0.061938 0.594562 0.298804
v -0.094952 0.279430 0.204007
v -0.040842 0.275778 0.245893
v -0.107913 0.598554 0.253005
v -0.061939 0.594562 0.298804
v 0.054497 0.872292 0.210214
v 0.054497 0.714992 0.105113
v 0.054497 0.951698 0.133246
v 0.054497 0.904561 0.203794
v -0.054497 0.904561 0.203794
v -0.054497 0.951698 0.133246
v 0.054497 0.876841 -0.019826
v 0.054497 0.928054 0.014393
v 0.054497 0.705743 0.058617
v 0.054497 0.739962 0.007404
v -0.054497 0.928054 0.014393
v -0.054497 0.876841 -0.019826
v -0.054497 0.739962 0.007404
v -0.054497 0.705743 0.058617
v 0.803253 0.127865 0.208677
v 0.803253 -0.127859 0.208677
v 0.603923 0.107914 0.191453
v 0.282945 0.094954 0.163717
v 0.603923 -0.107909 0.191453
v 0.282945 -0.094949 0.163717
v 0.289727 0.040844 0.085227
v 0.285069 0.094954 0.139136
v 0.289727 -0.040839 0.085227
v 0.810515 0.127865 0.124639
v 0.814261 0.084354 0.081289
v 0.814261 -0.084348 0.081289
v 0.810515 -0.127859 0.124639
v 0.285069 -0.094949 0.139136
v 0.609255 -0.107909 0.129744
v 0.613213 -0.061936 0.083941
v 0.613213 0.061941 0.083941
v 0.609255 0.107914 0.129744
v 0.279429 -0.094949 0.204407
v 0.275755 -0.040839 0.246921
v 0.795992 0.127865 0.292714
v 0.792246 0.084354 0.336064
v 0.792246 -0.084348 0.336064
v 0.795992 -0.127859 0.292714
v 0.598590 -0.107909 0.253161
v 0.594633 -0.061936 0.298964
v 0.279429 0.094954 0.204407
v 0.275755 0.040844 0.246921
v 0.598590 0.107914 0.253161
v 0.594633 0.061941 0.298964
v 0.705745 0.054499 0.058617
v 0.739964 0.054499 0.007404
v 0.876843 0.054499 -0.019826
v 0.928057 0.054499 0.014393
v 0.739964 -0.054495 0.007404
v 0.705745 -0.054495 0.058617
v 0.928057 -0.054495 0.014393
v 0.876843 -0.054495 -0.019826
v 0.951700 0.054499 0.133246
v 0.904563 0.054499 0.203795
v 0.904563 -0.054495 0.203795
v 0.951700 -0.054495 0.133246
v 0.714995 -0.054495 0.105113
v 0.872295 -0.054495 0.210214
v 0.872295 0.054499 0.210214
v 0.714995 0.054499 0.105113
v -0.054497 0.872292 0.210214
v -0.054497 0.714992 0.105113
vn -0.0000 -1.0000 -0.0000
vn 1.0000 -0.0000 -0.0000
vn -0.0000 1.0000 -0.0000
vn -0.5774 -0.5773 0.5773
vn -0.5774 0.5774 0.5773
vn 0.5773 0.5774 0.5773
vn 0.5774 -0.5774 0.5774
vn -0.7071 -0.0000 0.7071
vn 0.7071 0.7071 -0.0000
vn 0.7071 -0.7071 -0.0000
vn -0.0000 0.7071 0.7071
vn 0.7071 -0.0000 0.7071
vn -0.0000 -0.7071 0.7071
vn -0.0000 -0.0000 1.0000
vn -0.7071 -0.7071 -0.0000
vn -0.7071 0.7071 -0.0000
vn -1.0000 -0.0000 -0.0000
vn -0.5774 -0.5773 -0.5774
vn -0.5774 0.5773 -0.5774
vn 0.5773 0.5774 -0.5774
vn 0.5773 -0.5773 -0.5774
vn -0.7071 -0.0000 -0.7071
vn -0.0000 0.7071 -0.7071
vn 0.7071 -0.0000 -0.7071
vn -0.0000 -0.7071 -0.7071
vn -0.0000 -0.0000 -1.0000
vn 0.1622 -0.0663 0.9845
vn 0.1621 -0.0665 0.9845
vn 0.1515 -0.0872 0.9846
vn -0.8526 0.4923 0.1751
vn -0.7300 0.6772 0.0922
vn -0.8618 0.4976 0.0982
vn 0.9249 0.3795 0.0229
vn 0.9248 0.3798 0.0229
vn 0.9243 0.3814 0.0129
vn 0.0884 -0.1505 0.9847
vn 0.1238 -0.1238 0.9845
vn 0.0870 -0.1514 0.9846
vn -0.8660 0.5000 -0.0000
vn -0.7896 0.6059 -0.0974
vn -0.8550 0.5089 -0.1001
vn -0.9687 0.2301 -0.0932
vn -0.9878 0.1544 -0.0219
vn -0.9428 0.3180 -0.0996
vn -0.9998 -0.0000 -0.0220
vn -0.9952 -0.0000 -0.0982
vn 0.1307 -0.9914 -0.0015
vn 0.1313 -0.9913 -0.0068
vn 0.1306 -0.9914 -0.0015
vn 0.1741 0.0057 -0.9847
vn 0.1692 -0.0453 -0.9845
vn 0.1748 0.0006 -0.9846
vn -0.9867 -0.1299 -0.0977
vn -0.9842 -0.0253 -0.1751
vn 0.1631 -0.0676 -0.9843
vn 0.1513 -0.0875 -0.9846
vn 0.6114 0.7910 -0.0229
vn 0.6349 0.7726 -0.0038
vn 0.6109 0.7914 -0.0229
vn -0.4479 0.8879 0.1050
vn -0.3826 0.9237 0.0218
vn -0.4126 0.9106 0.0219
vn -0.7503 0.6611 -0.0031
vn -0.6655 0.7408 0.0915
vn -0.6406 0.7678 -0.0101
vn -0.9195 0.3809 0.0974
vn -0.9239 0.3827 0.0012
vn 0.9194 -0.3808 -0.0982
vn 0.8527 -0.4922 -0.1751
vn 0.9098 -0.3769 -0.1737
vn 0.7037 -0.7037 -0.0982
vn 0.8618 -0.4976 -0.0982
vn 0.4976 -0.8618 -0.0982
vn 0.6962 -0.6962 -0.1751
vn 0.3809 -0.9195 -0.0974
vn 0.4922 -0.8527 -0.1751
vn 0.8618 -0.4976 0.0982
vn 0.7426 -0.6697 -0.0065
vn 0.8660 -0.5000 -0.0000
vn 0.9613 -0.2576 0.0982
vn 0.9536 -0.3011 0.0071
vn 0.9952 -0.0000 0.0982
vn 0.9998 0.0004 0.0220
vn 0.9912 0.1305 0.0218
vn 0.9867 0.1299 0.0977
vn 0.9846 0.0001 0.1751
vn 0.9764 0.1285 0.1737
vn 0.9510 -0.2548 0.1751
vn 0.8526 -0.4923 0.1751
vn 0.7895 -0.6058 0.0982
vn 0.3826 -0.9237 -0.0218
vn 0.5096 -0.8601 -0.0220
vn 0.6583 0.7526 0.0153
vn 0.6348 0.7727 -0.0038
vn -0.6822 0.7064 0.1887
vn -0.7813 0.5995 -0.1737
vn -0.9912 -0.1305 -0.0218
vn -0.8869 0.4248 -0.1817
vn -0.8385 0.5148 -0.1786
vn -0.9098 0.3769 0.1737
vn 0.9239 0.3826 0.0029
vn -0.3226 -0.9464 -0.0153
vn -0.3517 -0.9361 0.0038
vn -0.3514 -0.9362 0.0038
vn 0.0712 0.0596 -0.9957
vn 0.1032 0.0892 -0.9907
vn 0.1034 0.0892 -0.9906
vn 0.1325 -0.9911 -0.0121
vn 0.1312 -0.9913 -0.0068
vn 0.1515 -0.0873 0.9846
vn 0.1252 -0.1224 0.9845
vn -0.0167 0.0013 0.9999
vn -0.0113 0.0055 0.9999
vn 0.1351 0.1187 -0.9837
vn 0.1739 0.0238 -0.9845
vn 0.1730 0.0234 -0.9846
vn 0.0662 -0.1623 0.9845
vn 0.0661 -0.1622 0.9845
vn -0.0181 0.7360 -0.6767
vn 0.1383 -0.1072 -0.9846
vn 0.1386 -0.1073 -0.9845
vn -0.5483 0.2677 -0.7923
vn -0.5485 0.2660 -0.7927
vn -0.4790 0.5399 -0.6922
vn -0.5987 -0.1150 -0.7927
vn -0.5989 -0.1166 -0.7923
vn -0.6024 -0.3975 -0.6922
vn -0.9699 0.1765 -0.1677
vn -0.2152 0.5309 0.8196
vn -0.2152 0.5308 0.8197
vn -0.2108 0.5330 0.8194
vn -0.2198 0.5295 0.8193
vn -0.3769 0.9098 0.1737
vn -0.3809 0.9195 0.0974
vn -0.8718 -0.4600 0.1682
vn -0.0217 -0.0030 0.9998
vn -0.0216 -0.0030 0.9998
vn -0.8691 -0.1228 0.4792
vn -0.3795 -0.9249 0.0230
vn -0.3796 -0.9249 0.0229
vn -0.0878 0.5675 -0.8187
vn 0.9131 0.3744 0.1616
vn -0.9131 -0.3744 -0.1616
vn 0.1411 0.0818 -0.9866
vn -0.1411 -0.0818 0.9866
vn 0.1994 -0.0239 0.9796
vn -0.1994 0.0239 -0.9796
vn -0.1204 0.1608 0.9796
vn 0.3971 0.9122 -0.1009
vn 0.1204 -0.1608 -0.9796
vn -0.8109 -0.2311 0.5376
vn 0.1928 0.8812 -0.4316
vn 0.0976 -0.4549 -0.8852
vn -0.1928 -0.8812 0.4316
vn 0.1527 0.9812 0.1177
vn 0.1527 0.9812 0.1176
vn 0.1528 0.9812 0.1176
vn -0.2320 0.2887 0.9289
vn -0.3659 -0.5313 0.7641
vn -0.3971 -0.9122 0.1009
vn -0.4832 -0.2976 -0.8234
vn -0.0976 0.4549 0.8852
vn -0.3122 0.3869 0.8677
vn 0.5760 0.7930 0.1985
vn -0.9852 0.1529 -0.0778
vn -0.8686 -0.4003 0.2919
vn 0.5914 0.8000 -0.1009
vn -0.5574 0.3271 0.7631
vn -0.0431 0.9850 -0.1670
vn -0.8685 -0.4950 -0.0255
vn -0.4126 0.0792 -0.9075
vn -0.5453 0.6019 0.5833
vn -0.7480 -0.6202 0.2362
vn -0.4007 0.7962 -0.4534
vn -0.3288 0.8968 -0.2960
vn -0.5915 -0.8000 0.1009
vn -0.5037 0.8389 0.2062
vn -0.4456 0.8745 0.1915
vn -0.5117 0.8509 0.1186
vn -0.9119 0.4011 -0.0868
vn -0.9505 0.2697 -0.1546
vn 0.2358 0.9559 0.1751
vn 0.4983 0.8620 0.0928
vn 0.2629 0.9605 0.0916
vn -0.0414 -0.1702 0.9845
vn -0.0876 -0.1517 0.9845
vn -0.0891 -0.1508 0.9845
vn -0.1075 -0.1401 0.9843
vn -0.1237 -0.1231 0.9847
vn 0.7037 0.7037 0.0982
vn 0.7813 0.5995 0.1737
vn 0.7887 0.6052 0.1082
vn 0.0244 -0.1740 0.9844
vn 0.0244 -0.1738 0.9845
vn 0.0006 -0.1748 0.9846
vn 0.8547 0.5192 -0.0028
vn 0.9211 0.3775 -0.0948
vn 0.8650 0.4916 -0.1008
vn 0.7860 0.6182 -0.0024
vn 0.6029 0.7899 -0.1121
vn 0.6935 0.7148 -0.0898
vn -0.1762 -0.0643 -0.9823
vn -0.1659 -0.0663 -0.9839
vn -0.1765 -0.0643 -0.9822
vn -0.1122 -0.1562 -0.9813
vn 0.6430 0.7658 -0.0073
vn 0.5588 0.8293 -0.0018
vn 0.2906 0.9568 0.0102
vn 0.0206 0.9995 0.0235
vn -0.0851 0.9960 0.0286
vn 0.1304 0.9901 0.0512
vn -0.6344 0.3276 -0.7001
vn -0.2642 -0.9599 -0.0934
vn 0.0001 -0.9845 -0.1751
vn -0.0000 -0.9952 -0.0982
vn -0.4982 -0.8621 -0.0926
vn -0.2548 -0.9510 -0.1752
vn -0.7051 -0.7025 -0.0972
vn -0.4923 -0.8526 -0.1752
vn -0.7813 -0.5996 -0.1735
vn -0.6963 -0.6961 -0.1750
vn 0.1285 -0.9764 -0.1736
vn 0.1300 -0.9873 -0.0918
vn -0.9211 -0.3776 0.0947
vn -0.8454 -0.5340 0.0125
vn -0.8626 -0.4969 0.0949
vn -0.7021 -0.7056 0.0954
vn -0.7087 -0.7055 -0.0006
vn -0.6027 -0.7921 0.0968
vn -0.5523 -0.8337 -0.0026
vn -0.8546 -0.4912 0.1686
vn -0.9138 -0.3696 0.1685
vn -0.7928 -0.6029 -0.0894
vn -0.2724 -0.9621 -0.0120
vn 0.0002 -0.9998 -0.0220
vn 0.1305 -0.9912 -0.0218
vn -0.5949 -0.7853 0.1717
vn 0.5995 0.7813 0.1737
vn 0.6962 0.6962 0.1751
vn -0.8284 0.5600 0.0138
vn -0.8129 0.5824 0.0009
vn -0.0030 0.0218 -0.9998
vn 0.0006 0.0194 -0.9998
vn -0.0031 0.0216 -0.9998
vn 0.5449 -0.8308 0.1133
vn 0.5643 -0.8147 0.1336
vn -0.1396 -0.1054 0.9846
vn -0.1397 -0.1058 0.9845
vn -0.7455 -0.0836 -0.6612
vn 0.8546 0.4911 -0.1686
vn 0.3806 -0.9247 -0.0036
vn 0.3777 -0.9258 -0.0127
vn 0.3775 -0.9259 -0.0127
vn -0.9824 -0.1370 0.1268
vn -0.9818 -0.1402 0.1281
vn -0.9817 -0.1411 0.1282
vn 0.0102 0.0080 0.9999
vn 0.5971 0.7840 -0.1698
vn 0.5832 -0.7976 0.1538
vn 0.5644 -0.8146 0.1336
vn -0.0134 0.0081 -0.9999
vn -0.0047 0.0127 -0.9999
vn -0.0045 0.0125 -0.9999
vn -0.7970 0.6038 -0.0119
vn -0.7974 0.6034 -0.0117
vn -0.1285 0.9764 0.1737
vn -0.0000 0.9845 0.1751
vn -0.0000 0.9952 0.0982
vn 0.1285 0.9764 0.1737
vn 0.3741 -0.9271 -0.0223
vn -0.3446 0.7744 -0.5306
vn -0.3445 0.7746 -0.5304
vn 0.4976 -0.6953 -0.5186
vn 0.9137 0.3698 -0.1686
vn -0.5524 0.7308 0.4010
vn -0.9809 -0.1449 0.1295
vn -0.9809 -0.1451 0.1294
vn 0.3230 0.8846 -0.3363
vn 0.3230 0.8847 -0.3362
vn -0.1867 -0.0622 -0.9804
vn -0.0998 -0.1423 0.9848
vn 0.7941 -0.6077 -0.0073
vn 0.0998 0.1423 -0.9848
vn 0.2403 0.3029 0.9222
vn 0.1315 0.1013 0.9861
vn 0.1295 0.0998 0.9865
vn 0.1350 0.1040 0.9854
vn -0.3972 0.5335 0.7467
vn 0.7870 -0.1170 0.6058
vn -0.7870 0.1170 -0.6058
vn 0.6030 -0.0618 -0.7953
vn -0.6030 0.0618 0.7953
vn -0.6030 0.0619 0.7953
vn 0.1365 0.1052 0.9850
vn 0.9662 -0.2161 0.1402
vn -0.6078 0.7940 0.0068
vn -0.6078 0.7941 0.0067
vn -0.6079 0.7940 0.0068
vn -0.1384 -0.1016 -0.9851
vn 0.4200 0.3287 -0.8459
vn -0.6321 0.3291 0.7015
vn -0.7941 0.6077 0.0073
vn 0.7233 0.2466 0.6451
vn 0.9948 0.0037 0.1014
vn -0.3436 0.9338 0.1001
vn 0.4484 0.5940 -0.6679
vn -0.2011 0.7030 0.6822
vn 0.7805 0.2520 0.5721
vn -0.5278 0.7166 -0.4559
vn 0.0657 0.9925 -0.1035
vn 0.6086 -0.7935 -0.0012
vn 0.6031 -0.7977 -0.0000
vn 0.6277 0.7777 -0.0348
vn 0.8009 0.5986 0.0151
vn 0.8029 0.5956 0.0255
vn 0.1293 0.9916 0.0033
vn 0.0803 0.9968 -0.0044
vn -0.1293 0.9822 0.1360
vn -0.2723 0.9621 -0.0123
vn -0.1565 0.9832 -0.0934
vn -0.2688 0.9577 -0.1029
vn -0.4999 0.8658 -0.0220
vn -0.4965 0.8623 -0.0995
vn -0.7933 -0.6089 -0.0015
vn -0.7929 -0.6093 -0.0064
vn -0.7933 -0.6088 -0.0014
vn 0.1243 0.9919 -0.0261
vn 0.2526 0.9623 -0.1005
vn 0.1226 0.9879 -0.0946
vn 0.0687 -0.1633 -0.9842
vn -0.0122 -0.1879 -0.9821
vn 0.0690 -0.1633 -0.9842
vn 0.1288 -0.1367 -0.9822
vn 0.1270 -0.1368 -0.9824
vn -0.6058 0.7896 -0.0977
vn -0.5007 0.8473 -0.1771
vn -0.5995 0.7813 -0.1737
vn 0.1202 0.9781 -0.1702
vn 0.2580 0.9501 -0.1754
vn 0.2557 0.9665 -0.0242
vn 0.3826 0.9237 -0.0219
vn 0.3826 0.9237 -0.0218
vn 0.0005 -0.9949 0.1012
vn 0.2587 -0.9657 0.0219
vn 0.2569 -0.9612 0.1009
vn 0.4999 -0.8658 0.0220
vn 0.4961 -0.8626 0.0993
vn 0.6086 -0.7931 0.0218
vn 0.6059 -0.7895 0.0978
vn -0.2588 -0.9657 0.0220
vn -0.0000 -0.9998 0.0219
vn -0.2549 -0.9502 0.1791
vn -0.0001 -0.9834 0.1812
vn 0.4925 -0.8521 0.1773
vn 0.5995 -0.7813 0.1737
vn 0.2550 -0.9500 0.1804
vn -0.3827 -0.9236 0.0218
vn -0.3826 -0.9237 0.0219
vn 0.0057 0.0213 0.9998
vn -0.0000 0.0220 0.9998
vn 0.0057 0.0212 0.9998
vn -0.0057 0.0213 0.9998
vn 0.0086 0.0203 0.9998
vn 0.0086 0.0201 0.9998
vn -0.0110 0.0191 0.9998
vn 0.6601 -0.2567 0.7059
vn -0.6086 0.7932 -0.0218
vn 0.9243 -0.3816 -0.0025
vn 0.9242 -0.3818 -0.0130
vn 0.9242 -0.3816 -0.0131
vn -0.3722 -0.9112 0.1767
vn -0.3786 -0.9203 0.0990
vn -0.2570 -0.9612 0.1004
vn -0.2652 0.9457 -0.1878
vn -0.1529 0.9687 -0.1955
vn -0.7922 -0.6102 -0.0114
vn -0.7930 -0.6093 -0.0064
vn -0.1257 -0.1499 -0.9807
vn -0.1256 -0.1503 -0.9806
vn -0.0692 -0.1692 -0.9832
vn 0.1083 -0.1380 -0.9845
vn 0.1084 -0.1381 -0.9845
vn 0.9238 -0.3822 -0.0232
vn 0.9238 -0.3821 -0.0232
vn 0.3790 0.9201 -0.0990
vn 0.3723 0.9111 -0.1770
vn 0.6710 0.3805 -0.6364
vn 0.6712 0.3801 -0.6363
vn 0.6713 0.3801 -0.6363
vn 0.5766 -0.3775 -0.7246
vn 0.5765 -0.3776 -0.7246
vn 0.5765 -0.3775 -0.7246
vn -0.0790 0.5577 -0.8263
vn -0.0793 0.5576 -0.8263
vn -0.0521 0.5592 -0.8274
vn -0.1709 0.5456 -0.8204
vn -0.1715 0.5455 -0.8204
vn -0.1884 0.5417 -0.8192
vn -0.1301 0.5524 -0.8234
vn -0.0120 -0.1879 -0.9821
vn 0.9367 0.3084 0.1658
vn 0.9733 -0.1239 0.1934
vn -0.9733 0.1239 -0.1934
vn -0.9733 0.1238 -0.1934
vn 0.1890 -0.0465 -0.9809
vn -0.1890 0.0465 0.9809
vn 0.6387 0.7694 0.0089
vn -0.9148 -0.3754 0.1489
vn -0.1294 -0.0770 -0.9886
vn -0.9903 0.0617 0.1248
vn 0.0904 0.4341 0.8963
vn 0.0903 0.4341 0.8963
vn -0.8198 0.5424 -0.1836
vn 0.2265 0.3797 -0.8970
vn -0.1137 0.4716 0.8745
vn -0.2823 0.3307 -0.9005
vn 0.9148 0.3754 -0.1489
vn -0.9510 -0.2552 -0.1745
vn -0.9094 -0.3784 -0.1726
vn 0.9552 0.2801 0.0954
vn 0.9684 0.1724 0.1802
vn 0.9781 0.1782 0.1072
vn 0.9831 -0.0256 0.1811
vn 0.9867 -0.1299 0.0977
vn 0.9951 -0.0125 0.0976
vn 0.9912 -0.1305 0.0218
vn 0.9902 0.1058 0.0916
vn 0.9999 0.0053 0.0151
vn -0.4140 0.9099 -0.0266
vn -0.4004 0.9163 -0.0020
vn -0.9610 -0.2583 -0.0987
vn -0.9867 0.1299 -0.0977
vn -0.9845 0.0060 -0.1751
vn -0.9997 -0.0107 -0.0220
vn -0.9625 -0.2706 -0.0220
vn -0.9191 -0.3818 -0.0969
vn -0.9237 -0.3826 -0.0218
vn -0.1735 0.0237 0.9846
vn -0.1822 0.0657 0.9811
vn -0.1736 0.0236 0.9845
vn 0.9444 0.2748 0.1807
vn 0.9098 0.3772 0.1732
vn 0.9444 0.2688 0.1892
vn 0.0539 -0.1324 -0.9897
vn 0.0275 -0.1219 -0.9922
vn 0.0534 -0.1320 -0.9898
vn 0.0160 -0.1220 -0.9924
vn 0.0162 -0.1220 -0.9924
vn -0.1905 0.1077 0.9758
vn -0.1565 -0.0410 0.9868
vn 0.9192 0.3819 0.0959
vn -0.1328 -0.9910 0.0139
vn -0.1317 -0.9913 0.0078
vn -0.1313 -0.9913 0.0078
vn -0.9912 0.1305 -0.0218
vn 0.9237 0.3826 0.0219
vn 0.9892 0.1465 0.0103
vn 0.9639 0.2658 0.0162
vn -0.1306 -0.9914 0.0018
vn 0.6428 -0.6174 -0.4535
vn 0.6425 -0.6174 -0.4539
vn 0.6425 -0.6174 -0.4538
vn -0.0824 -0.7446 -0.6624
vn -0.0821 -0.7448 -0.6622
vn -0.0823 -0.7446 -0.6624
vn 0.8512 0.5157 -0.0973
vn 0.0684 -0.1421 -0.9875
vn 0.0686 -0.1421 -0.9875
vn 0.7593 -0.1428 -0.6349
vn 0.2542 -0.8331 0.4913
vn -0.2542 0.8331 -0.4913
vn 0.3312 -0.4023 -0.8535
vn -0.3312 0.4023 0.8535
vn 0.6553 -0.7553 0.0129
vn -0.0986 -0.9802 -0.1715
vn 0.0985 0.9802 0.1715
vn 0.1923 0.1503 -0.9698
vn -0.1923 -0.1503 0.9698
vn 0.7881 0.5652 0.2439
vn 0.1958 0.5418 0.8174
vn 0.6938 -0.5092 0.5093
vn 0.2613 0.9083 -0.3268
vn 0.8512 0.0062 -0.5248
vn 0.5922 -0.1963 0.7815
vn 0.9399 0.3406 0.0220
vn 0.9785 0.0866 0.1870
vn 0.9237 0.3826 0.0218
vn -0.1188 -0.1888 0.9748
vn -0.1565 -0.0411 0.9868
vn 0.9666 0.1572 0.2023
vn 0.3379 0.4866 0.8056
vn 0.3377 0.4867 0.8057
vn 0.4896 0.4173 0.7656
vn 0.2099 0.5335 0.8193
vn 0.2098 0.5335 0.8193
vn 0.1995 0.5388 0.8185
vn -0.0230 -0.1751 0.9843
vn -0.0453 -0.1691 0.9845
vn -0.3718 0.5509 0.7472
vn -0.3866 0.9220 0.0225
vn 0.4417 0.8561 0.2683
vn 0.6476 0.4264 -0.6315
vn 0.6476 0.4263 -0.6315
vn -0.7798 0.5356 -0.3243
vn -0.7798 0.5356 -0.3242
vn -0.5157 0.2790 -0.8101
vn -0.5157 0.2791 -0.8101
vn -0.1435 0.9896 -0.0030
vn -0.1538 0.9880 0.0148
vn -0.1406 0.9893 0.0387
vn -0.1067 0.9920 0.0672
vn -0.7654 0.6363 0.0963
vn -0.0136 0.0175 0.9998
vn -0.0134 0.0174 0.9998
vn -0.0111 0.0190 0.9998
vn 0.1939 -0.1119 0.9746
vn 0.2163 -0.0579 0.9746
vn -0.6864 0.6864 0.2401
vn -0.8407 0.4854 0.2401
vn 0.9707 -0.0000 0.2401
vn 0.9377 0.2513 0.2401
vn -0.2513 -0.9377 0.2401
vn -0.0000 -0.9707 0.2401
vn -0.9377 0.2513 0.2401
vn 0.8407 0.4854 0.2401
vn 0.2512 -0.9377 0.2401
vn 0.2513 -0.9377 0.2401
vn -0.9377 0.2512 0.2401
vn -0.9707 -0.0000 0.2401
vn 0.6864 0.6864 0.2401
vn 0.4854 -0.8407 0.2401
vn -0.9377 -0.2512 0.2401
vn 0.4854 0.8407 0.2401
vn 0.6864 -0.6864 0.2401
vn -0.8407 -0.4854 0.2401
vn 0.2512 0.9377 0.2401
vn -0.0000 0.9707 0.2401
vn -0.2512 0.9377 0.2401
vn 0.8407 -0.4854 0.2401
vn -0.6864 -0.6864 0.2401
vn -0.4854 0.8407 0.2401
vn 0.9377 -0.2512 0.2401
vn -0.4854 -0.8407 0.2401
vn -0.2512 -0.9377 0.2401
vn -0.1583 -0.1583 0.9746
vn -0.1119 -0.1939 0.9746
vn -0.1119 0.1939 0.9746
vn -0.1583 0.1583 0.9746
vn 0.2239 -0.0000 0.9746
vn -0.0579 -0.2163 0.9746
vn -0.1882 0.1218 0.9746
vn -0.1791 0.1374 0.9742
vn 0.2163 0.0579 0.9746
vn -0.0000 -0.2239 0.9746
vn -0.1939 0.1119 0.9746
vn -0.2166 0.0568 0.9746
vn -0.2163 0.0579 0.9746
vn 0.8700 0.4930 -0.0000
vn 0.7014 0.7128 -0.0000
vn 0.0579 -0.2163 0.9746
vn -0.2239 -0.0000 0.9746
vn 0.1949 0.1102 0.9746
vn 0.1939 0.1119 0.9746
vn 0.1119 -0.1939 0.9746
vn -0.2163 -0.0579 0.9746
vn 0.1583 -0.1583 0.9746
vn -0.1939 -0.1119 0.9746
vn 0.1099 0.1950 0.9746
vn 0.0579 0.2163 0.9746
vn 0.1119 0.1939 0.9746
vn -0.0000 0.2239 0.9746
vn -0.0579 0.2163 0.9746
vn 0.5000 -0.8660 -0.0000
vn -0.9659 -0.2588 -0.0000
vn -0.8660 -0.5000 -0.0000
vn 0.4920 0.8706 -0.0000
vn 0.2588 0.9659 -0.0000
vn -0.2588 0.9659 -0.0000
vn -0.5000 0.8660 -0.0000
vn 0.9659 -0.2588 -0.0000
vn -0.5000 -0.8660 -0.0000
vn -0.2588 -0.9659 -0.0000
vn -0.7933 0.6088 -0.0000
vn 0.9659 0.2588 -0.0000
vn 0.9683 0.2500 -0.0000
vn -0.9659 0.2588 -0.0000
vn 0.1583 0.1583 0.9746
vn 0.2588 -0.9659 -0.0000
vn 0.5000 0.8660 -0.0000
vn 0.1569 0.1597 0.9746
vn 0.0956 0.9954 -0.0000
vn -0.0956 0.9954 -0.0000
vn 0.9964 -0.0000 0.0842
vn 0.0956 -0.9954 -0.0000
vn -0.0956 -0.0000 0.9954
vn -0.0956 -0.9954 -0.0000
vn 0.4020 0.9116 0.0857
vn 0.3827 0.9239 -0.0000
vn 0.9239 -0.3827 -0.0000
vn 0.9012 -0.4033 -0.1590
vn -0.3827 -0.9239 -0.0000
vn -0.3992 -0.9140 -0.0723
vn -0.9239 0.3827 -0.0000
vn -0.6874 0.7110 0.1485
vn 0.9239 0.3827 -0.0000
vn 0.9318 0.3596 -0.0497
vn 0.3827 -0.9239 -0.0000
vn 0.3598 -0.9219 -0.1438
vn -0.9239 -0.3827 -0.0000
vn -0.9304 -0.3643 0.0400
vn -0.0083 0.9921 0.1248
vn 0.8794 0.4252 -0.2143
vn 0.8774 0.4274 -0.2178
vn 0.3356 -0.9058 -0.2587
vn -0.8862 -0.4168 0.2023
vn -0.8784 -0.4259 0.2169
vn -0.6284 0.7156 0.3050
vn 0.0662 0.9030 0.4245
vn 0.4434 0.8690 0.2197
vn 0.8764 -0.4105 -0.2517
vn 0.8764 -0.4106 -0.2516
vn -0.4399 -0.8731 -0.2101
vn -0.4433 -0.8694 -0.2183
vn -0.8730 0.4060 0.2703
vn -0.0392 0.1971 -0.9796
vn -0.0595 -0.1177 -0.9913
vn -0.0401 0.1919 -0.9806
vn -0.2831 -0.1173 0.9519
vn -0.6397 -0.0447 0.7673
vn -0.6583 -0.0108 0.7526
vn 0.6100 -0.0081 -0.7923
vn 0.5735 0.1021 -0.8128
vn 0.6076 -0.0034 -0.7942
vn -0.7343 -0.0000 -0.6788
vn -0.7289 -0.2102 -0.6516
vn 0.5044 -0.8045 0.3138
vn 0.3135 -0.6416 0.7000
vn 0.2663 -0.7538 0.6008
vn 0.4968 0.8006 0.3351
vn 0.3631 0.5301 0.7663
vn 0.6309 0.5789 0.5166
vn -0.3765 0.3246 0.8677
vn -0.5678 -0.1085 0.8160
vn -0.2717 0.1892 0.9436
vn 0.9835 -0.1607 -0.0828
vn 0.9756 0.2005 -0.0896
vn 0.9786 -0.1844 -0.0917
vn 0.4020 -0.9116 0.0857
vn 0.9011 0.4033 -0.1590
vn -0.3992 0.9140 -0.0723
vn -0.3827 0.9239 -0.0000
vn -0.6874 -0.7110 0.1485
vn 0.9318 -0.3596 -0.0497
vn 0.3598 0.9219 -0.1438
vn -0.9304 0.3643 0.0400
vn -0.0083 -0.9921 0.1248
vn 0.8696 -0.4216 -0.2571
vn 0.9300 -0.3657 -0.0369
vn 0.3355 0.9058 -0.2587
vn 0.3731 0.9254 -0.0668
vn -0.8582 0.4309 0.2791
vn -0.9312 0.3617 0.0457
vn -0.6284 -0.7156 0.3050
vn 0.1101 -0.8432 0.5262
vn 0.8764 0.4105 -0.2517
vn 0.9113 0.3976 -0.1066
vn -0.4830 0.8382 -0.2534
vn -0.3988 0.9143 -0.0707
vn -0.8730 -0.4060 0.2703
vn -0.9064 -0.3984 0.1401
vn 0.6301 0.0491 -0.7749
vn 0.5493 0.0428 -0.8345
vn 0.5498 0.0430 -0.8342
vn -0.7437 0.5229 0.4164
vn -0.8317 0.4812 0.2770
vn -0.7454 0.5366 0.3956
vn -0.3255 -0.3294 0.8863
vn -0.6444 -0.0703 0.7615
vn -0.5608 -0.0558 0.8261
vn -0.4307 0.8797 -0.2017
vn -0.4722 0.8436 -0.2557
vn -0.5080 0.8059 -0.3041
vn 0.0693 0.5891 -0.8051
vn 0.0712 0.6218 -0.7799
vn 0.0493 0.5731 -0.8180
vn -0.3447 -0.3603 0.8668
vn 0.8499 -0.4596 -0.2576
vn 0.7535 -0.5159 -0.4076
vn 0.7605 -0.5260 -0.3808
vn 0.2058 0.7481 0.6309
vn -0.9755 0.1970 0.0979
vn -0.9805 -0.1777 0.0839
vn -0.9807 0.1738 0.0891
vn 0.7746 0.5516 -0.3095
vn 0.8437 0.4907 -0.2178
vn 0.7745 0.5518 -0.3094
vn 0.6540 0.0018 -0.7565
vn 0.6380 0.0492 -0.7685
vn 0.6534 0.0020 -0.7570
vn -0.4773 -0.8185 -0.3197
vn -0.5823 -0.6676 -0.4640
vn -0.4772 -0.8187 -0.3193
vn -0.7543 -0.5723 0.3217
vn -0.8192 -0.5225 0.2366
vn -0.7566 -0.5691 0.3219
vn 0.0810 -0.5906 -0.8029
vn -0.0112 -0.3997 -0.9166
vn 0.0794 -0.5887 -0.8044
vn 0.7267 -0.2408 0.6434
vn 0.4483 0.1930 0.8728
vn 0.4311 -0.2447 0.8685
vn -0.4020 0.9116 0.0857
vn -0.9011 -0.4033 -0.1590
vn 0.3992 -0.9140 -0.0723
vn 0.6874 0.7110 0.1485
vn -0.9318 0.3596 -0.0497
vn -0.3598 -0.9219 -0.1438
vn 0.9304 -0.3643 0.0400
vn 0.0083 0.9921 0.1248
vn -0.8754 0.4153 -0.2474
vn -0.9300 0.3657 -0.0369
vn -0.3355 -0.9058 -0.2587
vn -0.3731 -0.9254 -0.0668
vn 0.8699 -0.4200 0.2587
vn 0.9312 -0.3617 0.0457
vn 0.6284 0.7156 0.3050
vn -0.1023 0.8620 0.4964
vn -0.8764 -0.4105 -0.2517
vn -0.9113 -0.3976 -0.1066
vn 0.4755 -0.8471 -0.2374
vn 0.3988 -0.9143 -0.0707
vn 0.8730 0.4060 0.2703
vn 0.9064 0.3984 0.1401
vn 0.0475 -0.1627 -0.9855
vn 0.0773 0.1017 -0.9918
vn 0.0773 0.0997 -0.9920
vn 0.9815 -0.1704 0.0877
vn 0.9733 0.2028 0.1079
vn 0.9841 0.1545 0.0876
vn -0.4357 0.2269 0.8710
vn -0.7371 -0.1834 0.6504
vn -0.4556 -0.1772 0.8724
vn -0.6460 0.0163 -0.7632
vn -0.6323 -0.0417 -0.7736
vn -0.6272 -0.0492 -0.7773
vn 0.7343 -0.0000 -0.6788
vn 0.7372 0.2225 -0.6380
vn 0.7396 0.1812 -0.6482
vn 0.6531 -0.0032 0.7573
vn 0.2582 -0.0420 0.9652
vn 0.6333 0.0384 0.7730
vn -0.9778 -0.1859 -0.0965
vn -0.9840 0.1585 -0.0819
vn -0.9856 -0.1484 -0.0816
vn -0.3132 -0.7646 0.5633
vn 0.2046 -0.2032 0.9575
vn -0.4331 -0.5047 0.7468
vn -0.4020 -0.9116 0.0857
vn -0.9012 0.4033 -0.1590
vn 0.3992 0.9140 -0.0723
vn 0.6874 -0.7110 0.1485
vn -0.9318 -0.3596 -0.0497
vn -0.3598 0.9219 -0.1438
vn 0.9304 0.3643 0.0400
vn 0.0083 -0.9921 0.1248
vn -0.8763 -0.4015 -0.2661
vn -0.8720 -0.4044 -0.2757
vn -0.2393 0.8648 -0.4414
vn -0.1984 0.8381 -0.5081
vn 0.8862 0.3923 0.2465
vn 0.8744 0.4001 0.2744
vn 0.6284 -0.7156 0.3050
vn -0.0928 -0.9163 0.3895
vn -0.4663 -0.8694 0.1635
vn -0.8764 0.4105 -0.2517
vn -0.8764 0.4106 -0.2516
vn 0.4589 0.8739 -0.1604
vn 0.4662 0.8697 -0.1619
vn 0.8730 -0.4060 0.2703
vn 0.0253 0.6298 -0.7764
vn 0.1070 0.3971 -0.9115
vn 0.0199 0.6357 -0.7717
vn -0.5738 -0.7796 0.2508
vn -0.6882 -0.5410 0.4834
vn -0.5376 0.0871 -0.8387
vn -0.5205 -0.0531 -0.8522
vn -0.5364 0.0852 -0.8397
vn 0.5580 0.7965 -0.2327
vn 0.6610 0.6241 -0.4166
vn 0.5541 0.8008 -0.2273
vn 0.2702 -0.4044 0.8737
vn 0.5209 0.0552 0.8518
vn 0.7601 0.4979 0.4175
vn 0.8343 0.4630 0.2992
vn 0.7630 0.4930 0.4181
vn -0.7768 -0.4802 -0.4074
vn -0.8612 -0.4298 -0.2713
vn -0.7765 -0.4818 -0.4060
vn 0.2784 0.0974 0.9555
vn -0.8516 0.4576 -0.2557
vn -0.7685 0.5072 -0.3902
vn -0.7687 0.5212 -0.3708
vn -0.6023 -0.0016 -0.7983
vn -0.5565 -0.0389 -0.8299
vn -0.5572 -0.0385 -0.8295
vn -0.0420 -0.5179 -0.8544
vn -0.0622 -0.5949 -0.8014
vn -0.0554 -0.5779 -0.8142
vn 0.5721 -0.7168 -0.3987
vn 0.4874 -0.8279 -0.2777
vn 0.5104 -0.8051 -0.3023
vn 0.7586 -0.5147 0.3995
vn 0.8337 -0.4790 0.2748
vn 0.7534 -0.5325 0.3859
vn 0.3348 0.3385 0.8794
vn 0.6223 0.0298 0.7822
vn 0.5705 0.0545 0.8195
vn -0.2592 0.7480 0.6110
vn 0.3247 0.3123 0.8928
vn 0.6639 -0.1204 -0.7380
vn 0.1533 -0.6730 -0.7236
vn 0.1534 -0.6732 -0.7234
vn -0.6749 0.1309 0.7262
vn -0.4687 0.4155 0.7795
vn -0.5315 -0.0557 -0.8452
vn -0.4838 0.8383 0.2512
vn 0.3267 0.3002 0.8962
vn 0.8697 -0.4201 0.2591
vn -0.0432 -0.5466 -0.8363
vn -0.8603 0.4277 -0.2774
vn 0.5315 0.0557 0.8452
vn 0.4765 -0.8461 -0.2389
vn -0.6011 0.1957 -0.7749
vn 0.4118 -0.4720 0.7795
vn 0.5389 -0.0861 0.8380
vn 0.4766 0.0104 -0.8791
vn 0.4919 -0.8280 0.2690
vn -0.2783 -0.2410 0.9298
vn -0.8630 0.4270 0.2700
vn 0.0108 0.4828 -0.8757
vn 0.8469 -0.4394 -0.2995
vn -0.4766 -0.0104 0.8791
vn -0.4803 0.8409 -0.2493
vn -0.2631 0.0479 0.9636
vn -0.9698 -0.2227 0.0994
vn -0.8132 -0.5297 0.2410
vn 0.0423 0.5075 -0.8606
vn 0.6386 0.0278 -0.7690
vn 0.8752 -0.4267 -0.2279
vn 0.5954 -0.6706 0.4426
vn -0.8597 0.4485 0.2445
vn -0.6513 0.5441 -0.5290
vn -0.7237 -0.2516 -0.6426
vn -0.6135 -0.6116 -0.4996
vn -0.0591 -0.1203 -0.9910
vn -0.0224 -0.3318 -0.9431
vn 0.6412 0.0421 -0.7662
vn 0.5891 0.0980 -0.8021
vn 0.8514 0.4800 -0.2117
vn -0.3307 0.6039 0.7252
vn 0.8544 -0.4550 0.2510
vn 0.5912 -0.6845 -0.4266
vn 0.6647 -0.5081 -0.5477
vn -0.0196 -0.4396 -0.8980
vn 0.0467 -0.1669 -0.9849
vn -0.6158 0.0120 -0.7878
vn -0.6476 0.0145 -0.7619
vn 0.8418 0.4552 0.2900
vn 0.6843 0.5518 -0.4767
vn 0.0932 0.3144 -0.9447
vn -0.5458 -0.0647 -0.8354
vn -0.6117 0.6367 0.4695
vn -0.8706 0.4331 -0.2334
vn -0.9779 0.1873 -0.0927
vn -0.5150 0.7920 0.3279
vn -0.5003 0.6122 0.6123
vn 0.0956 -0.0000 0.9954
vn 0.6406 0.4475 0.6241
vn 0.6406 0.4474 0.6241
vn 0.6614 0.4143 0.6252
vn 0.5979 0.5030 0.6241
vn 0.5980 0.5029 0.6241
vn 0.5713 0.5317 0.6252
vn 0.8660 0.5000 -0.0000
vn -0.2019 0.0980 0.9745
vn -0.2162 0.0579 0.9746
vn 0.3159 0.2860 0.9047
vn 0.2841 0.2472 0.9264
vn 0.2983 0.2646 0.9171
vn -0.8575 0.0258 0.5138
vn -0.8347 -0.0103 0.5506
vn -0.8459 0.0070 0.5333
vn -0.9155 0.0702 0.3961
vn 0.2774 0.5075 0.8158
vn -0.9657 0.1120 0.2342
vn -0.9834 0.1394 0.1158
vn 0.2314 0.6454 0.7280
vn 0.2999 0.4234 0.8549
vn 0.1939 -0.1119 -0.9746
vn 0.2163 -0.0579 -0.9746
vn -0.8407 0.4854 -0.2401
vn -0.6864 0.6864 -0.2401
vn 0.9377 0.2512 -0.2401
vn 0.9707 -0.0000 -0.2401
vn -0.2513 -0.9377 -0.2401
vn -0.0000 -0.9707 -0.2401
vn -0.2512 -0.9377 -0.2401
vn -0.9377 0.2513 -0.2401
vn 0.8407 0.4854 -0.2401
vn 0.2512 -0.9377 -0.2401
vn -0.9707 -0.0000 -0.2401
vn -0.9377 0.2512 -0.2401
vn 0.6864 0.6864 -0.2401
vn 0.2513 -0.9377 -0.2401
vn 0.4854 -0.8407 -0.2401
vn -0.9377 -0.2512 -0.2401
vn 0.4854 0.8407 -0.2401
vn 0.6864 -0.6864 -0.2401
vn -0.8407 -0.4854 -0.2401
vn 0.2512 0.9377 -0.2401
vn -0.2512 0.9377 -0.2401
vn -0.0000 0.9707 -0.2401
vn 0.8407 -0.4854 -0.2401
vn -0.6864 -0.6864 -0.2401
vn -0.4854 0.8407 -0.2401
vn 0.9377 -0.2512 -0.2401
vn -0.4854 -0.8407 -0.2401
vn -0.1583 -0.1583 -0.9746
vn -0.1119 -0.1939 -0.9746
vn -0.1583 0.1583 -0.9746
vn -0.1119 0.1939 -0.9746
vn 0.2239 -0.0000 -0.9746
vn -0.0579 -0.2163 -0.9746
vn -0.1791 0.1374 -0.9742
vn -0.1882 0.1218 -0.9746
vn 0.2163 0.0579 -0.9746
vn -0.0000 -0.2239 -0.9746
vn -0.1939 0.1119 -0.9746
vn -0.2166 0.0568 -0.9746
vn 0.0579 -0.2163 -0.9746
vn -0.2239 -0.0000 -0.9746
vn -0.2163 0.0579 -0.9746
vn 0.1949 0.1102 -0.9746
vn 0.2169 0.0557 -0.9746
vn 0.1119 -0.1939 -0.9746
vn -0.2163 -0.0579 -0.9746
vn 0.1583 -0.1583 -0.9746
vn -0.1939 -0.1119 -0.9746
vn 0.0579 0.2163 -0.9746
vn 0.1099 0.1950 -0.9746
vn 0.1119 0.1939 -0.9746
vn -0.0579 0.2163 -0.9746
vn -0.0000 0.2239 -0.9746
vn 0.1583 0.1583 -0.9746
vn 0.1939 0.1119 -0.9746
vn 0.1569 0.1597 -0.9746
vn 0.9964 -0.0000 -0.0842
vn -0.0956 -0.0000 -0.9954
vn 0.4020 0.9116 -0.0857
vn 0.9011 -0.4033 0.1590
vn -0.3992 -0.9140 0.0723
vn -0.6874 0.7110 -0.1485
vn 0.9318 0.3596 0.0497
vn 0.3598 -0.9219 0.1438
vn -0.9304 -0.3643 -0.0400
vn -0.0083 0.9921 -0.1248
vn 0.8794 0.4252 0.2143
vn 0.9300 0.3657 0.0369
vn 0.3355 -0.9058 0.2587
vn 0.3731 -0.9254 0.0668
vn -0.8862 -0.4168 -0.2022
vn -0.9312 -0.3617 -0.0457
vn -0.6284 0.7156 -0.3050
vn 0.0662 0.9030 -0.4245
vn 0.8764 -0.4105 0.2516
vn 0.9113 -0.3976 0.1066
vn -0.4399 -0.8731 0.2101
vn -0.3988 -0.9143 0.0707
vn -0.8730 0.4060 -0.2703
vn -0.9064 0.3984 -0.1401
vn -0.0595 -0.1178 0.9913
vn -0.0391 0.1972 0.9796
vn -0.0402 0.1919 0.9806
vn -0.6397 -0.0447 -0.7673
vn -0.2831 -0.1173 -0.9519
vn -0.6583 -0.0108 -0.7526
vn 0.5735 0.1021 0.8128
vn 0.6101 -0.0081 0.7923
vn 0.6076 -0.0034 0.7942
vn -0.7289 -0.2102 0.6516
vn -0.7343 -0.0000 0.6788
vn 0.5044 -0.8045 -0.3138
vn 0.3135 -0.6416 -0.7000
vn 0.5954 -0.6706 -0.4426
vn 0.4968 0.8006 -0.3351
vn 0.3631 0.5301 -0.7663
vn 0.2058 0.7481 -0.6309
vn -0.3765 0.3246 -0.8677
vn -0.5678 -0.1085 -0.8160
vn -0.6090 0.0025 -0.7932
vn 0.9756 0.2005 0.0896
vn 0.9835 -0.1607 0.0828
vn 0.9786 -0.1844 0.0917
vn 0.4019 -0.9116 -0.0857
vn 0.9011 0.4033 0.1590
vn -0.3992 0.9140 0.0723
vn -0.6874 -0.7110 -0.1485
vn 0.9318 -0.3596 0.0497
vn 0.3598 0.9219 0.1438
vn -0.9304 0.3643 -0.0400
vn -0.0083 -0.9921 -0.1248
vn 0.8695 -0.4216 0.2572
vn 0.8469 -0.4394 0.2995
vn 0.3355 0.9058 0.2587
vn 0.3355 0.9058 0.2586
vn -0.8582 0.4309 -0.2791
vn -0.8630 0.4270 -0.2700
vn -0.6284 -0.7156 -0.3050
vn 0.1101 -0.8432 -0.5262
vn 0.4919 -0.8280 -0.2690
vn 0.8765 0.4105 0.2516
vn 0.8764 0.4106 0.2516
vn -0.4830 0.8382 0.2534
vn -0.4804 0.8409 0.2493
vn -0.8730 -0.4060 -0.2703
vn 0.5494 0.0428 0.8345
vn 0.6301 0.0491 0.7749
vn 0.5498 0.0430 0.8342
vn -0.7437 0.5229 -0.4164
vn -0.8317 0.4812 -0.2770
vn -0.8597 0.4485 -0.2445
vn -0.3255 -0.3294 -0.8863
vn -0.6444 -0.0703 -0.7615
vn -0.3447 -0.3604 -0.8668
vn -0.4722 0.8436 0.2557
vn -0.4307 0.8797 0.2017
vn -0.5080 0.8059 0.3041
vn 0.0711 0.6218 0.7799
vn 0.0693 0.5891 0.8051
vn 0.0493 0.5731 0.8180
vn 0.2663 -0.7538 -0.6008
vn 0.7535 -0.5159 0.4076
vn 0.8499 -0.4596 0.2576
vn 0.7605 -0.5260 0.3808
vn -0.2717 0.1892 -0.9436
vn -0.9805 -0.1777 -0.0839
vn -0.9755 0.1970 -0.0979
vn -0.9808 0.1738 -0.0890
vn 0.8437 0.4907 0.2178
vn 0.7746 0.5516 0.3095
vn 0.7745 0.5518 0.3094
vn 0.6380 0.0492 0.7685
vn 0.6540 0.0018 0.7565
vn 0.6534 0.0020 0.7570
vn -0.5824 -0.6676 0.4638
vn -0.4773 -0.8185 0.3197
vn -0.4772 -0.8187 0.3193
vn -0.8192 -0.5225 -0.2366
vn -0.7543 -0.5723 -0.3217
vn -0.7566 -0.5691 -0.3219
vn -0.0113 -0.3998 0.9166
vn 0.0810 -0.5906 0.8029
vn 0.0794 -0.5887 0.8044
vn 0.4482 0.1930 -0.8728
vn 0.7266 -0.2408 -0.6434
vn 0.4311 -0.2447 -0.8685
vn -0.4020 0.9116 -0.0857
vn -0.9011 -0.4033 0.1590
vn 0.3992 -0.9140 0.0723
vn 0.6874 0.7110 -0.1485
vn -0.9318 0.3596 0.0497
vn -0.3598 -0.9219 0.1438
vn 0.9304 -0.3643 -0.0400
vn 0.0083 0.9921 -0.1248
vn -0.8754 0.4153 0.2474
vn -0.8603 0.4277 0.2774
vn -0.3355 -0.9058 0.2587
vn 0.8699 -0.4200 -0.2587
vn 0.8697 -0.4201 -0.2591
vn 0.6284 0.7156 -0.3050
vn -0.1023 0.8620 -0.4964
vn -0.4838 0.8383 -0.2512
vn -0.8765 -0.4105 0.2516
vn -0.8764 -0.4106 0.2516
vn 0.4755 -0.8471 0.2374
vn 0.4765 -0.8461 0.2389
vn 0.8730 0.4060 -0.2703
vn 0.0773 0.1017 0.9918
vn 0.0473 -0.1627 0.9855
vn 0.0773 0.0997 0.9920
vn 0.9733 0.2028 -0.1079
vn 0.9815 -0.1704 -0.0877
vn 0.9841 0.1545 -0.0876
vn -0.7371 -0.1835 -0.6504
vn -0.4357 0.2269 -0.8710
vn -0.4556 -0.1772 -0.8724
vn -0.6323 -0.0417 0.7736
vn -0.6460 0.0163 0.7632
vn -0.6272 -0.0492 0.7773
vn 0.7396 0.1813 0.6482
vn 0.7343 -0.0000 0.6788
vn 0.6333 0.0384 -0.7730
vn 0.2784 0.0974 -0.9555
vn 0.6531 -0.0032 -0.7573
vn -0.9856 -0.1484 0.0816
vn -0.9779 0.1873 0.0926
vn -0.9778 -0.1859 0.0965
vn -0.3132 -0.7646 -0.5633
vn 0.2046 -0.2032 -0.9575
vn 0.2702 -0.4044 -0.8737
vn -0.4020 -0.9116 -0.0857
vn -0.9011 0.4033 0.1590
vn 0.3992 0.9140 0.0723
vn 0.6874 -0.7110 -0.1485
vn -0.9318 -0.3596 0.0497
vn -0.3598 0.9219 0.1438
vn 0.9304 0.3643 -0.0400
vn 0.0083 -0.9921 -0.1248
vn -0.8763 -0.4015 0.2661
vn -0.9300 -0.3657 0.0369
vn -0.2393 0.8648 0.4415
vn -0.3731 0.9254 0.0668
vn 0.8862 0.3923 -0.2465
vn 0.9312 0.3617 -0.0457
vn 0.6284 -0.7156 -0.3050
vn -0.0928 -0.9163 -0.3895
vn -0.8764 0.4105 0.2516
vn -0.9113 0.3976 0.1066
vn 0.4589 0.8739 0.1604
vn 0.3988 0.9143 0.0707
vn 0.8730 -0.4060 -0.2703
vn 0.9064 -0.3984 -0.1401
vn 0.1070 0.3971 0.9115
vn 0.0253 0.6298 0.7764
vn 0.0199 0.6357 0.7717
vn -0.5738 -0.7796 -0.2508
vn -0.4331 -0.5047 -0.7468
vn -0.5205 -0.0531 0.8522
vn -0.5376 0.0871 0.8387
vn -0.5364 0.0852 0.8397
vn 0.6610 0.6241 0.4166
vn 0.5580 0.7965 0.2327
vn 0.5541 0.8008 0.2273
vn 0.5209 0.0552 -0.8518
vn 0.5389 -0.0861 -0.8379
vn 0.8343 0.4630 -0.2992
vn 0.7601 0.4979 -0.4175
vn 0.7630 0.4930 -0.4181
vn -0.8612 -0.4299 0.2713
vn -0.7768 -0.4802 0.4074
vn -0.7765 -0.4818 0.4061
vn 0.2582 -0.0420 -0.9652
vn -0.7685 0.5072 0.3902
vn -0.8516 0.4576 0.2557
vn -0.7687 0.5212 0.3708
vn -0.5565 -0.0389 0.8299
vn -0.6023 -0.0016 0.7983
vn -0.5572 -0.0385 0.8295
vn -0.0622 -0.5949 0.8014
vn -0.0420 -0.5179 0.8544
vn -0.0554 -0.5779 0.8142
vn 0.4874 -0.8279 0.2777
vn 0.5721 -0.7168 0.3986
vn 0.5104 -0.8051 0.3023
vn 0.7586 -0.5147 -0.3995
vn 0.8337 -0.4790 -0.2748
vn 0.8544 -0.4550 -0.2510
vn 0.3348 0.3385 -0.8794
vn 0.6223 0.0298 -0.7822
vn 0.3246 0.3123 -0.8928
vn -0.2592 0.7480 -0.6110
vn -0.3306 0.6039 -0.7253
vn 0.6639 -0.1204 0.7380
vn 0.4434 0.8690 -0.2197
vn -0.4688 0.4154 -0.7795
vn -0.8784 -0.4259 -0.2169
vn 0.1533 -0.6730 0.7236
vn 0.8774 0.4274 0.2178
vn -0.6749 0.1309 -0.7262
vn -0.4433 -0.8694 0.2183
vn -0.5315 -0.0557 0.8452
vn -0.5150 0.7920 -0.3279
vn -0.0432 -0.5466 0.8363
vn 0.5315 0.0557 -0.8452
vn 0.3267 0.3002 -0.8962
vn -0.6011 0.1957 0.7749
vn -0.4663 -0.8694 -0.1635
vn 0.4118 -0.4720 -0.7795
vn 0.8744 0.4001 -0.2745
vn -0.1984 0.8381 0.5081
vn -0.8720 -0.4044 0.2757
vn 0.6137 -0.2077 -0.7617
vn 0.4662 0.8697 0.1619
vn 0.4766 0.0104 0.8791
vn 0.0109 0.4828 0.8757
vn -0.4766 -0.0104 -0.8791
vn -0.2783 -0.2410 -0.9298
vn -0.2629 0.0479 -0.9636
vn -0.8132 -0.5297 -0.2410
vn -0.9698 -0.2227 -0.0994
vn 0.0423 0.5075 0.8606
vn 0.6386 0.0279 0.7690
vn 0.8752 -0.4267 0.2279
vn -0.6513 0.5441 0.5289
vn -0.6513 0.5441 0.5290
vn -0.6135 -0.6116 0.4995
vn -0.7239 -0.2515 0.6425
vn -0.0224 -0.3319 0.9431
vn -0.0589 -0.1203 0.9910
vn 0.5891 0.0980 0.8021
vn 0.6412 0.0421 0.7662
vn 0.9840 0.1607 0.0763
vn 0.6309 0.5789 -0.5166
vn 0.7297 0.1979 -0.6545
vn 0.5912 -0.6845 0.4266
vn 0.6647 -0.5081 0.5477
vn -0.0195 -0.4396 0.8980
vn 0.0467 -0.1669 0.9849
vn -0.6158 0.0120 0.7878
vn -0.6474 0.0145 0.7620
vn 0.8418 0.4552 -0.2900
vn 0.7372 0.2225 0.6380
vn 0.6843 0.5518 0.4767
vn 0.0932 0.3144 0.9447
vn -0.5458 -0.0647 0.8354
vn -0.8665 -0.4236 0.2639
vn -0.6882 -0.5410 -0.4834
vn -0.6117 0.6367 -0.4695
vn -0.8706 0.4331 0.2334
vn -0.9840 0.1585 0.0819
vn -0.5003 0.6123 -0.6123
vn 0.0956 -0.0000 -0.9954
vn 0.6406 0.4475 -0.6241
vn 0.6614 0.4143 -0.6252
vn 0.6406 0.4474 -0.6241
vn 0.5979 0.5030 -0.6241
vn 0.5713 0.5317 -0.6252
vn 0.5980 0.5029 -0.6241
vn -0.2019 0.0980 -0.9745
vn 0.3159 0.2860 -0.9047
vn 0.2983 0.2646 -0.9171
vn 0.2841 0.2472 -0.9264
vn -0.8575 0.0258 -0.5138
vn -0.8459 0.0070 -0.5333
vn -0.8347 -0.0102 -0.5506
vn -0.9155 0.0702 -0.3961
vn -0.9657 0.1120 -0.2342
vn 0.2775 0.5075 -0.8157
vn -0.9834 0.1394 -0.1158
vn 0.2999 0.4234 -0.8549
vn 0.2314 0.6454 -0.7280
vn -0.9974 0.0715 0.0071
vn -0.9951 0.0987 0.0098
vn 0.9974 0.0715 0.0071
vn 0.9951 0.0987 0.0098
vn 0.9976 0.0694 0.0069
vn 0.9992 0.0400 0.0040
vn -0.0000 -0.0041 1.0000
vn -0.0000 -0.0089 1.0000
vn -0.9976 0.0694 0.0069
vn -0.9992 0.0400 0.0040
vn -0.0000 0.0003 1.0000
vn 0.7029 0.0395 0.7102
vn 0.7012 0.0585 0.7105
vn -0.7029 0.0395 0.7102
vn -0.7013 0.0585 0.7105
vn -0.7012 0.0589 0.7105
vn -0.6993 0.0782 0.7105
vn 0.7012 0.0586 0.7105
vn 0.6993 0.0782 0.7105
vn -0.9974 0.0710 0.0071
vn 0.9974 0.0710 0.0071
vn -0.0000 0.1871 -0.9823
vn -0.0000 0.1757 -0.9844
vn -0.0000 0.1870 -0.9824
vn -0.0000 0.1972 -0.9804
vn 0.6578 0.1619 -0.7356
vn 0.6790 0.1891 -0.7093
vn 0.6792 0.1894 -0.7091
vn -0.6790 0.1891 -0.7093
vn -0.6578 0.1619 -0.7356
vn -0.6792 0.1894 -0.7091
vn -0.6993 0.2165 -0.6812
vn 0.6993 0.2165 -0.6812
vn -0.0000 0.9808 -0.1951
vn -0.0000 -0.8315 -0.5556
vn -0.0000 -0.9808 0.1951
vn -0.0000 -0.1951 -0.9808
vn -0.0000 -0.5556 0.8315
vn -0.0000 0.8315 0.5556
vn -0.0000 0.1951 0.9808
vn 0.0715 0.9974 0.0070
vn 0.0988 0.9951 0.0096
vn 0.0715 -0.9974 0.0070
vn 0.0988 -0.9951 0.0096
vn 0.0694 -0.9976 0.0068
vn 0.0400 -0.9992 0.0039
vn -0.0021 -0.0000 1.0000
vn -0.0070 -0.0000 1.0000
vn 0.0694 0.9976 0.0068
vn 0.0400 0.9992 0.0039
vn 0.0022 -0.0000 1.0000
vn 0.0409 -0.7028 0.7102
vn 0.0599 -0.7012 0.7104
vn 0.0409 0.7028 0.7102
vn 0.0599 0.7012 0.7104
vn 0.0603 0.7012 0.7104
vn 0.0795 0.6993 0.7104
vn 0.0796 0.6993 0.7104
vn 0.0795 -0.6993 0.7104
vn 0.0710 0.9974 0.0069
vn 0.0710 -0.9974 0.0069
vn 0.1843 -0.0000 -0.9829
vn 0.1719 -0.0000 -0.9851
vn 0.1842 -0.0000 -0.9829
vn 0.1953 -0.0000 -0.9808
vn 0.1595 -0.6605 -0.7337
vn 0.1873 -0.6804 -0.7085
vn 0.1875 -0.6805 -0.7083
vn 0.1873 0.6804 -0.7085
vn 0.1595 0.6605 -0.7337
vn 0.1875 0.6805 -0.7083
vn 0.2152 0.6993 -0.6817
vn 0.2152 -0.6993 -0.6817
vn 0.1951 -0.0000 0.9808
vn 0.8315 -0.0000 0.5555
vn -0.5556 -0.0000 0.8315
vn -0.5555 -0.0000 0.8315
vn -0.1951 -0.0000 -0.9808
vn -0.9808 -0.0000 0.1951
vn -0.8315 -0.0000 -0.5556
vn 0.9808 -0.0000 -0.1951
vn 0.9974 -0.0716 0.0062
vn 0.9951 -0.0988 0.0086
vn -0.9974 -0.0716 0.0062
vn -0.9951 -0.0988 0.0086
vn -0.9976 -0.0695 0.0061
vn -0.9992 -0.0400 0.0035
vn -0.0000 -0.0081 1.0000
vn -0.0000 -0.0032 1.0000
vn 0.9976 -0.0695 0.0061
vn 0.9992 -0.0400 0.0035
vn -0.0000 -0.0124 0.9999
vn -0.7028 -0.0481 0.7097
vn -0.7012 -0.0671 0.7098
vn 0.7028 -0.0481 0.7097
vn 0.7012 -0.0671 0.7098
vn 0.7012 -0.0675 0.7098
vn 0.6993 -0.0868 0.7095
vn -0.6993 -0.0868 0.7095
vn 0.9974 -0.0711 0.0062
vn -0.9974 -0.0711 0.0062
vn -0.0000 -0.1752 -0.9845
vn -0.0000 -0.1637 -0.9865
vn -0.0000 -0.1751 -0.9846
vn -0.0000 -0.1853 -0.9827
vn -0.6578 -0.1529 -0.7375
vn -0.6790 -0.1805 -0.7116
vn -0.6792 -0.1808 -0.7113
vn 0.6790 -0.1805 -0.7116
vn 0.6578 -0.1529 -0.7375
vn 0.6792 -0.1808 -0.7113
vn 0.6993 -0.2082 -0.6838
vn -0.6993 -0.2082 -0.6838
vn -0.0000 -0.9808 -0.1951
vn -0.0000 0.8315 -0.5556
vn -0.0000 0.9808 0.1951
vn -0.0000 0.1951 -0.9808
vn -0.0000 0.5556 0.8315
vn -0.0000 -0.8315 0.5556
vn -0.0000 -0.1951 0.9808
vn -0.0716 -0.9974 0.0062
vn -0.0989 -0.9951 0.0085
vn -0.0716 0.9974 0.0062
vn -0.0989 0.9951 0.0085
vn -0.0695 0.9976 0.0060
vn -0.0400 0.9992 0.0035
vn -0.0088 -0.0000 1.0000
vn -0.0040 -0.0000 1.0000
vn -0.0695 -0.9976 0.0060
vn -0.0400 -0.9992 0.0035
vn -0.0132 -0.0000 0.9999
vn -0.0487 0.7028 0.7097
vn -0.0676 0.7012 0.7097
vn -0.0487 -0.7028 0.7097
vn -0.0676 -0.7013 0.7097
vn -0.0681 -0.7012 0.7097
vn -0.0873 -0.6993 0.7095
vn -0.0873 0.6993 0.7095
vn -0.0681 0.7013 0.7096
vn -0.0711 -0.9974 0.0061
vn -0.0711 0.9974 0.0061
vn -0.1736 -0.0000 -0.9848
vn -0.1611 -0.0000 -0.9869
vn -0.1735 -0.0000 -0.9848
vn -0.1845 -0.0000 -0.9828
vn -0.1514 0.6605 -0.7354
vn -0.1795 0.6804 -0.7105
vn -0.1797 0.6805 -0.7104
vn -0.1795 -0.6804 -0.7105
vn -0.1514 -0.6605 -0.7354
vn -0.1797 -0.6805 -0.7104
vn -0.2077 -0.6993 -0.6840
vn -0.2077 0.6993 -0.6840
vn -0.1951 -0.0000 0.9808
vn -0.8315 -0.0000 0.5556
vn 0.5556 -0.0000 0.8315
vn 0.1951 -0.0000 -0.9808
vn 0.9808 -0.0000 0.1951
vn 0.8315 -0.0000 -0.5556
vn -0.9808 -0.0000 -0.1951
vn 0.4972 -0.8495 -0.1763
vn 0.5995 -0.7813 -0.1737
vn -0.2548 -0.9510 -0.1751
vn -0.0059 -0.9843 -0.1763
vn -0.0136 -0.9843 -0.1761
vn -0.0853 -0.1493 0.9851
vn -0.1248 -0.1228 0.9846
vn -0.0858 -0.1491 0.9851
vn 0.2547 -0.9505 -0.1781
vn 0.5038 -0.8456 -0.1762
vn 0.7813 -0.5995 -0.1737
vn 0.8526 -0.4923 -0.1751
vn 0.9510 -0.2548 -0.1751
vn 0.9845 -0.0000 -0.1751
vn -0.9818 -0.0000 -0.1900
vn -0.9498 -0.2482 -0.1905
vn -0.9481 -0.2547 -0.1905
vn -0.6962 -0.6962 -0.1751
vn -0.8518 -0.4909 -0.1831
vn -0.1252 -0.1226 0.9845
vn -0.1450 -0.1437 0.9789
vn -0.4867 -0.8559 -0.1751
vn -0.2479 -0.9528 -0.1751
vn -0.9845 -0.0000 0.1751
vn -0.9510 0.2548 0.1751
vn 0.6963 0.6961 0.1751
vn 0.8488 0.4962 0.1823
vn 0.6961 0.6963 0.1751
vn -0.2547 0.9505 0.1778
vn 0.0062 0.9843 0.1763
vn 0.0132 0.9843 0.1761
vn 0.2306 0.2284 -0.9459
vn 0.3084 0.1134 -0.9445
vn 0.3078 0.1145 -0.9445
vn 0.0359 -0.1651 0.9856
vn -0.0440 -0.1656 0.9852
vn 0.0371 -0.1650 0.9856
vn 0.0833 0.3085 -0.9476
vn 0.1601 0.2782 -0.9471
vn 0.1609 0.2777 -0.9471
vn 0.2300 0.2290 -0.9459
vn -0.0435 -0.1656 0.9852
vn -0.1450 -0.1463 0.9786
vn -0.1817 -0.0470 0.9822
vn -0.0855 0.3154 -0.9451
vn -0.0542 0.3094 -0.9494
vn -0.0510 0.3098 -0.9494
vn -0.1091 0.2934 -0.9498
vn -0.0840 0.3159 -0.9451
vn 0.0469 -0.1722 0.9839
vn 0.0457 -0.1726 0.9839
vn -0.4145 -0.5477 0.7268
vn 0.0489 -0.1609 0.9858
vn 0.0503 -0.1601 0.9858
vn 0.5333 0.4262 0.7307
vn 0.1015 -0.1342 0.9857
vn 0.1015 -0.1343 0.9857
vn -0.2216 0.2224 -0.9494
vn -0.1080 0.2939 -0.9497
vn 0.1449 -0.0830 0.9860
vn 0.1328 -0.1009 0.9860
vn 0.1447 -0.0827 0.9860
vn -0.2709 0.1567 -0.9498
vn -0.2220 0.2218 -0.9495
vn -0.3017 0.0810 -0.9500
vn -0.2711 0.1563 -0.9498
vn 0.1615 -0.0433 0.9859
vn 0.1615 -0.0432 0.9859
vn -0.3122 -0.0000 -0.9500
vn -0.3017 0.0807 -0.9500
vn 0.1671 -0.0000 0.9859
vn 0.3365 0.0892 -0.9375
vn 0.3251 -0.0000 -0.9457
vn -0.2153 -0.0000 0.9765
vn -0.1837 -0.0393 0.9822
vn 0.3366 0.0888 -0.9374
vn -0.8483 -0.4969 -0.1827
vn 0.0822 0.3089 -0.9475
vn -0.3624 -0.7309 0.5784
vn -0.3605 -0.7318 0.5783
vn -0.2033 -0.7988 0.5662
vn -0.7171 -0.3988 0.5717
vn -0.7223 -0.3894 0.5715
vn -0.7803 -0.2724 0.5630
vn -0.5790 -0.5773 0.5758
vn -0.5781 -0.5783 0.5757
vn -0.4923 -0.8526 -0.1751
vn 0.4923 0.8526 0.1751
vn 0.9818 -0.0000 0.1901
vn 0.9483 0.2540 0.1901
vn 0.9818 -0.0000 0.1900
vn -0.5035 0.8459 0.1762
vn -0.6962 0.6962 0.1751
vn 0.2548 0.9510 0.1751
vn 0.9483 0.2542 0.1901
vn -0.4972 0.8495 0.1765
vn -0.2547 0.9505 0.1782
vn 0.6962 -0.6962 0.1751
vn 0.4971 -0.8496 0.1764
vn 0.5039 -0.8456 0.1761
vn -0.0059 -0.9843 0.1763
vn -0.2548 -0.9510 0.1751
vn -0.0136 -0.9843 0.1761
vn -0.0853 -0.1493 -0.9851
vn -0.1248 -0.1229 -0.9846
vn -0.1252 -0.1226 -0.9845
vn 0.2547 -0.9505 0.1782
vn 0.7813 -0.5995 0.1737
vn 0.9845 -0.0000 0.1751
vn -0.9498 -0.2482 0.1905
vn -0.9818 -0.0000 0.1900
vn -0.9481 -0.2547 0.1905
vn -0.6962 -0.6962 0.1751
vn -0.8518 -0.4909 0.1831
vn -0.8483 -0.4969 0.1827
vn -0.1450 -0.1437 -0.9789
vn -0.1450 -0.1463 -0.9786
vn -0.4867 -0.8559 0.1751
vn -0.4923 -0.8526 0.1751
vn -0.9845 -0.0000 -0.1751
vn -0.9510 0.2548 -0.1751
vn 0.8488 0.4962 -0.1823
vn 0.6963 0.6961 -0.1751
vn 0.6961 0.6963 -0.1751
vn -0.2547 0.9504 -0.1783
vn 0.0059 0.9843 -0.1765
vn -0.2547 0.9505 -0.1781
vn 0.3084 0.1134 0.9445
vn 0.2306 0.2284 0.9459
vn 0.3078 0.1145 0.9445
vn 0.0359 -0.1651 -0.9856
vn -0.0440 -0.1656 -0.9852
vn -0.0435 -0.1656 -0.9852
vn 0.1601 0.2782 0.9471
vn 0.0833 0.3085 0.9476
vn 0.1609 0.2777 0.9471
vn 0.2300 0.2290 0.9459
vn -0.1817 -0.0470 -0.9822
vn -0.1837 -0.0393 -0.9822
vn -0.0542 0.3094 0.9494
vn -0.0855 0.3154 0.9451
vn -0.0510 0.3098 0.9494
vn -0.1091 0.2934 0.9498
vn -0.1080 0.2939 0.9497
vn 0.0469 -0.1722 -0.9839
vn 0.0370 -0.1650 -0.9856
vn -0.4145 -0.5477 -0.7268
vn 0.0489 -0.1609 -0.9858
vn 0.0457 -0.1726 -0.9839
vn 0.5333 0.4262 -0.7307
vn 0.1015 -0.1341 -0.9858
vn 0.1015 -0.1342 -0.9857
vn -0.2216 0.2224 0.9494
vn 0.1446 -0.0829 -0.9860
vn 0.1326 -0.1009 -0.9860
vn 0.1329 -0.1009 -0.9860
vn -0.2220 0.2218 0.9495
vn -0.2709 0.1567 0.9498
vn -0.2711 0.1563 0.9498
vn -0.3017 0.0810 0.9500
vn 0.1615 -0.0433 -0.9859
vn 0.1447 -0.0827 -0.9860
vn -0.3017 0.0807 0.9500
vn -0.3122 -0.0000 0.9500
vn 0.1671 -0.0000 -0.9859
vn 0.1615 -0.0432 -0.9859
vn 0.3251 -0.0000 0.9457
vn 0.3365 0.0892 0.9374
vn -0.2153 -0.0000 -0.9766
vn 0.0822 0.3089 0.9475
vn -0.3624 -0.7309 -0.5784
vn -0.2033 -0.7988 -0.5662
vn -0.3605 -0.7318 -0.5783
vn -0.7171 -0.3988 -0.5717
vn -0.7803 -0.2724 -0.5630
vn -0.7223 -0.3894 -0.5715
vn -0.5790 -0.5773 -0.5758
vn -0.5781 -0.5783 -0.5756
vn 0.4923 0.8526 -0.1751
vn 0.9484 0.2540 -0.1900
vn 0.9818 -0.0000 -0.1901
vn 0.9818 -0.0000 -0.1900
vn -0.6962 0.6962 -0.1751
vn -0.5035 0.8458 -0.1761
vn 0.0132 0.9843 -0.1761
vn 0.2548 0.9510 -0.1751
vn 0.8491 0.4957 -0.1823
vn -0.4972 0.8495 -0.1765
vn -0.8526 0.4923 -0.1751
vn 0.6962 0.6962 -0.1751
vn 0.4971 0.8496 -0.1764
vn 0.5039 0.8456 -0.1761
vn -0.0059 0.9843 -0.1763
vn -0.2548 0.9510 -0.1751
vn -0.0136 0.9843 -0.1761
vn -0.0853 0.1493 0.9851
vn -0.1248 0.1229 0.9845
vn -0.1252 0.1226 0.9845
vn 0.2547 0.9505 -0.1781
vn 0.8526 0.4923 -0.1751
vn 0.7813 0.5995 -0.1737
vn 0.9510 0.2548 -0.1751
vn -0.9498 0.2482 -0.1905
vn -0.9481 0.2547 -0.1905
vn -0.8518 0.4909 -0.1831
vn -0.8483 0.4969 -0.1827
vn -0.1450 0.1437 0.9789
vn -0.1450 0.1463 0.9786
vn -0.4867 0.8559 -0.1751
vn -0.4923 0.8526 -0.1751
vn -0.9510 -0.2548 0.1751
vn 0.8489 -0.4962 0.1823
vn 0.6963 -0.6961 0.1751
vn 0.6961 -0.6963 0.1751
vn -0.2547 -0.9505 0.1778
vn 0.0059 -0.9843 0.1765
vn -0.2547 -0.9505 0.1782
vn 0.3084 -0.1134 -0.9445
vn 0.2306 -0.2284 -0.9459
vn 0.3078 -0.1145 -0.9445
vn 0.0359 0.1651 0.9856
vn -0.0440 0.1656 0.9852
vn -0.0435 0.1656 0.9852
vn 0.1601 -0.2782 -0.9471
vn 0.0833 -0.3085 -0.9476
vn 0.1609 -0.2777 -0.9471
vn 0.2300 -0.2290 -0.9459
vn -0.1817 0.0470 0.9822
vn -0.1837 0.0393 0.9822
vn -0.0542 -0.3094 -0.9494
vn -0.0855 -0.3154 -0.9451
vn -0.0510 -0.3098 -0.9494
vn -0.1091 -0.2934 -0.9497
vn -0.1080 -0.2939 -0.9497
vn 0.0469 0.1722 0.9839
vn 0.0370 0.1650 0.9856
vn -0.4145 0.5477 0.7268
vn 0.0489 0.1609 0.9858
vn 0.0457 0.1726 0.9839
vn 0.5333 -0.4262 0.7307
vn 0.1015 0.1342 0.9857
vn 0.1015 0.1343 0.9857
vn -0.2216 -0.2224 -0.9494
vn 0.1444 0.0829 0.9860
vn 0.1328 0.1009 0.9860
vn 0.1330 0.1009 0.9860
vn -0.2220 -0.2218 -0.9495
vn -0.2709 -0.1567 -0.9498
vn -0.2711 -0.1563 -0.9498
vn -0.3017 -0.0810 -0.9500
vn 0.1615 0.0433 0.9859
vn 0.1448 0.0827 0.9860
vn -0.3017 -0.0807 -0.9500
vn 0.1615 0.0432 0.9859
vn 0.3365 -0.0892 -0.9375
vn 0.0822 -0.3089 -0.9475
vn -0.3624 0.7309 0.5784
vn -0.2033 0.7988 0.5662
vn -0.3605 0.7318 0.5783
vn -0.7170 0.3987 0.5718
vn -0.7803 0.2724 0.5630
vn -0.7223 0.3893 0.5716
vn -0.5790 0.5773 0.5758
vn -0.5781 0.5783 0.5756
vn 0.4923 -0.8526 0.1751
vn 0.9483 -0.2540 0.1901
vn -0.5035 -0.8459 0.1762
vn 0.0132 -0.9843 0.1761
vn 0.2548 -0.9510 0.1751
vn 0.8491 -0.4957 0.1823
vn -0.4974 -0.8494 0.1763
vn -0.8526 -0.4923 0.1751
vn -0.7813 -0.5995 0.1737
vn 0.4972 0.8495 0.1763
vn -0.2548 0.9510 0.1751
vn -0.0059 0.9843 0.1763
vn -0.0136 0.9843 0.1761
vn -0.0853 0.1493 -0.9851
vn -0.1248 0.1228 -0.9846
vn -0.0858 0.1491 -0.9851
vn 0.2547 0.9505 0.1781
vn 0.5038 0.8456 0.1762
vn 0.8526 0.4923 0.1751
vn 0.9510 0.2548 0.1751
vn -0.9498 0.2482 0.1905
vn -0.9481 0.2547 0.1905
vn -0.8518 0.4909 0.1831
vn -0.1252 0.1226 -0.9845
vn -0.1450 0.1437 -0.9789
vn -0.4867 0.8559 0.1751
vn -0.2479 0.9528 0.1751
vn -0.9510 -0.2548 -0.1751
vn 0.6963 -0.6961 -0.1751
vn 0.8489 -0.4962 -0.1823
vn 0.6961 -0.6963 -0.1751
vn -0.2547 -0.9504 -0.1783
vn 0.0059 -0.9843 -0.1765
vn 0.0131 -0.9843 -0.1761
vn 0.2306 -0.2284 0.9459
vn 0.3084 -0.1134 0.9445
vn 0.3078 -0.1145 0.9445
vn 0.0359 0.1651 -0.9856
vn -0.0440 0.1656 -0.9852
vn 0.0371 0.1650 -0.9856
vn 0.0833 -0.3085 0.9476
vn 0.1601 -0.2782 0.9471
vn 0.1609 -0.2777 0.9471
vn 0.2300 -0.2290 0.9459
vn -0.0435 0.1656 -0.9852
vn -0.1450 0.1463 -0.9786
vn -0.1817 0.0470 -0.9822
vn -0.0855 -0.3154 0.9451
vn -0.0542 -0.3094 0.9494
vn -0.0510 -0.3098 0.9494
vn -0.1091 -0.2934 0.9498
vn -0.0840 -0.3159 0.9451
vn 0.0469 0.1722 -0.9839
vn 0.0457 0.1726 -0.9839
vn -0.4145 0.5477 -0.7268
vn 0.0489 0.1609 -0.9858
vn 0.0503 0.1601 -0.9858
vn 0.5333 -0.4262 -0.7307
vn 0.1015 0.1342 -0.9857
vn 0.1015 0.1343 -0.9857
vn -0.2216 -0.2224 0.9494
vn -0.1080 -0.2939 0.9497
vn 0.1449 0.0830 -0.9860
vn 0.1326 0.1009 -0.9860
vn 0.1447 0.0827 -0.9860
vn -0.2709 -0.1567 0.9498
vn -0.2220 -0.2218 0.9495
vn -0.3017 -0.0810 0.9500
vn -0.2711 -0.1563 0.9498
vn 0.1615 0.0433 -0.9859
vn 0.1615 0.0432 -0.9859
vn -0.3017 -0.0807 0.9500
vn 0.3366 -0.0892 0.9374
vn -0.1837 0.0393 -0.9822
vn 0.3366 -0.0888 0.9375
vn -0.8483 0.4969 0.1827
vn 0.0822 -0.3089 0.9475
vn -0.3624 0.7309 -0.5784
vn -0.3605 0.7318 -0.5783
vn -0.2033 0.7988 -0.5662
vn -0.7170 0.3987 -0.5718
vn -0.7223 0.3894 -0.5715
vn -0.7803 0.2724 -0.5630
vn -0.5790 0.5773 -0.5758
vn -0.5781 0.5783 -0.5756
vn -0.4923 0.8526 0.1751
vn 0.4923 -0.8526 -0.1751
vn 0.9484 -0.2540 -0.1900
vn -0.5036 -0.8458 -0.1760
vn 0.2548 -0.9510 -0.1751
vn 0.9483 -0.2542 -0.1901
vn -0.4972 -0.8495 -0.1765
vn -0.2547 -0.9505 -0.1781
vn -0.8526 -0.4923 -0.1751
vn -0.1622 0.0663 0.9845
vn -0.1621 0.0664 0.9845
vn -0.1515 0.0872 0.9846
vn 0.7300 -0.6772 0.0922
vn -0.9250 -0.3792 0.0229
vn -0.9251 -0.3790 0.0228
vn -0.9243 -0.3814 0.0129
vn -0.0887 0.1510 0.9845
vn -0.1238 0.1238 0.9845
vn -0.0872 0.1517 0.9846
vn 0.7896 -0.6059 -0.0974
vn 0.8550 -0.5089 -0.1001
vn 0.9687 -0.2300 -0.0932
vn 0.9878 -0.1544 -0.0219
vn 0.9428 -0.3180 -0.0996
vn 0.9952 -0.0000 -0.0982
vn -0.1307 0.9914 -0.0015
vn -0.1313 0.9913 -0.0068
vn -0.1306 0.9914 -0.0015
vn -0.1743 -0.0056 -0.9847
vn -0.1692 0.0453 -0.9845
vn -0.1745 -0.0005 -0.9846
vn 0.9867 0.1299 -0.0977
vn 0.9842 0.0253 -0.1751
vn -0.1631 0.0676 -0.9843
vn -0.1513 0.0875 -0.9846
vn -0.6114 -0.7910 -0.0229
vn -0.6349 -0.7726 -0.0038
vn -0.6111 -0.7912 -0.0229
vn 0.4479 -0.8879 0.1050
vn 0.3826 -0.9237 0.0218
vn 0.4126 -0.9106 0.0219
vn 0.7503 -0.6611 -0.0031
vn 0.6655 -0.7408 0.0915
vn 0.6406 -0.7678 -0.0101
vn 0.9195 -0.3809 0.0974
vn 0.9239 -0.3827 0.0012
vn -0.9194 0.3808 -0.0982
vn -0.8527 0.4922 -0.1751
vn -0.9098 0.3769 -0.1737
vn -0.7037 0.7037 -0.0982
vn -0.8618 0.4976 -0.0982
vn -0.4976 0.8618 -0.0982
vn -0.3809 0.9195 -0.0974
vn -0.4922 0.8527 -0.1751
vn -0.7426 0.6697 -0.0065
vn -0.9613 0.2576 0.0982
vn -0.9536 0.3011 0.0071
vn -0.9952 -0.0000 0.0982
vn -0.9998 -0.0004 0.0220
vn -0.9912 -0.1305 0.0218
vn -0.9867 -0.1299 0.0977
vn -0.9846 -0.0001 0.1751
vn -0.9764 -0.1285 0.1737
vn -0.7895 0.6058 0.0982
vn -0.3826 0.9237 -0.0218
vn -0.5096 0.8601 -0.0220
vn -0.6583 -0.7526 0.0153
vn -0.6348 -0.7727 -0.0038
vn 0.6822 -0.7064 0.1887
vn 0.9912 0.1305 -0.0218
vn 0.9998 -0.0000 -0.0220
vn 0.8869 -0.4248 -0.1817
vn 0.8385 -0.5148 -0.1786
vn 0.9098 -0.3769 0.1737
vn -0.9239 -0.3826 0.0029
vn 0.3226 0.9464 -0.0153
vn 0.3517 0.9361 0.0038
vn 0.3518 0.9361 0.0038
vn -0.0712 -0.0595 -0.9957
vn -0.1033 -0.0892 -0.9906
vn -0.1035 -0.0892 -0.9906
vn -0.1325 0.9911 -0.0121
vn -0.1312 0.9913 -0.0068
vn -0.1516 0.0876 0.9845
vn -0.1252 0.1224 0.9845
vn 0.0167 -0.0013 0.9999
vn 0.0113 -0.0055 0.9999
vn -0.1351 -0.1187 -0.9837
vn -0.1739 -0.0238 -0.9845
vn -0.1730 -0.0234 -0.9846
vn -0.0662 0.1623 0.9845
vn -0.0662 0.1622 0.9845
vn 0.0181 -0.7360 -0.6767
vn -0.1383 0.1072 -0.9846
vn -0.1389 0.1074 -0.9845
vn 0.5483 -0.2677 -0.7923
vn 0.5485 -0.2660 -0.7927
vn 0.4790 -0.5399 -0.6922
vn 0.5987 0.1150 -0.7927
vn 0.5989 0.1166 -0.7923
vn 0.6024 0.3975 -0.6922
vn 0.9699 -0.1765 -0.1677
vn 0.2152 -0.5309 0.8196
vn 0.2152 -0.5308 0.8197
vn 0.2108 -0.5330 0.8194
vn 0.2198 -0.5295 0.8193
vn 0.4456 -0.8745 0.1916
vn 0.3809 -0.9195 0.0974
vn 0.8718 0.4600 0.1682
vn 0.0217 0.0030 0.9998
vn 0.0216 0.0030 0.9998
vn 0.0166 -0.0013 0.9999
vn 0.8691 0.1227 0.4792
vn 0.3795 0.9249 0.0230
vn 0.3799 0.9247 0.0229
vn 0.0878 -0.5675 -0.8187
vn -0.9131 -0.3744 0.1616
vn 0.9131 0.3744 -0.1616
vn -0.1411 -0.0818 -0.9866
vn 0.1411 0.0818 0.9866
vn -0.1994 0.0238 0.9796
vn 0.1994 -0.0239 -0.9796
vn 0.1204 -0.1608 0.9796
vn -0.3971 -0.9122 -0.1009
vn -0.1204 0.1608 -0.9796
vn 0.8109 0.2311 0.5376
vn -0.1928 -0.8812 -0.4316
vn -0.0976 0.4549 -0.8852
vn 0.1928 0.8812 0.4316
vn -0.1528 -0.9812 0.1176
vn -0.1527 -0.9812 0.1177
vn 0.2320 -0.2887 0.9289
vn 0.3659 0.5313 0.7641
vn 0.3971 0.9122 0.1009
vn 0.4832 0.2976 -0.8234
vn 0.0976 -0.4549 0.8852
vn 0.3122 -0.3869 0.8677
vn -0.5760 -0.7930 0.1985
vn 0.9852 -0.1529 -0.0778
vn 0.8686 0.4003 0.2919
vn -0.5914 -0.8000 -0.1009
vn -0.5915 -0.8000 -0.1009
vn 0.5574 -0.3271 0.7631
vn 0.0431 -0.9850 -0.1670
vn 0.8685 0.4950 -0.0255
vn 0.4126 -0.0792 -0.9075
vn 0.5453 -0.6019 0.5833
vn 0.7480 0.6202 0.2363
vn 0.4006 -0.7962 -0.4533
vn 0.3288 -0.8968 -0.2960
vn 0.5914 0.8000 0.1009
vn 0.5037 -0.8389 0.2062
vn 0.5117 -0.8509 0.1186
vn 0.9119 -0.4011 -0.0868
vn 0.9505 -0.2697 -0.1546
vn -0.2629 -0.9605 0.0916
vn -0.4999 -0.8482 0.1751
vn -0.4984 -0.8620 0.0927
vn 0.0414 0.1702 0.9845
vn 0.0876 0.1517 0.9845
vn 0.0891 0.1508 0.9845
vn 0.1075 0.1401 0.9843
vn 0.1237 0.1231 0.9847
vn -0.7037 -0.7037 0.0982
vn -0.7887 -0.6052 0.1082
vn -0.0244 0.1740 0.9844
vn -0.0244 0.1741 0.9844
vn -0.0006 0.1748 0.9846
vn -0.8547 -0.5192 -0.0028
vn -0.9212 -0.3773 -0.0948
vn -0.8650 -0.4916 -0.1009
vn -0.7860 -0.6182 -0.0024
vn -0.6029 -0.7899 -0.1120
vn -0.6935 -0.7148 -0.0898
vn 0.1762 0.0643 -0.9823
vn 0.1658 0.0663 -0.9839
vn 0.1760 0.0641 -0.9823
vn 0.1122 0.1563 -0.9813
vn 0.1122 0.1562 -0.9813
vn -0.6430 -0.7658 -0.0073
vn -0.5588 -0.8293 -0.0018
vn -0.2905 -0.9568 0.0103
vn -0.0206 -0.9995 0.0235
vn 0.0851 -0.9960 0.0286
vn -0.1304 -0.9901 0.0512
vn 0.6344 -0.3276 -0.7001
vn 0.2642 0.9599 -0.0934
vn -0.0001 0.9845 -0.1751
vn -0.0000 0.9952 -0.0982
vn 0.4982 0.8621 -0.0926
vn 0.2548 0.9510 -0.1752
vn 0.7051 0.7024 -0.0972
vn 0.4923 0.8526 -0.1752
vn 0.7813 0.5996 -0.1735
vn 0.6963 0.6961 -0.1750
vn -0.1285 0.9764 -0.1736
vn -0.1300 0.9873 -0.0918
vn 0.9212 0.3774 0.0948
vn 0.8454 0.5339 0.0125
vn 0.8626 0.4968 0.0950
vn 0.7022 0.7056 0.0954
vn 0.7085 0.7057 -0.0007
vn 0.6027 0.7921 0.0968
vn 0.5523 0.8337 -0.0026
vn 0.8544 0.4916 0.1686
vn 0.9138 0.3696 0.1685
vn 0.7927 0.6031 -0.0894
vn 0.2723 0.9621 -0.0121
vn -0.0002 0.9998 -0.0220
vn -0.1305 0.9912 -0.0218
vn 0.5949 0.7853 0.1717
vn -0.5995 -0.7813 0.1737
vn 0.8284 -0.5600 0.0138
vn 0.8131 -0.5821 0.0010
vn 0.0030 -0.0218 -0.9998
vn -0.0006 -0.0194 -0.9998
vn 0.0031 -0.0216 -0.9998
vn -0.5449 0.8308 0.1133
vn -0.5643 0.8147 0.1336
vn 0.1396 0.1054 0.9846
vn 0.1397 0.1058 0.9845
vn 0.7455 0.0836 -0.6612
vn -0.8550 -0.4905 -0.1683
vn -0.3807 0.9247 -0.0036
vn -0.3777 0.9258 -0.0127
vn -0.3774 0.9259 -0.0129
vn 0.9824 0.1370 0.1268
vn 0.9818 0.1402 0.1281
vn 0.9817 0.1409 0.1281
vn -0.0102 -0.0080 0.9999
vn -0.5972 -0.7839 -0.1699
vn -0.5832 0.7976 0.1538
vn -0.5644 0.8146 0.1336
vn 0.0134 -0.0081 -0.9999
vn 0.0047 -0.0124 -0.9999
vn 0.0045 -0.0125 -0.9999
vn 0.7970 -0.6038 -0.0119
vn 0.7976 -0.6031 -0.0116
vn 0.1286 -0.9764 0.1737
vn -0.0000 -0.9845 0.1751
vn -0.0000 -0.9952 0.0982
vn -0.2358 -0.9559 0.1751
vn -0.1285 -0.9764 0.1737
vn -0.3741 0.9271 -0.0223
vn 0.3446 -0.7744 -0.5306
vn 0.3445 -0.7746 -0.5304
vn -0.4976 0.6953 -0.5186
vn -0.4975 0.6953 -0.5187
vn -0.9137 -0.3698 -0.1686
vn 0.5524 -0.7308 0.4010
vn 0.9810 0.1446 0.1295
vn 0.9809 0.1451 0.1294
vn -0.3230 -0.8846 -0.3363
vn -0.3230 -0.8847 -0.3362
vn -0.3230 -0.8847 -0.3363
vn 0.1866 0.0622 -0.9805
vn 0.0998 0.1423 0.9848
vn -0.7941 0.6077 -0.0073
vn -0.0998 -0.1423 -0.9848
vn -0.2403 -0.3029 0.9222
vn -0.1315 -0.1013 0.9861
vn -0.1295 -0.0998 0.9865
vn -0.1350 -0.1041 0.9854
vn 0.3972 -0.5335 0.7467
vn 0.3972 -0.5336 0.7467
vn -0.7870 0.1170 0.6058
vn 0.7870 -0.1170 -0.6058
vn -0.6030 0.0619 -0.7953
vn 0.6030 -0.0619 0.7953
vn -0.1365 -0.1052 0.9850
vn -0.9662 0.2161 0.1402
vn 0.6078 -0.7940 0.0068
vn 0.6078 -0.7941 0.0067
vn 0.6079 -0.7940 0.0068
vn 0.1384 0.1016 -0.9852
vn -0.4200 -0.3287 -0.8459
vn 0.6321 -0.3291 0.7015
vn 0.7941 -0.6077 0.0073
vn -0.7233 -0.2466 0.6450
vn -0.9948 -0.0037 0.1014
vn 0.3436 -0.9338 0.1001
vn -0.4484 -0.5940 -0.6679
vn 0.2011 -0.7030 0.6822
vn -0.7805 -0.2520 0.5721
vn 0.5278 -0.7166 -0.4559
vn -0.0657 -0.9925 -0.1035
vn -0.6086 0.7935 -0.0012
vn -0.6031 0.7977 -0.0000
vn -0.6277 -0.7777 -0.0348
vn -0.8009 -0.5986 0.0151
vn -0.8029 -0.5956 0.0255
vn -0.1293 -0.9916 0.0033
vn -0.0803 -0.9968 -0.0044
vn 0.1293 -0.9822 0.1360
vn 0.2723 -0.9621 -0.0123
vn 0.1569 -0.9832 -0.0931
vn 0.2691 -0.9576 -0.1028
vn 0.4999 -0.8658 -0.0220
vn 0.4965 -0.8623 -0.0995
vn 0.7933 0.6088 -0.0015
vn 0.7929 0.6093 -0.0064
vn 0.7933 0.6088 -0.0014
vn -0.1243 -0.9919 -0.0262
vn -0.2534 -0.9621 -0.1005
vn -0.1229 -0.9879 -0.0945
vn -0.0650 0.1639 -0.9843
vn 0.0121 0.1892 -0.9819
vn -0.0653 0.1637 -0.9843
vn -0.1288 0.1367 -0.9822
vn -0.1270 0.1368 -0.9824
vn 0.6058 -0.7896 -0.0977
vn 0.5007 -0.8473 -0.1771
vn -0.1207 -0.9781 -0.1697
vn -0.2581 -0.9501 -0.1751
vn -0.2557 -0.9665 -0.0242
vn -0.3826 -0.9237 -0.0219
vn -0.3826 -0.9237 -0.0218
vn -0.0005 0.9949 0.1011
vn -0.2587 0.9657 0.0219
vn -0.2571 0.9611 0.1008
vn -0.4999 0.8658 0.0220
vn -0.4961 0.8626 0.0993
vn -0.6086 0.7931 0.0218
vn -0.6059 0.7895 0.0978
vn 0.2588 0.9657 0.0220
vn -0.0000 0.9998 0.0219
vn 0.2552 0.9502 0.1788
vn 0.0001 0.9835 0.1808
vn -0.4925 0.8521 0.1773
vn -0.5995 0.7813 0.1737
vn -0.2551 0.9500 0.1802
vn 0.3827 0.9236 0.0218
vn 0.3826 0.9237 0.0218
vn -0.0057 -0.0213 0.9998
vn -0.0000 -0.0220 0.9998
vn -0.0057 -0.0212 0.9998
vn 0.0057 -0.0213 0.9998
vn -0.0086 -0.0203 0.9998
vn -0.0086 -0.0201 0.9998
vn 0.0110 -0.0191 0.9998
vn -0.6601 0.2567 0.7059
vn 0.6086 -0.7932 -0.0218
vn -0.9242 0.3819 -0.0025
vn -0.9242 0.3818 -0.0130
vn -0.9242 0.3816 -0.0131
vn 0.3721 0.9112 0.1767
vn 0.3787 0.9202 0.0990
vn 0.2570 0.9612 0.1004
vn 0.2653 -0.9457 -0.1876
vn 0.1536 -0.9687 -0.1951
vn 0.7922 0.6102 -0.0114
vn 0.7930 0.6092 -0.0064
vn 0.1257 0.1499 -0.9807
vn 0.1256 0.1502 -0.9806
vn 0.0656 0.1697 -0.9833
vn -0.1083 0.1380 -0.9845
vn -0.1084 0.1381 -0.9845
vn -0.9238 0.3822 -0.0232
vn -0.9238 0.3821 -0.0232
vn -0.3788 -0.9201 -0.0991
vn -0.3723 -0.9111 -0.1770
vn -0.6710 -0.3805 -0.6363
vn -0.6712 -0.3801 -0.6363
vn -0.6712 -0.3802 -0.6363
vn -0.5765 0.3776 -0.7246
vn -0.5766 0.3775 -0.7246
vn 0.0791 -0.5573 -0.8265
vn 0.0796 -0.5573 -0.8265
vn 0.0463 -0.5594 -0.8276
vn 0.1709 -0.5457 -0.8204
vn 0.1715 -0.5455 -0.8204
vn 0.1883 -0.5417 -0.8192
vn 0.1330 -0.5519 -0.8232
vn 0.0116 0.1891 -0.9819
vn -0.9367 -0.3084 0.1658
vn -0.9733 0.1239 0.1934
vn 0.9733 -0.1239 -0.1934
vn -0.1890 0.0465 -0.9809
vn 0.1890 -0.0465 0.9809
vn -0.6387 -0.7694 0.0089
vn 0.9148 0.3754 0.1489
vn 0.1294 0.0770 -0.9886
vn 0.9903 -0.0617 0.1248
vn -0.0904 -0.4341 0.8963
vn -0.0903 -0.4341 0.8963
vn 0.8198 -0.5424 -0.1836
vn -0.2265 -0.3797 -0.8970
vn 0.1137 -0.4716 0.8745
vn 0.2823 -0.3307 -0.9005
vn -0.9148 -0.3754 -0.1489
vn 0.9510 0.2552 -0.1745
vn 0.9094 0.3785 -0.1727
vn -0.9550 -0.2808 0.0955
vn -0.9684 -0.1724 0.1802
vn -0.9781 -0.1782 0.1072
vn -0.9831 0.0255 0.1811
vn -0.9867 0.1299 0.0977
vn -0.9951 0.0125 0.0976
vn -0.9912 0.1305 0.0218
vn -0.9902 -0.1058 0.0916
vn -0.9999 -0.0049 0.0151
vn 0.4140 -0.9099 -0.0266
vn 0.4004 -0.9164 -0.0020
vn 0.9610 0.2583 -0.0987
vn 0.9867 -0.1299 -0.0977
vn 0.9845 -0.0060 -0.1751
vn 0.9997 0.0107 -0.0220
vn 0.9625 0.2706 -0.0220
vn 0.9191 0.3818 -0.0969
vn 0.9237 0.3826 -0.0218
vn 0.1735 -0.0237 0.9846
vn 0.1822 -0.0657 0.9811
vn 0.1736 -0.0236 0.9845
vn -0.9444 -0.2748 0.1807
vn -0.9098 -0.3772 0.1733
vn -0.9444 -0.2688 0.1892
vn -0.0537 0.1322 -0.9898
vn -0.0281 0.1219 -0.9921
vn -0.0534 0.1320 -0.9898
vn -0.0160 0.1220 -0.9924
vn 0.1905 -0.1077 0.9758
vn 0.1566 0.0410 0.9868
vn -0.9192 -0.3819 0.0959
vn 0.1328 0.9910 0.0139
vn 0.1314 0.9913 0.0078
vn 0.1313 0.9913 0.0078
vn 0.9912 -0.1305 -0.0218
vn -0.9237 -0.3826 0.0219
vn -0.9892 -0.1465 0.0103
vn -0.9639 -0.2657 0.0161
vn 0.1306 0.9914 0.0018
vn -0.6428 0.6174 -0.4535
vn -0.6425 0.6174 -0.4539
vn -0.6425 0.6174 -0.4538
vn 0.0824 0.7446 -0.6624
vn 0.0821 0.7448 -0.6622
vn 0.0823 0.7447 -0.6623
vn -0.8512 -0.5157 -0.0973
vn -0.0686 0.1421 -0.9875
vn -0.7593 0.1428 -0.6349
vn -0.2542 0.8331 0.4913
vn 0.2542 -0.8331 -0.4913
vn -0.3312 0.4023 -0.8535
vn 0.3312 -0.4023 0.8535
vn -0.6553 0.7553 0.0129
vn 0.0985 0.9802 -0.1715
vn -0.0986 -0.9802 0.1715
vn -0.1923 -0.1503 -0.9698
vn 0.1923 0.1503 0.9698
vn -0.7881 -0.5652 0.2439
vn -0.1958 -0.5418 0.8174
vn -0.6938 0.5092 0.5092
vn -0.2613 -0.9083 -0.3268
vn -0.8512 -0.0062 -0.5248
vn -0.5922 0.1963 0.7815
vn -0.9399 -0.3406 0.0220
vn -0.9785 -0.0866 0.1870
vn 0.1188 0.1888 0.9748
vn 0.1565 0.0411 0.9868
vn -0.9666 -0.1572 0.2023
vn -0.3379 -0.4866 0.8056
vn -0.3377 -0.4867 0.8056
vn -0.4896 -0.4173 0.7656
vn -0.2099 -0.5335 0.8193
vn -0.2098 -0.5336 0.8193
vn -0.1996 -0.5388 0.8185
vn 0.0230 0.1751 0.9843
vn 0.0453 0.1691 0.9845
vn 0.3718 -0.5509 0.7472
vn 0.3718 -0.5509 0.7471
vn 0.3864 -0.9220 0.0225
vn 0.3865 -0.9220 0.0225
vn -0.4417 -0.8561 0.2683
vn -0.6476 -0.4263 -0.6315
vn -0.6476 -0.4264 -0.6315
vn 0.7798 -0.5356 -0.3243
vn 0.5157 -0.2790 -0.8101
vn 0.1435 -0.9896 -0.0030
vn 0.1538 -0.9880 0.0148
vn 0.1406 -0.9893 0.0386
vn 0.1067 -0.9920 0.0672
vn 0.7654 -0.6363 0.0963
vn 0.0136 -0.0175 0.9998
vn 0.0134 -0.0174 0.9998
vn 0.0111 -0.0190 0.9998
vn 0.1622 -0.0665 0.9845
vn 0.9243 0.3815 0.0128
vn 0.9248 0.3797 0.0229
vn -0.9764 -0.1285 -0.1737
vn 0.1678 -0.0504 -0.9845
vn 0.1512 -0.0875 -0.9846
vn 0.6111 0.7912 -0.0229
vn 0.1736 0.0237 -0.9845
vn 0.1387 -0.1071 -0.9845
vn -0.0220 -0.0030 0.9998
vn -0.5038 0.8389 0.2062
vn -0.1236 -0.1230 0.9847
vn -0.0000 -0.1751 0.9845
vn 0.0241 -0.1745 0.9844
vn -0.6984 -0.6953 0.1699
vn 0.4999 0.8482 0.1751
vn -0.7801 -0.6033 0.1657
vn 0.7802 0.6032 -0.1657
vn 0.6988 0.6951 -0.1691
vn 0.5970 0.7841 -0.1698
vn -0.8128 0.5826 0.0011
vn -0.7973 0.6035 -0.0117
vn 0.9137 0.3698 -0.1685
vn -0.1866 -0.0621 -0.9805
vn -0.1866 -0.0622 -0.9805
vn -0.0730 -0.1673 -0.9832
vn -0.1256 -0.1502 -0.9806
vn 0.9238 -0.3820 -0.0233
vn 0.3727 0.9109 -0.1771
vn 0.0274 -0.1218 -0.9922
vn -0.9912 0.1305 -0.0219
vn -0.0133 0.0173 0.9998
vn -0.7934 0.6087 -0.0000
vn -0.2162 0.0579 -0.9746
vn -0.8527 0.4922 0.1751
vn -0.7813 0.5995 0.1737
vn 0.5995 0.7813 -0.1737
vn -0.8527 -0.4922 0.1751
vn -0.5995 -0.7813 -0.1737
vn -0.8527 -0.4922 -0.1751
vn -0.7813 -0.5995 -0.1737
vn -0.1622 0.0665 0.9845
vn -0.9243 -0.3815 0.0128
vn -0.9252 -0.3789 0.0225
vn 0.9764 0.1285 -0.1737
vn -0.1678 0.0504 -0.9845
vn -0.1510 0.0874 -0.9847
vn -0.6110 -0.7913 -0.0230
vn -0.1735 -0.0237 -0.9846
vn -0.1387 0.1073 -0.9845
vn 0.0220 0.0030 0.9998
vn 0.3796 0.9249 0.0228
vn 0.5038 -0.8388 0.2063
vn 0.1236 0.1230 0.9847
vn -0.0005 0.1748 0.9846
vn -0.0244 0.1742 0.9844
vn 0.6984 0.6953 0.1699
vn 0.7801 0.6033 0.1657
vn -0.7802 -0.6032 -0.1658
vn -0.6988 -0.6951 -0.1691
vn -0.5970 -0.7841 -0.1698
vn 0.7973 -0.6035 -0.0118
vn 0.1285 -0.9764 0.1737
vn -0.9137 -0.3698 -0.1685
vn 0.9809 0.1452 0.1294
vn 0.1867 0.0622 -0.9804
vn 0.6086 -0.7932 -0.0219
vn 0.3722 0.9112 0.1767
vn 0.0696 0.1678 -0.9834
vn -0.9239 0.3820 -0.0233
vn -0.3727 -0.9109 -0.1771
vn 0.4004 -0.9163 -0.0020
vn -0.0274 0.1219 -0.9922
vn -0.0162 0.1220 -0.9924
vn -0.9237 -0.3826 0.0218
vn 0.0133 -0.0173 0.9998
vn -0.9304 -0.3644 -0.0400
vn -0.0082 0.9921 -0.1248
vn -0.8862 -0.4168 -0.2023
vn -0.0594 -0.1178 0.9913
vn -0.0390 0.1972 0.9796
vn -0.0401 0.1919 0.9806
vn -0.2829 -0.1173 -0.9519
vn -0.7288 -0.2103 0.6516
vn 0.4020 -0.9116 -0.0857
vn 0.9012 0.4033 0.1589
vn -0.3992 0.9140 0.0722
vn -0.9304 0.3644 -0.0400
vn -0.0082 -0.9921 -0.1248
vn 0.3356 0.9058 0.2586
vn -0.4803 0.8409 0.2494
vn 0.5493 0.0428 0.8345
vn -0.3447 -0.3603 -0.8668
vn 0.0712 0.6218 0.7799
vn 0.0493 0.5730 0.8180
vn -0.9807 0.1738 -0.0891
vn -0.5824 -0.6676 0.4637
vn -0.0112 -0.3997 0.9166
vn 0.0795 -0.5887 0.8044
vn 0.4483 0.1930 -0.8728
vn 0.7267 -0.2408 -0.6434
vn -0.9012 -0.4033 0.1589
vn 0.3992 -0.9140 0.0722
vn 0.6874 0.7109 -0.1485
vn 0.9304 -0.3644 -0.0400
vn 0.0082 0.9921 -0.1248
vn -0.8755 0.4152 0.2473
vn -0.3356 -0.9058 0.2586
vn 0.8699 -0.4200 -0.2588
vn 0.0774 0.0997 0.9920
vn -0.7371 -0.1834 -0.6504
vn -0.6271 -0.0492 0.7773
vn -0.6475 0.0145 0.7619
vn -0.6459 0.0163 0.7632
vn 0.6874 -0.7109 -0.1485
vn 0.9304 0.3644 -0.0400
vn 0.0082 -0.9921 -0.1248
vn -0.2393 0.8648 0.4414
vn -0.8612 -0.4298 0.2713
vn -0.0421 -0.5179 0.8544
vn -0.2592 0.7480 -0.6109
vn -0.4687 0.4155 -0.7795
vn 0.8744 0.4001 -0.2744
vn -0.2631 0.0479 -0.9636
vn -0.9698 -0.2227 -0.0993
vn -0.6135 -0.6116 0.4996
vn -0.7237 -0.2515 0.6426
vn -0.0224 -0.3318 0.9431
vn -0.0588 -0.1204 0.9910
vn 0.7297 0.1979 -0.6544
vn -0.6158 0.0119 0.7878
vn -0.8347 -0.0103 -0.5506
vn 0.2774 0.5075 -0.8158
vn 0.9377 0.2512 0.2401
vn -0.3992 -0.9140 -0.0722
vn -0.9304 -0.3644 0.0400
vn -0.0082 0.9921 0.1248
vn 0.3355 -0.9058 -0.2587
vn -0.8862 -0.4168 0.2022
vn -0.0390 0.1972 -0.9796
vn -0.0401 0.1920 -0.9806
vn -0.2829 -0.1173 0.9519
vn 0.6101 -0.0081 -0.7923
vn -0.5678 -0.1085 0.8159
vn -0.9304 0.3644 0.0400
vn -0.0082 -0.9921 0.1248
vn 0.8695 -0.4216 -0.2572
vn -0.3447 -0.3604 0.8668
vn -0.9808 0.1738 0.0890
vn -0.5824 -0.6676 -0.4639
vn 0.4482 0.1930 0.8728
vn 0.6874 0.7109 0.1485
vn 0.9304 -0.3644 0.0400
vn 0.0082 0.9921 0.1248
vn 0.0473 -0.1627 -0.9855
vn 0.0774 0.0997 -0.9920
vn -0.6271 -0.0492 -0.7773
vn -0.6474 0.0145 -0.7620
vn 0.2785 0.0974 0.9555
vn -0.9779 0.1873 -0.0926
vn 0.3992 0.9140 -0.0722
vn 0.6874 -0.7109 0.1485
vn 0.9304 0.3644 0.0400
vn 0.0082 -0.9921 0.1248
vn 0.8744 0.4001 0.2745
vn -0.0421 -0.5179 -0.8544
vn 0.5721 -0.7168 -0.3986
vn 0.4874 -0.8278 -0.2777
vn 0.3246 0.3123 0.8928
vn 0.5389 -0.0861 0.8379
vn -0.4804 0.8409 -0.2494
vn -0.2630 0.0479 0.9636
vn -0.9698 -0.2227 0.0993
vn -0.7234 -0.2517 -0.6429
vn -0.6136 -0.6116 -0.4995
vn -0.0588 -0.1203 -0.9910
vn -0.0225 -0.3319 -0.9431
vn -0.3306 0.6039 0.7253
vn 0.6530 -0.0032 0.7573
vn -0.0195 -0.4396 -0.8980
vn 0.3158 0.2861 0.9047
vn 0.2775 0.5075 0.8157
vn -0.9974 0.0715 -0.0071
vn -0.9951 0.0987 -0.0098
vn -0.9976 0.0694 -0.0069
vn 0.9951 0.0987 -0.0098
vn 0.9974 0.0715 -0.0071
vn 0.9976 0.0694 -0.0069
vn 0.9992 0.0400 -0.0040
vn -0.0000 -0.0041 -1.0000
vn -0.0000 -0.0089 -1.0000
vn -0.9992 0.0400 -0.0040
vn -0.0000 0.0003 -1.0000
vn 0.7029 0.0395 -0.7102
vn 0.7012 0.0585 -0.7105
vn 0.7012 0.0589 -0.7105
vn -0.7012 0.0585 -0.7105
vn -0.7029 0.0395 -0.7102
vn -0.7012 0.0589 -0.7105
vn -0.6993 0.0782 -0.7105
vn -0.7013 0.0589 -0.7104
vn 0.6993 0.0782 -0.7105
vn 0.7011 0.0585 -0.7106
vn -0.9974 0.0710 -0.0071
vn 0.9974 0.0710 -0.0071
vn -0.0000 0.1870 0.9824
vn -0.0000 0.1757 0.9844
vn -0.0000 0.1972 0.9804
vn 0.6578 0.1619 0.7356
vn 0.6790 0.1891 0.7093
vn -0.6578 0.1619 0.7356
vn -0.6790 0.1891 0.7093
vn -0.6792 0.1894 0.7091
vn -0.6993 0.2165 0.6812
vn 0.6993 0.2165 0.6812
vn -0.0000 -0.5556 -0.8315
vn 0.0715 0.9974 -0.0070
vn 0.0988 0.9951 -0.0096
vn 0.0694 0.9976 -0.0068
vn 0.0988 -0.9951 -0.0096
vn 0.0715 -0.9974 -0.0070
vn 0.0694 -0.9976 -0.0068
vn 0.0400 -0.9992 -0.0039
vn -0.0017 -0.0000 -1.0000
vn -0.0070 -0.0000 -1.0000
vn -0.0021 -0.0000 -1.0000
vn 0.0400 0.9992 -0.0039
vn 0.0022 -0.0000 -1.0000
vn 0.0409 -0.7028 -0.7102
vn 0.0599 -0.7012 -0.7104
vn 0.0603 -0.7012 -0.7104
vn 0.0599 0.7012 -0.7104
vn 0.0409 0.7028 -0.7102
vn 0.0603 0.7012 -0.7104
vn 0.0796 0.6993 -0.7104
vn 0.0603 0.7013 -0.7103
vn 0.0795 -0.6993 -0.7104
vn 0.0710 0.9974 -0.0069
vn 0.0710 -0.9974 -0.0069
vn 0.1842 -0.0000 0.9829
vn 0.1719 -0.0000 0.9851
vn 0.1953 -0.0000 0.9808
vn 0.1595 -0.6605 0.7337
vn 0.1873 -0.6804 0.7085
vn 0.1595 0.6605 0.7337
vn 0.1873 0.6804 0.7085
vn 0.1875 0.6805 0.7083
vn 0.2152 0.6993 0.6816
vn 0.2152 -0.6993 0.6817
vn 0.8315 -0.0000 -0.5555
vn -0.5556 -0.0000 -0.8315
vn 0.9974 -0.0716 -0.0062
vn 0.9951 -0.0988 -0.0086
vn 0.9976 -0.0695 -0.0061
vn -0.9951 -0.0988 -0.0086
vn -0.9974 -0.0716 -0.0062
vn -0.9976 -0.0695 -0.0061
vn -0.9992 -0.0400 -0.0035
vn -0.0000 -0.0080 -1.0000
vn -0.0000 -0.0032 -1.0000
vn -0.0000 -0.0081 -1.0000
vn 0.9992 -0.0400 -0.0035
vn -0.0000 -0.0124 -0.9999
vn -0.7029 -0.0481 -0.7097
vn -0.7012 -0.0671 -0.7098
vn -0.7012 -0.0675 -0.7098
vn 0.7012 -0.0671 -0.7098
vn 0.7029 -0.0481 -0.7097
vn 0.7012 -0.0674 -0.7098
vn 0.6993 -0.0868 -0.7095
vn 0.7013 -0.0675 -0.7096
vn -0.6993 -0.0868 -0.7095
vn -0.7011 -0.0671 -0.7099
vn 0.9974 -0.0711 -0.0062
vn -0.9974 -0.0711 -0.0062
vn -0.0000 -0.1637 0.9865
vn -0.0000 -0.1853 0.9827
vn -0.6578 -0.1529 0.7375
vn -0.6790 -0.1805 0.7116
vn 0.6578 -0.1529 0.7375
vn 0.6790 -0.1805 0.7116
vn 0.6792 -0.1808 0.7113
vn 0.6993 -0.2082 0.6838
vn -0.6993 -0.2082 0.6838
vn -0.0000 0.5556 -0.8315
vn -0.0716 -0.9974 -0.0062
vn -0.0989 -0.9951 -0.0085
vn -0.0695 -0.9976 -0.0060
vn -0.0989 0.9951 -0.0085
vn -0.0716 0.9974 -0.0062
vn -0.0695 0.9976 -0.0060
vn -0.0400 0.9992 -0.0035
vn -0.0089 -0.0000 -1.0000
vn -0.0040 -0.0000 -1.0000
vn -0.0088 -0.0000 -1.0000
vn -0.0400 -0.9992 -0.0035
vn -0.0132 -0.0000 -0.9999
vn -0.0487 0.7028 -0.7097
vn -0.0676 0.7013 -0.7097
vn -0.0681 0.7012 -0.7097
vn -0.0678 -0.7012 -0.7097
vn -0.0487 -0.7029 -0.7097
vn -0.0680 -0.7012 -0.7097
vn -0.0873 -0.6993 -0.7095
vn -0.0681 -0.7013 -0.7096
vn -0.0873 0.6993 -0.7095
vn -0.0711 -0.9974 -0.0061
vn -0.0711 0.9974 -0.0061
vn -0.1735 -0.0000 0.9848
vn -0.1611 -0.0000 0.9869
vn -0.1845 -0.0000 0.9828
vn -0.1514 0.6605 0.7354
vn -0.1795 0.6804 0.7105
vn -0.1514 -0.6605 0.7354
vn -0.1795 -0.6804 0.7105
vn -0.1797 -0.6805 0.7104
vn -0.2077 -0.6993 0.6840
vn -0.2077 0.6993 0.6840
vn 0.5556 -0.0000 -0.8315
vn 0.8315 -0.0000 0.5556
vn -0.7513 0.6353 0.1789
vn 0.3769 -0.9098 -0.1737
vn 0.6584 0.7525 0.0153
vn 0.0712 0.0595 -0.9957
vn 0.1326 -0.9911 -0.0122
vn -0.2196 0.5294 0.8195
vn 0.1995 -0.0239 0.9796
vn -0.1660 -0.0664 -0.9839
vn -0.1122 -0.1563 -0.9813
vn -0.9236 -0.3826 0.0218
vn 0.5833 -0.7976 0.1538
vn -0.1384 -0.1016 -0.9852
vn -0.1583 0.9874 -0.0026
vn 0.9242 -0.3818 -0.0025
vn -0.7924 -0.6099 -0.0114
vn 0.5767 -0.3774 -0.7246
vn -0.1295 0.5525 -0.8234
vn 0.9764 -0.1285 0.1737
vn -0.9764 0.1285 -0.1737
vn 0.9096 0.3779 0.1728
vn -0.1329 -0.9910 0.0139
vn 0.6426 -0.6174 -0.4537
vn -0.0822 -0.7447 -0.6623
vn 0.0986 0.9802 0.1715
vn 0.2169 0.0557 0.9746
vn 0.9113 -0.3976 -0.1066
vn -0.3988 -0.9143 -0.0707
vn -0.9064 0.3984 0.1401
vn 0.9300 0.3657 -0.0369
vn 0.3731 -0.9254 -0.0668
vn -0.9312 -0.3617 0.0457
vn -0.6090 0.0025 0.7931
vn 0.9840 0.1607 -0.0763
vn 0.3356 0.9058 -0.2587
vn 0.8764 0.4106 -0.2516
vn 0.7300 0.1978 0.6543
vn -0.3356 -0.9058 -0.2587
vn -0.8764 -0.4106 -0.2516
vn 0.9748 -0.1999 0.0990
vn -0.7283 0.2247 0.6474
vn -0.9113 0.3976 -0.1066
vn 0.3988 0.9143 -0.0707
vn 0.9064 -0.3984 0.1401
vn -0.9300 -0.3657 -0.0369
vn -0.3731 0.9254 -0.0668
vn 0.9312 0.3617 0.0457
vn -0.8665 -0.4236 -0.2639
vn 0.6137 -0.2077 0.7617
vn -0.6513 0.5441 -0.5289
vn 0.8764 -0.4107 0.2516
vn 0.9113 0.3976 0.1066
vn -0.3988 0.9143 0.0707
vn -0.9064 -0.3984 -0.1401
vn 0.9300 -0.3657 0.0369
vn 0.3731 0.9254 0.0668
vn -0.9312 0.3617 -0.0457
vn -0.7454 0.5366 -0.3956
vn -0.5608 -0.0558 -0.8261
vn 0.8514 0.4800 0.2117
vn -0.9113 -0.3976 0.1066
vn 0.3988 -0.9143 0.0707
vn 0.9064 0.3984 -0.1401
vn -0.9300 0.3657 0.0369
vn -0.3731 -0.9254 0.0668
vn 0.9312 -0.3617 -0.0457
vn 0.9748 -0.1999 -0.0990
vn -0.7282 0.2247 -0.6474
vn -0.8764 0.4107 0.2516
vn 0.7534 -0.5325 -0.3859
vn 0.5705 0.0545 -0.8195
vn 0.7012 0.0589 0.7105
vn 0.0603 -0.7012 0.7104
vn -0.7012 -0.0675 0.7098
vn -0.0000 -0.1751 -0.9845
vn -0.0487 0.7029 0.7097
vn -0.0681 0.7012 0.7097
vn 0.8491 0.4957 0.1823
vn 0.1330 -0.1009 0.9860
vn -0.2479 -0.9528 0.1751
vn -0.0858 -0.1491 -0.9851
vn 0.2547 -0.9505 0.1781
vn -0.0840 0.3159 0.9451
vn 0.0503 -0.1601 -0.9858
vn 0.3366 0.0888 0.9375
vn 0.9483 0.2542 -0.1901
vn -0.2479 0.9528 -0.1751
vn -0.0858 0.1491 0.9851
vn -0.0840 -0.3159 -0.9451
vn 0.0503 0.1601 0.9858
vn 0.3366 -0.0888 -0.9374
vn 0.9483 -0.2542 0.1901
vn 0.8491 -0.4957 -0.1823
vn 0.1329 0.1009 -0.9860
vn 0.7513 -0.6353 0.1789
vn -0.3769 0.9098 -0.1737
vn -0.6584 -0.7526 0.0153
vn -0.1322 0.9912 -0.0121
vn 0.2196 -0.5294 0.8195
vn 0.3769 -0.9098 0.1737
vn -0.1995 0.0239 0.9796
vn 0.1660 0.0664 -0.9839
vn 0.9236 0.3826 0.0218
vn -0.3806 0.9247 -0.0036
vn -0.5833 0.7976 0.1538
vn 0.6030 -0.0618 0.7953
vn 0.1583 -0.9874 -0.0026
vn -0.9243 0.3817 -0.0025
vn 0.7921 0.6103 -0.0115
vn -0.6712 -0.3803 -0.6363
vn -0.5766 0.3774 -0.7246
vn 0.1325 -0.5520 -0.8233
vn -0.9764 0.1285 0.1737
vn 0.9764 -0.1285 -0.1737
vn -0.9096 -0.3779 0.1726
vn 0.1326 0.9911 0.0139
vn 0.0822 0.7447 -0.6623
vn -0.3311 0.4023 -0.8535
vn 0.0986 0.9802 -0.1715
vn 0.3356 -0.9058 0.2586
vn 0.8764 -0.4106 0.2516
vn -0.7283 0.2246 -0.6474
vn -0.8764 0.4106 0.2516
vn -0.6091 0.0025 0.7931
vn 0.7300 0.1977 0.6542
vn 0.6792 0.1894 0.7091
vn 0.0795 0.6993 -0.7104
vn 0.0796 -0.6993 -0.7104
vn 0.1875 -0.6805 0.7083
vn -0.6792 -0.1808 0.7113
vn -0.0676 -0.7012 -0.7097
vn -0.0487 -0.7028 -0.7097
vn -0.1797 0.6805 0.7104
vt 0.622627 0.357824
vt 0.577017 0.642344
vt 0.577017 0.357824
vt 0.674960 0.357824
vt 0.629349 0.642344
vt 0.629349 0.357824
vt 0.727293 0.357824
vt 0.681682 0.642344
vt 0.681682 0.357824
vt 0.892109 0.647333
vt 0.890669 0.654485
vt 0.885176 0.648659
vt 0.936728 0.648964
vt 0.943907 0.650345
vt 0.938010 0.655911
vt 0.938414 0.597182
vt 0.943907 0.603008
vt 0.936975 0.604334
vt 0.885176 0.601322
vt 0.891073 0.595756
vt 0.892356 0.602703
vt 0.622627 0.642344
vt 0.779625 0.357824
vt 0.786348 0.642344
vt 0.779626 0.642344
vt 0.734015 0.642344
vt 0.727293 0.642344
vt 0.577017 0.642344
vt 0.577017 0.357824
vt 0.892109 0.647333
vt 0.885176 0.648659
vt 0.885176 0.601322
vt 0.892356 0.602703
vt 0.779625 0.357824
vt 0.629901 0.265210
vt 0.608711 0.292244
vt 0.607931 0.232013
vt 0.633585 0.233281
vt 0.727384 0.180749
vt 0.722222 0.243173
vt 0.639268 0.056627
vt 0.623676 0.032091
vt 0.722556 0.026151
vt 0.626957 0.119466
vt 0.612456 0.175507
vt 0.615810 0.119831
vt 0.284554 0.449719
vt 0.385054 0.391463
vt 0.380371 0.454592
vt 0.378239 0.518406
vt 0.283300 0.518093
vt 0.378483 0.503264
vt 0.285650 0.585726
vt 0.379004 0.581240
vt 0.362271 0.628389
vt 0.380553 0.651786
vt 0.288719 0.648711
vt 0.480212 0.579934
vt 0.492713 0.519005
vt 0.494209 0.577352
vt 0.380880 0.627691
vt 0.462829 0.581454
vt 0.471097 0.505168
vt 0.498975 0.461848
vt 0.465018 0.398091
vt 0.387456 0.366823
vt 0.485122 0.374437
vt 0.728022 0.115850
vt 0.804838 0.045206
vt 0.813648 0.115121
vt 0.824209 0.186121
vt 0.726882 0.153244
vt 0.817247 0.255935
vt 0.711907 0.304451
vt 0.804713 0.324660
vt 0.678751 0.931784
vt 0.724377 0.899528
vt 0.725923 0.928195
vt 0.677077 0.872345
vt 0.677454 0.901126
vt 0.677592 0.843593
vt 0.723886 0.872337
vt 0.678962 0.813005
vt 0.724327 0.845212
vt 0.847303 0.883797
vt 0.816868 0.838404
vt 0.846665 0.837721
vt 0.876073 0.883446
vt 0.876386 0.837603
vt 0.904842 0.883968
vt 0.905978 0.837846
vt 0.929466 0.838564
vt 0.927852 0.885050
vt 0.903108 0.930780
vt 0.924569 0.932049
vt 0.875921 0.930299
vt 0.848718 0.930630
vt 0.816637 0.884984
vt 0.640938 0.811560
vt 0.637126 0.842719
vt 0.631263 0.872254
vt 0.631470 0.901913
vt 0.632229 0.931677
vt 0.290160 0.381141
vt 0.682158 0.135004
vt 0.286114 0.594400
vt 0.427783 0.484134
vt 0.472352 0.459654
vt 0.656064 0.290630
vt 0.802723 0.019544
vt 0.706025 0.328454
vt 0.276665 0.914407
vt 0.211996 0.930525
vt 0.211899 0.906178
vt 0.474442 0.626999
vt 0.636171 0.177011
vt 0.962768 0.052582
vt 0.993997 0.111231
vt 0.970403 0.117258
vt 0.152794 0.938418
vt 0.146374 0.914928
vt 0.473453 0.592809
vt 0.501843 0.624285
vt 0.619661 0.059345
vt 0.608512 0.060721
vt 0.478835 0.420122
vt 0.494704 0.400156
vt 0.502337 0.399426
vt 0.478919 0.517473
vt 0.461956 0.517310
vt 0.646315 0.118505
vt 0.724282 0.051412
vt 0.289108 0.639810
vt 0.985056 0.005494
vt 0.993810 0.006764
vt 0.987113 0.052905
vt 0.620627 0.290864
vt 0.616792 0.301847
vt 0.174669 0.962671
vt 0.198945 0.953525
vt 0.199302 0.988072
vt 0.168547 0.955811
vt 0.155386 0.988072
vt 0.149833 0.984442
vt 0.198639 0.942837
vt 0.225193 0.959778
vt 0.249813 0.982622
vt 0.229072 0.954820
vt 0.933334 0.272157
vt 0.949820 0.293117
vt 0.946673 0.296220
vt 0.933893 0.242621
vt 0.965630 0.219104
vt 0.945964 0.246361
vt 0.783593 0.948052
vt 0.807174 0.960731
vt 0.797422 0.969308
vt 0.861903 0.976581
vt 0.871044 0.940451
vt 0.882078 0.948332
vt 0.832271 0.986847
vt 0.853678 0.966232
vt 0.816741 0.969164
vt 0.832851 0.941463
vt 0.731465 0.936759
vt 0.730773 0.950276
vt 0.703745 0.951213
vt 0.761522 0.947061
vt 0.732675 0.949728
vt 0.771183 0.983600
vt 0.754584 0.956440
vt 0.962159 0.251997
vt 0.937166 0.271256
vt 0.967222 0.263707
vt 0.971175 0.269227
vt 0.809614 0.980561
vt 0.832259 0.975799
vt 0.731307 0.980513
vt 0.682523 0.974849
vt 0.694074 0.983586
vt 0.243625 0.987059
vt 0.979695 0.279426
vt 0.980604 0.299122
vt 0.796273 0.940451
vt 0.974165 0.311820
vt 0.222936 0.106352
vt 0.200690 0.210169
vt 0.158402 0.161199
vt 0.235327 0.096706
vt 0.284456 0.132310
vt 0.274463 0.142363
vt 0.301177 0.177933
vt 0.327962 0.169438
vt 0.245603 0.256334
vt 0.338698 0.209572
vt 0.281178 0.290658
vt 0.194852 0.009679
vt 0.201538 0.006663
vt 0.216965 0.040873
vt 0.212222 0.390098
vt 0.198203 0.488583
vt 0.156478 0.441023
vt 0.162756 0.369265
vt 0.077681 0.361562
vt 0.112482 0.395066
vt 0.045876 0.457536
vt 0.045547 0.508739
vt 0.024894 0.468540
vt 0.138048 0.538127
vt 0.095599 0.554034
vt 0.097000 0.525972
vt 0.178682 0.325035
vt 0.143559 0.284872
vt 0.087568 0.218923
vt 0.048101 0.161951
vt 0.074327 0.134916
vt 0.025471 0.437976
vt 0.006094 0.420913
vt 0.022970 0.417615
vt 0.875950 0.250227
vt 0.920574 0.281470
vt 0.873479 0.278818
vt 0.878913 0.221629
vt 0.922541 0.254227
vt 0.882696 0.193162
vt 0.925314 0.227123
vt 0.931545 0.185558
vt 0.928941 0.200213
vt 0.919958 0.299296
vt 0.872182 0.303680
vt 0.300052 0.005043
vt 0.335028 0.036123
vt 0.300177 0.035679
vt 0.299576 0.064432
vt 0.345460 0.065932
vt 0.298542 0.087544
vt 0.347123 0.088005
vt 0.255602 0.035488
vt 0.252813 0.006812
vt 0.837264 0.186776
vt 0.886339 0.170175
vt 0.836768 0.209067
vt 0.833013 0.246076
vt 0.830367 0.275523
vt 0.839503 0.305824
vt 0.259041 0.084864
vt 0.311855 0.188935
vt 0.058526 0.345678
vt 0.124117 0.268612
vt 0.029214 0.151564
vt 0.019166 0.196172
vt 0.006413 0.159491
vt 0.301624 0.305025
vt 0.233592 0.403867
vt 0.354066 0.188282
vt 0.026398 0.122961
vt 0.024688 0.084879
vt 0.040811 0.099999
vt 0.100576 0.492845
vt 0.257341 0.443458
vt 0.213765 0.509355
vt 0.078583 0.049707
vt 0.090549 0.072045
vt 0.005035 0.005047
vt 0.066904 0.029189
vt 0.005035 0.029186
vt 0.060430 0.380346
vt 0.028952 0.333724
vt 0.023417 0.254420
vt 0.047749 0.256162
vt 0.009973 0.407864
vt 0.192365 0.048937
vt 0.195278 0.054049
vt 0.120260 0.111672
vt 0.043010 0.191246
vt 0.219592 0.087754
vt 0.142790 0.558448
vt 0.310494 0.140336
vt 0.313173 0.113353
vt 0.337491 0.130159
vt 0.337491 0.100760
vt 0.169798 0.017001
vt 0.108223 0.061935
vt 0.167008 0.010522
vt 0.041990 0.452318
vt 0.359149 0.898495
vt 0.340401 0.919411
vt 0.332813 0.908347
vt 0.389616 0.912794
vt 0.359035 0.912999
vt 0.395187 0.948205
vt 0.381056 0.921364
vt 0.356673 0.944085
vt 0.944622 0.963377
vt 0.934556 0.934874
vt 0.936275 0.934878
vt 0.534386 0.889517
vt 0.560166 0.898569
vt 0.546441 0.907019
vt 0.589530 0.878468
vt 0.558853 0.878987
vt 0.558855 0.871979
vt 0.528181 0.878455
vt 0.513726 0.910561
vt 0.504759 0.901411
vt 0.617612 0.898047
vt 0.586478 0.885715
vt 0.954772 0.954870
vt 0.954962 0.914628
vt 0.974711 0.934746
vt 0.977006 0.981538
vt 0.984425 0.966889
vt 0.976900 0.887926
vt 0.944890 0.906173
vt 0.984425 0.902576
vt 0.332134 0.926627
vt 0.322304 0.917549
vt 0.306659 0.939991
vt 0.318404 0.948178
vt 0.538638 0.916418
vt 0.098939 0.127639
vt 0.573291 0.142979
vt 0.485838 0.189814
vt 0.482503 0.141227
vt 0.572677 0.080293
vt 0.482786 0.078740
vt 0.510190 0.031474
vt 0.483876 0.005046
vt 0.580819 0.014246
vt 0.571912 0.207981
vt 0.477940 0.267103
vt 0.388217 0.139953
vt 0.374810 0.199539
vt 0.374945 0.140737
vt 0.368798 0.083204
vt 0.382129 0.080675
vt 0.482793 0.031020
vt 0.398942 0.078873
vt 0.382270 0.031866
vt 0.405814 0.201620
vt 0.389023 0.261403
vt 0.567385 0.273839
vt 0.567739 0.308380
vt 0.542408 0.338075
vt 0.871403 0.087041
vt 0.825383 0.058054
vt 0.871423 0.058329
vt 0.825902 0.028340
vt 0.872236 0.029619
vt 0.826716 0.005230
vt 0.873458 0.007078
vt 0.826213 0.117355
vt 0.825516 0.087696
vt 0.917610 0.113422
vt 0.913798 0.086207
vt 0.919017 0.031741
vt 0.920483 0.010769
vt 0.915832 0.058830
vt 0.841276 0.148065
vt 0.826956 0.134937
vt 0.599402 0.208976
vt 0.594811 0.276230
vt 0.590176 0.317711
vt 0.598972 0.142820
vt 0.565124 0.353830
vt 0.468030 0.355008
vt 0.472165 0.329684
vt 0.914813 0.142682
vt 0.874246 0.146378
vt 0.872437 0.115824
vt 0.404839 0.139887
vt 0.385138 0.287773
vt 0.356074 0.302984
vt 0.365187 0.257527
vt 0.356378 0.038914
vt 0.415408 0.320103
vt 0.389767 0.335405
vt 0.379656 0.313658
vt 0.394581 0.325539
vt 0.388382 0.200694
vt 0.952817 0.393723
vt 0.956744 0.366961
vt 0.993292 0.386610
vt 0.952024 0.365028
vt 0.948470 0.394488
vt 0.990620 0.438634
vt 0.965625 0.417458
vt 0.993292 0.434281
vt 0.972938 0.337727
vt 0.961877 0.420991
vt 0.273137 0.497059
vt 0.273137 0.539994
vt 0.240388 0.505132
vt 0.223666 0.532399
vt 0.241597 0.559371
vt 0.230709 0.564642
vt 0.252229 0.592476
vt 0.263687 0.582913
vt 0.236962 0.533748
vt 0.977516 0.341334
vt 0.238735 0.503688
vt 0.265165 0.484901
vt 0.860430 0.343511
vt 0.855670 0.318085
vt 0.858200 0.314794
vt 0.094172 0.680502
vt 0.119276 0.633016
vt 0.135062 0.682386
vt 0.160144 0.591913
vt 0.207205 0.685138
vt 0.156753 0.683986
vt 0.204349 0.724444
vt 0.179478 0.759636
vt 0.153231 0.758927
vt 0.030052 0.692025
vt 0.007177 0.773593
vt 0.005049 0.675461
vt 0.903885 0.370906
vt 0.903513 0.342093
vt 0.903560 0.395217
vt 0.857064 0.370799
vt 0.941209 0.370601
vt 0.944591 0.340954
vt 0.902808 0.311454
vt 0.948359 0.311454
vt 0.209214 0.587539
vt 0.158483 0.567079
vt 0.206470 0.561936
vt 0.098145 0.625749
vt 0.043802 0.587116
vt 0.099540 0.594516
vt 0.088848 0.762381
vt 0.153627 0.784990
vt 0.089535 0.787202
vt 0.197137 0.787687
vt 0.135460 0.592212
vt 0.100698 0.569130
vt 0.031465 0.676839
vt 0.232498 0.687236
vt 0.932963 0.395398
vt 0.078818 0.763485
vt 0.091203 0.724944
vt 0.223199 0.747373
vt 0.210427 0.743128
vt 0.202991 0.757078
vt 0.023623 0.773235
vt 0.025110 0.789672
vt 0.967948 0.634713
vt 0.994941 0.615129
vt 0.994493 0.658466
vt 0.960423 0.629313
vt 0.959653 0.659756
vt 0.951495 0.660589
vt 0.963783 0.687964
vt 0.994940 0.699073
vt 0.990430 0.705809
vt 0.969337 0.682853
vt 0.932868 0.793939
vt 0.946196 0.825103
vt 0.912466 0.812210
vt 0.941516 0.782600
vt 0.882550 0.788700
vt 0.910987 0.785782
vt 0.890989 0.795950
vt 0.868395 0.819607
vt 0.882572 0.825162
vt 0.908883 0.773478
vt 0.263205 0.153092
vt 0.247312 0.088628
vt 0.021106 0.576944
vt 0.039186 0.593493
vt 0.017556 0.585570
vt 0.572344 0.916365
vt 0.560004 0.914359
vt 0.608652 0.909844
vt 0.577193 0.901338
vt 0.978419 0.251537
vt 0.974137 0.239075
vt 0.573486 0.067909
vt 0.578933 0.031212
vt 0.596231 0.030302
vt 0.597236 0.079597
vt 0.961353 0.529867
vt 0.918244 0.586049
vt 0.891143 0.520625
vt 0.046256 0.893187
vt 0.018225 0.892287
vt 0.040373 0.883043
vt 0.618527 0.956808
vt 0.633268 0.942252
vt 0.628944 0.959131
vt 0.524141 0.965710
vt 0.528813 0.945528
vt 0.534186 0.962102
vt 0.086220 0.945271
vt 0.075552 0.963029
vt 0.075552 0.945606
vt 0.639195 0.962102
vt 0.540113 0.942252
vt 0.544437 0.959131
vt 0.063793 0.962660
vt 0.064884 0.945271
vt 0.644568 0.945528
vt 0.649240 0.965710
vt 0.554854 0.956808
vt 0.052079 0.961556
vt 0.054258 0.944269
vt 0.138102 0.933700
vt 0.133430 0.953883
vt 0.128057 0.937308
vt 0.551596 0.939691
vt 0.565397 0.955142
vt 0.040458 0.959719
vt 0.043716 0.942603
vt 0.117806 0.940279
vt 0.563217 0.937855
vt 0.576023 0.954139
vt 0.586690 0.936381
vt 0.597358 0.954139
vt 0.586690 0.953805
vt 0.028975 0.957158
vt 0.033299 0.940279
vt 0.110646 0.959719
vt 0.107389 0.942603
vt 0.574931 0.936750
vt 0.598450 0.936750
vt 0.607984 0.955142
vt 0.017675 0.953883
vt 0.023048 0.937308
vt 0.099025 0.961556
vt 0.096846 0.944269
vt 0.610163 0.937855
vt 0.013003 0.933700
vt 0.087312 0.962660
vt 0.117628 0.893101
vt 0.123929 0.920344
vt 0.109328 0.901383
vt 0.107647 0.801593
vt 0.109256 0.829988
vt 0.098841 0.824140
vt 0.013521 0.874874
vt 0.037329 0.871722
vt 0.108387 0.929366
vt 0.099165 0.907250
vt 0.128457 0.830317
vt 0.126686 0.812990
vt 0.037295 0.860015
vt 0.091027 0.934061
vt 0.087829 0.910298
vt 0.117776 0.838398
vt 0.128857 0.846511
vt 0.123638 0.848640
vt 0.558386 0.554554
vt 0.542411 0.536695
vt 0.558386 0.536695
vt 0.073039 0.934105
vt 0.076090 0.910316
vt 0.150035 0.857235
vt 0.126629 0.860000
vt 0.021861 0.841093
vt 0.040318 0.848714
vt 0.055649 0.929496
vt 0.064746 0.907302
vt 0.150035 0.874888
vt 0.126575 0.871693
vt 0.040041 0.920546
vt 0.054571 0.901461
vt 0.145479 0.892098
vt 0.123507 0.882975
vt 0.039495 0.811454
vt 0.064335 0.824372
vt 0.054250 0.830290
vt 0.072285 0.797519
vt 0.087392 0.821177
vt 0.075634 0.821261
vt 0.027276 0.907859
vt 0.136582 0.907621
vt 0.054988 0.802326
vt 0.090223 0.797293
vt 0.512653 0.518836
vt 0.532331 0.536695
vt 0.512653 0.536695
vt 0.512653 0.393822
vt 0.532330 0.411681
vt 0.512653 0.411681
vt 0.562088 0.518835
vt 0.542411 0.500976
vt 0.562088 0.500976
vt 0.562088 0.483117
vt 0.542411 0.465258
vt 0.562088 0.465258
vt 0.532331 0.554554
vt 0.512653 0.554554
vt 0.532330 0.429540
vt 0.512653 0.429540
vt 0.542411 0.483117
vt 0.542411 0.447399
vt 0.562088 0.447399
vt 0.532331 0.572413
vt 0.512653 0.572413
vt 0.532330 0.447399
vt 0.512653 0.447399
vt 0.562088 0.429540
vt 0.542411 0.429540
vt 0.532331 0.590272
vt 0.512653 0.590272
vt 0.532330 0.465258
vt 0.512653 0.465258
vt 0.554807 0.423585
vt 0.542411 0.411681
vt 0.562088 0.590272
vt 0.542411 0.572413
vt 0.562088 0.572413
vt 0.532330 0.483117
vt 0.512653 0.483117
vt 0.562088 0.393822
vt 0.542411 0.393822
vt 0.046065 0.838593
vt 0.532330 0.500976
vt 0.512653 0.500976
vt 0.542411 0.375962
vt 0.562088 0.375962
vt 0.542411 0.518835
vt 0.532330 0.518836
vt 0.512653 0.375963
vt 0.532330 0.393822
vt 0.030158 0.826536
vt 0.916979 0.434968
vt 0.889998 0.412521
vt 0.925138 0.428383
vt 0.738534 0.928039
vt 0.774314 0.908774
vt 0.771242 0.937655
vt 0.803356 0.909009
vt 0.774314 0.880069
vt 0.803356 0.879834
vt 0.890152 0.483218
vt 0.927227 0.461825
vt 0.923464 0.490820
vt 0.742832 0.883079
vt 0.933247 0.432160
vt 0.954612 0.430843
vt 0.956411 0.460026
vt 0.738534 0.860805
vt 0.846767 0.672860
vt 0.853269 0.650844
vt 0.857845 0.670622
vt 0.868481 0.667762
vt 0.873317 0.643741
vt 0.879137 0.664820
vt 0.801603 0.665311
vt 0.818761 0.649204
vt 0.812258 0.669361
vt 0.823545 0.672396
vt 0.835653 0.654100
vt 0.835211 0.673619
vt 0.862971 0.646824
vt 0.791433 0.661221
vt 0.809552 0.644439
vt 0.827255 0.652651
vt 0.844267 0.653466
vt 0.852957 0.641725
vt 0.863456 0.642884
vt 0.800877 0.640418
vt 0.811177 0.642533
vt 0.820799 0.642678
vt 0.829064 0.642174
vt 0.836623 0.641674
vt 0.844266 0.641313
vt 0.874219 0.643012
vt 0.808861 0.527080
vt 0.796612 0.543384
vt 0.797532 0.526300
vt 0.840854 0.525339
vt 0.829954 0.547469
vt 0.831875 0.525936
vt 0.863424 0.605439
vt 0.872555 0.564931
vt 0.873164 0.605019
vt 0.820881 0.526926
vt 0.807308 0.543301
vt 0.858904 0.472458
vt 0.848394 0.512853
vt 0.849543 0.468166
vt 0.854238 0.605279
vt 0.847396 0.562901
vt 0.855372 0.561742
vt 0.836713 0.603631
vt 0.829578 0.567507
vt 0.839059 0.565312
vt 0.863574 0.526966
vt 0.855968 0.548236
vt 0.855644 0.526256
vt 0.853928 0.423907
vt 0.849220 0.403326
vt 0.859399 0.406054
vt 0.872097 0.432272
vt 0.869110 0.409427
vt 0.878916 0.412874
vt 0.823680 0.424905
vt 0.806975 0.410333
vt 0.816985 0.406214
vt 0.838468 0.420030
vt 0.827555 0.403219
vt 0.838473 0.402195
vt 0.862467 0.428664
vt 0.815265 0.430070
vt 0.797373 0.414479
vt 0.831094 0.421380
vt 0.846043 0.420875
vt 0.852605 0.432033
vt 0.806848 0.434092
vt 0.805660 0.433901
vt 0.825946 0.430576
vt 0.839180 0.430388
vt 0.845306 0.431121
vt 0.862481 0.432460
vt 0.816958 0.431870
vt 0.833013 0.430175
vt 0.873095 0.508160
vt 0.868116 0.475561
vt 0.878067 0.475626
vt 0.829203 0.465642
vt 0.821571 0.504739
vt 0.819932 0.468502
vt 0.839352 0.465427
vt 0.831953 0.507014
vt 0.811609 0.472260
vt 0.810036 0.505256
vt 0.802447 0.474708
vt 0.840630 0.510683
vt 0.864075 0.512078
vt 0.845333 0.604490
vt 0.818944 0.545191
vt 0.863783 0.562157
vt 0.873390 0.527604
vt 0.863537 0.546981
vt 0.810105 0.602871
vt 0.818598 0.567788
vt 0.819293 0.602667
vt 0.828163 0.602952
vt 0.800180 0.603471
vt 0.807484 0.565183
vt 0.848321 0.548937
vt 0.848453 0.525553
vt 0.609604 0.819363
vt 0.630682 0.812766
vt 0.628704 0.823218
vt 0.602422 0.840401
vt 0.626513 0.833286
vt 0.624928 0.843411
vt 0.607620 0.786778
vt 0.622892 0.769299
vt 0.627065 0.779763
vt 0.612901 0.802476
vt 0.630138 0.790667
vt 0.631370 0.801813
vt 0.605201 0.829204
vt 0.602726 0.852089
vt 0.623904 0.854116
vt 0.611327 0.794641
vt 0.612318 0.810631
vt 0.600614 0.818602
vt 0.601718 0.841677
vt 0.601565 0.789168
vt 0.601632 0.803537
vt 0.601046 0.810396
vt 0.601024 0.829639
vt 0.600456 0.779858
vt 0.602302 0.778139
vt 0.601848 0.796763
vt 0.505293 0.833249
vt 0.493261 0.844484
vt 0.492482 0.834083
vt 0.506315 0.784787
vt 0.489887 0.794275
vt 0.492744 0.784247
vt 0.507885 0.811548
vt 0.489310 0.818553
vt 0.488288 0.811458
vt 0.506424 0.825113
vt 0.490906 0.825678
vt 0.506037 0.773719
vt 0.494745 0.772899
vt 0.507199 0.795494
vt 0.488440 0.803678
vt 0.439479 0.813128
vt 0.472345 0.803625
vt 0.474666 0.811559
vt 0.363154 0.811812
vt 0.385004 0.819349
vt 0.364912 0.822646
vt 0.366797 0.833072
vt 0.390859 0.841243
vt 0.368058 0.843427
vt 0.370018 0.766488
vt 0.386920 0.783848
vt 0.366287 0.777517
vt 0.363558 0.788914
vt 0.381990 0.801066
vt 0.362502 0.800479
vt 0.388694 0.829848
vt 0.390195 0.852850
vt 0.368770 0.854258
vt 0.383446 0.792488
vt 0.382552 0.809921
vt 0.394671 0.819339
vt 0.392833 0.830694
vt 0.391513 0.842512
vt 0.392360 0.853819
vt 0.393585 0.785961
vt 0.394093 0.794259
vt 0.394804 0.802063
vt 0.395216 0.810098
vt 0.393854 0.776022
vt 0.441322 0.841289
vt 0.472346 0.845388
vt 0.442058 0.851469
vt 0.439657 0.822060
vt 0.476278 0.819072
vt 0.440370 0.831263
vt 0.475352 0.835651
vt 0.441157 0.776849
vt 0.470942 0.784212
vt 0.440769 0.786510
vt 0.439666 0.804488
vt 0.470675 0.794546
vt 0.440127 0.795798
vt 0.476691 0.827081
vt 0.508060 0.804093
vt 0.519724 0.826149
vt 0.557548 0.822177
vt 0.553767 0.831012
vt 0.522221 0.834588
vt 0.552706 0.840505
vt 0.524998 0.844270
vt 0.554838 0.849996
vt 0.526969 0.785707
vt 0.557443 0.775626
vt 0.561625 0.784477
vt 0.564573 0.793657
vt 0.564798 0.803492
vt 0.525502 0.795644
vt 0.562019 0.813221
vt 0.522360 0.804074
vt 0.600597 0.852965
vt 0.872916 0.433022
vt 0.839836 0.548846
vt 0.799795 0.508606
vt 0.856062 0.513466
vt 0.797372 0.561266
vt 0.872777 0.545696
vt 0.520106 0.811542
vt 0.525803 0.775401
vt 0.505070 0.843420
vt 0.473784 0.773628
vt 0.519166 0.818706
vt 0.507293 0.818250
vt 0.925910 0.440460
vt 0.893078 0.460671
vt 0.016534 0.838701
vt 0.013535 0.856822
vt 0.025435 0.823167
vt 0.542411 0.554554
vt 0.134502 0.827038
vt 0.145842 0.840398
vt 0.130619 0.828925
vt 0.131419 0.819658
vt 0.136510 0.821990
vt 0.138535 0.824832
vt 0.133113 0.811269
vt 0.898691 0.577950
vt 0.964116 0.550849
vt 0.907933 0.507741
vt 0.046256 0.893187
vt 0.018225 0.892287
vt 0.027276 0.907859
vt 0.628944 0.959131
vt 0.621785 0.939691
vt 0.618527 0.956808
vt 0.534186 0.962102
vt 0.517740 0.949505
vt 0.524141 0.965710
vt 0.086220 0.945271
vt 0.075552 0.963029
vt 0.087312 0.962660
vt 0.639195 0.962102
vt 0.633268 0.942252
vt 0.544437 0.959131
vt 0.528813 0.945528
vt 0.075552 0.945606
vt 0.063793 0.962660
vt 0.644568 0.945528
vt 0.554854 0.956808
vt 0.064884 0.945271
vt 0.052079 0.961556
vt 0.144503 0.949906
vt 0.138102 0.933700
vt 0.551596 0.939691
vt 0.054258 0.944269
vt 0.040458 0.959719
vt 0.122130 0.957158
vt 0.576023 0.954139
vt 0.563217 0.937855
vt 0.586690 0.936381
vt 0.586690 0.953805
vt 0.043716 0.942603
vt 0.028975 0.957158
vt 0.117806 0.940279
vt 0.110646 0.959719
vt 0.574931 0.936750
vt 0.607984 0.955142
vt 0.598450 0.936750
vt 0.033299 0.940279
vt 0.017675 0.953883
vt 0.107388 0.942603
vt 0.099025 0.961556
vt 0.023047 0.937308
vt 0.006602 0.949906
vt 0.096846 0.944269
vt 0.117628 0.893101
vt 0.123929 0.920344
vt 0.136582 0.907621
vt 0.109256 0.829988
vt 0.107647 0.801593
vt 0.098841 0.824140
vt 0.040373 0.883043
vt 0.013521 0.874874
vt 0.109328 0.901383
vt 0.108387 0.929366
vt 0.126686 0.812990
vt 0.128457 0.830317
vt 0.037295 0.860015
vt 0.037329 0.871722
vt 0.099165 0.907250
vt 0.091027 0.934061
vt 0.117776 0.838398
vt 0.128857 0.846511
vt 0.542411 0.536695
vt 0.558386 0.554554
vt 0.558386 0.536695
vt 0.087829 0.910298
vt 0.073039 0.934105
vt 0.150035 0.857235
vt 0.145842 0.840398
vt 0.021861 0.841093
vt 0.013535 0.856822
vt 0.076090 0.910316
vt 0.055649 0.929496
vt 0.126629 0.860000
vt 0.150035 0.874888
vt 0.064746 0.907302
vt 0.040041 0.920546
vt 0.145479 0.892098
vt 0.064335 0.824372
vt 0.039495 0.811454
vt 0.054250 0.830290
vt 0.087392 0.821177
vt 0.072285 0.797519
vt 0.054571 0.901461
vt 0.123507 0.882975
vt 0.054988 0.802326
vt 0.090223 0.797293
vt 0.512653 0.518836
vt 0.512653 0.536695
vt 0.532330 0.411681
vt 0.512653 0.393822
vt 0.512653 0.411681
vt 0.542411 0.500976
vt 0.542411 0.465258
vt 0.512653 0.554554
vt 0.532330 0.429540
vt 0.512653 0.429540
vt 0.542411 0.483117
vt 0.542411 0.447399
vt 0.512653 0.572413
vt 0.532330 0.447399
vt 0.512653 0.447399
vt 0.512653 0.590272
vt 0.532330 0.465258
vt 0.512653 0.465258
vt 0.542411 0.411681
vt 0.542411 0.429540
vt 0.554807 0.423585
vt 0.542411 0.572413
vt 0.532330 0.483117
vt 0.512653 0.483117
vt 0.562088 0.411681
vt 0.046065 0.838593
vt 0.040318 0.848714
vt 0.532330 0.500976
vt 0.512653 0.500976
vt 0.542411 0.375962
vt 0.542411 0.518835
vt 0.532330 0.518836
vt 0.532330 0.393822
vt 0.512653 0.375963
vt 0.030158 0.826536
vt 0.889998 0.412521
vt 0.916979 0.434968
vt 0.774314 0.908774
vt 0.771242 0.937655
vt 0.774314 0.880069
vt 0.803356 0.909009
vt 0.803356 0.879834
vt 0.923464 0.490820
vt 0.742832 0.883079
vt 0.956410 0.460026
vt 0.933248 0.432160
vt 0.771242 0.851189
vt 0.853269 0.650844
vt 0.846767 0.672860
vt 0.857845 0.670622
vt 0.868481 0.667762
vt 0.879137 0.664820
vt 0.818760 0.649204
vt 0.801603 0.665311
vt 0.835653 0.654100
vt 0.835211 0.673619
vt 0.862971 0.646824
vt 0.809552 0.644439
vt 0.791433 0.661221
vt 0.844266 0.653466
vt 0.800877 0.640418
vt 0.799662 0.640632
vt 0.820799 0.642678
vt 0.836623 0.641674
vt 0.844266 0.641313
vt 0.829064 0.642174
vt 0.797532 0.526300
vt 0.829954 0.547469
vt 0.840854 0.525339
vt 0.831875 0.525936
vt 0.863424 0.605439
vt 0.873164 0.605019
vt 0.807308 0.543301
vt 0.820881 0.526926
vt 0.858904 0.472458
vt 0.848394 0.512853
vt 0.856062 0.513466
vt 0.854238 0.605279
vt 0.847396 0.562901
vt 0.845333 0.604490
vt 0.836713 0.603631
vt 0.829578 0.567507
vt 0.828163 0.602952
vt 0.863575 0.526966
vt 0.849220 0.403326
vt 0.853929 0.423907
vt 0.859399 0.406054
vt 0.869110 0.409427
vt 0.806974 0.410333
vt 0.823680 0.424905
vt 0.816985 0.406214
vt 0.827555 0.403219
vt 0.838468 0.420030
vt 0.838473 0.402195
vt 0.862467 0.428664
vt 0.797373 0.414479
vt 0.815265 0.430070
vt 0.846043 0.420875
vt 0.852605 0.432033
vt 0.862481 0.432460
vt 0.806848 0.434092
vt 0.816958 0.431870
vt 0.825946 0.430576
vt 0.833014 0.430175
vt 0.845306 0.431121
vt 0.868116 0.475561
vt 0.873095 0.508160
vt 0.829203 0.465642
vt 0.821571 0.504739
vt 0.831953 0.507014
vt 0.839352 0.465427
vt 0.840630 0.510683
vt 0.802447 0.474708
vt 0.810036 0.505256
vt 0.849543 0.468166
vt 0.864075 0.512078
vt 0.839059 0.565312
vt 0.863783 0.562157
vt 0.863537 0.546981
vt 0.873390 0.527604
vt 0.818598 0.567788
vt 0.810105 0.602871
vt 0.807484 0.565183
vt 0.800180 0.603471
vt 0.848321 0.548937
vt 0.848453 0.525553
vt 0.609604 0.819363
vt 0.628704 0.823218
vt 0.622892 0.769299
vt 0.627065 0.779763
vt 0.630138 0.790667
vt 0.631370 0.801813
vt 0.611327 0.794641
vt 0.612318 0.810631
vt 0.600614 0.818602
vt 0.601024 0.829639
vt 0.601718 0.841677
vt 0.600597 0.852965
vt 0.601565 0.789168
vt 0.601848 0.796763
vt 0.601632 0.803537
vt 0.601046 0.810396
vt 0.493261 0.844484
vt 0.505292 0.833249
vt 0.492482 0.834083
vt 0.492744 0.784247
vt 0.489310 0.818553
vt 0.488287 0.811458
vt 0.506424 0.825113
vt 0.494745 0.772899
vt 0.507199 0.795494
vt 0.439479 0.813128
vt 0.472345 0.803625
vt 0.439666 0.804488
vt 0.385004 0.819349
vt 0.363154 0.811812
vt 0.364913 0.822646
vt 0.390859 0.841243
vt 0.366796 0.833072
vt 0.368058 0.843427
vt 0.386920 0.783848
vt 0.381990 0.801066
vt 0.363558 0.788914
vt 0.362502 0.800479
vt 0.388694 0.829848
vt 0.390194 0.852850
vt 0.368770 0.854258
vt 0.383446 0.792488
vt 0.382552 0.809921
vt 0.394671 0.819339
vt 0.391513 0.842512
vt 0.393585 0.785961
vt 0.393854 0.776022
vt 0.391787 0.774401
vt 0.394093 0.794259
vt 0.472346 0.845388
vt 0.441322 0.841289
vt 0.442058 0.851469
vt 0.439657 0.822060
vt 0.474666 0.811559
vt 0.475352 0.835651
vt 0.440371 0.831263
vt 0.470942 0.784212
vt 0.441157 0.776849
vt 0.440769 0.786510
vt 0.440127 0.795798
vt 0.488440 0.803678
vt 0.557548 0.822177
vt 0.519724 0.826149
vt 0.553767 0.831012
vt 0.522221 0.834588
vt 0.524998 0.844270
vt 0.554838 0.849996
vt 0.557443 0.775626
vt 0.526969 0.785707
vt 0.564573 0.793657
vt 0.525502 0.795644
vt 0.564798 0.803492
vt 0.522360 0.804074
vt 0.562019 0.813221
vt 0.520106 0.811542
vt 0.874219 0.643012
vt 0.392360 0.853819
vt 0.839836 0.548846
vt 0.799795 0.508606
vt 0.797372 0.561266
vt 0.855372 0.561742
vt 0.525803 0.775401
vt 0.473784 0.773628
vt 0.476278 0.819072
vt 0.893078 0.460671
vt 0.016534 0.838701
vt 0.025435 0.823167
vt 0.134502 0.827038
vt 0.130619 0.828925
vt 0.131419 0.819658
vt 0.138535 0.824832
vt 0.136510 0.821990
vt 0.133113 0.811269
vt 0.313983 0.853285
vt 0.336513 0.893063
vt 0.319006 0.896951
vt 0.258052 0.855571
vt 0.239171 0.897365
vt 0.244491 0.853942
vt 0.258065 0.784684
vt 0.299791 0.855106
vt 0.274481 0.785535
vt 0.292059 0.784810
vt 0.327301 0.850492
vt 0.308359 0.782691
vt 0.313613 0.781649
vt 0.272382 0.856182
vt 0.305941 0.898628
vt 0.270168 0.900191
vt 0.256996 0.899707
vt 0.340557 0.847716
vt 0.230949 0.852315
vt 0.243932 0.783012
vt 0.191018 0.842457
vt 0.229462 0.780395
vt 0.216916 0.849652
vt 0.322293 0.779927
vt 0.174211 0.882183
vt 0.336500 0.776216
vt 0.354121 0.843854
vt 0.354083 0.889405
vt 0.366707 0.885468
vt 0.208486 0.892601
vt 0.221340 0.895314
vt 0.502569 0.855811
vt 0.512023 0.879820
vt 0.495291 0.863088
vt 0.485060 0.920155
vt 0.506485 0.941579
vt 0.499207 0.962228
vt 0.436354 0.922026
vt 0.440061 0.951782
vt 0.423329 0.935051
vt 0.471688 0.920155
vt 0.453086 0.938758
vt 0.435010 0.956833
vt 0.418278 0.940101
vt 0.454957 0.903423
vt 0.481144 0.910699
vt 0.485836 0.872543
vt 0.412883 0.916975
vt 0.454957 0.890051
vt 0.502568 0.889275
vt 0.777450 0.795703
vt 0.737711 0.818240
vt 0.733810 0.800741
vt 0.775170 0.739778
vt 0.733369 0.720901
vt 0.776799 0.726215
vt 0.846074 0.739801
vt 0.775631 0.781515
vt 0.845221 0.756222
vt 0.845942 0.773806
vt 0.780238 0.809014
vt 0.848058 0.790111
vt 0.849097 0.795367
vt 0.774557 0.754109
vt 0.732127 0.787679
vt 0.730549 0.751903
vt 0.731030 0.738729
vt 0.783005 0.822258
vt 0.778426 0.712670
vt 0.847749 0.725665
vt 0.788270 0.672721
vt 0.850375 0.711108
vt 0.781091 0.698633
vt 0.850816 0.804051
vt 0.748534 0.655931
vt 0.854535 0.818352
vt 0.786836 0.835859
vt 0.745303 0.848320
vt 0.738127 0.690208
vt 0.735417 0.703066
vt 0.895915 0.727861
vt 0.891222 0.766017
vt 0.874491 0.749286
vt 0.964175 0.721586
vt 0.922102 0.748510
vt 0.940705 0.716535
vt 0.865036 0.758741
vt 0.881767 0.775473
vt 0.922102 0.735138
vt 0.905370 0.718406
vt 0.953730 0.703510
vt 0.942049 0.681728
vt 0.958780 0.698459
vt 0.923973 0.699803
vt 0.891999 0.718406
vt 0.870574 0.696982
vt 0.877852 0.676333
vt 0.857758 0.766018
vt 0.874490 0.782750
vt 0.313983 0.853285
vt 0.336513 0.893063
vt 0.319006 0.896951
vt 0.239171 0.897365
vt 0.244490 0.853942
vt 0.299791 0.855106
vt 0.274481 0.785535
vt 0.292059 0.784810
vt 0.327301 0.850492
vt 0.308359 0.782691
vt 0.313613 0.781649
vt 0.272382 0.856182
vt 0.270168 0.900191
vt 0.256996 0.899707
vt 0.340557 0.847716
vt 0.230949 0.852315
vt 0.243932 0.783012
vt 0.191018 0.842457
vt 0.229462 0.780395
vt 0.216916 0.849652
vt 0.322293 0.779927
vt 0.174211 0.882183
vt 0.336500 0.776216
vt 0.354121 0.843854
vt 0.366707 0.885468
vt 0.208486 0.892601
vt 0.221340 0.895314
vt 0.519301 0.872542
vt 0.502569 0.855811
vt 0.485060 0.920155
vt 0.499207 0.962228
vt 0.436354 0.922026
vt 0.440061 0.951782
vt 0.471688 0.920155
vt 0.453086 0.938758
vt 0.435010 0.956833
vt 0.418279 0.940101
vt 0.481144 0.910699
vt 0.485836 0.872543
vt 0.412883 0.916975
vt 0.464412 0.893968
vt 0.777450 0.795703
vt 0.737711 0.818240
vt 0.733810 0.800741
vt 0.775170 0.739778
vt 0.776799 0.726215
vt 0.775631 0.781515
vt 0.845221 0.756222
vt 0.780238 0.809014
vt 0.732127 0.787679
vt 0.778426 0.712670
vt 0.850375 0.711108
vt 0.748534 0.655931
vt 0.745303 0.848320
vt 0.912647 0.744593
vt 0.940705 0.716535
vt 0.865035 0.758741
vt 0.881767 0.775473
vt 0.895915 0.727861
vt 0.958780 0.698459
vt 0.923973 0.699803
vt 0.891998 0.718406
vt 0.877852 0.676333
vt 0.857758 0.766018
vt 0.553007 0.690460
vt 0.578719 0.692324
vt 0.589258 0.703644
vt 0.430869 0.744339
vt 0.475667 0.686542
vt 0.469739 0.747854
vt 0.399048 0.675511
vt 0.360622 0.665853
vt 0.399649 0.669941
vt 0.511654 0.749437
vt 0.553476 0.751745
vt 0.597398 0.690392
vt 0.621992 0.683562
vt 0.634012 0.745126
vt 0.660370 0.674273
vt 0.674482 0.736192
vt 0.697590 0.667356
vt 0.713757 0.723520
vt 0.238714 0.718607
vt 0.283259 0.671194
vt 0.276159 0.722718
vt 0.353088 0.734228
vt 0.321003 0.675613
vt 0.358972 0.680064
vt 0.359984 0.671252
vt 0.322535 0.661804
vt 0.397963 0.684526
vt 0.437381 0.684243
vt 0.514196 0.687378
vt 0.961095 0.011710
vt 0.938431 0.020431
vt 0.942152 0.006268
vt 0.952096 0.134241
vt 0.934881 0.151316
vt 0.932562 0.136860
vt 0.931673 0.078453
vt 0.949438 0.093179
vt 0.929729 0.093103
vt 0.313769 0.739729
vt 0.315413 0.729208
vt 0.438221 0.672850
vt 0.476131 0.674669
vt 0.390415 0.750684
vt 0.391834 0.739372
vt 0.351605 0.745275
vt 0.322009 0.667102
vt 0.284478 0.659726
vt 0.469169 0.759430
vt 0.553570 0.763340
vt 0.511323 0.762093
vt 0.514841 0.675428
vt 0.096864 0.006756
vt 0.114359 0.017653
vt 0.096744 0.019145
vt 0.554357 0.678089
vt 0.079128 0.017683
vt 0.080301 0.005428
vt 0.579776 0.681058
vt 0.593368 0.750167
vt 0.594521 0.679507
vt 0.618723 0.671758
vt 0.594354 0.762246
vt 0.636069 0.757364
vt 0.657640 0.661938
vt 0.677793 0.748527
vt 0.697052 0.655062
vt 0.236562 0.728563
vt 0.246640 0.666146
vt 0.274596 0.734116
vt 0.429734 0.755863
vt 0.930948 0.122306
vt 0.941590 0.179904
vt 0.955581 0.161569
vt 0.960537 0.174475
vt 0.931212 0.063682
vt 0.932950 0.049192
vt 0.948695 0.051453
vt 0.949693 0.106868
vt 0.930001 0.107693
vt 0.950582 0.120582
vt 0.939393 0.165342
vt 0.950829 0.065588
vt 0.950773 0.079416
vt 0.935362 0.034749
vt 0.957603 0.025001
vt 0.589258 0.703644
vt 0.430869 0.744339
vt 0.469739 0.747854
vt 0.399048 0.675511
vt 0.360622 0.665853
vt 0.359984 0.671252
vt 0.597398 0.690392
vt 0.713757 0.723520
vt 0.283259 0.671194
vt 0.238714 0.718607
vt 0.276159 0.722718
vt 0.353088 0.734228
vt 0.321003 0.675613
vt 0.322535 0.661804
vt 0.322009 0.667102
vt 0.397963 0.684526
vt 0.391834 0.739372
vt 0.931673 0.078453
vt 0.313769 0.739729
vt 0.438221 0.672850
vt 0.437381 0.684243
vt 0.390415 0.750684
vt 0.351605 0.745275
vt 0.284478 0.659726
vt 0.469169 0.759430
vt 0.553570 0.763340
vt 0.514196 0.687378
vt 0.476131 0.674669
vt 0.096864 0.006756
vt 0.114359 0.017653
vt 0.113428 0.005428
vt 0.514841 0.675428
vt 0.079128 0.017683
vt 0.080301 0.005428
vt 0.579776 0.681058
vt 0.593368 0.750167
vt 0.594521 0.679507
vt 0.594354 0.762246
vt 0.636069 0.757364
vt 0.618723 0.671758
vt 0.236562 0.728563
vt 0.246640 0.666146
vt 0.358973 0.680064
vt 0.955581 0.161569
vt 0.941590 0.179904
vt 0.960537 0.174475
vt 0.948694 0.051453
vt 0.931212 0.063682
vt 0.949693 0.106868
vt 0.954276 0.147807
vt 0.953195 0.047486
vt 0.553007 0.690460
vt 0.578719 0.692324
vt 0.430869 0.744339
vt 0.399048 0.675511
vt 0.360622 0.665853
vt 0.399649 0.669941
vt 0.511654 0.749437
vt 0.553476 0.751745
vt 0.621992 0.683562
vt 0.660370 0.674273
vt 0.674482 0.736192
vt 0.697589 0.667356
vt 0.283259 0.671194
vt 0.353088 0.734228
vt 0.359984 0.671252
vt 0.514196 0.687378
vt 0.932562 0.136860
vt 0.949438 0.093179
vt 0.313769 0.739729
vt 0.351605 0.745275
vt 0.322009 0.667102
vt 0.469169 0.759430
vt 0.514841 0.675428
vt 0.114358 0.017653
vt 0.096745 0.019145
vt 0.554357 0.678089
vt 0.593369 0.750167
vt 0.618723 0.671758
vt 0.594354 0.762246
vt 0.274596 0.734116
vt 0.941590 0.179904
vt 0.939393 0.165342
vt 0.935362 0.034749
vt 0.629901 0.265210
vt 0.639268 0.056627
vt 0.623676 0.032091
vt 0.626957 0.119466
vt 0.612456 0.175507
vt 0.615810 0.119831
vt 0.380371 0.454592
vt 0.378239 0.518406
vt 0.283300 0.518093
vt 0.378483 0.503264
vt 0.362271 0.628389
vt 0.288719 0.648711
vt 0.480212 0.579934
vt 0.492713 0.519005
vt 0.494209 0.577352
vt 0.498975 0.461848
vt 0.465018 0.398091
vt 0.387456 0.366823
vt 0.485122 0.374437
vt 0.804838 0.045206
vt 0.817247 0.255935
vt 0.724377 0.899528
vt 0.725923 0.928195
vt 0.677077 0.872345
vt 0.677593 0.843593
vt 0.724327 0.845212
vt 0.847303 0.883797
vt 0.816868 0.838404
vt 0.876386 0.837603
vt 0.905978 0.837846
vt 0.927852 0.885050
vt 0.848718 0.930630
vt 0.816637 0.884984
vt 0.640938 0.811560
vt 0.637126 0.842719
vt 0.631470 0.901913
vt 0.290160 0.381141
vt 0.286114 0.594400
vt 0.472353 0.459654
vt 0.656064 0.290630
vt 0.802723 0.019544
vt 0.276665 0.914407
vt 0.211996 0.930525
vt 0.211899 0.906178
vt 0.962768 0.052582
vt 0.970403 0.117258
vt 0.146374 0.914928
vt 0.473453 0.592809
vt 0.608512 0.060721
vt 0.478919 0.517473
vt 0.461956 0.517310
vt 0.289108 0.639810
vt 0.985056 0.005494
vt 0.993810 0.006764
vt 0.620627 0.290864
vt 0.616792 0.301847
vt 0.174669 0.962671
vt 0.198945 0.953525
vt 0.199302 0.988072
vt 0.168547 0.955811
vt 0.155386 0.988072
vt 0.149833 0.984442
vt 0.198639 0.942837
vt 0.225193 0.959778
vt 0.249813 0.982622
vt 0.229072 0.954820
vt 0.949820 0.293117
vt 0.946673 0.296220
vt 0.933893 0.242621
vt 0.965630 0.219104
vt 0.783593 0.948052
vt 0.807174 0.960731
vt 0.797422 0.969308
vt 0.861903 0.976581
vt 0.871044 0.940451
vt 0.882078 0.948332
vt 0.832259 0.975799
vt 0.832851 0.941463
vt 0.754584 0.956440
vt 0.732675 0.949728
vt 0.783641 0.974519
vt 0.761522 0.947061
vt 0.962159 0.251997
vt 0.971175 0.269227
vt 0.809614 0.980561
vt 0.694074 0.983586
vt 0.243625 0.987059
vt 0.979695 0.279426
vt 0.980604 0.299122
vt 0.974165 0.311820
vt 0.158402 0.161199
vt 0.263205 0.153092
vt 0.200690 0.210169
vt 0.274463 0.142363
vt 0.301177 0.177933
vt 0.327962 0.169438
vt 0.245603 0.256334
vt 0.338698 0.209572
vt 0.201538 0.006663
vt 0.216965 0.040873
vt 0.212222 0.390098
vt 0.198203 0.488583
vt 0.156478 0.441023
vt 0.162756 0.369265
vt 0.077681 0.361562
vt 0.112481 0.395066
vt 0.045876 0.457536
vt 0.045547 0.508739
vt 0.138048 0.538127
vt 0.095599 0.554034
vt 0.178682 0.325035
vt 0.143559 0.284872
vt 0.087568 0.218923
vt 0.048101 0.161951
vt 0.074327 0.134916
vt 0.025471 0.437976
vt 0.006094 0.420913
vt 0.022970 0.417615
vt 0.920574 0.281470
vt 0.878913 0.221629
vt 0.882696 0.193162
vt 0.925314 0.227123
vt 0.300052 0.005043
vt 0.335028 0.036123
vt 0.300177 0.035679
vt 0.299576 0.064432
vt 0.345460 0.065932
vt 0.298542 0.087544
vt 0.347123 0.088005
vt 0.252813 0.006812
vt 0.837264 0.186776
vt 0.886339 0.170175
vt 0.836768 0.209067
vt 0.833013 0.246076
vt 0.830367 0.275523
vt 0.839503 0.305824
vt 0.259041 0.084864
vt 0.311855 0.188935
vt 0.058526 0.345678
vt 0.124117 0.268612
vt 0.029214 0.151564
vt 0.019166 0.196172
vt 0.006413 0.159491
vt 0.301624 0.305025
vt 0.233592 0.403867
vt 0.040811 0.099999
vt 0.007050 0.108536
vt 0.024688 0.084879
vt 0.100576 0.492845
vt 0.257341 0.443458
vt 0.213765 0.509355
vt 0.090549 0.072045
vt 0.005035 0.005047
vt 0.066904 0.029189
vt 0.005035 0.029186
vt 0.060430 0.380346
vt 0.028952 0.333724
vt 0.023417 0.254420
vt 0.047749 0.256162
vt 0.009973 0.407864
vt 0.192365 0.048937
vt 0.195278 0.054049
vt 0.043010 0.191246
vt 0.222936 0.106352
vt 0.219592 0.087754
vt 0.142790 0.558448
vt 0.310494 0.140336
vt 0.313173 0.113353
vt 0.337491 0.130159
vt 0.337491 0.100760
vt 0.169798 0.017001
vt 0.108223 0.061935
vt 0.167008 0.010522
vt 0.041990 0.452318
vt 0.359149 0.898495
vt 0.340401 0.919411
vt 0.332813 0.908347
vt 0.381056 0.921364
vt 0.359035 0.912999
vt 0.406451 0.941629
vt 0.944622 0.963377
vt 0.534386 0.889517
vt 0.546441 0.907019
vt 0.558853 0.878987
vt 0.558855 0.871979
vt 0.528181 0.878455
vt 0.504759 0.901411
vt 0.974711 0.934746
vt 0.977006 0.981538
vt 0.984425 0.966889
vt 0.984425 0.902576
vt 0.318404 0.948178
vt 0.306659 0.939991
vt 0.395187 0.948205
vt 0.098939 0.127639
vt 0.573291 0.142979
vt 0.485838 0.189814
vt 0.482503 0.141227
vt 0.482786 0.078740
vt 0.571912 0.207981
vt 0.477940 0.267103
vt 0.388217 0.139953
vt 0.374810 0.199539
vt 0.374945 0.140737
vt 0.368798 0.083204
vt 0.382129 0.080675
vt 0.482793 0.031020
vt 0.382270 0.031866
vt 0.405814 0.201620
vt 0.389023 0.261403
vt 0.567385 0.273839
vt 0.825383 0.058054
vt 0.826716 0.005230
vt 0.917610 0.113422
vt 0.919017 0.031741
vt 0.915832 0.058830
vt 0.841276 0.148065
vt 0.826956 0.134937
vt 0.599402 0.208976
vt 0.594811 0.276230
vt 0.598972 0.142820
vt 0.565124 0.353830
vt 0.468030 0.355008
vt 0.914813 0.142682
vt 0.404839 0.139887
vt 0.385138 0.287773
vt 0.356074 0.302984
vt 0.365187 0.257527
vt 0.356378 0.038914
vt 0.415408 0.320103
vt 0.389767 0.335405
vt 0.379656 0.313658
vt 0.394581 0.325539
vt 0.388382 0.200694
vt 0.952817 0.393723
vt 0.956743 0.366961
vt 0.965625 0.417458
vt 0.972938 0.337727
vt 0.273137 0.497059
vt 0.273137 0.539994
vt 0.240388 0.505132
vt 0.223666 0.532399
vt 0.241597 0.559371
vt 0.230709 0.564642
vt 0.252229 0.592476
vt 0.236962 0.533748
vt 0.977516 0.341334
vt 0.238735 0.503688
vt 0.265165 0.484901
vt 0.858200 0.314794
vt 0.119276 0.633016
vt 0.135062 0.682386
vt 0.160144 0.591913
vt 0.207205 0.685138
vt 0.156753 0.683986
vt 0.204349 0.724444
vt 0.179478 0.759636
vt 0.153231 0.758927
vt 0.030052 0.692025
vt 0.007177 0.773593
vt 0.005049 0.675461
vt 0.903513 0.342093
vt 0.903559 0.395217
vt 0.941209 0.370601
vt 0.944591 0.340954
vt 0.902808 0.311454
vt 0.209214 0.587539
vt 0.158483 0.567079
vt 0.206470 0.561936
vt 0.098145 0.625749
vt 0.043802 0.587116
vt 0.099540 0.594516
vt 0.088848 0.762381
vt 0.153626 0.784990
vt 0.135460 0.592212
vt 0.100698 0.569130
vt 0.031465 0.676839
vt 0.232498 0.687236
vt 0.078817 0.763485
vt 0.091203 0.724944
vt 0.223199 0.747373
vt 0.210427 0.743128
vt 0.202991 0.757078
vt 0.023623 0.773235
vt 0.025110 0.789672
vt 0.967948 0.634713
vt 0.951494 0.660589
vt 0.994940 0.699073
vt 0.989498 0.607780
vt 0.946196 0.825103
vt 0.912467 0.812210
vt 0.961932 0.817178
vt 0.941516 0.782600
vt 0.890989 0.795950
vt 0.882572 0.825162
vt 0.247312 0.088628
vt 0.021106 0.576944
vt 0.017556 0.585570
vt 0.572344 0.916365
vt 0.974027 0.263514
vt 0.026398 0.122961
vt 0.597236 0.079597
vt 0.624356 0.043408
vt 0.484583 0.381356
vt 0.964013 0.044002
vt 0.702770 0.949961
vt 0.250698 0.030012
vt 0.828996 0.295166
vt 0.251876 0.076711
vt 0.251069 0.062591
vt 0.250368 0.040962
vt 0.070061 0.499363
vt 0.011234 0.443058
vt 0.920582 0.135407
vt 0.366437 0.305120
vt 0.198005 0.773704
vt 0.938810 0.390225
vt 0.898690 0.513078
vt 0.918243 0.504978
vt 0.928916 0.504978
vt 0.939225 0.507740
vt 0.948469 0.513077
vt 0.956016 0.520624
vt 0.964115 0.540176
vt 0.956017 0.570402
vt 0.964116 0.550849
vt 0.961353 0.561159
vt 0.948470 0.577949
vt 0.939227 0.583286
vt 0.928917 0.586049
vt 0.907935 0.583287
vt 0.898691 0.577950
vt 0.891144 0.570403
vt 0.885807 0.561160
vt 0.883045 0.550851
vt 0.883044 0.540178
vt 0.885807 0.529868
vt 0.123515 0.810063
vt 0.562088 0.415466
vt 0.562088 0.425313
vt 0.892141 0.436558
vt 0.923721 0.407025
vt 0.891143 0.520625
vt 0.885807 0.529868
vt 0.883045 0.550851
vt 0.885807 0.561160
vt 0.891144 0.570403
vt 0.907935 0.583287
vt 0.918244 0.586049
vt 0.928917 0.586049
vt 0.939227 0.583286
vt 0.948470 0.577949
vt 0.961353 0.561159
vt 0.964115 0.540176
vt 0.961353 0.529867
vt 0.956016 0.520624
vt 0.948469 0.513077
vt 0.939225 0.507740
vt 0.918243 0.504978
vt 0.123515 0.810063
vt 0.123638 0.848640
vt 0.923721 0.407025
vt 0.892141 0.436558
vt 0.506485 0.954951
vt 0.458136 0.962228
vt 0.453086 0.957178
vt 0.412883 0.875905
vt 0.420161 0.868627
vt 0.433533 0.868627
vt 0.417934 0.922026
vt 0.964175 0.762656
vt 0.956898 0.769934
vt 0.943526 0.769934
vt 0.959125 0.716535
vt 0.870574 0.683610
vt 0.918922 0.676333
vt 0.923973 0.681383
vt 0.006602 0.949906
vt 0.458136 0.962228
vt 0.453086 0.957178
vt 0.412883 0.875905
vt 0.433533 0.868627
vt 0.417934 0.922026
vt 0.959125 0.716535
vt 0.918922 0.676333
vt 0.923973 0.681383
vt 0.951897 0.056526
vt 0.954723 0.038439
vt 0.951897 0.056526
vt 0.954723 0.038439
vt 0.953195 0.047486
vt 0.624356 0.043408
vt 0.484583 0.381356
vt 0.250698 0.030012
vt 0.828996 0.295166
vt 0.251069 0.062591
vt 0.070061 0.499363
vt 0.011234 0.443058
vt 0.920582 0.135407
vt 0.366437 0.305120
vt 0.198005 0.773704
vt 0.122130 0.957158
vt 0.144503 0.949906
vt 0.621785 0.939691
vt 0.771242 0.851189
vt 0.799662 0.640632
vt 0.391787 0.774401
vt 0.013003 0.933700
vt 0.542411 0.554554
vt 0.542411 0.393822
vt 0.602302 0.778139
vt 0.212408 0.776101
vt 0.519301 0.872542
vt 0.464412 0.893968
vt 0.741392 0.835798
vt 0.854652 0.694046
vt 0.936998 0.686778
vt 0.354083 0.889405
vt 0.212408 0.776101
vt 0.854652 0.694046
vt 0.674960 0.642344
vt 0.786348 0.357824
vt 0.734015 0.357824
vt 0.725923 0.816672
vt 0.820090 0.932095
vt 0.293417 0.356325
vt 0.798783 0.349086
vt 0.273623 0.938353
vt 0.474607 0.651145
vt 0.952231 0.210666
vt 0.335385 0.005043
vt 0.830489 0.156059
vt 0.007050 0.108536
vt 0.272983 0.463783
vt 0.070032 0.005043
vt 0.359209 0.224182
vt 0.005987 0.325753
vt 0.299507 0.118588
vt 0.313249 0.098309
vt 0.538985 0.364277
vt 0.382093 0.005735
vt 0.372842 0.322894
vt 0.856499 0.393452
vt 0.234666 0.588095
vt 0.215801 0.763127
vt 0.961932 0.817178
vt 0.047160 0.562045
vt 0.583249 0.915868
vt 0.974027 0.263514
vt 0.655641 0.949505
vt 0.542411 0.590272
vt 0.532330 0.375963
vt 0.742832 0.905764
vt 0.655641 0.949505
vt 0.542411 0.590272
vt 0.532330 0.375963
vt 0.742832 0.905764
vt 0.252735 0.784055
vt 0.846704 0.734471
vt 0.252735 0.784055
vt 0.846703 0.734471
vt 0.954276 0.147807
vt 0.719166 0.735000
vt 0.246387 0.654860
vt 0.399649 0.669941
vt 0.096744 0.019145
vt 0.719166 0.735000
vt 0.961095 0.011710
vt 0.954276 0.147807
vt 0.113428 0.005428
vt 0.725923 0.816672
vt 0.820090 0.932095
vt 0.293417 0.356325
vt 0.798783 0.349086
vt 0.952231 0.210666
vt 0.335385 0.005043
vt 0.830489 0.156059
vt 0.272983 0.463783
vt 0.359209 0.224182
vt 0.005987 0.325753
vt 0.299507 0.118588
vt 0.382093 0.005735
vt 0.372842 0.322894
vt 0.856499 0.393452
vt 0.234666 0.588095
vt 0.047160 0.562045
vt 0.978419 0.251537
vt 0.974137 0.239075
s 1
usemtl None.011
f 20/1/1 3/2/1 16/3/1
f 18/4/2 11/5/2 19/6/2
f 13/7/3 8/8/3 17/9/3
f 1/10/4 2/11/4 3/12/4
f 4/13/5 5/14/5 6/15/5
f 7/16/6 8/17/6 9/18/6
f 10/19/7 11/20/7 12/21/7
f 4/13/8 2/11/8 1/10/8
f 8/8/9 18/4/9 17/9/9
f 19/6/10 10/22/10 20/1/10
f 9/18/11 5/14/11 4/13/11
f 12/21/12 7/16/12 9/18/12
f 10/19/13 1/10/13 3/12/13
f 9/18/14 1/10/14 12/21/14
f 15/23/15 3/24/15 2/25/15
f 13/7/16 6/26/16 5/27/16
f 6/26/17 15/23/17 2/25/17
f 23/28/1 20/1/1 16/29/1
f 31/5/2 18/4/2 19/6/2
f 28/8/3 13/7/3 17/9/3
f 21/30/18 23/31/18 22/11/18
f 24/13/19 26/15/19 25/14/19
f 27/16/20 29/18/20 28/17/20
f 30/32/21 32/33/21 31/20/21
f 22/11/22 24/13/22 21/30/22
f 18/4/9 28/8/9 17/9/9
f 20/1/10 31/5/10 19/6/10
f 25/14/23 29/18/23 24/13/23
f 27/16/24 32/33/24 29/18/24
f 21/30/25 30/32/25 23/31/25
f 21/30/26 29/18/26 32/33/26
f 23/24/15 15/34/15 22/25/15
f 26/26/16 13/7/16 25/27/16
f 15/34/17 26/26/17 22/25/17
f 97/35/27 55/36/28 54/37/29
f 34/38/30 36/39/31 35/40/32
f 91/41/33 61/42/34 60/43/35
f 88/44/36 57/45/37 59/46/38
f 44/47/39 41/48/40 43/49/41
f 45/50/42 46/51/43 139/52/44
f 48/53/45 45/50/42 47/54/46
f 94/55/47 70/56/48 71/57/49
f 83/58/50 74/59/51 73/60/52
f 49/61/53 47/54/46 82/62/54
f 87/63/55 75/64/56 74/59/51
f 80/65/57 63/66/58 76/67/59
f 37/68/60 39/69/61 40/70/62
f 42/71/63 137/72/64 40/70/65
f 35/40/32 42/71/63 44/73/39
f 33/74/66 44/73/39 46/75/67
f 52/76/68 54/77/69 55/78/70
f 56/79/71 54/77/69 53/80/72
f 58/81/73 57/82/74 56/79/71
f 60/83/75 59/84/76 58/81/73
f 62/85/77 64/86/78 65/87/79
f 66/88/80 65/87/79 67/89/81
f 68/90/82 67/89/81 69/91/83
f 68/90/82 71/92/84 70/93/85
f 73/94/86 70/93/85 72/95/87
f 74/96/88 68/90/82 73/94/86
f 74/96/88 62/85/77 66/88/80
f 75/97/89 63/98/90 62/85/77
f 78/99/91 58/81/73 77/100/92
f 77/100/92 56/79/71 64/101/78
f 65/102/79 56/79/71 53/80/72
f 67/103/81 53/80/72 52/76/68
f 42/104/93 63/66/58 41/48/94
f 36/39/31 138/105/95 137/72/64
f 43/49/41 41/48/40 80/65/96
f 93/106/97 48/53/45 47/54/46
f 140/107/98 43/49/41 51/108/99
f 98/109/100 34/38/30 35/40/32
f 39/69/101 60/43/35 78/110/101
f 46/75/102 52/111/103 33/74/104
f 39/112/105 77/113/106 40/114/107
f 50/115/108 70/56/48 49/61/109
f 34/38/110 57/45/37 90/116/111
f 48/117/112 67/118/113 46/119/113
f 40/114/107 64/120/114 42/121/114
f 84/122/115 73/60/52 72/123/116
f 92/124/117 59/46/38 61/125/118
f 79/126/119 80/65/119 81/127/119
f 79/126/120 76/128/121 75/64/56
f 82/62/122 83/58/123 84/122/124
f 85/129/125 86/130/126 87/63/127
f 82/62/122 85/129/125 83/58/123
f 47/54/46 86/130/128 82/62/54
f 88/44/129 89/131/130 90/116/131
f 88/44/129 91/41/132 89/131/130
f 37/68/60 91/41/133 38/132/134
f 93/106/135 94/55/135 95/133/135
f 95/134/136 71/135/137 69/136/112
f 96/137/138 97/35/138 98/109/138
f 98/109/139 52/111/103 55/138/140
f 106/139/141 103/140/141 134/141/141
f 102/142/142 105/143/142 100/144/142
f 101/145/143 104/146/143 103/140/143
f 102/142/144 103/140/144 106/139/144
f 100/147/145 104/146/145 99/148/145
f 108/149/146 126/150/146 107/151/146
f 110/152/147 111/153/147 112/154/147
f 113/155/148 131/156/148 128/157/148
f 115/158/149 117/159/149 113/160/149
f 114/161/150 118/162/150 115/158/150
f 130/163/151 131/156/151 135/164/151
f 121/165/152 133/166/152 132/167/152
f 119/168/153 123/169/153 121/165/153
f 119/168/154 125/170/154 124/171/154
f 363/172/155 127/173/156 112/154/157
f 126/150/158 366/174/158 365/175/158
f 131/156/159 129/176/159 128/157/159
f 129/176/160 116/177/160 114/161/160
f 123/169/161 124/171/161 136/178/161
f 120/179/162 132/167/162 125/180/162
f 104/146/163 105/181/163 134/141/163
f 105/143/164 106/139/164 134/141/164
f 103/140/165 104/146/165 134/141/165
f 126/150/166 364/182/166 111/183/166
f 110/152/167 112/154/167 127/173/167
f 127/173/167 108/149/167 110/152/167
f 131/156/168 117/184/168 135/164/168
f 117/159/169 118/162/169 135/164/169
f 116/177/170 130/163/170 135/164/170
f 118/162/171 116/177/171 135/164/171
f 125/180/172 132/167/172 136/178/172
f 124/171/173 125/170/173 136/178/173
f 133/166/174 123/169/174 136/178/174
f 132/167/175 133/166/175 136/178/175
f 111/183/176 109/185/176 126/150/176
f 109/185/176 107/151/176 126/150/176
f 138/105/177 89/131/178 37/68/60
f 40/70/62 137/72/179 37/68/60
f 139/52/180 44/47/39 43/49/41
f 140/107/181 45/50/42 139/52/44
f 350/186/182 144/187/183 143/188/184
f 349/189/185 169/190/186 353/191/187
f 354/192/188 169/190/186 171/193/189
f 146/194/190 147/195/191 148/196/192
f 198/197/193 175/198/194 167/199/195
f 154/200/196 151/201/197 153/202/198
f 233/203/199 154/200/196 153/202/198
f 157/204/200 233/203/199 155/205/201
f 160/206/202 195/207/203 184/208/204
f 161/209/205 196/210/205 192/211/205
f 156/212/206 146/194/190 148/196/192
f 158/213/207 146/194/190 156/212/206
f 159/214/208 144/187/183 158/213/207
f 150/215/209 235/216/210 159/214/211
f 201/217/212 191/218/212 204/219/212
f 165/220/213 167/221/214 164/222/215
f 168/223/216 166/224/217 165/220/213
f 170/225/218 169/226/219 168/223/216
f 170/225/218 173/227/220 171/228/221
f 164/222/215 175/229/222 174/230/223
f 177/231/224 179/232/225 176/233/226
f 180/234/227 179/232/225 181/235/228
f 182/236/229 181/235/228 183/237/230
f 177/231/224 197/238/231 185/239/232
f 181/240/228 172/241/233 170/225/218
f 183/242/230 170/225/218 168/223/216
f 186/243/234 168/223/216 165/220/213
f 186/243/234 164/222/215 187/244/235
f 164/222/215 174/230/223 189/245/236
f 180/234/227 182/236/229 191/246/237
f 354/192/238 145/247/239 146/194/190
f 197/238/231 176/233/226 180/234/227
f 158/213/240 182/248/241 183/249/240
f 162/250/242 187/251/243 188/252/244
f 154/200/245 172/253/246 179/254/245
f 147/195/247 171/193/189 173/255/248
f 162/256/249 189/257/249 163/258/249
f 155/205/201 153/202/198 194/259/250
f 152/260/251 177/261/252 151/201/253
f 163/258/254 174/262/255 149/263/256
f 152/264/257 179/265/257 178/266/257
f 203/267/258 157/204/200 155/205/201
f 147/195/259 172/253/246 148/196/260
f 158/268/261 186/269/262 159/270/263
f 203/267/264 191/271/265 182/248/241
f 199/272/266 142/273/267 141/274/268
f 150/275/243 186/269/262 187/251/243
f 350/186/182 141/274/268 351/276/269
f 161/209/270 177/261/252 185/277/270
f 192/278/271 197/279/272 194/280/272
f 197/279/273 193/281/273 194/280/273
f 194/259/250 151/201/197 161/209/274
f 198/282/275 199/272/275 200/283/275
f 200/283/276 174/262/255 175/284/277
f 204/219/278 202/285/279 201/217/279
f 202/285/280 160/206/202 184/208/204
f 205/286/281 229/287/281 226/288/281
f 207/289/282 209/290/282 205/286/282
f 207/289/283 208/291/283 210/292/283
f 229/287/284 209/290/284 231/293/284
f 219/294/285 220/295/286 230/296/287
f 216/297/288 360/298/288 359/299/288
f 214/300/289 217/301/289 212/302/289
f 211/303/290 215/304/290 213/305/290
f 213/306/291 218/307/291 214/300/291
f 211/303/292 217/301/293 216/297/292
f 224/308/294 219/294/285 230/296/287
f 225/309/295 232/310/295 230/296/295
f 221/311/296 224/308/297 223/312/298
f 221/313/299 225/309/299 222/314/299
f 225/309/300 223/315/300 232/310/300
f 226/288/301 228/316/301 227/317/301
f 206/318/302 228/316/302 208/319/302
f 230/296/303 232/310/303 224/308/303
f 209/290/304 210/292/304 231/293/304
f 208/319/305 228/316/305 231/293/305
f 210/292/306 208/291/306 231/293/306
f 228/316/307 229/287/307 231/293/307
f 218/307/308 360/298/308 217/301/308
f 216/297/309 362/320/309 215/304/309
f 223/312/310 224/308/310 232/310/310
f 230/296/311 220/295/311 222/314/311
f 222/314/312 225/309/312 230/296/312
f 233/203/313 158/213/207 156/212/206
f 148/196/314 154/200/196 156/212/315
f 153/202/198 155/205/201 233/203/199
f 233/203/199 156/212/315 154/200/196
f 235/216/316 234/321/317 143/188/184
f 234/321/317 149/263/318 141/274/268
f 237/322/319 239/323/320 236/324/321
f 241/325/322 236/324/321 240/326/323
f 368/327/324 255/328/325 256/329/326
f 238/330/327 244/331/328 239/323/329
f 278/332/330 259/333/331 264/334/332
f 278/332/330 263/335/333 277/336/334
f 242/337/335 276/338/336 246/339/337
f 274/340/338 244/331/328 275/341/339
f 245/342/340 247/343/341 248/344/342
f 250/345/343 252/346/344 249/347/345
f 249/347/345 254/348/346 253/349/347
f 253/349/347 256/350/348 255/351/349
f 250/345/343 258/352/350 251/353/351
f 260/354/352 250/345/343 259/355/353
f 263/356/354 255/351/349 262/357/355
f 264/358/356 253/349/347 263/356/354
f 264/358/356 250/345/343 249/347/345
f 258/352/350 265/359/357 266/360/358
f 245/342/359 251/361/360 258/362/361
f 237/322/362 251/361/360 238/330/360
f 247/343/363 258/362/361 266/363/364
f 241/325/365 252/364/362 237/322/362
f 247/343/366 265/365/366 248/344/366
f 368/327/367 241/325/322 240/326/323
f 248/344/368 261/366/369 243/367/370
f 268/368/371 261/369/372 257/370/373
f 279/371/374 239/323/320 274/340/375
f 246/339/376 255/328/325 242/337/377
f 271/372/378 267/373/379 260/374/380
f 277/336/334 262/375/381 246/339/382
f 240/326/323 279/371/374 276/338/336
f 270/376/383 261/366/369 268/377/384
f 244/331/328 243/367/385 270/376/386
f 270/376/387 272/378/388 271/372/389
f 268/377/390 272/378/391 269/379/392
f 273/380/393 274/340/394 275/341/395
f 276/338/396 277/336/397 246/339/398
f 278/332/399 274/340/394 273/380/393
f 276/338/396 278/332/399 277/336/397
f 273/380/400 260/374/380 259/333/331
f 286/381/401 287/382/401 297/383/401
f 283/384/402 286/381/402 281/385/402
f 282/386/403 285/387/403 284/388/404
f 282/389/405 287/382/405 283/384/405
f 280/390/406 286/381/406 285/387/406
f 294/391/407 296/392/407 295/393/407
f 288/394/408 292/395/408 290/396/408
f 291/397/409 292/395/409 294/398/409
f 292/395/410 293/399/410 296/392/410
f 295/393/411 296/392/412 293/399/411
f 284/388/413 285/387/413 297/383/413
f 287/382/414 284/400/414 297/383/414
f 285/387/415 286/381/415 297/383/415
f 294/398/416 292/395/416 296/392/416
f 295/393/417 289/401/417 291/402/417
f 291/402/417 294/391/417 295/393/417
f 309/403/418 357/404/419 358/405/419
f 300/406/420 347/407/421 346/408/422
f 301/409/423 304/410/424 302/411/425
f 302/411/425 320/412/426 321/413/426
f 346/408/427 302/411/425 305/414/428
f 324/415/429 316/416/429 307/417/430
f 310/418/46 309/403/418 308/419/431
f 312/420/432 311/421/433 310/418/46
f 314/422/434 308/419/431 315/423/435
f 315/423/435 307/424/436 316/425/437
f 303/426/438 311/427/439 313/428/440
f 348/429/441 356/430/442 299/431/443
f 306/432/444 314/433/445 315/434/446
f 321/413/447 317/435/448 314/433/445
f 344/436/449 309/437/450 311/427/439
f 298/438/451 348/429/441 300/406/420
f 303/426/452 312/439/453 304/410/454
f 318/440/455 312/420/432 310/418/46
f 325/441/456 345/442/457 306/432/458
f 320/412/459 312/439/453 318/443/459
f 321/413/460 319/444/461 322/445/462
f 318/443/463 322/445/464 319/444/465
f 323/446/466 324/415/466 325/441/466
f 325/441/467 315/434/446 316/447/468
f 333/448/469 330/449/469 342/450/469
f 329/451/470 332/452/470 327/453/470
f 326/454/471 330/455/471 328/456/471
f 329/451/472 330/449/472 333/448/472
f 327/453/473 331/457/473 326/454/473
f 340/458/474 341/459/474 343/460/474
f 335/461/475 341/459/475 340/458/475
f 336/462/476 339/463/476 338/464/476
f 337/465/477 338/464/477 341/466/477
f 335/461/478 339/463/478 334/467/478
f 338/464/479 339/463/479 343/460/479
f 331/457/480 332/452/480 342/450/480
f 332/452/481 333/448/481 342/450/481
f 330/455/482 331/457/482 342/450/482
f 341/466/483 338/464/483 343/460/483
f 339/463/484 340/458/484 343/460/484
f 346/408/422 345/442/485 300/406/420
f 347/407/486 301/409/423 302/411/425
f 300/406/420 324/415/487 298/438/451
f 356/430/488 309/437/450 299/431/489
f 347/407/421 299/431/443 344/436/490
f 349/189/491 350/186/492 351/276/493
f 352/468/494 353/191/495 354/192/496
f 353/191/495 350/186/492 349/189/491
f 351/276/497 167/199/195 166/469/498
f 357/470/499 355/471/499 358/472/499
f 355/471/500 307/417/430 358/472/500
f 360/298/501 362/473/501 359/474/501
f 215/475/502 361/476/502 218/307/503
f 364/477/504 366/174/505 363/172/504
f 112/154/506 364/478/506 363/172/507
f 143/188/184 159/214/208 235/216/316
f 234/321/317 141/274/268 143/188/184
f 150/215/209 162/256/508 235/216/210
f 162/256/508 163/258/509 235/216/210
f 163/258/509 149/263/510 235/216/210
f 149/263/510 234/321/511 235/216/210
f 367/479/512 368/327/512 369/480/512
f 367/479/513 256/481/514 254/482/515
f 378/483/14 386/484/14 370/485/14
f 410/486/516 435/487/517 411/488/517
f 373/489/518 398/490/519 374/491/519
f 388/492/520 413/493/521 389/494/521
f 381/495/522 406/496/523 382/497/523
f 398/490/519 375/498/524 374/491/519
f 389/494/521 414/499/525 390/500/525
f 382/497/523 407/501/526 383/502/527
f 399/503/528 376/504/529 375/498/524
f 414/499/525 391/505/530 390/500/525
f 383/502/527 408/506/531 384/507/531
f 376/508/529 401/509/532 377/510/532
f 415/511/530 392/512/533 391/505/530
f 384/507/531 409/513/534 385/514/534
f 401/509/532 378/515/535 377/510/532
f 416/516/533 393/517/536 392/512/533
f 395/518/537 371/519/538 370/520/537
f 385/514/534 410/521/539 386/522/539
f 378/515/535 403/523/540 379/524/540
f 417/525/536 370/520/537 393/517/536
f 394/526/538 372/527/541 371/519/538
f 386/522/539 411/528/542 387/529/542
f 379/524/540 404/530/543 380/531/543
f 396/532/541 373/489/518 372/527/541
f 411/528/542 388/533/520 387/529/542
f 380/531/543 405/534/544 381/495/522
f 403/535/545 428/536/546 404/537/546
f 420/538/547 397/539/548 396/540/547
f 411/488/517 436/541/549 412/542/549
f 404/537/546 429/543/550 405/544/550
f 681/545/551 397/539/548 680/546/552
f 436/541/549 413/547/553 412/542/549
f 405/544/550 430/548/554 406/549/554
f 398/550/555 684/551/556 399/552/557
f 674/553/558 461/554/9 677/555/559
f 406/549/554 431/556/560 407/557/560
f 684/551/556 424/558/561 400/559/561
f 413/547/553 675/560/562 414/561/563
f 407/557/560 432/562/564 408/563/564
f 400/559/561 425/564/565 401/565/565
f 408/563/564 433/566/566 409/567/566
f 401/565/565 426/568/567 402/569/567
f 438/570/568 417/571/569 416/572/570
f 419/573/571 394/574/572 395/575/571
f 409/567/566 434/576/516 410/486/516
f 402/569/567 427/577/545 403/535/545
f 439/578/569 395/575/571 417/571/569
f 418/579/572 396/540/547 394/574/572
f 432/580/573 455/581/10 433/582/10
f 425/583/574 448/584/575 426/585/575
f 438/586/576 463/587/577 439/588/577
f 419/589/3 440/590/578 418/591/578
f 433/582/10 456/592/79 434/593/79
f 426/585/575 449/594/15 427/595/15
f 439/588/577 441/596/3 419/589/3
f 418/591/578 442/597/579 420/598/579
f 434/593/79 457/599/580 435/600/580
f 427/595/15 450/601/581 428/602/581
f 421/603/16 442/597/579 443/604/16
f 435/600/580 458/605/2 436/606/2
f 428/602/581 451/607/582 429/608/582
f 685/609/583 443/604/16 444/610/39
f 436/611/2 459/612/584 437/613/585
f 429/608/582 452/614/1 430/615/1
f 423/616/586 444/610/39 445/617/586
f 675/560/562 415/618/587 414/561/563
f 430/615/1 453/619/588 431/620/588
f 423/616/586 446/621/17 424/622/17
f 677/555/559 462/623/589 438/586/576
f 431/620/588 454/624/573 432/580/573
f 424/625/17 447/626/574 425/583/574
f 676/627/590 416/572/570 415/618/587
f 671/628/591 474/629/591 672/630/591
f 473/631/592 468/632/592 470/633/592
f 470/634/593 467/635/593 469/636/593
f 471/637/594 464/638/594 465/639/594
f 468/632/595 475/640/595 467/635/595
f 672/641/17 466/642/17 465/643/17
f 472/644/596 467/635/596 475/640/596
f 479/645/3 494/646/597 486/647/598
f 485/648/599 492/649/600 484/650/599
f 483/651/601 490/652/602 482/653/601
f 481/654/603 488/655/604 480/656/16
f 486/647/605 493/657/606 485/648/605
f 484/658/607 491/659/608 483/651/607
f 482/653/609 489/660/610 481/654/609
f 480/656/16 487/661/611 479/645/3
f 493/657/606 502/662/612 501/663/613
f 491/659/608 500/664/614 499/665/614
f 489/660/610 498/666/615 497/667/616
f 487/661/611 496/668/617 495/669/618
f 494/646/597 495/669/618 502/662/619
f 492/649/600 501/663/620 500/670/621
f 490/652/602 499/665/622 498/666/623
f 488/655/604 497/667/624 496/668/617
f 626/671/625 620/672/626 627/673/627
f 634/674/628 615/675/629 635/676/630
f 579/677/631 619/678/632 581/679/633
f 637/680/634 612/681/635 626/671/634
f 604/682/636 624/683/637 606/684/638
f 580/685/639 608/686/640 621/687/641
f 577/688/642 616/689/643 609/690/644
f 629/691/645 622/692/646 631/693/647
f 518/694/648 503/695/1 510/696/607
f 516/697/649 509/698/605 508/699/605
f 514/700/650 507/701/651 506/702/651
f 512/703/652 505/704/609 504/705/15
f 517/706/653 510/696/599 509/698/599
f 515/707/654 508/708/598 507/701/598
f 513/709/655 506/702/603 505/704/603
f 511/710/656 504/705/15 503/695/1
f 517/706/653 526/711/657 518/694/658
f 515/707/654 524/712/659 516/713/660
f 513/709/655 522/714/661 514/700/662
f 511/710/656 520/715/663 512/703/652
f 518/694/648 519/716/664 511/710/656
f 516/697/649 525/717/665 517/706/666
f 514/700/650 523/718/667 515/707/668
f 512/703/652 521/719/669 513/709/670
f 628/720/671 603/721/672 605/722/673
f 602/723/674 638/724/675 599/725/676
f 601/726/677 636/727/678 602/723/679
f 638/724/680 600/728/681 599/725/682
f 625/729/683 605/730/684 600/728/685
f 606/684/638 633/731/686 601/726/677
f 630/732/687 604/682/688 603/721/689
f 582/733/690 609/690/644 608/686/640
f 635/676/691 618/734/692 637/680/693
f 580/685/694 613/735/695 579/677/696
f 627/736/697 614/737/698 629/691/699
f 576/738/700 617/739/701 575/740/702
f 575/740/703 616/689/704 578/741/705
f 581/742/706 611/743/707 576/738/708
f 631/693/709 607/744/710 623/745/711
f 542/746/712 527/747/3 534/748/651
f 540/749/713 533/750/609 532/751/609
f 538/752/714 531/753/607 530/754/607
f 536/755/715 529/756/605 528/757/9
f 541/758/716 534/748/603 533/750/603
f 539/759/717 532/751/601 531/760/601
f 537/761/718 530/754/599 529/756/599
f 535/762/719 528/757/9 527/747/3
f 541/758/716 550/763/720 542/746/721
f 539/759/717 548/764/722 540/749/723
f 537/761/718 546/765/724 538/752/725
f 535/762/719 544/766/726 536/755/715
f 542/746/712 543/767/727 535/762/719
f 540/749/713 549/768/728 541/758/729
f 538/752/714 547/769/730 539/770/731
f 536/755/715 545/771/732 537/761/733
f 651/772/734 664/773/735 666/774/736
f 647/775/737 659/776/738 662/777/739
f 642/778/740 670/779/741 658/780/742
f 653/781/743 666/774/744 668/782/745
f 649/783/746 662/777/747 664/784/748
f 645/785/749 655/786/750 659/776/751
f 670/779/752 653/781/753 668/782/754
f 598/787/755 656/788/756 657/789/757
f 551/790/1 566/791/758 558/792/601
f 557/793/603 564/794/759 556/795/603
f 555/796/598 562/797/760 554/798/598
f 553/799/599 560/800/761 552/801/10
f 558/792/609 565/802/762 557/793/609
f 556/795/651 563/803/763 555/804/651
f 554/798/605 561/805/764 553/799/605
f 552/801/10 559/806/765 551/790/1
f 565/802/762 574/807/766 573/808/767
f 563/803/763 572/809/768 571/810/769
f 561/805/764 570/811/770 569/812/771
f 559/806/765 568/813/772 567/814/773
f 566/791/758 567/814/773 574/807/774
f 564/794/759 573/808/775 572/809/776
f 562/797/760 571/815/777 570/811/778
f 560/800/761 569/812/779 568/813/772
f 597/816/780 663/817/781 592/818/782
f 596/819/783 657/789/757 669/820/784
f 595/821/785 665/822/786 597/816/787
f 592/823/788 661/824/789 591/825/790
f 593/826/791 660/827/792 656/788/756
f 591/825/793 660/827/794 594/828/795
f 596/819/796 667/829/797 595/821/798
f 643/830/799 658/780/742 655/786/750
f 654/831/800 588/832/801 587/833/802
f 652/834/803 587/833/804 589/835/805
f 650/836/806 589/835/807 584/837/808
f 648/838/809 584/839/810 583/840/811
f 586/841/812 648/838/813 583/840/814
f 585/842/815 646/843/816 586/841/817
f 590/844/818 644/845/819 585/842/815
f 501/663/820 581/679/633 500/670/820
f 502/662/619 582/733/690 580/685/639
f 495/669/618 577/688/642 582/733/690
f 498/666/615 578/741/705 497/667/616
f 500/664/821 576/738/708 499/665/822
f 501/663/613 580/685/694 579/677/696
f 497/667/823 577/688/642 496/668/824
f 499/665/622 575/740/702 498/666/623
f 548/764/825 587/833/804 549/768/825
f 550/763/826 590/844/818 543/767/727
f 543/767/727 585/842/815 544/766/827
f 586/841/812 546/765/724 545/771/828
f 584/837/808 548/764/829 547/846/829
f 549/768/830 588/832/801 550/763/720
f 585/842/815 545/771/831 544/766/827
f 583/840/811 547/769/730 546/765/832
f 573/808/833 597/816/787 572/809/833
f 574/807/774 598/787/755 596/819/783
f 567/814/773 593/826/791 598/787/755
f 569/812/771 591/825/793 594/828/795
f 572/809/768 592/818/782 571/810/769
f 573/808/767 596/819/796 595/821/798
f 568/813/834 594/828/835 593/826/791
f 571/815/777 591/825/790 570/811/778
f 524/847/836 603/721/672 525/717/836
f 526/711/837 606/684/638 519/716/664
f 519/716/664 601/726/677 520/715/838
f 602/723/674 522/714/661 521/719/839
f 600/728/685 524/712/840 523/718/840
f 525/717/841 604/682/688 526/711/657
f 601/726/677 521/719/842 520/715/838
f 599/725/682 523/718/667 522/714/843
f 610/848/844 608/686/640 609/690/644
f 615/675/845 617/739/846 618/734/692
f 628/849/847 626/671/625 627/673/627
f 630/732/848 627/736/697 629/691/699
f 632/850/849 629/691/645 631/693/647
f 632/850/850 623/745/711 624/683/637
f 635/676/630 633/731/686 634/674/628
f 637/680/693 636/727/851 635/676/691
f 625/729/852 637/680/852 626/671/852
f 624/683/637 634/674/628 633/731/686
f 615/675/629 609/690/644 616/689/643
f 618/734/853 611/743/854 612/681/635
f 612/681/855 619/851/856 620/672/626
f 620/852/857 613/735/858 614/737/698
f 622/692/646 613/735/695 621/687/859
f 607/744/710 621/687/641 608/686/640
f 623/745/711 610/848/844 634/674/628
f 641/853/860 643/830/799 644/845/819
f 644/845/819 645/785/749 646/843/816
f 646/843/861 647/775/737 648/838/813
f 650/854/862 647/775/863 649/783/863
f 652/834/864 649/855/865 651/772/734
f 654/831/866 651/772/867 653/781/743
f 661/824/868 659/776/738 660/827/794
f 663/856/869 662/777/747 661/824/789
f 665/822/870 664/773/735 663/817/781
f 667/829/871 666/774/744 665/822/786
f 667/829/797 670/779/752 668/782/754
f 669/820/784 658/780/742 670/779/741
f 639/857/872 642/778/740 641/853/860
f 639/857/873 653/781/753 640/858/874
f 659/776/751 656/788/756 660/827/792
f 655/786/750 657/789/757 656/788/756
f 588/832/875 641/853/860 590/844/818
f 671/628/876 672/630/876 673/859/876
f 673/859/877 476/860/877 671/628/877
f 674/861/878 675/560/879 437/862/880
f 676/627/881 677/863/882 438/570/883
f 676/627/881 674/861/878 677/863/882
f 674/553/558 459/612/584 460/864/884
f 683/865/885 423/866/886 684/551/556
f 683/865/887 684/551/888 682/867/889
f 682/867/890 684/551/891 681/545/892
f 681/545/892 679/868/893 682/867/890
f 679/868/894 683/865/887 682/867/889
f 683/865/885 678/869/552 422/870/555
f 680/546/895 685/871/896 679/868/893
f 679/868/894 685/871/897 678/869/898
f 704/872/26 696/873/26 688/874/26
f 726/875/899 751/876/900 750/877/899
f 690/878/901 713/879/902 689/880/902
f 705/881/903 728/882/904 704/883/904
f 697/884/905 722/885/906 721/886/907
f 691/887/908 714/888/901 690/878/901
f 706/889/909 729/890/903 705/881/903
f 698/891/906 723/892/910 722/885/906
f 692/504/911 715/893/912 691/887/908
f 707/894/913 730/499/909 706/889/909
f 699/895/914 724/896/915 723/892/910
f 693/510/916 716/897/911 692/898/911
f 708/512/917 731/899/913 707/894/913
f 700/900/915 725/901/918 724/896/915
f 693/510/916 718/902/919 717/509/916
f 709/903/920 732/904/917 708/512/917
f 687/519/921 711/905/922 686/906/922
f 701/907/918 726/908/923 725/901/918
f 694/909/919 719/910/924 718/902/919
f 686/906/922 733/911/920 709/903/920
f 688/912/925 710/913/921 687/519/921
f 702/914/923 727/915/926 726/908/923
f 695/916/924 720/917/927 719/910/924
f 689/880/902 712/532/925 688/912/925
f 703/918/926 728/919/904 727/915/926
f 696/920/927 721/886/907 720/917/927
f 719/921/928 744/922/929 743/923/928
f 713/924/930 736/925/931 712/926/931
f 727/927/900 752/928/932 751/876/900
f 720/929/929 745/930/933 744/922/929
f 940/931/934 713/924/930 941/932/935
f 729/933/936 752/928/932 728/934/932
f 721/935/933 746/936/937 745/930/933
f 714/937/938 944/938/939 941/932/935
f 461/939/9 934/940/558 937/941/559
f 722/942/937 747/943/940 746/936/937
f 740/944/941 739/945/942 944/938/939
f 729/933/936 935/946/943 753/947/944
f 723/948/940 748/949/945 747/943/940
f 716/950/941 741/951/946 740/944/941
f 724/952/945 749/953/947 748/949/945
f 717/565/946 742/954/948 741/951/946
f 733/955/949 754/956/950 732/957/951
f 710/958/952 735/959/953 711/575/953
f 725/960/947 750/877/899 749/953/947
f 718/961/948 743/923/928 742/954/948
f 711/575/953 755/962/949 733/955/949
f 712/926/931 734/963/952 710/958/952
f 455/581/10 748/964/573 749/965/10
f 448/966/575 741/967/574 742/968/575
f 463/969/577 754/586/576 755/588/577
f 440/970/578 735/589/3 734/591/578
f 456/592/79 749/965/10 750/971/79
f 449/972/15 742/968/575 743/973/15
f 441/974/3 755/588/577 735/589/3
f 442/975/579 734/591/578 736/598/579
f 457/599/580 750/971/79 751/976/580
f 450/977/581 743/973/15 744/978/581
f 737/603/16 442/975/579 736/598/579
f 458/605/2 751/976/580 752/979/2
f 451/980/582 744/978/581 745/981/582
f 444/982/39 443/983/16 945/984/583
f 459/985/584 752/611/2 753/613/585
f 452/986/1 745/981/582 746/987/1
f 739/616/586 444/982/39 738/988/39
f 731/989/954 935/946/943 730/990/955
f 453/991/588 746/987/1 747/992/588
f 446/993/17 739/616/586 740/622/17
f 462/994/589 937/941/559 754/586/576
f 454/995/573 747/992/588 748/964/573
f 447/996/574 740/997/17 741/967/574
f 732/957/951 936/998/956 731/989/954
f 932/630/591 766/999/591 931/1000/591
f 760/1001/592 765/631/592 762/1002/592
f 759/1003/957 762/1004/957 761/1005/957
f 756/638/594 763/637/594 757/1006/594
f 767/1007/958 760/1001/958 759/1003/958
f 757/1008/17 932/1009/17 933/859/17
f 764/644/596 759/1003/596 761/1010/596
f 778/1011/959 479/1012/3 486/1013/598
f 776/649/960 485/1014/599 484/1015/599
f 774/1016/961 483/1017/601 482/653/601
f 772/1018/962 481/654/603 480/1019/16
f 777/1020/963 486/1013/605 485/1014/605
f 775/1021/964 484/1022/607 483/1017/607
f 773/660/965 482/653/609 481/654/609
f 771/1023/966 480/1019/16 479/1012/3
f 777/1020/963 786/662/967 778/1011/968
f 775/1021/964 784/1024/969 776/1025/970
f 773/660/965 782/1026/971 774/1016/972
f 771/1023/966 780/1027/973 772/1018/962
f 778/1011/959 779/1028/974 771/1023/966
f 776/649/960 785/663/975 777/1020/976
f 774/1016/961 783/665/977 775/1021/978
f 772/1018/962 781/1029/979 773/660/980
f 880/672/981 886/671/982 887/1030/983
f 875/1031/984 894/1032/985 895/1033/986
f 879/678/987 839/1034/988 841/1035/989
f 872/1036/990 897/1037/991 886/671/991
f 864/1038/992 884/1039/993 892/1040/994
f 840/1041/995 868/1042/996 842/1043/997
f 837/1044/998 876/1045/999 838/1046/1000
f 882/692/1001 889/1047/1002 891/693/1003
f 503/1048/1 794/1049/1004 510/1050/607
f 509/1051/605 792/697/1005 508/699/605
f 507/1052/651 790/1053/1006 506/1054/651
f 505/1055/609 788/1056/1007 504/1057/15
f 510/1050/599 793/1058/1008 509/1051/599
f 508/1059/598 791/1060/1009 507/1052/598
f 506/1054/603 789/709/1010 505/1055/603
f 504/1057/15 787/1061/1011 503/1048/1
f 793/1058/1008 802/1062/1012 801/1063/1013
f 791/1060/1009 800/1064/1014 799/1065/1015
f 789/709/1010 798/1066/1016 797/1067/1017
f 787/1061/1011 796/715/1018 795/1068/1019
f 794/1049/1004 795/1068/1019 802/1062/1020
f 792/697/1005 801/1063/1021 800/847/1022
f 790/1053/1006 799/1065/1023 798/1066/1024
f 788/1056/1007 797/1067/1025 796/715/1018
f 863/1069/1026 888/1070/1027 865/722/1028
f 862/1071/1029 898/1072/1030 896/1073/1031
f 861/1074/1032 896/1073/1033 893/1075/1034
f 860/728/1035 898/1072/1036 859/725/1037
f 865/1076/1038 885/1077/1039 860/728/1040
f 866/1078/1041 893/1075/1034 884/1039/993
f 864/1038/1042 890/1079/1043 863/1069/1044
f 842/1043/997 869/1080/1045 837/1044/998
f 878/734/1046 895/1033/1047 897/1037/1048
f 873/1081/1049 840/1041/1050 839/1034/1051
f 874/1082/1052 887/1083/1053 889/1047/1054
f 877/1084/1055 836/1085/1056 835/740/1057
f 876/1045/1058 835/740/1059 838/1046/1060
f 871/1086/1061 841/1087/1062 836/1085/1063
f 867/1088/1064 891/693/1065 883/1089/1066
f 527/747/3 810/1090/1067 534/1091/651
f 533/750/609 808/749/1068 532/751/609
f 531/1092/607 806/752/1069 530/1093/607
f 529/1094/605 804/755/1070 528/1095/9
f 534/1091/603 809/758/1071 533/750/603
f 532/751/601 807/759/1072 531/760/601
f 530/1093/599 805/1096/1073 529/1094/599
f 528/1095/9 803/1097/1074 527/747/3
f 809/758/1071 818/1098/1075 817/1099/1076
f 807/759/1072 816/1100/1077 815/1101/1077
f 805/1096/1073 814/1102/1078 813/1103/1079
f 803/1097/1074 812/1104/1080 811/1105/1081
f 810/1090/1067 811/1105/1081 818/1098/1082
f 808/749/1068 817/1099/1083 816/1100/1084
f 806/752/1069 815/769/1085 814/1102/1086
f 804/755/1070 813/1103/1087 812/1104/1080
f 924/1106/1088 911/1107/1089 926/1108/1090
f 919/776/1091 907/775/1092 922/1109/1093
f 930/1110/1094 902/778/1095 918/1111/1096
f 926/1108/1097 913/1112/1098 928/782/1099
f 924/1113/1100 907/775/1101 909/783/1101
f 919/776/1102 903/830/1103 905/1114/1104
f 928/782/1105 900/858/1106 930/1110/1107
f 858/1115/1108 916/1116/1109 853/1117/1110
f 826/1118/1111 551/1119/1 558/1120/601
f 824/1121/1112 557/1122/603 556/1123/603
f 822/1124/1113 555/796/598 554/798/598
f 820/1125/1114 553/1126/599 552/1127/10
f 825/1128/1115 558/1120/609 557/1122/609
f 823/1129/1116 556/1123/651 555/1130/651
f 821/1131/1117 554/798/605 553/1126/605
f 819/1132/1118 552/1127/10 551/1119/1
f 825/1128/1115 834/1133/1119 826/1118/1120
f 823/1129/1116 832/1134/1121 824/1121/1122
f 821/1131/1117 830/1135/1123 822/1124/1124
f 819/1132/1118 828/813/1125 820/1125/1114
f 826/1118/1111 827/814/1126 819/1132/1118
f 824/1121/1112 833/808/1127 825/1128/1128
f 822/1124/1113 831/1136/1129 823/1137/1130
f 820/1125/1114 829/1138/1131 821/1131/1132
f 923/1139/1133 857/1140/1134 852/1141/1135
f 856/1142/1136 917/1143/1137 858/1115/1108
f 925/1144/1138 855/1145/1139 857/1140/1140
f 921/1146/1141 852/1147/1142 851/1148/1143
f 853/1117/1110 920/827/1144 854/1149/1145
f 920/827/1146 851/1148/1147 854/1149/1148
f 927/829/1149 856/1142/1150 855/1145/1151
f 918/1111/1096 903/830/1103 915/1150/1152
f 848/1151/1153 914/1152/1154 847/1153/1155
f 847/1153/1156 912/1154/1157 849/835/1158
f 849/835/1159 910/1155/1160 844/1156/1161
f 844/1157/1162 908/1158/1163 843/840/1164
f 846/1159/1165 908/1158/1166 906/1160/1167
f 845/1161/1168 906/1160/1169 904/1162/1170
f 850/1163/1171 904/1162/1170 901/1164/1172
f 841/1035/989 785/663/1173 784/1165/1173
f 786/662/1174 842/1043/997 779/1028/974
f 779/1028/974 837/1044/998 780/1027/1175
f 838/1046/1060 782/1026/971 781/1029/1176
f 836/1085/1063 784/1024/1177 783/665/1177
f 785/663/1178 840/1041/1050 786/662/967
f 837/1044/998 781/1029/1179 780/1027/1175
f 835/740/1057 783/665/977 782/1026/1180
f 816/1100/1181 847/1153/1156 849/835/1158
f 818/1098/1082 850/1163/1171 848/1151/1182
f 811/1105/1081 845/1161/1168 850/1163/1171
f 814/1102/1078 846/1159/1165 813/1103/1079
f 816/1100/1183 844/1156/1161 815/1101/1183
f 817/1099/1076 848/1151/1153 847/1153/1155
f 813/1103/1184 845/1161/1168 812/1104/1185
f 815/769/1085 843/840/1164 814/1102/1086
f 857/1140/1140 833/808/1186 832/1134/1186
f 834/1133/1187 858/1115/1108 827/814/1126
f 827/814/1126 853/1117/1110 828/813/1188
f 829/1138/1189 851/1148/1147 830/1135/1123
f 852/1141/1135 832/1134/1121 831/1166/1190
f 833/808/1191 856/1142/1150 834/1133/1119
f 828/813/1188 854/1149/1145 829/1138/1192
f 851/1148/1143 831/1136/1129 830/1135/1193
f 800/847/1194 863/1069/1026 865/722/1028
f 802/1062/1020 866/1078/1041 864/1038/992
f 795/1068/1019 861/1074/1032 866/1078/1041
f 798/1066/1016 862/1071/1029 797/1067/1017
f 800/1064/1195 860/728/1040 799/1065/1195
f 801/1063/1013 864/1038/1042 863/1069/1044
f 797/1067/1196 861/1074/1032 796/715/1197
f 799/1065/1023 859/725/1037 798/1066/1024
f 870/1167/1198 868/1042/996 867/1088/1064
f 877/1084/1199 875/1031/1200 878/734/1046
f 888/1168/1201 886/671/982 885/1077/1039
f 890/1079/1202 887/1083/1053 888/1070/1027
f 892/1040/1203 889/1047/1002 890/1079/1043
f 883/1089/1066 892/1040/994 884/1039/993
f 893/1075/1034 895/1033/986 894/1032/985
f 896/1073/1031 897/1037/1048 895/1033/1047
f 885/1077/1204 897/1037/1205 898/1072/1205
f 894/1032/985 884/1039/993 893/1075/1034
f 875/1031/984 869/1080/1045 870/1167/1198
f 871/1086/1206 878/734/1207 872/1036/990
f 879/1169/1208 872/1036/1209 880/672/981
f 873/1081/1210 880/852/1211 874/1082/1052
f 882/692/1001 873/1081/1049 874/1082/1212
f 867/1088/1064 881/1170/1213 882/692/1214
f 870/1167/1198 883/1089/1066 894/1032/985
f 903/830/1103 901/1164/1172 904/1162/1170
f 905/1114/1104 904/1162/1170 906/1160/1169
f 907/775/1092 906/1160/1167 908/1158/1166
f 910/1171/1215 907/775/1216 908/1158/1163
f 912/1154/1217 909/855/1218 910/1155/1160
f 914/1152/1219 911/1107/1220 912/1154/1157
f 919/776/1091 921/1146/1221 920/827/1146
f 922/1109/1222 923/1172/1223 921/1146/1141
f 924/1106/1088 925/1144/1224 923/1139/1133
f 926/1108/1097 927/829/1225 925/1144/1138
f 927/829/1149 930/1110/1107 929/1173/1226
f 929/1173/1227 918/1111/1096 917/1143/1137
f 902/778/1095 899/857/1228 901/1164/1172
f 899/857/1229 913/1112/1230 914/1152/1154
f 919/776/1102 916/1116/1109 915/1150/1152
f 915/1150/1152 917/1143/1137 918/1111/1096
f 848/1151/1182 901/1164/1172 899/857/1228
f 931/1000/1231 933/859/1231 932/630/1231
f 931/1000/1232 768/1174/1232 933/859/1232
f 934/1175/1233 753/947/1234 935/946/1235
f 936/998/1236 754/956/1237 937/1176/1238
f 936/998/1236 934/1175/1233 935/946/1235
f 934/940/558 459/985/584 753/613/585
f 739/945/942 943/1177/1239 944/938/939
f 943/1177/1240 942/1178/1241 944/938/1242
f 942/1178/1243 941/932/1244 944/938/1245
f 941/932/1244 939/1179/1246 940/931/1247
f 943/1177/1240 939/1179/1248 942/1178/1241
f 943/1177/1239 738/1180/938 938/1181/934
f 940/931/1247 939/1179/1246 945/1182/1249
f 939/1179/1248 938/1181/1250 945/1182/1251
f 960/1183/1252 947/1184/1253 958/1185/1253
f 963/1186/1254 946/1187/1255 948/1188/1256
f 948/1188/1256 953/1189/1257 963/1186/1254
f 961/1190/1258 952/1191/1259 954/1192/1259
f 950/1193/1260 959/1194/1261 951/1195/1261
f 962/1196/1258 957/1197/1262 956/1198/1262
f 952/1191/1263 963/1186/1264 953/1189/1263
f 954/1192/1265 960/1183/1266 961/1190/1267
f 961/1190/1267 958/1185/1268 957/1197/1268
f 963/1186/1269 956/1198/1270 955/1199/1270
f 970/1200/1271 947/1184/1253 950/1193/1260
f 946/1187/1255 974/1201/1272 948/1188/1256
f 972/1202/1257 948/1188/1256 974/1201/1272
f 971/1203/1273 973/1204/1274 975/1205/1275
f 950/1193/1260 964/1206/1261 970/1200/1271
f 975/1205/1275 968/1207/1276 971/1203/1273
f 973/1204/1277 974/1201/1278 975/1205/1279
f 970/1200/1280 965/1208/1281 971/1209/1282
f 969/1210/1283 971/1209/1282 968/1211/1283
f 967/1212/1284 974/1201/1278 966/1213/1284
f 1037/1214/1285 984/1215/1285 989/1216/1285
f 982/1217/17 985/1218/17 977/1219/17
f 981/1220/1286 979/1221/1286 980/1222/1286
f 981/1220/1287 983/1223/1287 978/1224/1287
f 980/1222/1288 976/1225/1288 1036/1226/1288
f 986/1227/1289 982/1228/1289 983/1223/1289
f 984/1215/1290 988/1229/1290 989/1216/1290
f 1036/1230/2 987/1231/2 981/1220/2
f 982/1228/1291 988/1229/1291 985/1232/1291
f 1004/1233/1292 991/1234/1293 1002/1235/1293
f 1007/1236/1294 990/1237/1295 992/1238/1296
f 992/1238/1296 997/1239/1297 1007/1236/1294
f 1005/1240/1298 996/1241/1299 998/1242/1299
f 994/1243/1300 1003/1244/1301 995/1245/1301
f 1006/1246/1298 1001/1247/1302 1000/1248/1302
f 996/1241/1303 1007/1236/1304 997/1239/1303
f 998/1242/1305 1004/1233/1306 1005/1240/1307
f 1005/1240/1307 1002/1235/1308 1001/1247/1309
f 1007/1236/1304 1000/1248/1310 999/1249/1310
f 1014/1250/1311 991/1234/1293 994/1243/1300
f 990/1237/1295 1018/1251/1312 992/1238/1296
f 1016/1252/1297 992/1238/1296 1018/1251/1312
f 1015/1253/1313 1017/1254/1314 1019/1255/1315
f 994/1243/1300 1008/1256/1301 1014/1250/1311
f 1019/1255/1315 1012/1257/1316 1015/1253/1313
f 1017/1254/1317 1018/1251/1318 1019/1255/1319
f 1014/1250/1320 1009/1258/1321 1015/1259/1322
f 1012/1260/1323 1014/1250/1320 1015/1259/1322
f 1011/1261/1324 1018/1251/1318 1010/1262/1324
f 1027/1263/1325 1021/1264/1325 1024/1265/1325
f 1034/1266/1 1022/1267/1 1028/1268/1
f 1025/1269/1326 1021/1264/1326 1020/1270/1326
f 1023/1271/1327 1027/1263/1327 1026/1272/1328
f 1029/1273/1329 1033/1274/1329 1034/1275/1329
f 1031/1276/1330 1023/1271/1330 1026/1272/1330
f 1031/1276/1331 1029/1273/1331 1028/1268/1331
f 1027/1277/3 1024/1278/3 1032/1279/3
f 1032/1280/1332 1020/1270/1332 1035/1281/1332
f 1781/638/594 1788/637/594 1782/639/594
f 1784/635/957 1787/634/957 1786/636/957
f 1785/632/592 1790/631/592 1787/633/592
f 1988/628/591 1989/630/591 1791/629/591
f 1055/572/951 1993/627/956 1056/618/954
f 1764/626/574 1047/625/17 1046/583/574
f 1771/624/573 1040/620/588 1039/580/573
f 1779/623/589 1994/555/559 1755/586/576
f 1763/621/17 1048/616/586 1047/622/17
f 1770/619/588 1041/615/1 1040/620/588
f 1056/618/954 1992/560/943 1057/561/955
f 1048/616/586 1761/610/39 1049/988/39
f 1769/614/1 1042/608/582 1041/615/1
f 1776/612/584 1753/611/2 1754/613/585
f 2002/609/583 1761/610/39 1760/604/16
f 1768/607/582 1043/602/581 1042/608/582
f 1775/605/2 1752/600/580 1753/606/2
f 1050/603/16 1759/597/579 1051/598/579
f 1084/1282/1333 1071/1283/1334 1082/1284/1334
f 1087/1186/1335 1070/1285/1336 1072/1286/1337
f 1072/1286/1337 1077/1189/1338 1087/1186/1335
f 1085/1287/1339 1076/1288/1340 1078/1289/1340
f 1074/1290/1341 1083/1291/1342 1075/1292/1342
f 1086/1293/1339 1081/1197/1343 1080/1294/1343
f 1076/1288/1344 1087/1186/1345 1077/1189/1344
f 1078/1289/1346 1084/1282/1347 1085/1287/1348
f 1085/1287/1348 1082/1284/1349 1081/1197/1349
f 1087/1186/1345 1080/1294/1350 1079/1295/1350
f 1094/1296/1351 1071/1283/1334 1074/1290/1341
f 1070/1285/1336 1098/1297/1352 1072/1286/1337
f 1096/1298/1338 1072/1286/1337 1098/1297/1352
f 1095/1299/1353 1097/1300/1354 1099/1301/1355
f 1074/1290/1341 1088/1302/1342 1094/1296/1351
f 1099/1301/1355 1092/1303/1356 1095/1299/1353
f 1097/1300/1357 1098/1297/1358 1099/1301/1359
f 1094/1296/1360 1089/1304/1361 1095/1305/1362
f 1092/1306/1363 1094/1296/1360 1095/1305/1362
f 1091/1307/1364 1098/1297/1358 1090/1308/1364
f 1101/1309/1365 1113/1216/1365 1161/1310/1365
f 1106/1311/2 1109/1218/2 1101/1312/2
f 1105/1313/1366 1103/1314/1366 1104/1222/1366
f 1105/1313/1367 1107/1315/1367 1102/1316/1367
f 1104/1222/1368 1100/1317/1368 1160/1318/1368
f 1110/1227/1369 1106/1319/1369 1107/1315/1369
f 1108/1215/1370 1112/1320/1370 1113/1216/1370
f 1160/1321/17 1111/1231/17 1105/1313/17
f 1109/1232/1371 1111/1322/1371 1112/1320/1371
f 1128/1323/1372 1115/1324/1373 1126/1325/1373
f 1131/1326/1374 1114/1237/1375 1116/1327/1376
f 1116/1327/1376 1121/1239/1377 1131/1326/1374
f 1129/1328/1378 1120/1329/1379 1122/1242/1379
f 1118/1330/1380 1127/1244/1381 1119/1245/1381
f 1130/1246/1378 1125/1331/1382 1124/1248/1382
f 1120/1329/1383 1131/1326/1384 1121/1239/1383
f 1122/1242/1385 1128/1323/1386 1129/1328/1387
f 1129/1328/1387 1126/1325/1388 1125/1331/1388
f 1123/1249/1389 1130/1246/1390 1124/1248/1389
f 1138/1250/1391 1115/1324/1373 1118/1330/1380
f 1114/1237/1375 1142/1332/1392 1116/1327/1376
f 1140/1252/1377 1116/1327/1376 1142/1332/1392
f 1139/1253/1393 1141/1333/1394 1143/1255/1395
f 1118/1330/1380 1132/1256/1381 1138/1250/1391
f 1143/1255/1395 1136/1334/1396 1139/1253/1393
f 1141/1333/1397 1142/1332/1398 1143/1255/1399
f 1138/1250/1400 1133/1258/1401 1139/1259/1402
f 1136/1335/1403 1138/1250/1400 1139/1259/1402
f 1135/1261/1404 1142/1332/1398 1134/1262/1404
f 1148/1265/1405 1146/1336/1405 1145/1264/1405
f 1158/1266/3 1146/1267/3 1152/1337/3
f 1149/1338/1406 1145/1264/1406 1144/1339/1406
f 1147/1271/1407 1151/1340/1407 1150/1272/1407
f 1153/1273/1408 1157/1274/1408 1158/1341/1408
f 1155/1342/1409 1147/1271/1409 1150/1272/1409
f 1155/1342/1410 1153/1273/1410 1152/1337/1410
f 1151/1343/1 1148/1278/1 1156/1344/1
f 1156/1345/1411 1144/1339/1411 1159/1281/1411
f 1170/1346/1412 1183/1347/1413 1185/1348/74
f 1163/1349/1414 1165/1350/1415 1162/1351/1416
f 1215/1352/1417 1213/1353/1418 1195/1354/1419
f 1168/1355/1420 1170/1346/1412 1167/1356/1421
f 1185/1348/74 1184/1357/1422 1173/1358/1423
f 1172/1359/1423 1175/1360/1424 1174/1361/1424
f 1174/1361/1424 1177/1362/1425 1176/1363/1425
f 1178/1364/1426 1218/1365/1427 1180/1366/1428
f 1182/1367/1429 1217/1368/1430 1220/1369/1429
f 1219/1370/1431 1211/1371/1432 1213/1353/1418
f 1163/1349/1414 1214/1372/1433 1164/1373/1434
f 1168/1355/1420 1165/1350/1415 1169/1374/1420
f 1205/1375/1435 1202/1376/1436 1204/1377/1435
f 1213/1378/1437 1210/1379/1438 1212/1380/1439
f 1198/1381/1440 1192/1382/1441 1191/1383/1442
f 1182/1367/1443 1210/1384/1444 1181/1385/1445
f 1165/1350/1446 1193/1386/1447 1192/1387/1448
f 1163/1349/1449 1196/1388/1450 1166/1389/1451
f 1166/1389/1451 1212/1390/1452 1182/1367/1443
f 1215/1352/1417 1193/1386/1447 1164/1373/1453
f 1216/1391/1454 1207/1392/1455 1211/1371/1432
f 1168/1355/1456 1191/1393/1457 1162/1351/1458
f 1168/1355/1456 1190/1394/1459 1198/1395/1460
f 1169/1374/1461 1192/1387/1448 1197/1396/1462
f 1185/1397/1463 1188/1398/1463 1187/1399/1463
f 1170/1346/1464 1197/1396/1462 1189/1400/1465
f 1185/1397/1466 1201/1401/1466 1184/1402/1466
f 1170/1346/1464 1188/1403/1467 1183/1347/1468
f 1171/1404/1469 1190/1394/1459 1167/1356/1470
f 1173/1358/1471 1201/1405/1472 1200/1406/1473
f 1172/1359/1474 1186/1407/1475 1171/1404/1469
f 1174/1361/1476 1199/1408/1477 1172/1359/1474
f 1175/1360/1478 1200/1406/1473 1203/1409/1479
f 1176/1363/1480 1202/1410/1481 1174/1361/1476
f 1177/1362/1482 1203/1409/1479 1205/1411/1482
f 1180/1366/1483 1209/1412/1484 1178/1364/1484
f 1179/1413/1485 1207/1392/1455 1218/1365/1486
f 1180/1366/1483 1210/1384/1444 1206/1414/1487
f 1180/1366/1428 1217/1368/1430 1181/1385/1488
f 1162/1351/1458 1194/1415/1489 1163/1349/1449
f 1214/1372/1490 1215/1352/1491 1164/1373/1492
f 1216/1391/1493 1217/1368/1494 1218/1365/1495
f 1220/1369/1496 1216/1391/1493 1219/1370/1497
f 1214/1372/1490 1219/1370/1497 1215/1352/1491
f 1166/1389/1498 1220/1369/1429 1214/1372/1433
f 1196/1416/1499 1213/1378/1437 1212/1380/1439
f 1209/1417/1500 1207/1418/1501 1208/1419/1502
f 1190/1420/1503 1186/1421/1504 1187/1422/1504
f 1191/1383/1442 1193/1423/1505 1194/1424/1505
f 1196/1416/1499 1193/1423/1505 1195/1425/1499
f 1210/1379/1438 1207/1418/1501 1206/1426/1506
f 1198/1381/1440 1189/1427/1507 1197/1428/1508
f 1187/1422/1504 1186/1421/1504 1199/1429/30
f 1203/1430/1436 1199/1429/30 1202/1376/1436
f 1244/1431/1509 1229/1346/1510 1226/1356/1511
f 1224/1350/1512 1222/1432/1513 1221/1433/1514
f 1274/1434/1515 1272/1435/1516 1278/1436/1517
f 1229/1346/1510 1227/1355/1518 1226/1356/1511
f 1232/1358/89 1243/1437/1519 1244/1431/1509
f 1234/1360/88 1231/1359/89 1233/1361/88
f 1236/1362/1520 1233/1361/88 1235/1438/1520
f 1277/1439/1521 1237/1440/1522 1239/1441/1523
f 1241/1442/1524 1276/1443/1525 1240/1385/1526
f 1278/1436/1517 1270/1444/1527 1275/1445/1528
f 1222/1432/1513 1273/1446/1529 1225/1447/1530
f 1227/1355/1518 1224/1350/1512 1221/1433/1514
f 1263/1377/1531 1262/1430/1532 1264/1375/1531
f 1269/1379/1533 1272/1378/1534 1271/1380/1535
f 1257/1448/1536 1251/1382/1537 1256/1428/1538
f 1269/1449/1539 1241/1442/1540 1240/1385/1541
f 1224/1350/1542 1252/1450/1543 1223/1451/1544
f 1255/1452/1545 1222/1432/1546 1225/1447/1547
f 1271/1453/1548 1225/1447/1547 1241/1442/1540
f 1252/1450/1543 1274/1434/1515 1223/1451/1544
f 1275/1445/1528 1266/1454/1549 1277/1439/1550
f 1250/1455/1551 1227/1355/1552 1221/1433/1553
f 1227/1355/1552 1249/1456/1554 1226/1356/1555
f 1228/1457/1556 1251/1458/1557 1224/1350/1542
f 1244/1459/1558 1247/1460/1558 1242/1461/1558
f 1229/1346/1559 1256/1462/1560 1228/1457/1556
f 1260/1463/1561 1244/1459/1561 1243/1464/1561
f 1247/1465/1562 1229/1346/1559 1242/1347/1563
f 1249/1456/1554 1230/1466/1564 1226/1356/1555
f 1232/1358/1565 1260/1467/1566 1243/1437/1567
f 1245/1468/1568 1231/1359/1569 1230/1466/1564
f 1258/1469/1570 1233/1361/1571 1231/1359/1569
f 1234/1360/1572 1259/1470/1573 1232/1358/1565
f 1261/1410/1574 1235/1438/1575 1233/1361/1571
f 1236/1362/1576 1262/1409/1577 1234/1360/1572
f 1268/1471/1578 1239/1441/1579 1237/1440/1578
f 1266/1454/1549 1238/1472/1580 1277/1439/1550
f 1239/1441/1579 1269/1449/1539 1240/1385/1541
f 1276/1443/1525 1239/1441/1523 1240/1385/1526
f 1253/1415/1581 1221/1433/1553 1222/1432/1546
f 1273/1446/1582 1223/1451/1583 1274/1434/1584
f 1275/1445/1585 1277/1439/1586 1276/1443/1587
f 1279/1473/1588 1275/1445/1585 1276/1443/1587
f 1273/1446/1582 1278/1436/1589 1279/1473/1588
f 1225/1447/1530 1279/1473/1524 1241/1442/1524
f 1272/1378/1534 1255/1416/1590 1271/1380/1535
f 1266/1474/1591 1268/1475/1592 1267/1476/1593
f 1246/1477/1594 1245/1421/1594 1249/1478/1595
f 1250/1383/1596 1252/1479/1597 1251/1382/1537
f 1252/1479/1597 1255/1416/1590 1254/1425/1590
f 1269/1379/1533 1266/1474/1591 1270/1480/1598
f 1248/1427/1599 1257/1448/1536 1256/1428/1538
f 1258/1429/1600 1246/1477/1594 1260/1481/96
f 1258/1429/1600 1262/1430/1532 1261/1376/1532
f 1299/1431/1601 1288/1346/1602 1285/1356/1603
f 1283/1350/1604 1281/1432/1605 1280/1433/1606
f 1325/1434/1607 1323/1435/1608 1329/1436/1609
f 1288/1346/1602 1286/1355/1610 1285/1356/1603
f 1291/1358/1611 1298/1437/1612 1299/1431/1601
f 1293/1360/1613 1290/1359/1611 1292/1361/1613
f 1177/1362/1425 1292/1361/1613 1176/1438/1425
f 1328/1439/1614 1178/1440/1426 1294/1441/1615
f 1296/1442/1594 1327/1443/1616 1295/1385/1617
f 1329/1436/1609 1321/1444/1618 1326/1445/1619
f 1281/1432/1605 1324/1446/1620 1284/1447/1621
f 1286/1355/1610 1283/1350/1604 1280/1433/1606
f 1316/1376/1622 1205/1375/1435 1204/1377/1435
f 1320/1379/1623 1323/1378/1624 1322/1380/1625
f 1312/1448/1626 1306/1382/1627 1311/1428/1628
f 1320/1449/1629 1296/1442/1630 1295/1385/1631
f 1283/1350/1632 1307/1450/1633 1282/1451/1634
f 1310/1452/1635 1281/1432/1636 1284/1447/1637
f 1322/1453/1638 1284/1447/1637 1296/1442/1630
f 1307/1450/1633 1325/1434/1607 1282/1451/1634
f 1326/1445/1619 1319/1454/1639 1328/1439/1640
f 1305/1455/1641 1286/1355/1642 1280/1433/1643
f 1286/1355/1642 1304/1456/1644 1285/1356/1645
f 1287/1457/1646 1306/1458/1647 1283/1350/1632
f 1299/1459/1648 1302/1460/1648 1297/1461/1648
f 1288/1346/1649 1311/1462/1650 1287/1457/1646
f 1315/1463/1651 1299/1459/1651 1298/1464/1651
f 1302/1465/1652 1288/1346/1649 1297/1347/1653
f 1304/1456/1644 1289/1466/1654 1285/1356/1645
f 1291/1358/1655 1315/1467/1656 1298/1437/1657
f 1300/1468/1658 1290/1359/1659 1289/1466/1654
f 1313/1469/1660 1292/1361/1661 1290/1359/1659
f 1293/1360/1662 1314/1470/1663 1291/1358/1655
f 1316/1410/1664 1176/1438/1480 1292/1361/1661
f 1177/1362/1482 1317/1409/1665 1293/1360/1662
f 1209/1471/1484 1294/1441/1666 1178/1440/1484
f 1319/1454/1639 1179/1472/1485 1328/1439/1640
f 1294/1441/1666 1320/1449/1629 1295/1385/1631
f 1327/1443/1616 1294/1441/1615 1295/1385/1617
f 1308/1415/1667 1280/1433/1643 1281/1432/1636
f 1324/1446/1668 1282/1451/1669 1325/1434/1670
f 1326/1445/1671 1328/1439/1672 1327/1443/1673
f 1330/1473/1674 1326/1445/1671 1327/1443/1673
f 1324/1446/1668 1329/1436/1675 1330/1473/1674
f 1284/1447/1621 1330/1473/1594 1296/1442/1594
f 1323/1378/1624 1310/1416/1676 1322/1380/1625
f 1319/1474/1677 1209/1475/1500 1208/1476/1502
f 1301/1477/1524 1300/1421/1524 1304/1478/1678
f 1305/1383/1679 1307/1479/1680 1306/1382/1627
f 1307/1479/1680 1310/1416/1676 1309/1425/1676
f 1320/1379/1623 1319/1474/1677 1321/1480/1681
f 1303/1427/1682 1312/1448/1626 1311/1428/1628
f 1313/1429/1683 1301/1477/1524 1315/1481/1684
f 1313/1429/1683 1317/1430/1622 1316/1376/1622
f 1339/1482/1685 1348/1483/238 1350/1431/239
f 1332/1484/1686 1334/1350/1687 1331/1433/1688
f 1376/1485/1689 1374/1486/1690 1360/1487/1691
f 1337/1488/1692 1339/1482/1685 1336/1489/1693
f 1350/1431/239 1349/1437/191 1342/1490/1694
f 1341/1359/1694 1344/1491/1695 1343/1492/1695
f 1343/1492/1695 1236/1493/1520 1235/1438/1520
f 1237/1440/1522 1379/1494/1696 1345/1441/1697
f 1347/1495/1504 1378/1443/1698 1381/1473/1504
f 1380/1496/1699 1372/1444/1700 1374/1486/1690
f 1332/1484/1686 1375/1446/1701 1333/1451/1702
f 1337/1488/1692 1334/1350/1687 1338/1497/1692
f 1263/1377/1531 1368/1430/1703 1367/1376/1703
f 1374/1378/1704 1371/1379/1705 1373/1498/1706
f 1363/1448/1707 1357/1499/1708 1356/1383/1709
f 1347/1495/1710 1371/1500/1711 1346/1385/1712
f 1334/1350/1713 1358/1450/1714 1357/1458/1715
f 1332/1484/1716 1361/1452/1717 1335/1447/1718
f 1335/1447/1718 1373/1501/1719 1347/1495/1710
f 1376/1485/1689 1358/1450/1714 1333/1451/1720
f 1377/1502/1721 1370/1454/1722 1372/1444/1700
f 1337/1488/1723 1356/1503/1724 1331/1433/1725
f 1337/1488/1723 1355/1456/1726 1363/1395/1727
f 1338/1497/1728 1357/1458/1715 1362/1504/1729
f 1350/1459/1730 1353/1505/1730 1352/1506/1730
f 1339/1482/1731 1362/1504/1729 1354/1507/1732
f 1350/1459/1733 1366/1463/1733 1349/1464/1733
f 1339/1482/1731 1353/1465/1734 1348/1483/1735
f 1340/1508/1736 1355/1456/1726 1336/1489/1737
f 1342/1490/1738 1366/1467/1739 1365/1509/1740
f 1341/1359/1741 1351/1510/1742 1340/1508/1736
f 1343/1492/1743 1364/1469/1744 1341/1359/1741
f 1344/1491/1745 1365/1509/1740 1368/1409/1746
f 1235/1438/1575 1367/1410/1747 1343/1492/1743
f 1236/1493/1576 1368/1409/1746 1264/1411/1576
f 1345/1441/1748 1268/1471/1578 1237/1440/1578
f 1238/1472/1580 1370/1454/1722 1379/1494/1749
f 1345/1441/1748 1371/1500/1711 1369/1511/1750
f 1345/1441/1697 1378/1443/1698 1346/1385/1751
f 1331/1433/1725 1359/1415/1752 1332/1484/1716
f 1375/1446/1753 1376/1485/1754 1333/1451/1755
f 1377/1502/1756 1378/1443/1757 1379/1494/1758
f 1381/1473/1759 1377/1502/1756 1380/1496/1760
f 1375/1446/1753 1380/1496/1760 1376/1485/1754
f 1335/1447/1761 1381/1473/1504 1375/1446/1701
f 1361/1416/1762 1374/1378/1704 1373/1498/1706
f 1268/1512/1592 1370/1474/1763 1267/1476/1593
f 1355/1478/1764 1351/1421/1429 1352/1477/1429
f 1356/1383/1709 1358/1479/1765 1359/1424/1765
f 1361/1416/1762 1358/1479/1765 1360/1425/1762
f 1371/1379/1705 1370/1474/1763 1369/1513/1766
f 1363/1448/1707 1354/1427/1767 1362/1428/1768
f 1352/1477/1429 1351/1421/1429 1364/1514/1769
f 1368/1430/1703 1364/1514/1769 1367/1376/1703
f 1446/1515/1770 1404/36/1771 1403/37/1772
f 1383/38/89 1385/39/1773 1384/40/77
f 1440/1516/1774 1410/1517/1775 1409/43/1776
f 1437/1518/1777 1406/1519/1778 1408/1520/1779
f 1393/47/79 1390/48/1780 1392/1521/1781
f 1394/1522/1782 1395/1523/1783 1488/1524/1784
f 1396/54/1785 1395/1523/1783 1394/1522/1782
f 1443/1525/1786 1419/56/1787 1420/1526/1788
f 1432/1527/1789 1423/1528/1790 1422/1529/1791
f 1398/61/1792 1396/54/1785 1431/62/1793
f 1436/63/1794 1424/1530/1795 1423/1528/1790
f 1429/1531/1796 1412/1532/1797 1425/1533/1798
f 1386/68/1799 1388/1534/1800 1389/70/1801
f 1391/71/1802 1486/72/1803 1389/70/1804
f 1384/40/77 1391/71/1802 1393/1535/79
f 1382/74/1805 1393/1535/79 1395/75/1806
f 1401/76/1807 1403/1536/1808 1404/1537/1809
f 1405/1538/1810 1403/1536/1808 1402/80/1811
f 1407/1539/1812 1406/82/1594 1405/1538/1810
f 1409/83/1813 1408/1540/1814 1407/1539/1812
f 1411/1541/32 1413/1542/1815 1414/87/39
f 1415/88/1816 1414/87/39 1416/1543/1817
f 1417/90/1818 1416/1543/1817 1418/1544/1819
f 1417/90/1818 1420/92/1820 1419/1545/1821
f 1422/94/1822 1419/1545/1821 1421/95/1823
f 1423/96/1436 1417/90/1818 1422/94/1822
f 1423/96/1436 1411/1541/32 1415/88/1816
f 1424/1546/30 1412/1547/1824 1411/1541/32
f 1427/1548/1825 1407/1539/1812 1426/1549/1826
f 1426/1549/1826 1405/1538/1810 1413/101/1815
f 1414/1550/39 1405/1538/1810 1402/80/1811
f 1416/103/1817 1402/80/1811 1401/76/1807
f 1391/1551/1827 1412/1532/1797 1390/48/1828
f 1385/39/1773 1487/105/1829 1486/72/1803
f 1392/1521/1781 1390/48/1780 1429/1531/1422
f 1442/1552/1830 1397/53/1831 1396/54/1785
f 1489/107/1832 1392/1521/1781 1400/1553/1833
f 1447/1554/1834 1383/38/89 1384/40/77
f 1388/1534/1835 1409/43/1776 1427/1555/1835
f 1395/75/1836 1401/111/1837 1382/74/1838
f 1388/1556/1839 1426/1557/1840 1389/1558/1841
f 1399/115/1842 1419/56/1787 1398/61/1843
f 1383/38/1844 1406/1519/1778 1439/116/1845
f 1397/1559/1846 1416/118/1847 1395/1560/1847
f 1389/1558/1841 1413/120/1848 1391/1561/1848
f 1433/1562/1849 1422/1529/1791 1421/123/1850
f 1441/124/1851 1408/1520/1779 1410/1563/1852
f 1428/126/1853 1429/1531/1853 1430/127/1853
f 1428/126/1854 1425/128/1855 1424/1530/1795
f 1431/62/1856 1432/1527/1857 1433/1562/1858
f 1434/1564/1859 1435/1565/1860 1436/63/1861
f 1431/62/1856 1434/1564/1859 1432/1527/1857
f 1396/54/1785 1435/1565/1862 1431/62/1793
f 1437/1518/1863 1438/131/1864 1439/116/1865
f 1437/1518/1863 1440/1516/1866 1438/131/1864
f 1438/131/1867 1387/132/1868 1386/68/1799
f 1442/1552/1869 1443/1525/1869 1444/1566/1869
f 1444/1567/1870 1420/1568/1871 1418/136/1872
f 1445/1569/1873 1446/1515/1873 1447/1554/1873
f 1447/1554/1874 1401/111/1837 1404/1570/1875
f 1455/1571/1876 1452/1572/1876 1483/1573/1876
f 1451/1574/1877 1454/1575/1877 1449/1576/1877
f 1450/1577/1878 1453/1578/1878 1452/1572/1878
f 1450/1577/1879 1455/1571/1879 1451/1574/1879
f 1449/1579/1880 1453/1578/1880 1448/1580/1880
f 1457/149/1881 1475/1581/1881 1456/1582/1881
f 1459/1583/1882 1460/1584/1882 1461/154/1882
f 1462/1585/1883 1480/1586/1883 1477/1587/1883
f 1464/1588/1884 1466/1589/1884 1462/1590/1884
f 1464/1588/1885 1465/1591/1885 1467/162/1885
f 1479/163/1886 1480/1586/1886 1484/1592/1886
f 1470/165/1887 1482/166/1887 1481/167/1887
f 1470/165/1888 1473/1593/1888 1472/1594/1888
f 1469/1595/1889 1473/1593/1889 1468/1596/1889
f 1712/1597/1890 1476/173/1891 1461/154/1891
f 1475/1581/1892 1715/174/1892 1714/1598/1892
f 1480/1586/1893 1478/1599/1893 1477/1587/1893
f 1478/1599/1894 1465/1591/1894 1463/161/1894
f 1472/1594/1895 1473/1593/1895 1485/178/1895
f 1469/179/1896 1481/167/1896 1474/1600/1896
f 1453/1578/1897 1454/1601/1897 1483/1573/1897
f 1454/1575/1898 1455/1571/1898 1483/1573/1898
f 1452/1572/1899 1453/1578/1899 1483/1573/1899
f 1475/1581/1900 1713/1602/1900 1460/1603/1900
f 1459/1583/1901 1461/154/1901 1476/173/1901
f 1476/173/1902 1457/149/1902 1459/1583/1902
f 1480/1586/1903 1466/184/1903 1484/1592/1903
f 1466/1589/1904 1467/162/1904 1484/1592/1904
f 1465/1591/1905 1479/163/1905 1484/1592/1905
f 1467/162/1906 1465/1591/1906 1484/1592/1906
f 1474/1600/1907 1481/167/1907 1485/178/1907
f 1473/1593/1908 1474/170/1908 1485/178/1908
f 1482/166/1909 1472/1594/1909 1485/178/1909
f 1481/167/1910 1482/166/1910 1485/178/1910
f 1460/1603/1911 1458/1604/1911 1475/1581/1911
f 1458/1604/1911 1456/1582/1911 1475/1581/1911
f 1487/105/1912 1438/131/1867 1386/68/1799
f 1389/70/1801 1486/72/1913 1386/68/1799
f 1488/1524/1914 1393/47/79 1392/1521/1781
f 1489/107/1915 1394/1522/1782 1488/1524/1784
f 1492/1605/1916 1701/1606/1917 1493/1607/1918
f 1698/189/1919 1518/190/1920 1702/1608/1921
f 1703/1609/1922 1518/190/1920 1520/1610/1923
f 1495/1611/1924 1496/1612/1684 1497/196/1925
f 1547/197/1926 1524/1613/1927 1516/1614/1928
f 1503/1615/1929 1500/1616/1930 1502/1617/1931
f 1582/1618/1932 1503/1615/1929 1502/1617/1931
f 1506/1619/1933 1582/1618/1932 1504/1620/1934
f 1509/1621/1935 1544/1622/1936 1533/208/1937
f 1510/1623/1938 1545/1624/1939 1541/211/1939
f 1505/1625/1940 1495/1611/1924 1497/196/1925
f 1507/1626/1941 1495/1611/1924 1505/1625/1940
f 1508/1627/1942 1493/1607/1918 1507/1626/1941
f 1499/1628/1943 1584/1629/1944 1508/1627/1945
f 1550/1630/1946 1540/1631/1946 1553/1632/1946
f 1514/220/1947 1516/1633/1948 1513/222/1949
f 1517/1634/1950 1515/224/1951 1514/220/1947
f 1519/1635/1952 1518/1636/1953 1517/1634/1950
f 1519/1635/1952 1522/227/1954 1520/228/1955
f 1513/222/1949 1524/229/1956 1523/230/1957
f 1526/1637/1958 1528/1638/1959 1525/1639/1960
f 1529/1640/1961 1528/1638/1959 1530/1641/1962
f 1531/1642/1963 1530/1641/1962 1532/1643/1964
f 1526/1637/1958 1546/238/1965 1534/1644/1966
f 1530/1645/1962 1521/1646/1967 1519/1635/1952
f 1532/1647/1964 1519/1635/1952 1517/1634/1950
f 1535/1648/1968 1517/1634/1950 1514/220/1947
f 1535/1648/1968 1513/222/1949 1536/1649/1969
f 1513/222/1949 1523/230/1957 1538/1650/1970
f 1529/1640/1961 1531/1642/1963 1540/1651/1971
f 1703/1609/1972 1494/1652/1524 1495/1611/1924
f 1546/238/1965 1525/1639/1960 1529/1640/1961
f 1507/1626/1973 1531/1653/1974 1532/1654/1973
f 1511/1655/1975 1536/1656/1976 1537/1657/1977
f 1503/1615/1978 1521/1658/1979 1528/1659/1978
f 1496/1612/1980 1520/1610/1923 1522/255/1981
f 1512/1660/1982 1537/1661/1982 1538/1662/1982
f 1504/1620/1934 1502/1617/1931 1543/1663/1983
f 1501/1664/1984 1526/1665/1985 1500/1616/1986
f 1512/1660/1987 1523/262/1988 1498/1666/1989
f 1501/1667/1990 1528/1668/1990 1527/1669/1990
f 1552/1670/1991 1506/1619/1933 1504/1620/1934
f 1496/1612/1992 1521/1658/1979 1497/196/1993
f 1507/1671/1994 1535/1672/1995 1508/1673/1996
f 1552/1670/1997 1540/1674/1998 1531/1653/1974
f 1548/1675/1999 1491/1676/2000 1490/274/2001
f 1499/1677/1976 1535/1672/1995 1536/1656/1976
f 1699/1678/2002 1490/274/2001 1700/1679/2003
f 1510/1623/2004 1526/1665/1985 1534/1680/2004
f 1541/1681/2005 1546/1682/2006 1543/1683/2006
f 1546/1682/2007 1542/1684/2008 1543/1683/2007
f 1543/1663/1983 1500/1616/1930 1510/1623/2009
f 1547/1685/2010 1548/1675/2010 1549/1686/2010
f 1549/1686/2011 1523/262/1988 1524/1687/2012
f 1553/1632/2013 1551/1688/2014 1550/1630/2015
f 1551/1688/2016 1509/1621/1935 1533/208/1937
f 1554/1689/2017 1578/1690/2017 1575/1691/2017
f 1554/1689/2018 1559/1692/2018 1558/1693/2018
f 1555/1694/2019 1559/1692/2019 1556/289/2019
f 1578/1690/2020 1558/1693/2020 1580/293/2020
f 1568/1695/2021 1569/295/2022 1579/296/2023
f 1565/1696/2024 1709/298/2024 1708/1697/2025
f 1563/300/2026 1566/1698/2026 1561/1699/2026
f 1560/1700/2027 1564/304/2027 1562/1701/2027
f 1562/306/2028 1567/307/2028 1563/300/2028
f 1560/1700/2029 1566/1698/2029 1565/1696/2029
f 1573/308/2030 1568/1695/2021 1579/296/2023
f 1574/309/2031 1581/1702/2031 1579/296/2031
f 1570/1703/2032 1573/308/2033 1572/1704/2034
f 1570/313/2035 1574/309/2035 1571/314/2035
f 1574/309/2036 1572/1705/2036 1581/1702/2036
f 1575/1691/2037 1577/316/2037 1576/317/2037
f 1576/317/2038 1557/1706/2038 1555/1707/2038
f 1579/296/2039 1581/1702/2039 1573/308/2039
f 1558/1693/2040 1559/1692/2040 1580/293/2040
f 1557/1706/2041 1577/316/2041 1580/293/2041
f 1559/1692/2042 1557/1708/2042 1580/293/2042
f 1577/316/2043 1578/1690/2043 1580/293/2043
f 1567/307/2044 1709/298/2044 1566/1698/2044
f 1565/1696/2045 1711/320/2045 1564/304/2045
f 1572/1704/2046 1573/308/2046 1581/1702/2046
f 1579/296/2047 1569/295/2047 1571/314/2047
f 1571/314/2048 1574/309/2048 1579/296/2048
f 1582/1618/2049 1507/1626/1941 1505/1625/1940
f 1497/196/2050 1503/1615/1929 1505/1625/2051
f 1502/1617/1931 1504/1620/1934 1582/1618/1932
f 1582/1618/1932 1505/1625/2051 1503/1615/1929
f 1584/1629/2052 1583/1709/2053 1492/1605/1916
f 1583/1709/2053 1498/1666/2054 1490/274/2001
f 1586/1710/2055 1588/1711/2056 1585/1712/2057
f 1590/325/2058 1585/1712/2057 1589/1713/2059
f 1717/327/2060 1604/328/2061 1605/329/2062
f 1587/1714/2063 1593/1715/2064 1588/1711/2065
f 1627/1716/2066 1608/1717/2067 1613/1718/2068
f 1627/1716/2066 1612/1719/2069 1626/1720/2070
f 1591/1721/2071 1625/338/2072 1595/1722/1413
f 1623/1723/2073 1593/1715/2064 1624/1724/2074
f 1594/1725/2075 1596/343/2076 1597/344/2077
f 1599/345/2078 1601/1726/2079 1598/347/2080
f 1598/347/2080 1603/348/2081 1602/349/2082
f 1602/349/2082 1605/1727/2083 1604/351/2084
f 1599/345/2078 1607/352/2085 1600/353/2086
f 1609/1728/2087 1599/345/2078 1608/355/2088
f 1612/1729/2089 1604/351/2084 1611/357/2090
f 1613/1730/2091 1602/349/2082 1612/1729/2089
f 1613/1730/2091 1599/345/2078 1598/347/2080
f 1607/352/2085 1614/1731/2092 1615/1732/2093
f 1594/1725/2094 1600/1733/2095 1607/1734/2096
f 1586/1710/2097 1600/1733/2095 1587/1714/2095
f 1596/343/2098 1607/1734/2096 1615/363/2099
f 1590/325/2100 1601/1735/2097 1586/1710/2097
f 1596/343/2101 1614/1736/2101 1597/344/2101
f 1717/327/2102 1590/325/2058 1589/1713/2059
f 1597/344/2103 1610/1737/2104 1592/367/2105
f 1617/1738/2106 1610/369/2107 1606/370/2108
f 1628/1739/2109 1588/1711/2056 1623/1723/2110
f 1595/1722/2111 1604/328/2061 1591/1721/2112
f 1620/1740/2113 1616/1741/2114 1609/1742/2115
f 1626/1720/2070 1611/1743/2116 1595/1722/2117
f 1589/1713/2059 1628/1739/2109 1625/338/2072
f 1619/1744/2118 1610/1737/2104 1617/1745/2119
f 1593/1715/2064 1592/367/2120 1619/1744/2121
f 1619/1744/2122 1621/1746/2123 1620/1740/2124
f 1617/1745/2125 1621/1746/2125 1618/1747/2126
f 1622/1748/2127 1623/1723/2128 1624/1724/2129
f 1625/338/2130 1626/1720/2131 1595/1722/2132
f 1627/1716/2133 1623/1723/2128 1622/1748/2127
f 1625/338/2130 1627/1716/2133 1626/1720/2131
f 1622/1748/2134 1609/1742/2115 1608/1717/2067
f 1635/1749/2135 1636/1750/2135 1646/383/2135
f 1632/384/2136 1635/1749/2136 1630/385/2136
f 1631/386/2137 1634/1751/2137 1633/388/2137
f 1631/1752/2138 1636/1750/2138 1632/384/2138
f 1630/385/2139 1634/1751/2139 1629/390/2139
f 1643/1753/2140 1645/1754/2140 1644/1755/2140
f 1637/1756/2141 1641/1757/2141 1639/1758/2141
f 1640/1759/2142 1641/1757/2142 1643/398/2142
f 1641/1757/2143 1642/1760/2143 1645/1754/2143
f 1644/1755/2144 1645/1754/2145 1642/1760/2144
f 1633/388/2146 1634/1751/2146 1646/383/2146
f 1636/1750/2147 1633/1761/2147 1646/383/2147
f 1634/1751/2148 1635/1749/2148 1646/383/2148
f 1643/398/2149 1641/1757/2149 1645/1754/2149
f 1644/1755/2150 1638/1762/2150 1640/1763/2150
f 1640/1763/2150 1643/1753/2150 1644/1755/2150
f 1658/403/2151 1706/404/2152 1707/1764/2152
f 1649/406/2153 1696/1765/2154 1695/1766/2155
f 1650/1767/2156 1653/1768/2157 1651/1769/2158
f 1651/1769/2158 1669/1770/2159 1670/1771/2159
f 1695/1766/2160 1651/1769/2158 1654/1772/2161
f 1673/1773/2162 1665/1774/2162 1656/1775/2163
f 1659/418/1785 1658/403/2151 1657/1776/2164
f 1661/1777/2165 1660/421/2166 1659/418/1785
f 1663/1778/2167 1657/1776/2164 1664/1779/2168
f 1664/1779/2168 1656/1780/2169 1665/425/2170
f 1652/1781/2171 1660/1782/2172 1662/1783/2173
f 1697/1784/2174 1705/1785/2175 1648/1786/2176
f 1655/1787/2177 1663/1788/2178 1664/434/2179
f 1670/1771/2180 1666/435/2180 1663/1788/2178
f 1693/1789/2181 1658/1790/2182 1660/1782/2172
f 1647/1791/2183 1697/1784/2174 1649/406/2153
f 1652/1781/2184 1661/1792/2185 1653/1768/2186
f 1667/440/2187 1661/1777/2165 1659/418/1785
f 1674/1793/2188 1694/1794/2189 1655/1787/2190
f 1669/1770/2191 1661/1792/2185 1667/1795/2191
f 1670/1771/2192 1668/1796/2193 1671/1797/2194
f 1667/1795/2195 1671/1797/2196 1668/1796/2197
f 1672/1798/2198 1673/1773/2198 1674/1793/2198
f 1674/1793/2199 1664/434/2179 1665/1799/2199
f 1682/1800/2200 1679/449/2200 1691/450/2200
f 1678/451/2201 1681/452/2201 1676/1801/2201
f 1675/454/2202 1679/1802/2202 1677/456/2202
f 1677/1803/2203 1682/1800/2203 1678/451/2203
f 1675/454/2204 1681/452/2204 1680/457/2204
f 1689/458/2205 1690/1804/2205 1692/1805/2205
f 1686/1806/2206 1689/458/2206 1684/1807/2206
f 1685/462/2207 1688/463/2207 1687/1808/2207
f 1686/465/2208 1687/1808/2208 1690/1809/2208
f 1684/1807/2209 1688/463/2209 1683/467/2209
f 1687/1808/2210 1688/463/2210 1692/1805/2210
f 1680/457/2211 1681/452/2211 1691/450/2211
f 1681/452/2212 1682/1800/2212 1691/450/2212
f 1679/1802/2213 1680/457/2213 1691/450/2213
f 1690/1809/2214 1687/1808/2214 1692/1805/2214
f 1688/463/2215 1689/458/2215 1692/1805/2215
f 1695/1766/2155 1694/1794/2216 1649/406/2153
f 1696/1765/2217 1650/1767/2156 1651/1769/2158
f 1649/406/2153 1673/1773/2188 1647/1791/2183
f 1705/1785/2218 1658/1790/2182 1648/1786/2219
f 1696/1765/2154 1648/1786/2176 1693/1789/2220
f 1698/189/2221 1699/1678/2222 1700/1679/2223
f 1701/1606/2224 1702/1608/2225 1703/1609/2226
f 1702/1608/2225 1699/1678/2222 1698/189/2221
f 1700/1679/2227 1516/1614/1928 1515/1810/2228
f 1706/1811/2229 1704/471/2230 1707/1812/2229
f 1704/471/2231 1656/1775/2163 1707/1812/2232
f 1708/474/2233 1710/476/2233 1711/1813/2233
f 1564/475/2234 1710/476/2234 1567/307/2235
f 1712/1597/2236 1714/1814/2236 1715/174/2236
f 1460/1584/2237 1712/1597/2237 1461/154/2237
f 1492/1605/1916 1508/1627/1942 1584/1629/2052
f 1583/1709/2053 1490/274/2001 1492/1605/1916
f 1499/1628/1943 1511/1815/2238 1584/1629/1944
f 1511/1815/2238 1512/1660/2239 1584/1629/1944
f 1512/1660/2239 1498/1666/2240 1584/1629/1944
f 1498/1666/2240 1583/1709/2241 1584/1629/1944
f 1716/479/2242 1717/327/2242 1718/480/2242
f 1716/479/2243 1605/481/2244 1603/1816/2245
f 1767/601/581 1044/595/15 1043/602/581
f 1774/599/580 1751/593/79 1752/600/580
f 1759/597/579 1053/591/578 1051/598/579
f 1758/596/3 1756/588/577 1052/589/3
f 1766/594/15 1045/585/575 1044/595/15
f 1773/592/79 1038/582/10 1751/593/79
f 1757/590/578 1052/589/3 1053/591/578
f 1780/587/577 1755/586/576 1756/588/577
f 1765/584/575 1046/583/574 1045/585/575
f 1772/581/10 1039/580/573 1038/582/10
f 1724/540/931 1053/579/952 1726/574/952
f 1725/575/953 1756/578/949 1054/571/949
f 1069/569/948 1044/577/928 1045/568/948
f 1062/567/947 1751/576/899 1038/566/947
f 1726/574/952 1052/573/953 1725/575/953
f 1054/571/949 1755/570/950 1055/572/951
f 1719/565/946 1045/568/948 1046/564/946
f 1063/563/945 1038/566/947 1039/562/945
f 54/37/29 34/38/110 97/35/27
f 97/35/27 96/137/2246 55/36/28
f 60/43/35 38/132/2247 91/41/33
f 91/41/33 92/1817/2248 61/42/34
f 71/57/49 95/133/49 94/55/47
f 94/55/47 49/61/109 70/56/48
f 84/122/2249 50/115/2249 82/62/54
f 50/115/2249 49/61/53 82/62/54
f 74/59/51 85/129/2250 87/63/55
f 87/63/55 51/108/2251 75/64/56
f 76/67/59 81/1818/2252 80/65/57
f 80/65/57 41/48/94 63/66/58
f 79/126/96 51/108/99 80/65/96
f 51/108/99 43/49/41 80/65/96
f 47/54/46 49/61/53 94/55/97
f 94/55/97 93/106/97 47/54/46
f 51/108/99 87/63/98 140/107/98
f 87/63/98 86/130/98 140/107/98
f 140/107/98 139/52/180 43/49/41
f 35/40/32 33/74/66 98/109/100
f 98/109/100 97/35/100 34/38/30
f 72/123/116 50/115/2253 84/122/115
f 84/122/115 83/58/50 73/60/52
f 75/64/56 51/108/2251 79/126/120
f 79/126/120 81/127/2254 76/128/121
f 69/136/112 48/117/112 93/1819/2255
f 93/1819/2255 95/134/136 69/136/112
f 55/138/140 96/137/140 98/109/139
f 98/109/139 33/74/104 52/111/103
f 132/167/152 122/1820/152 121/165/152
f 121/165/152 123/169/152 133/166/152
f 37/68/60 137/72/179 138/105/177
f 138/105/177 90/116/2256 89/131/178
f 171/193/189 145/247/2257 354/192/188
f 354/192/188 353/191/187 169/190/186
f 167/199/195 142/273/2258 199/272/2259
f 199/272/2259 198/197/193 167/199/195
f 176/233/226 197/238/231 177/231/224
f 197/238/231 196/1821/232 185/239/232
f 189/245/236 188/1822/236 187/244/235
f 187/244/235 164/222/215 189/245/236
f 191/246/237 190/1823/237 184/1824/2260
f 184/1824/2260 180/234/227 191/246/237
f 146/194/190 144/187/183 352/468/2261
f 352/468/2261 354/192/238 146/194/190
f 180/234/227 184/1824/2260 197/238/231
f 184/1824/2260 195/1825/2262 197/238/231
f 193/1826/2263 160/206/2264 194/259/250
f 160/206/2264 155/205/201 194/259/250
f 160/206/2264 202/285/2265 155/205/201
f 202/285/2265 203/267/258 155/205/201
f 182/248/241 157/204/2266 203/267/264
f 203/267/264 204/219/2267 191/271/265
f 141/274/268 149/263/318 200/283/266
f 200/283/266 199/272/266 141/274/268
f 143/188/184 141/274/268 350/186/182
f 141/274/268 142/273/267 351/276/269
f 161/209/274 192/211/2268 194/259/250
f 194/259/250 153/202/198 151/201/197
f 175/284/277 198/282/277 200/283/276
f 200/283/276 149/263/256 174/262/255
f 190/1827/2269 201/217/2270 184/208/204
f 201/217/2270 202/285/280 184/208/204
f 256/329/326 369/480/326 368/327/324
f 368/327/324 242/337/377 255/328/325
f 243/367/385 244/331/328 248/344/342
f 244/331/328 245/342/340 248/344/342
f 258/352/350 257/370/373 265/359/357
f 257/370/373 261/369/372 265/359/357
f 240/326/323 242/337/335 368/327/367
f 368/327/367 367/479/367 241/325/322
f 257/370/373 260/354/352 268/368/371
f 260/354/352 267/1828/371 268/368/371
f 260/374/380 275/341/2271 271/372/378
f 271/372/378 272/1829/2272 267/373/379
f 268/377/384 269/379/2273 270/376/383
f 270/376/383 243/367/370 261/366/369
f 271/372/2274 275/341/339 270/376/386
f 275/341/339 244/331/328 270/376/386
f 293/399/411 288/394/412 295/393/411
f 288/394/412 289/401/412 295/393/411
f 358/405/419 307/424/436 309/403/418
f 307/424/436 308/419/431 309/403/418
f 321/413/426 305/414/428 302/411/425
f 302/411/425 304/410/424 320/412/426
f 305/414/428 306/432/458 345/442/457
f 345/442/457 346/408/427 305/414/428
f 307/417/430 298/438/430 324/415/429
f 324/415/429 323/446/429 316/416/429
f 314/433/445 305/414/2275 321/413/447
f 321/413/447 322/1830/448 317/435/448
f 311/427/439 301/409/439 344/436/449
f 344/436/449 299/431/489 309/437/450
f 310/418/46 314/422/434 318/440/455
f 314/422/434 317/1831/2276 318/440/455
f 318/443/459 319/444/459 320/412/459
f 320/412/459 304/410/454 312/439/453
f 316/447/468 323/446/468 325/441/467
f 325/441/467 306/432/444 315/434/446
f 302/411/425 346/408/427 347/407/486
f 347/407/486 344/436/486 301/409/423
f 300/406/420 345/442/485 324/415/487
f 345/442/485 325/441/456 324/415/487
f 166/469/498 349/189/185 351/276/497
f 351/276/497 142/273/2258 167/199/195
f 254/482/515 241/325/365 367/479/513
f 367/479/513 369/480/2277 256/481/514
f 370/485/14 371/1832/14 372/874/14
f 372/874/14 373/1833/14 370/485/14
f 373/1833/14 374/1834/14 370/485/14
f 374/1834/14 375/1835/14 376/1836/14
f 376/1836/14 377/1837/14 378/483/14
f 378/483/14 379/1838/14 382/1839/14
f 379/1838/14 380/1840/14 382/1839/14
f 380/1840/14 381/1841/14 382/1839/14
f 382/1839/14 383/1842/14 386/484/14
f 383/1842/14 384/1843/14 386/484/14
f 384/1843/14 385/1844/14 386/484/14
f 386/484/14 387/1845/14 388/1846/14
f 388/1846/14 389/1847/14 390/1848/14
f 390/1848/14 391/1849/14 392/1850/14
f 392/1850/14 393/1851/14 390/1848/14
f 393/1851/14 370/485/14 390/1848/14
f 374/1834/14 376/1836/14 378/483/14
f 386/484/14 388/1846/14 390/1848/14
f 370/485/14 374/1834/14 378/483/14
f 378/483/14 382/1839/14 386/484/14
f 386/484/14 390/1848/14 370/485/14
f 398/550/555 397/539/548 681/545/551
f 397/539/548 421/1852/548 680/546/552
f 400/559/561 399/552/557 684/551/556
f 684/551/556 423/866/886 424/558/561
f 444/610/39 422/988/39 678/1853/2278
f 685/609/583 680/1854/583 421/603/16
f 444/610/39 678/1853/2278 685/609/583
f 685/609/583 421/603/16 443/604/16
f 477/1855/591 474/629/591 671/628/591
f 474/629/591 466/1856/591 672/630/591
f 465/643/17 464/638/17 673/859/17
f 673/859/17 672/641/17 465/643/17
f 464/638/877 476/860/877 673/859/877
f 476/860/877 477/1855/877 671/628/877
f 688/874/26 687/1832/26 686/1857/26
f 686/1857/26 709/1858/26 688/874/26
f 709/1858/26 708/1850/26 688/874/26
f 708/1850/26 707/1859/26 706/1860/26
f 706/1860/26 705/1861/26 704/872/26
f 704/872/26 703/1862/26 702/1863/26
f 702/1863/26 701/1864/26 700/1865/26
f 700/1865/26 699/1866/26 696/873/26
f 699/1866/26 698/1839/26 696/873/26
f 698/1839/26 697/1867/26 696/873/26
f 696/873/26 695/1868/26 694/1869/26
f 694/1869/26 693/1870/26 692/1871/26
f 692/1871/26 691/1872/26 690/1834/26
f 690/1834/26 689/1873/26 692/1871/26
f 689/1873/26 688/874/26 692/1871/26
f 708/1850/26 706/1860/26 688/874/26
f 706/1860/26 704/872/26 688/874/26
f 704/872/26 702/1863/26 696/873/26
f 702/1863/26 700/1865/26 696/873/26
f 696/873/26 694/1869/26 688/874/26
f 694/1869/26 692/1871/26 688/874/26
f 737/1874/930 713/924/930 940/931/934
f 713/924/930 714/937/938 941/932/935
f 944/938/939 715/1875/2279 716/950/941
f 716/950/941 740/944/941 944/938/939
f 938/1853/2278 738/988/39 444/982/39
f 443/983/16 737/603/16 945/984/583
f 737/603/16 940/1854/583 945/984/583
f 945/984/583 938/1853/2278 444/982/39
f 758/1876/591 766/999/591 932/630/591
f 766/999/591 769/1877/591 931/1000/591
f 933/859/17 756/638/17 757/1008/17
f 757/1008/17 758/642/17 932/1009/17
f 769/1877/1232 768/1174/1232 931/1000/1232
f 768/1174/1232 756/638/1232 933/859/1232
f 984/1878/17 977/1219/17 985/1218/17
f 977/1219/17 976/1879/17 982/1217/17
f 982/1217/17 976/1879/17 978/1224/17
f 976/1879/17 979/1880/17 978/1224/17
f 978/1224/17 983/1223/17 982/1217/17
f 1037/1881/2 989/1882/2 988/1883/2
f 988/1883/2 987/1231/2 1037/1881/2
f 987/1231/2 986/1227/2 981/1220/2
f 1037/1881/2 987/1231/2 1036/1230/2
f 981/1220/2 980/1884/2 1036/1230/2
f 1035/1885/1 1020/1886/1 1021/1887/1
f 1021/1887/1 1022/1267/1 1035/1885/1
f 1022/1267/1 1023/1271/1 1028/1268/1
f 1035/1885/1 1022/1267/1 1034/1266/1
f 1028/1268/1 1029/1888/1 1034/1266/1
f 1025/1889/3 1032/1279/3 1024/1278/3
f 1032/1279/3 1033/1890/3 1027/1277/3
f 1027/1277/3 1033/1890/3 1031/1276/3
f 1033/1890/3 1030/1891/3 1031/1276/3
f 1031/1276/3 1026/1272/3 1027/1277/3
f 1720/559/941 1046/564/946 1047/558/941
f 1064/557/940 1039/562/945 1040/556/940
f 1058/547/936 1992/560/943 1754/862/944
f 2001/551/939 1720/559/941 1047/558/941
f 1065/549/937 1040/556/940 1041/548/937
f 1994/555/559 1777/864/884 1991/553/558
f 1722/550/938 2001/551/939 1998/545/935
f 1066/544/933 1041/548/937 1042/543/933
f 1058/547/936 1753/541/932 1059/542/932
f 1998/545/935 1997/546/934 1723/539/930
f 1067/537/929 1042/543/933 1043/536/929
f 1060/488/900 1753/541/932 1752/487/900
f 1723/539/930 1051/538/931 1724/540/931
f 1068/535/928 1043/536/929 1044/577/928
f 1740/531/927 1066/534/907 1067/530/927
f 1733/529/926 1059/1892/904 1060/528/926
f 1747/489/902 1724/532/925 1748/527/925
f 1741/524/924 1067/530/927 1068/523/924
f 1734/522/923 1060/528/926 1061/521/923
f 1748/527/925 1726/526/921 1749/519/921
f 1108/1878/2 1101/1312/2 1109/1218/2
f 1101/1312/2 1100/1893/2 1106/1311/2
f 1106/1311/2 1100/1893/2 1102/1316/2
f 1100/1893/2 1103/1894/2 1102/1316/2
f 1102/1316/2 1107/1315/2 1106/1311/2
f 1161/1895/17 1113/1882/17 1112/1896/17
f 1112/1896/17 1111/1231/17 1161/1895/17
f 1111/1231/17 1110/1227/17 1105/1313/17
f 1161/1895/17 1111/1231/17 1160/1321/17
f 1105/1313/17 1104/1897/17 1160/1321/17
f 1159/1885/3 1144/1886/3 1145/1887/3
f 1145/1887/3 1146/1267/3 1159/1885/3
f 1146/1267/3 1147/1271/3 1152/1337/3
f 1159/1885/3 1146/1267/3 1158/1266/3
f 1152/1337/3 1153/1898/3 1158/1266/3
f 1149/1889/1 1156/1344/1 1148/1278/1
f 1156/1344/1 1157/1899/1 1151/1343/1
f 1151/1343/1 1157/1899/1 1155/1342/1
f 1157/1899/1 1154/1900/1 1155/1342/1
f 1155/1342/1 1150/1272/1 1151/1343/1
f 1185/1348/74 1171/1404/74 1167/1356/1421
f 1167/1356/1421 1170/1346/1412 1185/1348/74
f 1173/1358/1423 1172/1359/1423 1185/1348/74
f 1172/1359/1423 1171/1404/74 1185/1348/74
f 1187/1422/1504 1188/1901/2090 1190/1420/1503
f 1188/1901/2090 1189/1427/1507 1190/1420/1503
f 1199/1429/30 1200/1902/2280 1201/1481/2281
f 1201/1481/2281 1187/1422/1504 1199/1429/30
f 1226/1356/1511 1230/1466/1509 1244/1431/1509
f 1244/1431/1509 1242/1347/355 1229/1346/1510
f 1230/1466/1509 1231/1359/89 1244/1431/1509
f 1231/1359/89 1232/1358/89 1244/1431/1509
f 1248/1427/1599 1247/1901/337 1249/1478/1595
f 1247/1901/337 1246/1477/1594 1249/1478/1595
f 1260/1481/96 1259/1902/1808 1258/1429/1600
f 1258/1429/1600 1245/1421/1594 1246/1477/1594
f 1285/1356/1603 1289/1466/1601 1299/1431/1601
f 1299/1431/1601 1297/1347/2282 1288/1346/1602
f 1289/1466/1601 1290/1359/1611 1299/1431/1601
f 1290/1359/1611 1291/1358/1611 1299/1431/1601
f 1303/1427/1682 1302/1901/1972 1304/1478/1678
f 1302/1901/1972 1301/1477/1524 1304/1478/1678
f 1315/1481/1684 1314/1902/2283 1313/1429/1683
f 1313/1429/1683 1300/1421/1524 1301/1477/1524
f 1350/1431/239 1340/1508/239 1336/1489/1693
f 1336/1489/1693 1339/1482/1685 1350/1431/239
f 1342/1490/1694 1341/1359/1694 1350/1431/239
f 1341/1359/1694 1340/1508/239 1350/1431/239
f 1352/1477/1429 1353/1903/2284 1355/1478/1764
f 1353/1903/2284 1354/1427/1767 1355/1478/1764
f 1364/1514/1769 1365/1904/2285 1366/1905/2286
f 1366/1905/2286 1352/1477/1429 1364/1514/1769
f 1403/37/1772 1383/38/1844 1446/1515/1770
f 1446/1515/1770 1445/1569/2287 1404/36/1771
f 1409/43/1776 1387/132/2288 1440/1516/1774
f 1440/1516/1774 1441/1906/2289 1410/1517/1775
f 1420/1526/1788 1444/1566/1788 1443/1525/1786
f 1443/1525/1786 1398/61/1843 1419/56/1787
f 1433/1562/2290 1399/115/2290 1431/62/1793
f 1399/115/2290 1398/61/1792 1431/62/1793
f 1423/1528/1790 1434/1564/2291 1436/63/1794
f 1436/63/1794 1400/1553/2292 1424/1530/1795
f 1425/1533/1798 1430/1907/2293 1429/1531/1796
f 1429/1531/1796 1390/48/1828 1412/1532/1797
f 1428/126/1422 1400/1553/1833 1429/1531/1422
f 1400/1553/1833 1392/1521/1781 1429/1531/1422
f 1396/54/1785 1398/61/1792 1443/1525/1830
f 1443/1525/1830 1442/1552/1830 1396/54/1785
f 1400/1553/1833 1436/63/1832 1489/107/1832
f 1436/63/1832 1435/1565/1832 1489/107/1832
f 1489/107/1832 1488/1524/1914 1392/1521/1781
f 1384/40/77 1382/74/1805 1447/1554/1834
f 1447/1554/1834 1446/1515/1834 1383/38/89
f 1421/123/1850 1399/115/2294 1433/1562/1849
f 1433/1562/1849 1432/1527/1789 1422/1529/1791
f 1424/1530/1795 1400/1553/2292 1428/126/1854
f 1428/126/1854 1430/127/2295 1425/128/1855
f 1418/136/1872 1397/1559/1846 1442/1819/2296
f 1442/1819/2296 1444/1567/1870 1418/136/1872
f 1404/1570/1875 1445/1569/2297 1447/1554/1874
f 1447/1554/1874 1382/74/1838 1401/111/1837
f 1481/167/1887 1471/1820/1887 1470/165/1887
f 1470/165/1887 1472/1594/1887 1482/166/1887
f 1386/68/1799 1486/72/1913 1487/105/1912
f 1487/105/1912 1439/116/2298 1438/131/1867
f 1520/1610/1923 1494/1652/2299 1703/1609/1922
f 1703/1609/1922 1702/1608/1921 1518/190/1920
f 1516/1614/1928 1491/1676/2300 1548/1675/2301
f 1548/1675/2301 1547/197/1926 1516/1614/1928
f 1525/1639/1960 1546/238/1965 1526/1637/1958
f 1546/238/1965 1545/1908/1966 1534/1644/1966
f 1538/1650/1970 1537/1909/1970 1536/1649/1969
f 1536/1649/1969 1513/222/1949 1538/1650/1970
f 1540/1651/1971 1539/1823/1971 1533/1910/2302
f 1533/1910/2302 1529/1640/1961 1540/1651/1971
f 1495/1611/1924 1493/1607/1918 1701/1606/1917
f 1701/1606/1917 1703/1609/1972 1495/1611/1924
f 1529/1640/1961 1533/1910/2302 1546/238/1965
f 1533/1910/2302 1544/1825/2303 1546/238/1965
f 1542/1911/2304 1509/1621/2305 1543/1663/1983
f 1509/1621/2305 1504/1620/1934 1543/1663/1983
f 1509/1621/2305 1551/1688/2306 1504/1620/1934
f 1551/1688/2306 1552/1670/1991 1504/1620/1934
f 1531/1653/1974 1506/1619/1974 1552/1670/1997
f 1552/1670/1997 1553/1632/2307 1540/1674/1998
f 1490/274/2001 1498/1666/2054 1549/1686/2308
f 1549/1686/2308 1548/1675/1999 1490/274/2001
f 1492/1605/1916 1490/274/2001 1699/1678/2002
f 1490/274/2001 1491/1676/2000 1700/1679/2003
f 1510/1623/2009 1541/211/2309 1543/1663/1983
f 1543/1663/1983 1502/1617/1931 1500/1616/1930
f 1524/1687/2012 1547/1685/2310 1549/1686/2011
f 1549/1686/2011 1498/1666/1989 1523/262/1988
f 1539/1912/2311 1550/1630/2311 1533/208/1937
f 1550/1630/2311 1551/1688/2016 1533/208/1937
f 1605/329/2062 1718/480/2062 1717/327/2060
f 1717/327/2060 1591/1721/2112 1604/328/2061
f 1592/367/2120 1593/1715/2064 1597/344/2077
f 1593/1715/2064 1594/1725/2075 1597/344/2077
f 1607/352/2085 1606/370/2108 1614/1731/2092
f 1606/370/2108 1610/369/2107 1614/1731/2092
f 1589/1713/2059 1591/1721/2071 1717/327/2102
f 1717/327/2102 1716/479/2312 1590/325/2058
f 1606/370/2108 1609/1728/2087 1617/1738/2106
f 1609/1728/2087 1616/1913/2313 1617/1738/2106
f 1609/1742/2115 1624/1724/2314 1620/1740/2113
f 1620/1740/2113 1621/1914/2114 1616/1741/2114
f 1617/1745/2119 1618/1747/2315 1619/1744/2118
f 1619/1744/2118 1592/367/2105 1610/1737/2104
f 1620/1740/2316 1624/1724/2074 1619/1744/2121
f 1624/1724/2074 1593/1715/2064 1619/1744/2121
f 1642/1760/2144 1637/1756/2145 1644/1755/2144
f 1637/1756/2145 1638/1762/2145 1644/1755/2144
f 1707/1764/2152 1656/1780/2169 1658/403/2151
f 1656/1780/2169 1657/1776/2164 1658/403/2151
f 1670/1771/2159 1654/1772/2161 1651/1769/2158
f 1651/1769/2158 1653/1768/2157 1669/1770/2159
f 1654/1772/2161 1655/1787/2190 1694/1794/2189
f 1694/1794/2189 1695/1766/2160 1654/1772/2161
f 1656/1775/2163 1647/1791/2317 1673/1773/2162
f 1673/1773/2162 1672/1798/2162 1665/1774/2162
f 1663/1788/2178 1654/1772/2318 1670/1771/2180
f 1670/1771/2180 1671/1915/2319 1666/435/2180
f 1660/1782/2172 1650/1767/2172 1693/1789/2181
f 1693/1789/2181 1648/1786/2219 1658/1790/2182
f 1659/418/1785 1663/1778/2167 1667/440/2187
f 1663/1778/2167 1666/1831/2187 1667/440/2187
f 1667/1795/2191 1668/1796/2191 1669/1770/2191
f 1669/1770/2191 1653/1768/2186 1661/1792/2185
f 1665/1799/2199 1672/1798/2199 1674/1793/2199
f 1674/1793/2199 1655/1787/2177 1664/434/2179
f 1651/1769/2158 1695/1766/2160 1696/1765/2217
f 1696/1765/2217 1693/1789/2217 1650/1767/2156
f 1649/406/2153 1694/1794/2216 1673/1773/2188
f 1694/1794/2216 1674/1793/2320 1673/1773/2188
f 1515/1810/2228 1698/189/1919 1700/1679/2227
f 1700/1679/2227 1491/1676/2300 1516/1614/1928
f 1603/1816/2245 1590/325/2100 1716/479/2243
f 1716/479/2243 1718/480/2321 1605/481/2244
f 1750/520/922 1054/525/920 1727/517/920
f 1742/515/919 1068/523/924 1069/1916/919
f 1735/514/918 1061/521/923 1062/513/918
f 1749/519/921 1725/518/922 1750/520/922
f 1727/517/920 1055/516/917 1728/512/917
f 1743/510/916 1069/1916/919 1719/509/916
f 1736/507/915 1062/513/918 1063/506/915
f 1728/512/917 1056/511/913 1729/505/913
f 1743/510/916 1720/1917/911 1744/508/911
f 1737/502/914 1063/506/915 1064/501/910
f 1729/505/913 1057/499/909 1730/500/909
f 1744/504/911 1721/503/912 1745/498/908
f 1738/497/906 1064/501/910 1065/496/906
f 1731/494/903 1057/499/909 1058/493/903
f 1745/498/908 1722/490/901 1746/491/901
f 1739/495/905 1065/496/906 1066/534/907
f 1731/494/903 1059/882/904 1732/492/904
f 1746/491/901 1723/1918/902 1747/489/902
f 1061/486/899 1752/487/900 1751/576/899
f 1742/483/26 1750/485/26 1734/484/26
f 1792/640/958 1785/632/958 1784/635/958
f 1989/641/17 1782/643/17 1783/642/17
f 1789/644/596 1784/635/596 1786/1919/596
f 1811/646/959 1796/645/3 1803/647/598
f 1809/649/960 1802/648/599 1801/650/599
f 1807/652/961 1800/651/601 1799/653/601
f 1805/655/962 1798/654/603 1797/656/16
f 1810/657/963 1803/647/605 1802/648/605
f 1808/659/964 1801/658/607 1800/651/607
f 1806/660/2322 1799/653/609 1798/654/609
f 1804/661/2323 1797/656/16 1796/645/3
f 1810/657/963 1819/662/967 1811/646/968
f 1808/659/964 1817/664/969 1809/1920/970
f 1806/660/2322 1815/666/2324 1807/652/972
f 1804/661/2323 1813/668/973 1805/655/962
f 1811/646/959 1812/669/974 1804/661/2323
f 1809/649/960 1818/663/975 1810/657/976
f 1807/652/961 1816/665/977 1808/659/978
f 1805/655/962 1814/667/979 1806/660/980
f 1937/672/2325 1943/671/2326 1944/673/2327
f 1932/675/984 1951/674/2328 1952/676/986
f 1936/678/987 1896/677/988 1898/679/989
f 1929/681/2329 1954/680/991 1943/671/991
f 1921/682/992 1941/683/993 1949/850/994
f 1897/685/995 1925/686/996 1899/733/997
f 1894/688/998 1933/689/999 1895/741/1000
f 1939/692/1001 1946/691/1002 1948/693/1003
f 1820/695/1 1835/694/2330 1827/696/607
f 1826/698/605 1833/697/2331 1825/699/605
f 1824/701/651 1831/700/2332 1823/702/651
f 1822/704/609 1829/703/1007 1821/705/15
f 1827/696/599 1834/706/1008 1826/698/599
f 1825/708/598 1832/707/1009 1824/701/598
f 1823/702/603 1830/709/2333 1822/704/603
f 1821/705/15 1828/710/2334 1820/695/1
f 1834/706/1008 1843/711/1012 1842/717/1013
f 1832/707/1009 1841/712/1014 1840/718/2335
f 1830/709/2333 1839/714/1016 1838/719/1017
f 1828/710/2334 1837/715/1018 1836/716/1019
f 1835/694/2330 1836/716/1019 1843/711/1020
f 1833/697/2331 1842/717/1021 1841/847/1022
f 1831/700/2332 1840/718/1023 1839/714/2336
f 1829/703/1007 1838/719/1025 1837/715/1018
f 1920/721/2337 1945/720/1027 1922/722/1028
f 1919/723/1029 1955/724/1030 1953/727/1031
f 1918/726/1032 1953/727/1033 1950/731/2338
f 1917/728/1035 1955/724/1036 1916/725/1037
f 1922/730/2339 1942/729/1039 1917/728/2340
f 1923/684/1041 1950/731/2338 1941/683/993
f 1921/682/1042 1947/732/1043 1920/721/1044
f 1899/733/997 1926/690/1045 1894/688/998
f 1935/734/1046 1952/676/1047 1954/680/2341
f 1930/735/1049 1897/685/1050 1896/677/1051
f 1931/737/1052 1944/736/1053 1946/691/1054
f 1934/739/2342 1893/738/1056 1892/740/1057
f 1933/689/1058 1892/740/1059 1895/741/1060
f 1928/743/2343 1898/742/1062 1893/738/2344
f 1924/744/2345 1948/693/2346 1940/745/1066
f 1844/747/3 1859/746/1067 1851/748/651
f 1850/750/609 1857/749/2347 1849/751/609
f 1848/753/607 1855/752/2348 1847/754/607
f 1846/756/605 1853/755/2349 1845/757/9
f 1851/748/603 1858/758/1071 1850/750/603
f 1849/751/601 1856/759/1072 1848/760/601
f 1847/754/599 1854/761/2350 1846/756/599
f 1845/757/9 1852/762/2351 1844/747/3
f 1858/758/1071 1867/763/2352 1866/768/1076
f 1856/759/1072 1865/764/1077 1864/846/2353
f 1854/761/2350 1863/765/2354 1862/771/1079
f 1852/762/2351 1861/766/1080 1860/767/1081
f 1859/746/1067 1860/767/1081 1867/763/1082
f 1857/749/2347 1866/768/1083 1865/764/1084
f 1855/752/2348 1864/769/1085 1863/765/1086
f 1853/755/2349 1862/771/1087 1861/766/1080
f 1981/773/1088 1968/772/1089 1983/774/2355
f 1976/776/1091 1964/775/1092 1979/777/1093
f 1987/779/2356 1959/778/1095 1975/780/1096
f 1985/782/2357 1968/772/2358 1970/781/2359
f 1981/784/1100 1964/775/1101 1966/783/1101
f 1972/786/1152 1962/785/1104 1976/776/1102
f 1985/782/1105 1957/858/1106 1987/779/1107
f 1915/787/1108 1973/788/1109 1910/826/1110
f 1883/791/1111 1868/790/1 1875/792/601
f 1881/794/1112 1874/793/603 1873/795/603
f 1879/797/1113 1872/796/598 1871/798/598
f 1877/800/2360 1870/799/599 1869/801/10
f 1882/802/1115 1875/792/609 1874/793/609
f 1880/803/1116 1873/795/651 1872/804/651
f 1878/805/2361 1871/798/605 1870/799/605
f 1876/806/2362 1869/801/10 1868/790/1
f 1882/802/1115 1891/807/1119 1883/791/1120
f 1880/803/1116 1889/809/2363 1881/794/1122
f 1878/805/2361 1887/811/1123 1879/797/1124
f 1876/806/2362 1885/813/1125 1877/800/2360
f 1883/791/1111 1884/814/1126 1876/806/2362
f 1881/794/1112 1890/808/1127 1882/802/1128
f 1879/797/1113 1888/815/1129 1880/1921/1130
f 1877/800/2360 1886/812/1131 1878/805/1132
f 1980/817/1133 1914/816/1134 1909/818/1135
f 1913/819/1136 1974/789/1137 1915/787/1108
f 1982/822/1138 1912/821/1139 1914/816/1140
f 1978/824/1141 1909/823/1142 1908/825/1143
f 1910/826/1110 1977/827/1144 1911/828/1145
f 1977/827/1146 1908/825/1147 1911/828/1148
f 1984/829/2364 1913/819/1150 1912/821/1151
f 1975/780/1096 1960/830/1103 1972/786/1152
f 1905/832/1153 1971/831/1154 1904/833/1155
f 1904/833/1156 1969/834/1157 1906/835/1158
f 1906/835/1159 1967/836/2365 1901/837/1161
f 1901/839/1162 1965/838/1163 1900/840/1164
f 1903/841/1165 1965/838/1166 1963/843/1167
f 1902/842/1168 1963/843/1169 1961/845/1170
f 1907/844/2366 1961/845/1170 1958/853/1172
f 1898/679/989 1818/663/1173 1817/670/1173
f 1819/662/1174 1899/733/997 1812/669/974
f 1812/669/974 1894/688/998 1813/668/2367
f 1895/741/1060 1815/666/2324 1814/667/1176
f 1893/738/2344 1817/664/1177 1816/665/1177
f 1818/663/1178 1897/685/1050 1819/662/967
f 1894/688/998 1814/667/1179 1813/668/2367
f 1892/740/1057 1816/665/977 1815/666/1180
f 1865/764/1181 1904/833/1156 1906/835/1158
f 1867/763/1082 1907/844/2366 1905/832/1182
f 1860/767/1081 1902/842/1168 1907/844/2366
f 1863/765/2354 1903/841/1165 1862/771/1079
f 1865/764/1183 1901/837/1161 1864/846/1183
f 1866/768/1076 1905/832/1153 1904/833/1155
f 1862/771/1184 1902/842/1168 1861/766/1185
f 1864/769/1085 1900/840/1164 1863/765/1086
f 1914/816/1140 1890/808/1186 1889/809/1186
f 1891/807/1187 1915/787/1108 1884/814/1126
f 1884/814/1126 1910/826/1110 1885/813/1188
f 1886/812/2368 1908/825/1147 1887/811/1123
f 1909/818/1135 1889/809/2363 1888/810/1190
f 1890/808/1191 1913/819/1150 1891/807/1119
f 1885/813/1188 1911/828/1145 1886/812/1192
f 1908/825/1143 1888/815/1129 1887/811/1193
f 1841/847/1194 1920/721/2337 1922/722/1028
f 1843/711/1020 1923/684/1041 1921/682/992
f 1836/716/1019 1918/726/1032 1923/684/1041
f 1839/714/1016 1919/723/1029 1838/719/1017
f 1841/712/1195 1917/728/2340 1840/718/1195
f 1842/717/1013 1921/682/1042 1920/721/1044
f 1838/719/1196 1918/726/1032 1837/715/1197
f 1840/718/1023 1916/725/1037 1839/714/2336
f 1927/848/2369 1925/686/996 1924/744/2345
f 1934/739/1199 1932/675/2370 1935/734/1046
f 1945/849/1201 1943/671/2326 1942/729/1039
f 1947/732/1202 1944/736/1053 1945/720/1027
f 1949/850/1203 1946/691/1002 1947/732/1043
f 1940/745/1066 1949/850/994 1941/683/993
f 1950/731/2338 1952/676/986 1951/674/2328
f 1953/727/1031 1954/680/2341 1952/676/1047
f 1942/729/1205 1954/680/1205 1955/724/1204
f 1951/674/2328 1941/683/993 1950/731/2338
f 1932/675/984 1926/690/1045 1927/848/2369
f 1928/743/2371 1935/734/2372 1929/681/2329
f 1936/851/2373 1929/681/2374 1937/672/2325
f 1930/735/1210 1937/852/1211 1931/737/1052
f 1939/692/1001 1930/735/1049 1931/737/1212
f 1924/744/2345 1938/687/1213 1939/692/2375
f 1927/848/2369 1940/745/1066 1951/674/2328
f 1960/830/1103 1958/853/1172 1961/845/1170
f 1962/785/1104 1961/845/1170 1963/843/1169
f 1964/775/1092 1963/843/1167 1965/838/1166
f 1967/854/1215 1964/775/1216 1965/838/1163
f 1969/834/1217 1966/855/1218 1967/836/2365
f 1971/831/2376 1968/772/2358 1969/834/1157
f 1976/776/1091 1978/824/1221 1977/827/1146
f 1979/777/1222 1980/856/1223 1978/824/1141
f 1981/773/1088 1982/822/1224 1980/817/1133
f 1983/774/1097 1984/829/1225 1982/822/1138
f 1984/829/2364 1987/779/1107 1986/820/1226
f 1986/820/1227 1975/780/1096 1974/789/1137
f 1959/778/1095 1956/857/1228 1958/853/1172
f 1956/857/1229 1970/781/1230 1971/831/1154
f 1976/776/1102 1973/788/1109 1972/786/1152
f 1972/786/1152 1974/789/1137 1975/780/1096
f 1905/832/1182 1958/853/1172 1956/857/1228
f 1988/628/1231 1990/859/1231 1989/630/1231
f 1990/859/1232 1988/628/1232 1793/860/1232
f 1991/861/1233 1754/862/1234 1992/560/1235
f 1993/627/1236 1755/570/1237 1994/863/1238
f 1993/627/1236 1991/861/1233 1992/560/1235
f 1991/553/558 1776/612/584 1754/613/585
f 1048/866/942 2000/865/1239 2001/551/939
f 2000/865/1240 1999/867/1241 2001/551/1242
f 1999/867/1243 1998/545/1244 2001/551/2377
f 1998/545/1244 1996/868/1246 1997/546/1247
f 2000/865/1240 1996/868/2378 1999/867/1241
f 2000/865/1239 1049/870/938 1995/869/934
f 1997/546/1247 1996/868/1246 2002/871/1249
f 1996/868/2378 1995/869/1250 2002/871/1251
f 2021/872/14 2005/874/14 2013/873/14
f 2043/875/516 2068/876/517 2044/927/517
f 2006/880/518 2031/888/519 2007/878/519
f 2045/882/520 2022/881/2379 2021/883/520
f 2014/884/522 2039/885/523 2015/891/523
f 2031/888/519 2008/887/524 2007/878/519
f 2046/890/2379 2023/889/525 2022/881/2379
f 2015/891/523 2040/892/526 2016/895/527
f 2032/893/528 2009/504/529 2008/887/524
f 2047/499/525 2024/894/530 2023/889/525
f 2016/895/527 2041/896/531 2017/900/531
f 2033/897/529 2010/510/532 2009/898/529
f 2048/899/530 2025/512/533 2024/894/530
f 2017/900/531 2042/901/534 2018/907/534
f 2010/510/532 2035/902/535 2011/909/535
f 2049/904/533 2026/903/536 2025/512/533
f 2028/905/537 2004/519/538 2003/906/537
f 2018/907/534 2043/908/539 2019/914/539
f 2011/909/535 2036/910/540 2012/916/540
f 2050/911/536 2003/906/537 2026/903/536
f 2027/913/538 2005/912/541 2004/519/538
f 2019/914/539 2044/915/542 2020/918/542
f 2012/916/540 2037/917/543 2013/920/543
f 2029/532/541 2006/880/518 2005/912/541
f 2020/918/542 2045/919/520 2021/1922/520
f 2013/920/543 2038/886/544 2014/884/522
f 2036/921/545 2061/922/546 2037/929/546
f 2053/925/547 2030/924/548 2029/926/547
f 2044/927/517 2069/928/549 2045/934/549
f 2037/929/546 2062/930/550 2038/935/550
f 2257/931/552 2258/932/551 2030/924/548
f 2069/928/549 2046/933/553 2045/934/549
f 2038/935/550 2063/936/554 2039/942/554
f 2031/937/555 2261/938/556 2032/1875/557
f 2254/941/559 1777/1923/884 1778/939/9
f 2039/942/554 2064/943/560 2040/948/560
f 2057/944/561 2261/938/556 2056/945/557
f 2046/933/553 2252/946/562 2047/990/563
f 2040/948/560 2065/949/564 2041/952/564
f 2033/950/561 2058/951/565 2034/565/565
f 2041/952/564 2066/953/566 2042/960/566
f 2034/565/565 2059/954/567 2035/961/567
f 2071/956/568 2050/955/569 2049/957/570
f 2052/959/571 2027/958/572 2028/575/571
f 2042/960/566 2067/877/516 2043/875/516
f 2035/961/567 2060/923/545 2036/921/545
f 2072/962/569 2028/575/571 2050/955/569
f 2051/963/572 2029/926/547 2027/958/572
f 2065/964/573 1772/581/10 2066/965/10
f 2058/967/574 1765/966/575 2059/968/575
f 2071/586/576 1780/969/577 2072/588/577
f 2052/589/3 1757/970/578 2051/591/578
f 2066/965/10 1773/592/79 2067/971/79
f 2059/968/575 1766/972/15 2060/973/15
f 2072/588/577 1758/974/3 2052/589/3
f 2051/591/578 1759/975/579 2053/598/579
f 2067/971/79 1774/599/580 2068/976/580
f 2060/973/15 1767/977/581 2061/978/581
f 2054/603/16 1759/975/579 1760/983/16
f 2068/976/580 1775/605/2 2069/979/2
f 2061/978/581 1768/980/582 2062/981/582
f 1761/982/39 2262/984/583 1760/983/16
f 2069/611/2 1776/985/584 2070/613/585
f 2062/981/582 1769/986/1 2063/987/1
f 2056/616/586 1761/982/39 1762/1924/586
f 2252/946/562 2048/989/587 2047/990/563
f 2063/987/1 1770/991/588 2064/992/588
f 2056/616/586 1763/993/17 2057/622/17
f 2254/941/559 1779/994/589 2071/586/576
f 2064/992/588 1771/995/573 2065/964/573
f 2057/997/17 1764/996/574 2058/967/574
f 2253/998/590 2049/957/570 2048/989/587
f 2249/630/591 2248/1000/591 2083/999/591
f 2082/631/592 2077/1001/592 2079/1002/592
f 2079/1004/593 2076/1003/593 2078/1005/593
f 2080/637/594 2073/638/594 2074/1006/594
f 2077/1001/595 2084/1007/595 2076/1003/595
f 2074/1008/17 2250/859/17 2249/1009/17
f 2081/644/596 2076/1003/596 2084/1007/596
f 1796/1012/3 2095/1011/597 1803/1013/598
f 1802/1014/599 2093/649/600 1801/1015/599
f 1800/1017/601 2091/1016/2380 1799/653/601
f 1798/654/603 2089/1018/604 1797/1019/16
f 1803/1013/605 2094/1020/606 1802/1014/605
f 1801/1022/607 2092/1021/608 1800/1017/607
f 1799/653/609 2090/660/2381 1798/654/609
f 1797/1019/16 2088/1023/2382 1796/1012/3
f 2094/1020/606 2103/662/612 2102/663/613
f 2092/1021/608 2101/1024/2383 2100/665/614
f 2090/660/2381 2099/1026/2384 2098/1029/616
f 2088/1023/2382 2097/1027/617 2096/1028/618
f 2095/1011/597 2096/1028/618 2103/662/619
f 2093/649/600 2102/663/620 2101/1165/621
f 2091/1016/2380 2100/665/622 2099/1026/623
f 2089/1018/604 2098/1029/624 2097/1027/617
f 2203/671/2385 2197/672/626 2204/1030/2386
f 2211/1032/2387 2192/1031/629 2212/1033/630
f 2156/1034/2388 2196/678/632 2158/1035/633
f 2214/1037/634 2189/1036/635 2203/671/634
f 2181/1038/636 2201/1039/637 2183/1078/638
f 2157/1041/639 2185/1042/640 2198/1170/641
f 2154/1044/642 2193/1045/2389 2186/1080/644
f 2206/1047/645 2199/692/646 2208/693/647
f 2111/1049/648 1820/1048/1 1827/1050/607
f 2109/697/649 1826/1051/605 1825/699/605
f 2107/1053/650 1824/1052/651 1823/1054/651
f 2105/1056/652 1822/1055/609 1821/1057/15
f 2110/1058/653 1827/1050/599 1826/1051/599
f 2108/1060/654 1825/1059/598 1824/1052/598
f 2106/709/2390 1823/1054/603 1822/1055/603
f 2104/1061/2391 1821/1057/15 1820/1048/1
f 2110/1058/653 2119/1062/2392 2111/1049/658
f 2108/1060/654 2117/1064/659 2109/713/660
f 2106/709/2390 2115/1066/661 2107/1053/662
f 2104/1061/2391 2113/715/663 2105/1056/652
f 2111/1049/648 2112/1068/664 2104/1061/2391
f 2109/697/649 2118/1063/665 2110/1058/666
f 2107/1053/650 2116/1065/667 2108/1060/668
f 2105/1056/652 2114/1067/669 2106/709/670
f 2205/1070/671 2180/1069/672 2182/722/673
f 2179/1071/674 2215/1072/675 2176/725/676
f 2178/1074/677 2213/1073/678 2179/1071/679
f 2215/1072/680 2177/728/681 2176/725/682
f 2202/1077/683 2182/1076/684 2177/728/685
f 2183/1078/638 2210/1075/2393 2178/1074/677
f 2207/1079/687 2181/1038/688 2180/1069/689
f 2159/1043/690 2186/1080/644 2185/1042/640
f 2212/1033/691 2195/734/692 2214/1037/2394
f 2157/1041/694 2190/1081/695 2156/1034/696
f 2204/1083/697 2191/1082/698 2206/1047/699
f 2153/1085/700 2194/1084/2395 2152/740/702
f 2152/740/703 2193/1045/704 2155/1046/705
f 2158/1087/706 2188/1086/707 2153/1085/708
f 2208/693/709 2184/1088/2396 2200/1089/711
f 2127/1090/712 1844/747/3 1851/1091/651
f 2125/749/713 1850/750/609 1849/751/609
f 2123/752/714 1848/1092/607 1847/1093/607
f 2121/755/2397 1846/1094/605 1845/1095/9
f 2126/758/716 1851/1091/603 1850/750/603
f 2124/759/717 1849/751/601 1848/760/601
f 2122/1096/2398 1847/1093/599 1846/1094/599
f 2120/1097/2399 1845/1095/9 1844/747/3
f 2126/758/716 2135/1098/720 2127/1090/721
f 2124/759/717 2133/1100/722 2125/749/723
f 2122/1096/2398 2131/1102/724 2123/752/725
f 2120/1097/2399 2129/1104/726 2121/755/2397
f 2127/1090/712 2128/1105/727 2120/1097/2399
f 2125/749/713 2134/1099/728 2126/758/729
f 2123/752/714 2132/769/730 2124/1925/731
f 2121/755/2397 2130/1103/732 2122/1096/733
f 2228/1107/2400 2241/1106/735 2243/1108/2401
f 2224/775/737 2236/776/738 2239/1109/739
f 2219/778/740 2247/1110/741 2235/1111/742
f 2245/782/2402 2228/1107/2403 2243/1108/744
f 2226/783/746 2239/1109/747 2241/1113/748
f 2236/776/751 2220/830/2404 2232/1150/750
f 2217/858/2405 2245/782/754 2247/1110/752
f 2175/1115/755 2233/1116/756 2234/1143/757
f 1868/1119/1 2143/1118/758 1875/1120/601
f 1874/1122/603 2141/1121/759 1873/1123/603
f 1872/796/598 2139/1124/2406 1871/798/598
f 1870/1126/599 2137/1125/2407 1869/1127/10
f 1875/1120/609 2142/1128/762 1874/1122/609
f 1873/1123/651 2140/1129/763 1872/1130/651
f 1871/798/605 2138/1131/2408 1870/1126/605
f 1869/1127/10 2136/1132/2409 1868/1119/1
f 2142/1128/762 2151/1133/766 2150/808/767
f 2140/1129/763 2149/1134/768 2148/1166/769
f 2138/1131/2408 2147/1135/770 2146/1138/2410
f 2136/1132/2409 2145/813/772 2144/814/773
f 2143/1118/758 2144/814/773 2151/1133/774
f 2141/1121/759 2150/808/775 2149/1134/776
f 2139/1124/2406 2148/1136/777 2147/1135/778
f 2137/1125/2407 2146/1138/779 2145/813/772
f 2174/1140/780 2240/1139/781 2169/1141/782
f 2173/1142/783 2234/1143/757 2246/1173/784
f 2172/1145/785 2242/1144/786 2174/1140/787
f 2169/1147/788 2238/1146/789 2168/1148/790
f 2170/1117/791 2237/827/792 2233/1116/756
f 2168/1148/793 2237/827/794 2171/1149/795
f 2173/1142/796 2244/829/797 2172/1145/798
f 2220/830/2404 2235/1111/742 2232/1150/750
f 2231/1152/800 2165/1151/801 2164/1153/802
f 2229/1154/803 2164/1153/804 2166/835/805
f 2227/1155/2411 2166/835/807 2161/1156/808
f 2225/1158/2412 2161/1157/2413 2160/840/811
f 2163/1159/812 2225/1158/813 2160/840/814
f 2162/1161/815 2223/1160/816 2163/1159/817
f 2167/1163/818 2221/1162/2414 2162/1161/815
f 2102/663/820 2158/1035/633 2101/1165/820
f 2103/662/619 2159/1043/690 2157/1041/639
f 2096/1028/618 2154/1044/642 2159/1043/690
f 2099/1026/2384 2155/1046/705 2098/1029/616
f 2101/1024/821 2153/1085/708 2100/665/822
f 2102/663/613 2157/1041/694 2156/1034/696
f 2098/1029/823 2154/1044/642 2097/1027/824
f 2100/665/622 2152/740/702 2099/1026/623
f 2133/1100/825 2164/1153/804 2134/1099/825
f 2135/1098/826 2167/1163/818 2128/1105/727
f 2128/1105/727 2162/1161/815 2129/1104/827
f 2163/1159/812 2131/1102/724 2130/1103/828
f 2161/1156/808 2133/1100/829 2132/1101/829
f 2134/1099/830 2165/1151/801 2135/1098/720
f 2162/1161/815 2130/1103/831 2129/1104/827
f 2160/840/811 2132/769/730 2131/1102/832
f 2150/808/833 2174/1140/787 2149/1134/833
f 2151/1133/774 2175/1115/755 2173/1142/783
f 2144/814/773 2170/1117/791 2175/1115/755
f 2146/1138/2410 2168/1148/793 2171/1149/795
f 2149/1134/768 2169/1141/782 2148/1166/769
f 2150/808/767 2173/1142/796 2172/1145/798
f 2145/813/834 2171/1149/2415 2170/1117/791
f 2148/1136/777 2168/1148/790 2147/1135/778
f 2117/847/836 2180/1069/672 2118/1063/836
f 2119/1062/837 2183/1078/638 2112/1068/664
f 2112/1068/664 2178/1074/677 2113/715/838
f 2179/1071/674 2115/1066/661 2114/1067/839
f 2177/728/685 2117/1064/840 2116/1065/840
f 2118/1063/841 2181/1038/688 2119/1062/2392
f 2178/1074/677 2114/1067/842 2113/715/838
f 2176/725/682 2116/1065/667 2115/1066/2416
f 2187/1167/2417 2185/1042/640 2186/1080/644
f 2192/1031/2418 2194/1084/846 2195/734/692
f 2205/1168/847 2203/671/2385 2204/1030/2386
f 2207/1079/848 2204/1083/697 2206/1047/699
f 2209/1040/849 2206/1047/645 2208/693/647
f 2209/1040/850 2200/1089/711 2201/1039/637
f 2212/1033/630 2210/1075/2393 2211/1032/2387
f 2214/1037/2394 2213/1073/851 2212/1033/691
f 2202/1077/852 2214/1037/852 2203/671/852
f 2201/1039/637 2211/1032/2387 2210/1075/2393
f 2192/1031/629 2186/1080/644 2193/1045/2389
f 2195/734/2419 2188/1086/2420 2189/1036/635
f 2189/1036/2421 2196/1169/2422 2197/672/626
f 2197/852/857 2190/1081/858 2191/1082/698
f 2199/692/646 2190/1081/695 2198/1170/859
f 2184/1088/2396 2198/1170/641 2185/1042/640
f 2200/1089/711 2187/1167/2417 2211/1032/2387
f 2218/1164/2423 2220/830/2404 2221/1162/2414
f 2221/1162/2414 2222/1114/2424 2223/1160/816
f 2223/1160/861 2224/775/737 2225/1158/813
f 2227/1171/862 2224/775/863 2226/783/863
f 2229/1154/2425 2226/855/865 2228/1107/2400
f 2231/1152/866 2228/1107/2403 2230/1112/743
f 2238/1146/868 2236/776/738 2237/827/794
f 2240/1172/869 2239/1109/747 2238/1146/789
f 2242/1144/870 2241/1106/735 2240/1139/781
f 2244/829/871 2243/1108/744 2242/1144/786
f 2244/829/797 2247/1110/752 2245/782/754
f 2246/1173/784 2235/1111/742 2247/1110/741
f 2216/857/872 2219/778/740 2218/1164/2423
f 2216/857/873 2230/1112/753 2217/858/2405
f 2236/776/751 2233/1116/756 2237/827/792
f 2232/1150/750 2234/1143/757 2233/1116/756
f 2165/1151/875 2218/1164/2423 2167/1163/818
f 2248/1000/876 2249/630/876 2250/859/876
f 2248/1000/877 2250/859/877 2085/1174/877
f 2251/1175/878 2252/946/879 2070/947/880
f 2253/998/881 2254/1176/882 2071/956/883
f 2253/998/881 2251/1175/878 2254/1176/882
f 2251/940/558 1776/985/584 1777/1923/884
f 2260/1177/885 2056/945/557 2261/938/556
f 2260/1177/2426 2261/938/888 2259/1178/889
f 2259/1178/890 2261/938/891 2258/932/892
f 2258/932/892 2256/1179/893 2259/1178/890
f 2256/1179/2427 2260/1177/2426 2259/1178/889
f 2260/1177/885 2255/1181/552 2055/1180/555
f 2257/931/895 2262/1182/896 2256/1179/893
f 2256/1179/2427 2262/1182/897 2255/1181/898
f 2277/1183/2428 2264/1184/2429 2267/1193/2430
f 2263/1187/2431 2280/1186/2432 2265/1188/2433
f 2270/1189/2434 2265/1188/2433 2280/1186/2432
f 2278/1190/2435 2269/1191/2436 2279/1196/2435
f 2267/1193/2430 2276/1194/2437 2277/1183/2428
f 2279/1196/2435 2274/1197/2438 2278/1190/2435
f 2269/1191/2439 2280/1186/2440 2279/1196/2441
f 2277/1183/2442 2271/1192/2443 2278/1190/2444
f 2275/1185/2445 2278/1190/2446 2274/1197/2445
f 2273/1198/2447 2280/1186/2448 2272/1199/2447
f 2287/1200/2449 2264/1184/2429 2286/1210/2429
f 2291/1201/2450 2263/1187/2431 2265/1188/2433
f 2265/1188/2433 2289/1202/2434 2291/1201/2450
f 2288/1203/2451 2290/1204/2452 2282/1926/2452
f 2267/1193/2430 2281/1206/2437 2268/1195/2437
f 2292/1205/2451 2285/1207/2453 2284/1212/2453
f 2290/1204/2454 2291/1201/2455 2289/1202/2454
f 2282/1208/2456 2287/1200/2457 2288/1209/2458
f 2288/1209/2458 2286/1210/2459 2285/1211/2459
f 2291/1201/2455 2284/1212/2460 2283/1213/2460
f 2354/1214/1367 2301/1215/1367 2294/1927/1367
f 2299/1217/17 2294/1219/17 2302/1218/17
f 2298/1220/1370 2296/1221/1370 2295/1224/1370
f 2300/1223/1365 2298/1220/1365 2295/1224/1365
f 2293/1225/1371 2297/1222/1371 2353/1226/1371
f 2299/1228/2461 2303/1227/2461 2300/1223/2461
f 2306/1216/1366 2302/1232/1366 2301/1215/1366
f 2353/1230/2 2298/1220/2 2304/1231/2
f 2302/1232/1368 2304/1928/1368 2299/1228/1368
f 2321/1233/2462 2308/1234/2463 2311/1243/2464
f 2307/1237/2465 2324/1236/2466 2309/1238/2467
f 2314/1239/2468 2309/1238/2467 2324/1236/2466
f 2322/1240/2469 2313/1241/2470 2323/1246/2471
f 2311/1243/2464 2320/1244/2472 2321/1233/2462
f 2323/1246/2471 2318/1247/2473 2322/1240/2469
f 2313/1241/2474 2324/1236/2475 2323/1246/2476
f 2321/1233/2477 2315/1242/2478 2322/1240/2479
f 2319/1235/2480 2322/1240/2481 2318/1247/2480
f 2316/1249/2482 2323/1246/2476 2324/1236/2475
f 2331/1250/2483 2308/1234/2463 2330/1929/2463
f 2335/1251/2484 2307/1237/2465 2309/1238/2467
f 2309/1238/2467 2333/1252/2468 2335/1251/2484
f 2332/1253/2485 2334/1254/2486 2326/1930/2486
f 2311/1243/2464 2325/1256/2472 2312/1245/2472
f 2336/1255/2485 2329/1257/2487 2328/1261/2487
f 2334/1254/2488 2335/1251/2489 2333/1252/2488
f 2326/1258/2490 2331/1250/2491 2332/1259/2492
f 2332/1259/2492 2330/1929/2493 2329/1260/2493
f 2335/1251/2489 2328/1261/2494 2327/1262/2494
f 2338/1264/1408 2344/1263/1408 2341/1265/1408
f 2351/1266/1 2345/1268/1 2339/1267/1
f 2338/1264/2495 2342/1269/2495 2337/1270/2495
f 2344/1263/2496 2340/1271/2496 2343/1272/2496
f 2350/1274/1405 2346/1273/1405 2351/1275/1405
f 2343/1272/1411 2345/1268/1411 2348/1276/1411
f 2345/1268/1406 2347/1931/1406 2348/1276/1406
f 2344/1277/3 2349/1279/3 2341/1278/3
f 2337/1270/1409 2349/1280/1409 2352/1281/1409
f 2369/1282/2497 2356/1283/2498 2359/1290/2499
f 2355/1285/2500 2372/1186/2501 2357/1286/2502
f 2362/1189/2503 2357/1286/2502 2372/1186/2501
f 2370/1287/2504 2361/1288/2505 2371/1293/2506
f 2359/1290/2499 2368/1291/2507 2369/1282/2497
f 2371/1293/2506 2366/1197/2508 2370/1287/2504
f 2361/1288/2509 2372/1186/2510 2371/1293/2511
f 2369/1282/2512 2363/1289/2513 2370/1287/2514
f 2367/1284/2515 2370/1287/2516 2366/1197/2515
f 2365/1294/2517 2372/1186/2518 2364/1295/2517
f 2379/1296/2519 2356/1283/2498 2378/1932/2498
f 2383/1297/2520 2355/1285/2500 2357/1286/2502
f 2357/1286/2502 2381/1298/2503 2383/1297/2520
f 2380/1299/2258 2382/1300/2521 2374/1933/2521
f 2359/1290/2499 2373/1302/2507 2360/1292/2507
f 2384/1301/2258 2377/1303/2522 2376/1307/2522
f 2382/1300/2523 2383/1297/2524 2381/1298/2523
f 2374/1304/2525 2379/1296/2526 2380/1305/2527
f 2377/1306/2528 2379/1296/2526 2378/1932/2528
f 2383/1297/2524 2376/1307/2529 2375/1308/2529
f 2398/1216/1287 2386/1309/1287 2446/1310/1287
f 2391/1311/2 2386/1312/2 2394/1218/2
f 2390/1313/1290 2388/1314/1290 2387/1316/1290
f 2392/1315/1285 2390/1313/1285 2387/1316/1285
f 2385/1317/1291 2389/1222/1291 2445/1318/1291
f 2391/1319/2530 2395/1227/2530 2392/1315/2530
f 2397/1320/1286 2393/1215/1286 2398/1216/1286
f 2445/1321/17 2390/1313/17 2396/1231/17
f 2394/1232/1288 2396/1322/1288 2391/1319/1288
f 2413/1323/2531 2400/1324/2532 2403/1330/2533
f 2399/1237/2534 2416/1326/2535 2401/1327/2536
f 2406/1239/2537 2401/1327/2536 2416/1326/2535
f 2414/1328/2538 2405/1329/2539 2415/1246/2540
f 2403/1330/2533 2412/1244/2541 2413/1323/2531
f 2415/1246/2540 2410/1331/2542 2414/1328/2538
f 2405/1329/2543 2416/1326/2544 2415/1246/2545
f 2413/1323/2546 2407/1242/2547 2414/1328/2548
f 2411/1325/2549 2414/1328/2550 2410/1331/2549
f 2408/1249/2551 2415/1246/2545 2416/1326/2544
f 2423/1250/2552 2400/1324/2532 2422/1929/2532
f 2427/1332/2553 2399/1237/2534 2401/1327/2536
f 2401/1327/2536 2425/1252/2537 2427/1332/2553
f 2424/1253/2554 2426/1333/2555 2418/1934/2555
f 2403/1330/2533 2417/1256/2541 2404/1245/2541
f 2428/1255/2554 2421/1334/2556 2420/1261/2556
f 2426/1333/2557 2427/1332/2558 2425/1252/2557
f 2418/1258/2559 2423/1250/2560 2424/1259/2561
f 2424/1259/2561 2422/1929/2562 2421/1335/2562
f 2427/1332/2558 2420/1261/2563 2419/1262/2563
f 2433/1265/1329 2431/1336/1329 2436/1340/1329
f 2443/1266/3 2437/1337/3 2431/1267/3
f 2430/1264/1331 2434/1338/1331 2429/1339/1331
f 2436/1340/2564 2432/1271/2564 2435/1272/2564
f 2442/1274/1325 2438/1273/1325 2443/1341/1325
f 2440/1342/1332 2432/1271/1332 2437/1337/1332
f 2438/1273/2565 2440/1342/2565 2437/1337/2565
f 2436/1343/1 2441/1344/1 2433/1278/1
f 2429/1339/1330 2441/1345/1330 2444/1281/1330
f 1750/485/26 1748/874/26 1749/1832/26
f 1748/874/26 1750/485/26 1747/1833/26
f 1747/1833/26 1750/485/26 1746/1834/26
f 1746/1834/26 1744/1836/26 1745/1835/26
f 1744/1836/26 1742/483/26 1743/1837/26
f 1742/483/26 1738/1839/26 1741/1838/26
f 1741/1838/26 1738/1839/26 1740/1840/26
f 1740/1840/26 1738/1839/26 1739/1841/26
f 1738/1839/26 1734/484/26 1737/1842/26
f 1737/1842/26 1734/484/26 1736/1843/26
f 1736/1843/26 1734/484/26 1735/1844/26
f 1734/484/26 1732/1846/26 1733/1845/26
f 1732/1846/26 1730/1848/26 1731/1847/26
f 1730/1848/26 1728/1850/26 1729/1849/26
f 1728/1850/26 1730/1848/26 1727/1851/26
f 1727/1851/26 1730/1848/26 1750/485/26
f 1746/1834/26 1742/483/26 1744/1836/26
f 1734/484/26 1730/1848/26 1732/1846/26
f 1750/485/26 1742/483/26 1746/1834/26
f 1742/483/26 1734/484/26 1738/1839/26
f 1734/484/26 1750/485/26 1730/1848/26
f 1722/550/938 1998/545/935 1723/539/930
f 1723/539/930 1997/546/934 1050/1852/930
f 1720/559/941 2001/551/939 1721/552/2279
f 2001/551/939 1047/558/941 1048/866/942
f 1761/610/39 1995/1853/2278 1049/988/39
f 2002/609/583 1050/603/16 1997/1854/583
f 1761/610/39 2002/609/583 1995/1853/2278
f 2002/609/583 1760/604/16 1050/603/16
f 1794/1855/591 1988/628/591 1791/629/591
f 1791/629/591 1989/630/591 1783/1856/591
f 1782/643/17 1990/859/17 1781/638/17
f 1990/859/17 1782/643/17 1989/641/17
f 1781/638/1232 1990/859/1232 1793/860/1232
f 1793/860/1232 1988/628/1232 1794/1855/1232
f 2005/874/14 2003/1857/14 2004/1832/14
f 2003/1857/14 2005/874/14 2026/1858/14
f 2026/1858/14 2005/874/14 2025/1850/14
f 2025/1850/14 2023/1860/14 2024/1859/14
f 2023/1860/14 2021/872/14 2022/1861/14
f 2021/872/14 2019/1863/14 2020/1862/14
f 2019/1863/14 2017/1865/14 2018/1864/14
f 2017/1865/14 2013/873/14 2016/1866/14
f 2016/1866/14 2013/873/14 2015/1839/14
f 2015/1839/14 2013/873/14 2014/1867/14
f 2013/873/14 2011/1869/14 2012/1868/14
f 2011/1869/14 2009/1871/14 2010/1870/14
f 2009/1871/14 2007/1834/14 2008/1872/14
f 2007/1834/14 2009/1871/14 2006/1873/14
f 2006/1873/14 2009/1871/14 2005/874/14
f 2025/1850/14 2005/874/14 2023/1860/14
f 2023/1860/14 2005/874/14 2021/872/14
f 2021/872/14 2013/873/14 2019/1863/14
f 2019/1863/14 2013/873/14 2017/1865/14
f 2013/873/14 2005/874/14 2011/1869/14
f 2011/1869/14 2005/874/14 2009/1871/14
f 2054/1874/548 2257/931/552 2030/924/548
f 2030/924/548 2258/932/551 2031/937/555
f 2261/938/556 2033/950/561 2032/1875/557
f 2033/950/561 2261/938/556 2057/944/561
f 2255/1853/2278 1761/982/39 2055/988/39
f 1760/983/16 2262/984/583 2054/603/16
f 2054/603/16 2262/984/583 2257/1854/583
f 2262/984/583 1761/982/39 2255/1853/2278
f 2075/1876/591 2249/630/591 2083/999/591
f 2083/999/591 2248/1000/591 2086/1877/591
f 2250/859/17 2074/1008/17 2073/638/17
f 2074/1008/17 2249/1009/17 2075/642/17
f 2086/1877/877 2248/1000/877 2085/1174/877
f 2085/1174/877 2250/859/877 2073/638/877
f 2301/1878/17 2302/1218/17 2294/1219/17
f 2294/1219/17 2299/1217/17 2293/1879/17
f 2299/1217/17 2295/1224/17 2293/1879/17
f 2293/1879/17 2295/1224/17 2296/1880/17
f 2295/1224/17 2299/1217/17 2300/1223/17
f 2354/1881/2 2305/1883/2 2306/1882/2
f 2305/1883/2 2354/1881/2 2304/1231/2
f 2304/1231/2 2298/1220/2 2303/1227/2
f 2354/1881/2 2353/1230/2 2304/1231/2
f 2298/1220/2 2353/1230/2 2297/1884/2
f 2352/1885/1 2338/1887/1 2337/1886/1
f 2338/1887/1 2352/1885/1 2339/1267/1
f 2339/1267/1 2345/1268/1 2340/1271/1
f 2352/1885/1 2351/1266/1 2339/1267/1
f 2345/1268/1 2351/1266/1 2346/1888/1
f 2342/1889/3 2341/1278/3 2349/1279/3
f 2349/1279/3 2344/1277/3 2350/1890/3
f 2344/1277/3 2348/1276/3 2350/1890/3
f 2350/1890/3 2348/1276/3 2347/1891/3
f 2348/1276/3 2344/1277/3 2343/1272/3
f 2393/1878/2 2394/1218/2 2386/1312/2
f 2386/1312/2 2391/1311/2 2385/1893/2
f 2391/1311/2 2387/1316/2 2385/1893/2
f 2385/1893/2 2387/1316/2 2388/1894/2
f 2387/1316/2 2391/1311/2 2392/1315/2
f 2446/1895/17 2397/1896/17 2398/1882/17
f 2397/1896/17 2446/1895/17 2396/1231/17
f 2396/1231/17 2390/1313/17 2395/1227/17
f 2446/1895/17 2445/1321/17 2396/1231/17
f 2390/1313/17 2445/1321/17 2389/1897/17
f 2444/1885/3 2430/1887/3 2429/1886/3
f 2430/1887/3 2444/1885/3 2431/1267/3
f 2431/1267/3 2437/1337/3 2432/1271/3
f 2444/1885/3 2443/1266/3 2431/1267/3
f 2437/1337/3 2443/1266/3 2438/1898/3
f 2434/1889/1 2433/1278/1 2441/1344/1
f 2441/1344/1 2436/1343/1 2442/1899/1
f 2436/1343/1 2440/1342/1 2442/1899/1
f 2442/1899/1 2440/1342/1 2439/1900/1
f 2440/1342/1 2436/1343/1 2435/1272/1
f 20/1/1 10/22/1 3/2/1
f 18/4/2 7/1935/2 11/5/2
f 13/7/3 5/27/3 8/8/3
f 4/13/8 6/15/8 2/11/8
f 8/8/9 7/1935/9 18/4/9
f 19/6/10 11/5/10 10/22/10
f 9/18/11 8/17/11 5/14/11
f 12/21/12 11/20/12 7/16/12
f 10/19/13 12/21/13 1/10/13
f 9/18/14 4/13/14 1/10/14
f 15/23/15 16/1936/15 3/24/15
f 13/7/16 14/1937/16 6/26/16
f 6/26/17 14/1937/17 15/23/17
f 23/28/1 30/22/1 20/1/1
f 31/5/2 27/1935/2 18/4/2
f 28/8/3 25/27/3 13/7/3
f 22/11/22 26/15/22 24/13/22
f 18/4/9 27/1935/9 28/8/9
f 20/1/10 30/22/10 31/5/10
f 25/14/23 28/17/23 29/18/23
f 27/16/24 31/20/24 32/33/24
f 21/30/25 32/33/25 30/32/25
f 21/30/26 24/13/26 29/18/26
f 23/24/15 16/1936/15 15/34/15
f 26/26/16 14/1937/16 13/7/16
f 15/34/17 14/1937/17 26/26/17
f 34/38/30 90/116/2566 36/39/31
f 88/44/36 90/116/111 57/45/37
f 44/47/39 42/104/63 41/48/40
f 48/53/45 46/51/43 45/50/42
f 83/58/50 85/129/2250 74/59/51
f 37/68/60 38/132/134 39/69/61
f 42/71/63 36/39/31 137/72/64
f 35/40/32 36/39/31 42/71/63
f 33/74/66 35/40/32 44/73/39
f 52/76/68 53/80/72 54/77/69
f 56/79/71 57/82/74 54/77/69
f 58/81/73 59/84/76 57/82/74
f 60/83/75 61/1938/2567 59/84/76
f 62/85/77 63/98/90 64/86/78
f 66/88/80 62/85/77 65/87/79
f 68/90/82 66/88/80 67/89/81
f 68/90/82 69/91/83 71/92/84
f 73/94/86 68/90/82 70/93/85
f 74/96/88 66/88/80 68/90/82
f 74/96/88 75/97/89 62/85/77
f 75/97/89 76/1939/1519 63/98/90
f 78/99/91 60/83/75 58/81/73
f 77/100/92 58/81/73 56/79/71
f 65/102/79 64/101/78 56/79/71
f 67/103/81 65/102/79 53/80/72
f 42/104/93 64/1940/2568 63/66/58
f 36/39/31 90/116/2566 138/105/95
f 39/69/101 38/132/2247 60/43/35
f 46/75/102 67/1941/102 52/111/103
f 39/112/105 78/1942/2569 77/113/106
f 50/115/108 72/1943/2570 70/56/48
f 34/38/110 54/37/29 57/45/37
f 48/117/112 69/136/112 67/118/113
f 40/114/107 77/113/106 64/120/114
f 92/124/117 88/44/36 59/46/38
f 82/62/122 86/130/126 85/129/125
f 47/54/46 45/50/42 86/130/128
f 88/44/129 92/124/2571 91/41/132
f 37/68/60 89/131/178 91/41/133
f 102/142/142 106/139/142 105/143/142
f 101/145/143 99/148/143 104/146/143
f 102/142/144 101/145/144 103/140/144
f 100/147/145 105/181/145 104/146/145
f 108/149/2572 127/173/2572 126/150/2572
f 110/152/147 109/1944/147 111/153/147
f 113/155/148 117/184/148 131/156/148
f 115/158/149 118/162/149 117/159/149
f 114/161/150 116/177/150 118/162/150
f 119/168/153 124/171/153 123/169/153
f 119/168/154 120/1595/154 125/170/154
f 363/172/155 366/174/155 127/173/156
f 126/150/158 127/173/158 366/174/158
f 131/156/159 130/163/159 129/176/159
f 129/176/160 130/163/160 116/177/160
f 120/179/162 122/1820/162 132/167/162
f 126/150/166 365/175/166 364/182/166
f 139/52/180 46/51/67 44/47/39
f 140/107/181 86/130/128 45/50/42
f 350/186/182 352/468/2261 144/187/183
f 349/189/185 166/469/498 169/190/186
f 146/194/190 145/247/239 147/195/191
f 154/200/196 152/260/2170 151/201/197
f 160/206/202 193/1826/2573 195/207/203
f 161/209/205 185/277/2574 196/210/205
f 158/213/207 144/187/183 146/194/190
f 159/214/208 143/188/184 144/187/183
f 201/217/212 190/1827/212 191/218/212
f 165/220/213 166/224/217 167/221/214
f 168/223/216 169/226/219 166/224/217
f 170/225/218 171/228/221 169/226/219
f 170/225/218 172/241/233 173/227/220
f 164/222/215 167/221/214 175/229/222
f 177/231/224 178/1945/2575 179/232/225
f 180/234/227 176/233/226 179/232/225
f 182/236/229 180/234/227 181/235/228
f 181/240/228 179/1946/225 172/241/233
f 183/242/230 181/240/228 170/225/218
f 186/243/234 183/242/230 168/223/216
f 186/243/234 165/220/213 164/222/215
f 158/213/240 157/204/2266 182/248/241
f 162/250/242 150/275/243 187/251/243
f 154/200/245 148/196/260 172/253/246
f 147/195/247 145/247/2257 171/193/189
f 162/256/249 188/1947/249 189/257/249
f 152/260/251 178/1948/251 177/261/252
f 163/258/254 189/257/254 174/262/255
f 152/264/257 154/1949/257 179/265/257
f 147/195/259 173/1950/2576 172/253/246
f 158/268/261 183/1951/261 186/269/262
f 150/275/243 159/270/263 186/269/262
f 161/209/270 151/201/253 177/261/252
f 192/278/271 196/1952/272 197/279/272
f 197/279/273 195/1953/273 193/281/273
f 204/219/278 203/267/279 202/285/279
f 205/286/281 209/290/281 229/287/281
f 207/289/282 210/292/282 209/290/282
f 207/289/283 206/1694/283 208/291/283
f 216/297/288 217/301/288 360/298/288
f 214/300/289 218/307/289 217/301/289
f 211/303/290 216/297/290 215/304/290
f 213/306/291 215/475/291 218/307/291
f 211/303/292 212/302/293 217/301/293
f 221/311/296 219/294/297 224/308/297
f 221/313/2577 223/315/2577 225/309/2577
f 226/288/301 229/287/301 228/316/301
f 206/318/302 227/317/302 228/316/302
f 218/307/308 361/476/308 360/298/308
f 216/297/309 359/299/309 362/320/309
f 233/203/313 157/204/313 158/213/207
f 237/322/319 238/330/2578 239/323/320
f 241/325/322 237/322/319 236/324/321
f 238/330/327 245/342/340 244/331/328
f 278/332/330 273/380/400 259/333/331
f 278/332/330 264/334/332 263/335/333
f 242/337/335 240/326/323 276/338/336
f 274/340/338 239/323/329 244/331/328
f 250/345/343 251/353/351 252/346/344
f 249/347/345 252/346/344 254/348/346
f 253/349/347 254/348/346 256/350/348
f 250/345/343 257/370/373 258/352/350
f 260/354/352 257/370/373 250/345/343
f 263/356/354 253/349/347 255/351/349
f 264/358/356 249/347/345 253/349/347
f 264/358/356 259/355/353 250/345/343
f 245/342/359 238/330/360 251/361/360
f 237/322/362 252/364/362 251/361/360
f 247/343/363 245/342/359 258/362/361
f 241/325/365 254/482/515 252/364/362
f 247/343/366 266/363/366 265/365/366
f 248/344/368 265/1954/2579 261/366/369
f 279/371/374 236/324/321 239/323/320
f 246/339/376 262/1955/2580 255/328/325
f 277/336/334 263/335/333 262/375/381
f 240/326/323 236/324/321 279/371/374
f 270/376/387 269/379/388 272/378/388
f 268/377/390 267/1956/2581 272/378/391
f 278/332/399 279/371/2582 274/340/394
f 276/338/396 279/371/2582 278/332/399
f 273/380/400 275/341/2271 260/374/380
f 283/384/402 287/382/402 286/381/402
f 282/386/403 280/390/403 285/387/403
f 282/389/405 284/400/405 287/382/405
f 280/390/406 281/385/406 286/381/406
f 288/394/408 293/399/408 292/395/408
f 291/397/409 290/396/409 292/395/409
f 300/406/420 348/429/441 347/407/421
f 301/409/423 303/426/2583 304/410/424
f 310/418/46 311/421/433 309/403/418
f 312/420/432 313/1957/2584 311/421/433
f 314/422/434 310/418/46 308/419/431
f 315/423/435 308/419/431 307/424/436
f 303/426/438 301/409/439 311/427/439
f 348/429/441 355/471/2585 356/430/442
f 306/432/444 305/414/2275 314/433/445
f 298/438/451 355/471/2585 348/429/441
f 303/426/452 313/1958/2586 312/439/453
f 321/413/460 320/412/2587 319/444/461
f 318/443/463 317/1959/2588 322/445/464
f 329/451/470 333/448/470 332/452/470
f 326/454/471 331/457/471 330/455/471
f 329/451/472 328/1803/472 330/449/472
f 327/453/473 332/452/473 331/457/473
f 335/461/475 337/1960/475 341/459/475
f 336/462/476 334/467/2589 339/463/476
f 337/465/477 336/462/477 338/464/477
f 335/461/478 340/458/478 339/463/478
f 356/430/488 357/1961/488 309/437/450
f 347/407/421 348/429/441 299/431/443
f 353/191/495 352/468/494 350/186/492
f 357/470/499 356/430/499 355/471/499
f 355/471/500 298/438/430 307/417/430
f 360/298/501 361/476/501 362/473/501
f 215/475/502 362/1962/502 361/476/502
f 364/477/504 365/1963/505 366/174/505
f 112/154/506 111/153/506 364/478/506
f 410/486/516 434/576/516 435/487/517
f 373/489/518 397/1918/518 398/490/519
f 388/492/520 412/882/520 413/493/521
f 381/495/522 405/534/544 406/496/523
f 398/490/519 399/503/528 375/498/524
f 389/494/521 413/493/521 414/499/525
f 382/497/523 406/496/523 407/501/526
f 399/503/528 400/1964/529 376/504/529
f 414/499/525 415/511/530 391/505/530
f 383/502/527 407/501/526 408/506/531
f 376/508/529 400/1917/529 401/509/532
f 415/511/530 416/516/533 392/512/533
f 384/507/531 408/506/531 409/513/534
f 401/509/532 402/1916/535 378/515/535
f 416/516/533 417/525/536 393/517/536
f 395/518/537 394/526/538 371/519/538
f 385/514/534 409/513/534 410/521/539
f 378/515/535 402/1916/535 403/523/540
f 417/525/536 395/518/537 370/520/537
f 394/526/538 396/532/541 372/527/541
f 386/522/539 410/521/539 411/528/542
f 379/524/540 403/523/540 404/530/543
f 396/532/541 397/1918/518 373/489/518
f 411/528/542 412/1892/520 388/533/520
f 380/531/543 404/530/543 405/534/544
f 403/535/545 427/577/545 428/536/546
f 420/538/547 421/1852/548 397/539/548
f 411/488/517 435/487/517 436/541/549
f 404/537/546 428/536/546 429/543/550
f 436/541/549 437/862/2590 413/547/553
f 405/544/550 429/543/550 430/548/554
f 398/550/555 681/545/551 684/551/556
f 674/553/558 460/864/884 461/554/9
f 406/549/554 430/548/554 431/556/560
f 413/547/553 437/862/2590 675/560/562
f 407/557/560 431/556/560 432/562/564
f 400/559/561 424/558/561 425/564/565
f 408/563/564 432/562/564 433/566/566
f 401/565/565 425/564/565 426/568/567
f 438/570/568 439/578/569 417/571/569
f 419/573/571 418/579/572 394/574/572
f 409/567/566 433/566/566 434/576/516
f 402/569/567 426/568/567 427/577/545
f 439/578/569 419/573/571 395/575/571
f 418/579/572 420/538/547 396/540/547
f 432/580/573 454/624/573 455/581/10
f 425/583/574 447/626/574 448/584/575
f 438/586/576 462/623/589 463/587/577
f 419/589/3 441/596/3 440/590/578
f 433/582/10 455/581/10 456/592/79
f 426/585/575 448/584/575 449/594/15
f 439/588/577 463/587/577 441/596/3
f 418/591/578 440/590/578 442/597/579
f 434/593/79 456/592/79 457/599/580
f 427/595/15 449/594/15 450/601/581
f 421/603/16 420/598/579 442/597/579
f 435/600/580 457/599/580 458/605/2
f 428/602/581 450/601/581 451/607/582
f 436/611/2 458/1965/2 459/612/584
f 429/608/582 451/607/582 452/614/1
f 423/616/586 422/988/39 444/610/39
f 675/560/562 676/627/590 415/618/587
f 430/615/1 452/614/1 453/619/588
f 423/616/586 445/617/586 446/621/17
f 677/555/559 461/554/9 462/623/589
f 431/620/588 453/619/588 454/624/573
f 424/625/17 446/1966/17 447/626/574
f 676/627/590 438/570/568 416/572/570
f 473/631/592 478/1967/592 468/632/592
f 470/634/593 468/632/593 467/635/593
f 471/637/594 476/860/594 464/638/594
f 468/632/595 478/1967/595 475/640/595
f 472/644/596 469/1919/596 467/635/596
f 479/645/3 487/661/611 494/646/597
f 485/648/599 493/657/2591 492/649/600
f 483/651/601 491/659/2592 490/652/602
f 481/654/603 489/660/2593 488/655/604
f 486/647/605 494/646/2594 493/657/606
f 484/658/607 492/1920/2595 491/659/608
f 482/653/609 490/652/2596 489/660/610
f 480/656/16 488/655/604 487/661/611
f 493/657/606 494/646/2594 502/662/612
f 491/659/608 492/1920/2595 500/664/614
f 489/660/610 490/652/2596 498/666/615
f 487/661/611 488/655/604 496/668/617
f 494/646/597 487/661/611 495/669/618
f 492/649/600 493/657/2591 501/663/620
f 490/652/602 491/659/2592 499/665/622
f 488/655/604 489/660/2593 497/667/624
f 626/671/625 612/681/855 620/672/626
f 634/674/628 610/848/844 615/675/629
f 579/677/631 613/735/858 619/678/632
f 637/680/634 618/734/853 612/681/635
f 604/682/636 632/850/850 624/683/637
f 580/685/639 582/733/690 608/686/640
f 577/688/642 578/741/2597 616/689/643
f 629/691/645 614/737/2598 622/692/646
f 518/694/648 511/710/656 503/695/1
f 516/697/649 517/706/666 509/698/605
f 514/700/650 515/707/668 507/701/651
f 512/703/652 513/709/670 505/704/609
f 517/706/653 518/694/658 510/696/599
f 515/707/654 516/713/660 508/708/598
f 513/709/655 514/700/662 506/702/603
f 511/710/656 512/703/652 504/705/15
f 517/706/653 525/717/841 526/711/657
f 515/707/654 523/718/2599 524/712/659
f 513/709/655 521/719/839 522/714/661
f 511/710/656 519/716/664 520/715/663
f 518/694/648 526/711/837 519/716/664
f 516/697/649 524/847/2600 525/717/665
f 514/700/650 522/714/843 523/718/667
f 512/703/652 520/715/663 521/719/669
f 628/720/671 630/732/848 603/721/672
f 602/723/674 636/727/851 638/724/675
f 601/726/677 633/731/686 636/727/678
f 638/724/680 625/729/680 600/728/681
f 625/729/683 628/849/847 605/730/684
f 606/684/638 624/683/637 633/731/686
f 630/732/687 632/850/849 604/682/688
f 582/733/690 577/688/642 609/690/644
f 635/676/691 615/675/845 618/734/692
f 580/685/694 621/687/859 613/735/695
f 627/736/697 620/852/857 614/737/698
f 576/738/700 611/743/854 617/739/701
f 575/740/703 617/739/846 616/689/704
f 581/742/706 619/851/856 611/743/707
f 631/693/709 622/692/2601 607/744/710
f 542/746/712 535/762/719 527/747/3
f 540/749/713 541/758/729 533/750/609
f 538/752/714 539/770/731 531/753/607
f 536/755/715 537/761/733 529/756/605
f 541/758/716 542/746/721 534/748/603
f 539/759/717 540/749/723 532/751/601
f 537/761/718 538/752/725 530/754/599
f 535/762/719 536/755/715 528/757/9
f 541/758/716 549/768/830 550/763/720
f 539/759/717 547/846/2602 548/764/722
f 537/761/718 545/771/828 546/765/724
f 535/762/719 543/767/727 544/766/726
f 542/746/712 550/763/826 543/767/727
f 540/749/713 548/764/2603 549/768/728
f 538/752/714 546/765/832 547/769/730
f 536/755/715 544/766/726 545/771/732
f 651/772/734 649/855/865 664/773/735
f 647/775/737 645/785/2604 659/776/738
f 642/778/740 640/858/2605 670/779/741
f 653/781/743 651/772/867 666/774/744
f 649/783/746 647/775/746 662/777/747
f 645/785/749 643/830/799 655/786/750
f 670/779/752 640/858/874 653/781/753
f 598/787/755 593/826/791 656/788/756
f 551/790/1 559/806/765 566/791/758
f 557/793/603 565/802/2606 564/794/759
f 555/796/598 563/1921/2607 562/797/760
f 553/799/599 561/805/2608 560/800/761
f 558/792/609 566/791/2609 565/802/762
f 556/795/651 564/794/2610 563/803/763
f 554/798/605 562/797/2611 561/805/764
f 552/801/10 560/800/761 559/806/765
f 565/802/762 566/791/2609 574/807/766
f 563/803/763 564/794/2610 572/809/768
f 561/805/764 562/797/2611 570/811/770
f 559/806/765 560/800/761 568/813/772
f 566/791/758 559/806/765 567/814/773
f 564/794/759 565/802/2606 573/808/775
f 562/797/760 563/1921/2607 571/815/777
f 560/800/761 561/805/2608 569/812/779
f 597/816/780 665/822/870 663/817/781
f 596/819/783 598/787/755 657/789/757
f 595/821/785 667/829/871 665/822/786
f 592/823/788 663/856/869 661/824/789
f 593/826/791 594/828/835 660/827/792
f 591/825/793 661/824/868 660/827/794
f 596/819/796 669/820/2612 667/829/797
f 643/830/799 642/778/740 658/780/742
f 654/831/800 639/857/873 588/832/801
f 652/834/803 654/831/866 587/833/804
f 650/836/806 652/834/864 589/835/807
f 648/838/809 650/854/862 584/839/810
f 586/841/812 646/843/861 648/838/813
f 585/842/815 644/845/819 646/843/816
f 590/844/818 641/853/860 644/845/819
f 501/663/820 579/677/631 581/679/633
f 502/662/619 495/669/618 582/733/690
f 495/669/618 496/668/824 577/688/642
f 498/666/615 575/740/703 578/741/705
f 500/664/821 581/742/706 576/738/708
f 501/663/613 502/662/612 580/685/694
f 497/667/823 578/741/2597 577/688/642
f 499/665/622 576/738/700 575/740/702
f 548/764/825 589/835/805 587/833/804
f 550/763/826 588/832/875 590/844/818
f 543/767/727 590/844/818 585/842/815
f 586/841/812 583/840/814 546/765/724
f 584/837/808 589/835/807 548/764/829
f 549/768/830 587/833/802 588/832/801
f 585/842/815 586/841/817 545/771/831
f 583/840/811 584/839/810 547/769/730
f 573/808/833 595/821/785 597/816/787
f 574/807/774 567/814/773 598/787/755
f 567/814/773 568/813/834 593/826/791
f 569/812/771 570/811/770 591/825/793
f 572/809/768 597/816/780 592/818/782
f 573/808/767 574/807/766 596/819/796
f 568/813/834 569/812/2613 594/828/835
f 571/815/777 592/823/788 591/825/790
f 524/847/836 605/722/673 603/721/672
f 526/711/837 604/682/636 606/684/638
f 519/716/664 606/684/638 601/726/677
f 602/723/674 599/725/676 522/714/661
f 600/728/685 605/730/684 524/712/840
f 525/717/841 603/721/689 604/682/688
f 601/726/677 602/723/679 521/719/842
f 599/725/682 600/728/681 523/718/667
f 610/848/844 607/744/710 608/686/640
f 615/675/845 616/689/704 617/739/846
f 628/849/847 625/729/683 626/671/625
f 630/732/848 628/720/671 627/736/697
f 632/850/849 630/732/687 629/691/645
f 632/850/850 631/693/709 623/745/711
f 635/676/630 636/727/678 633/731/686
f 637/680/693 638/724/675 636/727/851
f 625/729/852 638/724/2614 637/680/852
f 624/683/637 623/745/711 634/674/628
f 615/675/629 610/848/844 609/690/644
f 618/734/853 617/739/701 611/743/854
f 612/681/855 611/743/707 619/851/856
f 620/852/857 619/678/632 613/735/858
f 622/692/646 614/737/2598 613/735/695
f 607/744/710 622/692/2601 621/687/641
f 623/745/711 607/744/710 610/848/844
f 641/853/860 642/778/740 643/830/799
f 644/845/819 643/830/799 645/785/749
f 646/843/861 645/785/2604 647/775/737
f 650/854/862 648/838/809 647/775/863
f 652/834/864 650/836/806 649/855/865
f 654/831/866 652/834/803 651/772/867
f 661/824/868 662/777/739 659/776/738
f 663/856/869 664/784/748 662/777/747
f 665/822/870 666/774/736 664/773/735
f 667/829/871 668/782/745 666/774/744
f 667/829/797 669/820/2612 670/779/752
f 669/820/784 657/789/757 658/780/742
f 639/857/872 640/858/2605 642/778/740
f 639/857/873 654/831/800 653/781/753
f 659/776/751 655/786/750 656/788/756
f 655/786/750 658/780/742 657/789/757
f 588/832/875 639/857/872 641/853/860
f 676/627/881 675/560/879 674/861/878
f 674/553/558 437/613/585 459/612/584
f 683/865/885 422/870/555 423/866/886
f 681/545/892 680/546/895 679/868/893
f 679/868/894 678/869/898 683/865/887
f 726/875/899 727/927/900 751/876/900
f 690/878/901 714/888/901 713/879/902
f 705/881/903 729/890/903 728/882/904
f 697/884/905 698/891/906 722/885/906
f 691/887/908 715/893/912 714/888/901
f 706/889/909 730/499/909 729/890/903
f 698/891/906 699/895/914 723/892/910
f 692/504/911 716/1968/911 715/893/912
f 707/894/913 731/899/913 730/499/909
f 699/895/914 700/900/915 724/896/915
f 693/510/916 717/509/916 716/897/911
f 708/512/917 732/904/917 731/899/913
f 700/900/915 701/907/918 725/901/918
f 693/510/916 694/909/919 718/902/919
f 709/903/920 733/911/920 732/904/917
f 687/519/921 710/913/921 711/905/922
f 701/907/918 702/914/923 726/908/923
f 694/909/919 695/916/924 719/910/924
f 686/906/922 711/905/922 733/911/920
f 688/912/925 712/532/925 710/913/921
f 702/914/923 703/918/926 727/915/926
f 695/916/924 696/920/927 720/917/927
f 689/880/902 713/879/902 712/532/925
f 703/918/926 704/1922/904 728/919/904
f 696/920/927 697/884/905 721/886/907
f 719/921/928 720/929/929 744/922/929
f 713/924/930 737/1874/930 736/925/931
f 727/927/900 728/934/932 752/928/932
f 720/929/929 721/935/933 745/930/933
f 729/933/936 753/947/944 752/928/932
f 721/935/933 722/942/937 746/936/937
f 714/937/938 715/1875/2279 944/938/939
f 461/939/9 460/1923/884 934/940/558
f 722/942/937 723/948/940 747/943/940
f 729/933/936 730/990/955 935/946/943
f 723/948/940 724/952/945 748/949/945
f 716/950/941 717/565/946 741/951/946
f 724/952/945 725/960/947 749/953/947
f 717/565/946 718/961/948 742/954/948
f 733/955/949 755/962/949 754/956/950
f 710/958/952 734/963/952 735/959/953
f 725/960/947 726/875/899 750/877/899
f 718/961/948 719/921/928 743/923/928
f 711/575/953 735/959/953 755/962/949
f 712/926/931 736/925/931 734/963/952
f 455/581/10 454/995/573 748/964/573
f 448/966/575 447/996/574 741/967/574
f 463/969/577 462/994/589 754/586/576
f 440/970/578 441/974/3 735/589/3
f 456/592/79 455/581/10 749/965/10
f 449/972/15 448/966/575 742/968/575
f 441/974/3 463/969/577 755/588/577
f 442/975/579 440/970/578 734/591/578
f 457/599/580 456/592/79 750/971/79
f 450/977/581 449/972/15 743/973/15
f 737/603/16 443/983/16 442/975/579
f 458/605/2 457/599/580 751/976/580
f 451/980/582 450/977/581 744/978/581
f 459/985/584 458/1969/2 752/611/2
f 452/986/1 451/980/582 745/981/582
f 739/616/586 445/1924/586 444/982/39
f 731/989/954 936/998/956 935/946/943
f 453/991/588 452/986/1 746/987/1
f 446/993/17 445/1924/586 739/616/586
f 462/994/589 461/939/9 937/941/559
f 454/995/573 453/991/588 747/992/588
f 447/996/574 446/1970/17 740/997/17
f 732/957/951 754/956/950 936/998/956
f 760/1001/592 770/1971/592 765/631/592
f 759/1003/957 760/1001/957 762/1004/957
f 756/638/594 768/1174/594 763/637/594
f 767/1007/958 770/1971/958 760/1001/958
f 764/644/596 767/1007/596 759/1003/596
f 778/1011/959 771/1023/966 479/1012/3
f 776/649/960 777/1020/976 485/1014/599
f 774/1016/961 775/1021/978 483/1017/601
f 772/1018/962 773/660/980 481/654/603
f 777/1020/963 778/1011/968 486/1013/605
f 775/1021/964 776/1025/970 484/1022/607
f 773/660/965 774/1016/972 482/653/609
f 771/1023/966 772/1018/962 480/1019/16
f 777/1020/963 785/663/1178 786/662/967
f 775/1021/964 783/665/969 784/1024/969
f 773/660/965 781/1029/1176 782/1026/971
f 771/1023/966 779/1028/974 780/1027/973
f 778/1011/959 786/662/1174 779/1028/974
f 776/649/960 784/1165/2615 785/663/975
f 774/1016/961 782/1026/1180 783/665/977
f 772/1018/962 780/1027/973 781/1029/979
f 880/672/981 872/1036/1209 886/671/982
f 875/1031/984 870/1167/1198 894/1032/985
f 879/678/987 873/1081/1210 839/1034/988
f 872/1036/990 878/734/1207 897/1037/991
f 864/1038/992 866/1078/1041 884/1039/993
f 840/1041/995 881/1170/1213 868/1042/996
f 837/1044/998 869/1080/1045 876/1045/999
f 882/692/1001 874/1082/1212 889/1047/1002
f 503/1048/1 787/1061/1011 794/1049/1004
f 509/1051/605 793/1058/2616 792/697/1005
f 507/1052/651 791/1060/2617 790/1053/1006
f 505/1055/609 789/709/2618 788/1056/1007
f 510/1050/599 794/1049/2619 793/1058/1008
f 508/1059/598 792/713/2620 791/1060/1009
f 506/1054/603 790/1053/2621 789/709/1010
f 504/1057/15 788/1056/1007 787/1061/1011
f 793/1058/1008 794/1049/2619 802/1062/1012
f 791/1060/1009 792/713/2620 800/1064/1014
f 789/709/1010 790/1053/2621 798/1066/1016
f 787/1061/1011 788/1056/1007 796/715/1018
f 794/1049/1004 787/1061/1011 795/1068/1019
f 792/697/1005 793/1058/2616 801/1063/1021
f 790/1053/1006 791/1060/2617 799/1065/1023
f 788/1056/1007 789/709/2618 797/1067/1025
f 863/1069/1026 890/1079/1202 888/1070/1027
f 862/1071/1029 859/725/2622 898/1072/1030
f 861/1074/1032 862/1071/2623 896/1073/1033
f 860/728/1035 885/1077/1036 898/1072/1036
f 865/1076/1038 888/1168/1201 885/1077/1039
f 866/1078/1041 861/1074/1032 893/1075/1034
f 864/1038/1042 892/1040/1203 890/1079/1043
f 842/1043/997 868/1042/996 869/1080/1045
f 878/734/1046 875/1031/1200 895/1033/1047
f 873/1081/1049 881/1170/2624 840/1041/1050
f 874/1082/1052 880/852/1211 887/1083/1053
f 877/1084/1055 871/1086/1206 836/1085/1056
f 876/1045/1058 877/1084/1199 835/740/1059
f 871/1086/1061 879/1169/1208 841/1087/1062
f 867/1088/1064 882/692/1214 891/693/1065
f 527/747/3 803/1097/1074 810/1090/1067
f 533/750/609 809/758/2625 808/749/1068
f 531/1092/607 807/1925/2626 806/752/1069
f 529/1094/605 805/1096/2627 804/755/1070
f 534/1091/603 810/1090/2628 809/758/1071
f 532/751/601 808/749/2629 807/759/1072
f 530/1093/599 806/752/2630 805/1096/1073
f 528/1095/9 804/755/1070 803/1097/1074
f 809/758/1071 810/1090/2628 818/1098/1075
f 807/759/1072 808/749/2629 816/1100/1077
f 805/1096/1073 806/752/2630 814/1102/1078
f 803/1097/1074 804/755/1070 812/1104/1080
f 810/1090/1067 803/1097/1074 811/1105/1081
f 808/749/1068 809/758/2625 817/1099/1083
f 806/752/1069 807/1925/2626 815/769/1085
f 804/755/1070 805/1096/2627 813/1103/1087
f 924/1106/1088 909/855/1218 911/1107/1089
f 919/776/1091 905/1114/2631 907/775/1092
f 930/1110/1094 900/858/2632 902/778/1095
f 926/1108/1097 911/1107/1220 913/1112/1098
f 924/1113/1100 922/1109/1222 907/775/1101
f 919/776/1102 915/1150/1152 903/830/1103
f 928/782/1105 913/1112/1230 900/858/1106
f 858/1115/1108 917/1143/1137 916/1116/1109
f 826/1118/1111 819/1132/1118 551/1119/1
f 824/1121/1112 825/1128/1128 557/1122/603
f 822/1124/1113 823/1137/1130 555/796/598
f 820/1125/1114 821/1131/1132 553/1126/599
f 825/1128/1115 826/1118/1120 558/1120/609
f 823/1129/1116 824/1121/1122 556/1123/651
f 821/1131/1117 822/1124/1124 554/798/605
f 819/1132/1118 820/1125/1114 552/1127/10
f 825/1128/1115 833/808/1191 834/1133/1119
f 823/1129/1116 831/1166/1190 832/1134/1121
f 821/1131/1117 829/1138/1189 830/1135/1123
f 819/1132/1118 827/814/1126 828/813/1125
f 826/1118/1111 834/1133/1187 827/814/1126
f 824/1121/1112 832/1134/2633 833/808/1127
f 822/1124/1113 830/1135/1193 831/1136/1129
f 820/1125/1114 828/813/1125 829/1138/1131
f 923/1139/1133 925/1144/1224 857/1140/1134
f 856/1142/1136 929/1173/1227 917/1143/1137
f 925/1144/1138 927/829/1225 855/1145/1139
f 921/1146/1141 923/1172/1223 852/1147/1142
f 853/1117/1110 916/1116/1109 920/827/1144
f 920/827/1146 921/1146/1221 851/1148/1147
f 927/829/1149 929/1173/1226 856/1142/1150
f 918/1111/1096 902/778/1095 903/830/1103
f 848/1151/1153 899/857/1229 914/1152/1154
f 847/1153/1156 914/1152/1219 912/1154/1157
f 849/835/1159 912/1154/1217 910/1155/1160
f 844/1157/1162 910/1171/1215 908/1158/1163
f 846/1159/1165 843/840/2634 908/1158/1166
f 845/1161/1168 846/1159/2635 906/1160/1169
f 850/1163/1171 845/1161/1168 904/1162/1170
f 841/1035/989 839/1034/988 785/663/1173
f 786/662/1174 840/1041/995 842/1043/997
f 779/1028/974 842/1043/997 837/1044/998
f 838/1046/1060 835/740/1059 782/1026/971
f 836/1085/1063 841/1087/1062 784/1024/1177
f 785/663/1178 839/1034/1051 840/1041/1050
f 837/1044/998 838/1046/1000 781/1029/1179
f 835/740/1057 836/1085/1056 783/665/977
f 816/1100/1181 817/1099/1181 847/1153/1156
f 818/1098/1082 811/1105/1081 850/1163/1171
f 811/1105/1081 812/1104/1185 845/1161/1168
f 814/1102/1078 843/840/2634 846/1159/1165
f 816/1100/1183 849/835/1159 844/1156/1161
f 817/1099/1076 818/1098/1075 848/1151/1153
f 813/1103/1184 846/1159/2635 845/1161/1168
f 815/769/1085 844/1157/1162 843/840/1164
f 857/1140/1140 855/1145/1139 833/808/1186
f 834/1133/1187 856/1142/1136 858/1115/1108
f 827/814/1126 858/1115/1108 853/1117/1110
f 829/1138/1189 854/1149/1148 851/1148/1147
f 852/1141/1135 857/1140/1134 832/1134/1121
f 833/808/1191 855/1145/1151 856/1142/1150
f 828/813/1188 853/1117/1110 854/1149/1145
f 851/1148/1143 852/1147/1142 831/1136/1129
f 800/847/1194 801/1063/1194 863/1069/1026
f 802/1062/1020 795/1068/1019 866/1078/1041
f 795/1068/1019 796/715/1197 861/1074/1032
f 798/1066/1016 859/725/2622 862/1071/1029
f 800/1064/1195 865/1076/1038 860/728/1040
f 801/1063/1013 802/1062/1012 864/1038/1042
f 797/1067/1196 862/1071/2623 861/1074/1032
f 799/1065/1023 860/728/1035 859/725/1037
f 870/1167/1198 869/1080/1045 868/1042/996
f 877/1084/1199 876/1045/1058 875/1031/1200
f 888/1168/1201 887/1030/983 886/671/982
f 890/1079/1202 889/1047/1054 887/1083/1053
f 892/1040/1203 891/693/1003 889/1047/1002
f 883/1089/1066 891/693/1065 892/1040/994
f 893/1075/1034 896/1073/1033 895/1033/986
f 896/1073/1031 898/1072/1030 897/1037/1048
f 885/1077/1204 886/671/1205 897/1037/1205
f 894/1032/985 883/1089/1066 884/1039/993
f 875/1031/984 876/1045/999 869/1080/1045
f 871/1086/1206 877/1084/1055 878/734/1207
f 879/1169/1208 871/1086/1061 872/1036/1209
f 873/1081/1210 879/678/987 880/852/1211
f 882/692/1001 881/1170/2624 873/1081/1049
f 867/1088/1064 868/1042/996 881/1170/1213
f 870/1167/1198 867/1088/1064 883/1089/1066
f 903/830/1103 902/778/1095 901/1164/1172
f 905/1114/1104 903/830/1103 904/1162/1170
f 907/775/1092 905/1114/2631 906/1160/1167
f 910/1171/1215 909/783/1216 907/775/1216
f 912/1154/1217 911/1107/1089 909/855/1218
f 914/1152/1219 913/1112/1098 911/1107/1220
f 919/776/1091 922/1109/1093 921/1146/1221
f 922/1109/1222 924/1113/1100 923/1172/1223
f 924/1106/1088 926/1108/1090 925/1144/1224
f 926/1108/1097 928/782/1099 927/829/1225
f 927/829/1149 928/782/1105 930/1110/1107
f 929/1173/1227 930/1110/1094 918/1111/1096
f 902/778/1095 900/858/2632 899/857/1228
f 899/857/1229 900/858/1106 913/1112/1230
f 919/776/1102 920/827/1144 916/1116/1109
f 915/1150/1152 916/1116/1109 917/1143/1137
f 848/1151/1182 850/1163/1171 901/1164/1172
f 936/998/1236 937/1176/1238 934/1175/1233
f 934/940/558 460/1923/884 459/985/584
f 739/945/942 738/1180/938 943/1177/1239
f 941/932/1244 942/1178/1243 939/1179/1246
f 943/1177/1240 938/1181/1250 939/1179/1248
f 960/1183/1252 950/1193/1260 947/1184/1253
f 963/1186/1254 955/1199/1255 946/1187/1255
f 948/1188/1256 949/1972/1257 953/1189/1257
f 961/1190/1258 962/1196/1258 952/1191/1259
f 950/1193/1260 960/1183/1252 959/1194/1261
f 962/1196/1258 961/1190/1258 957/1197/1262
f 952/1191/1263 962/1196/2636 963/1186/1269
f 954/1192/1265 959/1194/1265 960/1183/1266
f 961/1190/1267 960/1183/1266 958/1185/1268
f 963/1186/1269 962/1196/2636 956/1198/1270
f 970/1200/1271 969/1210/1253 947/1184/1253
f 946/1187/1255 966/1213/1255 974/1201/1272
f 972/1202/1257 949/1972/1257 948/1188/1256
f 971/1203/1275 965/1926/1274 973/1204/1274
f 950/1193/1260 951/1195/1261 964/1206/1261
f 975/1205/1275 967/1212/1276 968/1207/1276
f 973/1204/1277 972/1202/1277 974/1201/1278
f 970/1200/1280 964/1206/1281 965/1208/1281
f 969/1210/1283 970/1200/1280 971/1209/1282
f 967/1212/1284 975/1205/1279 974/1201/1278
f 1037/1214/1285 977/1927/1285 984/1215/1285
f 981/1220/1286 978/1224/1286 979/1221/1286
f 981/1220/1287 986/1227/1287 983/1223/1287
f 980/1222/1288 979/1221/1288 976/1225/1288
f 986/1227/1289 987/1928/1289 982/1228/1289
f 984/1215/1290 985/1232/1290 988/1229/1290
f 982/1228/1291 987/1928/1291 988/1229/1291
f 1004/1233/1292 994/1243/1300 991/1234/1293
f 1007/1236/1294 999/1249/1295 990/1237/1295
f 992/1238/1296 993/1973/1297 997/1239/1297
f 1005/1240/1298 1006/1246/1298 996/1241/1299
f 994/1243/1300 1004/1233/1292 1003/1244/1301
f 1006/1246/1298 1005/1240/1298 1001/1247/1302
f 996/1241/1303 1006/1246/2637 1007/1236/1304
f 998/1242/1305 1003/1244/1305 1004/1233/1306
f 1005/1240/1307 1004/1233/1306 1002/1235/1308
f 1007/1236/1304 1006/1246/2637 1000/1248/1310
f 1014/1250/1311 1013/1929/1293 991/1234/1293
f 990/1237/1295 1010/1262/1295 1018/1251/1312
f 1016/1252/1297 993/1973/1297 992/1238/1296
f 1015/1253/1315 1009/1930/1314 1017/1254/1314
f 994/1243/1300 995/1245/1301 1008/1256/1301
f 1019/1255/1315 1011/1261/1316 1012/1257/1316
f 1017/1254/1317 1016/1252/1317 1018/1251/1318
f 1014/1250/1320 1008/1256/1321 1009/1258/1321
f 1012/1260/1323 1013/1929/1323 1014/1250/1320
f 1011/1261/1324 1019/1255/1319 1018/1251/1318
f 1027/1263/1325 1022/1336/1325 1021/1264/1325
f 1025/1269/1326 1024/1265/1326 1021/1264/1326
f 1023/1271/1327 1022/1336/1327 1027/1263/1327
f 1029/1273/1329 1030/1931/1329 1033/1274/1329
f 1031/1276/1330 1028/1268/1330 1023/1271/1330
f 1031/1276/1331 1030/1931/1331 1029/1273/1331
f 1032/1280/1332 1025/1269/1332 1020/1270/1332
f 1781/638/594 1793/860/594 1788/637/594
f 1784/635/957 1785/632/957 1787/634/957
f 1785/632/592 1795/1967/592 1790/631/592
f 1055/572/951 1755/570/950 1993/627/956
f 1764/626/574 1763/1966/17 1047/625/17
f 1771/624/573 1770/619/588 1040/620/588
f 1779/623/589 1778/554/9 1994/555/559
f 1763/621/17 1762/617/586 1048/616/586
f 1770/619/588 1769/614/1 1041/615/1
f 1056/618/954 1993/627/956 1992/560/943
f 1048/616/586 1762/617/586 1761/610/39
f 1769/614/1 1768/607/582 1042/608/582
f 1776/612/584 1775/1965/2 1753/611/2
f 1768/607/582 1767/601/581 1043/602/581
f 1775/605/2 1774/599/580 1752/600/580
f 1050/603/16 1760/604/16 1759/597/579
f 1084/1282/1333 1074/1290/1341 1071/1283/1334
f 1087/1186/1335 1079/1295/1336 1070/1285/1336
f 1072/1286/1337 1073/1974/1338 1077/1189/1338
f 1085/1287/1339 1086/1293/1339 1076/1288/1340
f 1074/1290/1341 1084/1282/1333 1083/1291/1342
f 1086/1293/1339 1085/1287/1339 1081/1197/1343
f 1076/1288/1344 1086/1293/2638 1087/1186/1345
f 1078/1289/1346 1083/1291/1346 1084/1282/1347
f 1085/1287/1348 1084/1282/1347 1082/1284/1349
f 1087/1186/1345 1086/1293/2638 1080/1294/1350
f 1094/1296/1351 1093/1932/1334 1071/1283/1334
f 1070/1285/1336 1090/1308/1336 1098/1297/1352
f 1096/1298/1338 1073/1974/1338 1072/1286/1337
f 1095/1299/1355 1089/1933/1354 1097/1300/1354
f 1074/1290/1341 1075/1292/1342 1088/1302/1342
f 1099/1301/2639 1091/1307/1356 1092/1303/1356
f 1097/1300/1357 1096/1298/1357 1098/1297/1358
f 1094/1296/1360 1088/1302/1361 1089/1304/1361
f 1092/1306/1363 1093/1932/1363 1094/1296/1360
f 1091/1307/1364 1099/1301/1359 1098/1297/1358
f 1101/1309/1365 1108/1215/1365 1113/1216/1365
f 1105/1313/1366 1102/1316/1366 1103/1314/1366
f 1105/1313/1367 1110/1227/1367 1107/1315/1367
f 1104/1222/1368 1103/1314/1368 1100/1317/1368
f 1110/1227/1369 1111/1322/1369 1106/1319/1369
f 1108/1215/1370 1109/1232/1370 1112/1320/1370
f 1109/1232/1371 1106/1319/1371 1111/1322/1371
f 1128/1323/1372 1118/1330/1380 1115/1324/1373
f 1131/1326/1374 1123/1249/1375 1114/1237/1375
f 1116/1327/1376 1117/1975/1377 1121/1239/1377
f 1129/1328/1378 1130/1246/1378 1120/1329/1379
f 1118/1330/1380 1128/1323/1372 1127/1244/1381
f 1130/1246/1378 1129/1328/1378 1125/1331/1382
f 1120/1329/2640 1130/1246/2641 1131/1326/1384
f 1122/1242/1385 1127/1244/1385 1128/1323/1386
f 1129/1328/1387 1128/1323/1386 1126/1325/1388
f 1123/1249/1389 1131/1326/1384 1130/1246/2641
f 1138/1250/1391 1137/1929/1373 1115/1324/1373
f 1114/1237/1375 1134/1262/1375 1142/1332/1392
f 1140/1252/1377 1117/1975/1377 1116/1327/1376
f 1139/1253/1395 1133/1934/1394 1141/1333/1394
f 1118/1330/1380 1119/1245/1381 1132/1256/1381
f 1143/1255/1395 1135/1261/1396 1136/1334/1396
f 1141/1333/1397 1140/1252/1397 1142/1332/1398
f 1138/1250/1400 1132/1256/1401 1133/1258/1401
f 1136/1335/1403 1137/1929/1403 1138/1250/1400
f 1135/1261/1404 1143/1255/1399 1142/1332/1398
f 1148/1265/1405 1151/1340/1405 1146/1336/1405
f 1149/1338/1406 1148/1265/1406 1145/1264/1406
f 1147/1271/1407 1146/1336/1407 1151/1340/1407
f 1153/1273/1408 1154/1931/1408 1157/1274/1408
f 1155/1342/1409 1152/1337/1409 1147/1271/1409
f 1155/1342/1410 1154/1931/1410 1153/1273/1410
f 1156/1345/1411 1149/1338/1411 1144/1339/1411
f 1163/1349/1414 1164/1373/1434 1165/1350/1415
f 1215/1352/1417 1219/1370/1431 1213/1353/1418
f 1168/1355/1420 1169/1374/1420 1170/1346/1412
f 1172/1359/1423 1173/1358/1423 1175/1360/1424
f 1174/1361/1424 1175/1360/1424 1177/1362/1425
f 1178/1364/1426 1179/1413/1426 1218/1365/1427
f 1182/1367/1429 1181/1385/1488 1217/1368/1430
f 1219/1370/1431 1216/1391/1454 1211/1371/1432
f 1163/1349/1414 1166/1389/1498 1214/1372/1433
f 1168/1355/1420 1162/1351/1416 1165/1350/1415
f 1205/1375/1435 1203/1430/1436 1202/1376/1436
f 1213/1378/1437 1211/1976/2642 1210/1379/1438
f 1198/1381/1440 1197/1428/1508 1192/1382/1441
f 1182/1367/1443 1212/1390/1452 1210/1384/1444
f 1165/1350/1446 1164/1373/1453 1193/1386/1447
f 1163/1349/1449 1194/1415/1489 1196/1388/1450
f 1166/1389/1451 1196/1388/1450 1212/1390/1452
f 1215/1352/1417 1195/1354/1419 1193/1386/1447
f 1216/1391/1454 1218/1365/1486 1207/1392/1455
f 1168/1355/1456 1198/1395/1460 1191/1393/1457
f 1168/1355/1456 1167/1356/1470 1190/1394/1459
f 1169/1374/1461 1165/1350/1446 1192/1387/1448
f 1185/1397/1463 1183/1461/1463 1188/1398/1463
f 1170/1346/1464 1169/1374/1461 1197/1396/1462
f 1185/1397/1466 1187/1399/1466 1201/1401/1466
f 1170/1346/1464 1189/1400/1465 1188/1403/1467
f 1171/1404/1469 1186/1407/1475 1190/1394/1459
f 1173/1358/1471 1184/1357/2643 1201/1405/1472
f 1172/1359/1474 1199/1408/1477 1186/1407/1475
f 1174/1361/1476 1202/1410/1481 1199/1408/1477
f 1175/1360/1478 1173/1358/1471 1200/1406/1473
f 1176/1363/1480 1204/1977/1480 1202/1410/1481
f 1177/1362/1482 1175/1360/1478 1203/1409/1479
f 1180/1366/1483 1206/1414/1487 1209/1412/1484
f 1179/1413/1485 1208/1978/1485 1207/1392/1455
f 1180/1366/1483 1181/1385/1445 1210/1384/1444
f 1180/1366/1428 1218/1365/1427 1217/1368/1430
f 1162/1351/1458 1191/1393/1457 1194/1415/1489
f 1220/1369/1496 1217/1368/1494 1216/1391/1493
f 1214/1372/1490 1220/1369/1496 1219/1370/1497
f 1166/1389/1498 1182/1367/1429 1220/1369/1429
f 1196/1416/1499 1195/1425/1499 1213/1378/1437
f 1209/1417/1500 1206/1426/1506 1207/1418/1501
f 1191/1383/1442 1192/1382/1441 1193/1423/1505
f 1196/1416/1499 1194/1424/1505 1193/1423/1505
f 1210/1379/1438 1211/1976/2642 1207/1418/1501
f 1198/1381/1440 1190/1420/1503 1189/1427/1507
f 1203/1430/1436 1200/1902/2280 1199/1429/30
f 1224/1350/1512 1223/1451/2644 1222/1432/1513
f 1274/1434/1515 1254/1979/2645 1272/1435/1516
f 1229/1346/1510 1228/1457/2646 1227/1355/1518
f 1234/1360/88 1232/1358/89 1231/1359/89
f 1236/1362/1520 1234/1360/88 1233/1361/88
f 1277/1439/1521 1238/1472/1522 1237/1440/1522
f 1241/1442/1524 1279/1473/1524 1276/1443/1525
f 1278/1436/1517 1272/1435/1516 1270/1444/1527
f 1222/1432/1513 1223/1451/2644 1273/1446/1529
f 1227/1355/1518 1228/1457/2646 1224/1350/1512
f 1263/1377/1531 1261/1376/1532 1262/1430/1532
f 1269/1379/1533 1270/1480/1598 1272/1378/1534
f 1257/1448/1536 1250/1383/1596 1251/1382/1537
f 1269/1449/1539 1271/1453/1548 1241/1442/1540
f 1224/1350/1542 1251/1458/1557 1252/1450/1543
f 1255/1452/1545 1253/1415/1581 1222/1432/1546
f 1271/1453/1548 1255/1452/1545 1225/1447/1547
f 1252/1450/1543 1254/1979/2645 1274/1434/1515
f 1275/1445/1528 1270/1444/1527 1266/1454/1549
f 1250/1455/1551 1257/1395/2647 1227/1355/1552
f 1227/1355/1552 1257/1395/2647 1249/1456/1554
f 1228/1457/1556 1256/1462/1560 1251/1458/1557
f 1244/1459/1558 1246/1980/1558 1247/1460/1558
f 1229/1346/1559 1248/1507/2648 1256/1462/1560
f 1260/1463/1561 1246/1980/1561 1244/1459/1561
f 1247/1465/1562 1248/1507/2648 1229/1346/1559
f 1249/1456/1554 1245/1468/1568 1230/1466/1564
f 1232/1358/1565 1259/1470/1573 1260/1467/1566
f 1245/1468/1568 1258/1469/1570 1231/1359/1569
f 1258/1469/1570 1261/1410/1574 1233/1361/1571
f 1234/1360/1572 1262/1409/1577 1259/1470/1573
f 1261/1410/1574 1263/1981/1575 1235/1438/1575
f 1236/1362/1576 1264/1411/1576 1262/1409/1577
f 1268/1471/1578 1265/1511/2649 1239/1441/1579
f 1266/1454/1549 1267/1978/1580 1238/1472/1580
f 1239/1441/1579 1265/1511/2649 1269/1449/1539
f 1276/1443/1525 1277/1439/1521 1239/1441/1523
f 1253/1415/1581 1250/1455/1551 1221/1433/1553
f 1279/1473/1588 1278/1436/1589 1275/1445/1585
f 1273/1446/1582 1274/1434/1584 1278/1436/1589
f 1225/1447/1530 1273/1446/1529 1279/1473/1524
f 1272/1378/1534 1254/1425/1590 1255/1416/1590
f 1266/1474/1591 1265/1513/2650 1268/1475/1592
f 1250/1383/1596 1253/1424/1597 1252/1479/1597
f 1252/1479/1597 1253/1424/1597 1255/1416/1590
f 1269/1379/1533 1265/1513/2650 1266/1474/1591
f 1248/1427/1599 1249/1478/1595 1257/1448/1536
f 1258/1429/1600 1259/1902/1808 1262/1430/1532
f 1283/1350/1604 1282/1451/2651 1281/1432/1605
f 1325/1434/1607 1309/1979/2652 1323/1435/1608
f 1288/1346/1602 1287/1457/1610 1286/1355/1610
f 1293/1360/1613 1291/1358/1611 1290/1359/1611
f 1177/1362/1425 1293/1360/1613 1292/1361/1613
f 1328/1439/1614 1179/1472/1426 1178/1440/1426
f 1296/1442/1594 1330/1473/1594 1327/1443/1616
f 1329/1436/1609 1323/1435/1608 1321/1444/1618
f 1281/1432/1605 1282/1451/2651 1324/1446/1620
f 1286/1355/1610 1287/1457/1610 1283/1350/1604
f 1316/1376/1622 1317/1430/1622 1205/1375/1435
f 1320/1379/1623 1321/1480/1681 1323/1378/1624
f 1312/1448/1626 1305/1383/1679 1306/1382/1627
f 1320/1449/1629 1322/1453/1638 1296/1442/1630
f 1283/1350/1632 1306/1458/1647 1307/1450/1633
f 1310/1452/1635 1308/1415/1667 1281/1432/1636
f 1322/1453/1638 1310/1452/1635 1284/1447/1637
f 1307/1450/1633 1309/1979/2652 1325/1434/1607
f 1326/1445/1619 1321/1444/1618 1319/1454/1639
f 1305/1455/1641 1312/1395/2653 1286/1355/1642
f 1286/1355/1642 1312/1395/2653 1304/1456/1644
f 1287/1457/1646 1311/1462/1650 1306/1458/1647
f 1299/1459/1648 1301/1980/1648 1302/1460/1648
f 1288/1346/1649 1303/1507/2654 1311/1462/1650
f 1315/1463/1651 1301/1980/1651 1299/1459/1651
f 1302/1465/1652 1303/1507/2654 1288/1346/1649
f 1304/1456/1644 1300/1468/1658 1289/1466/1654
f 1291/1358/1655 1314/1470/1663 1315/1467/1656
f 1300/1468/1658 1313/1469/1660 1290/1359/1659
f 1313/1469/1660 1316/1410/1664 1292/1361/1661
f 1293/1360/1662 1317/1409/1665 1314/1470/1663
f 1316/1410/1664 1204/1981/1480 1176/1438/1480
f 1177/1362/1482 1205/1411/1482 1317/1409/1665
f 1209/1471/1484 1318/1511/2655 1294/1441/1666
f 1319/1454/1639 1208/1978/1485 1179/1472/1485
f 1294/1441/1666 1318/1511/2655 1320/1449/1629
f 1327/1443/1616 1328/1439/1614 1294/1441/1615
f 1308/1415/1667 1305/1455/1641 1280/1433/1643
f 1330/1473/1674 1329/1436/1675 1326/1445/1671
f 1324/1446/1668 1325/1434/1670 1329/1436/1675
f 1284/1447/1621 1324/1446/1620 1330/1473/1594
f 1323/1378/1624 1309/1425/1676 1310/1416/1676
f 1319/1474/1677 1318/1513/2656 1209/1475/1500
f 1305/1383/1679 1308/1424/1680 1307/1479/1680
f 1307/1479/1680 1308/1424/1680 1310/1416/1676
f 1320/1379/1623 1318/1513/2656 1319/1474/1677
f 1303/1427/1682 1304/1478/1678 1312/1448/1626
f 1313/1429/1683 1314/1902/2283 1317/1430/1622
f 1332/1484/1686 1333/1451/1702 1334/1350/1687
f 1376/1485/1689 1380/1496/1699 1374/1486/1690
f 1337/1488/1692 1338/1497/1692 1339/1482/1685
f 1341/1359/1694 1342/1490/1694 1344/1491/1695
f 1343/1492/1695 1344/1491/1695 1236/1493/1520
f 1237/1440/1522 1238/1472/1522 1379/1494/1696
f 1347/1495/1504 1346/1385/1751 1378/1443/1698
f 1380/1496/1699 1377/1502/1721 1372/1444/1700
f 1332/1484/1686 1335/1447/1761 1375/1446/1701
f 1337/1488/1692 1331/1433/1688 1334/1350/1687
f 1263/1377/1531 1264/1982/1531 1368/1430/1703
f 1374/1378/1704 1372/1983/2657 1371/1379/1705
f 1363/1448/1707 1362/1428/1768 1357/1499/1708
f 1347/1495/1710 1373/1501/1719 1371/1500/1711
f 1334/1350/1713 1333/1451/1720 1358/1450/1714
f 1332/1484/1716 1359/1415/1752 1361/1452/1717
f 1335/1447/1718 1361/1452/1717 1373/1501/1719
f 1376/1485/1689 1360/1487/1691 1358/1450/1714
f 1377/1502/1721 1379/1494/1749 1370/1454/1722
f 1337/1488/1723 1363/1395/1727 1356/1503/1724
f 1337/1488/1723 1336/1489/1737 1355/1456/1726
f 1338/1497/1728 1334/1350/1713 1357/1458/1715
f 1350/1459/1730 1348/1984/1730 1353/1505/1730
f 1339/1482/1731 1338/1497/1728 1362/1504/1729
f 1350/1459/1733 1352/1506/1733 1366/1463/1733
f 1339/1482/1731 1354/1507/1732 1353/1465/1734
f 1340/1508/1736 1351/1510/1742 1355/1456/1726
f 1342/1490/1738 1349/1437/2658 1366/1467/1739
f 1341/1359/1741 1364/1469/1744 1351/1510/1742
f 1343/1492/1743 1367/1410/1747 1364/1469/1744
f 1344/1491/1745 1342/1490/1738 1365/1509/1740
f 1235/1438/1575 1263/1981/1575 1367/1410/1747
f 1236/1493/1576 1344/1491/1745 1368/1409/1746
f 1345/1441/1748 1369/1511/1750 1268/1471/1578
f 1238/1472/1580 1267/1978/1580 1370/1454/1722
f 1345/1441/1748 1346/1385/1712 1371/1500/1711
f 1345/1441/1697 1379/1494/1696 1378/1443/1698
f 1331/1433/1725 1356/1503/1724 1359/1415/1752
f 1381/1473/1759 1378/1443/1757 1377/1502/1756
f 1375/1446/1753 1381/1473/1759 1380/1496/1760
f 1335/1447/1761 1347/1495/1504 1381/1473/1504
f 1361/1416/1762 1360/1425/1762 1374/1378/1704
f 1268/1512/1592 1369/1513/1766 1370/1474/1763
f 1356/1383/1709 1357/1499/1708 1358/1479/1765
f 1361/1416/1762 1359/1424/1765 1358/1479/1765
f 1371/1379/1705 1372/1983/2657 1370/1474/1763
f 1363/1448/1707 1355/1478/1764 1354/1427/1767
f 1368/1430/1703 1365/1904/2285 1364/1514/1769
f 1383/38/89 1439/116/2659 1385/39/1773
f 1437/1518/1777 1439/116/1845 1406/1519/1778
f 1393/47/79 1391/1551/1802 1390/48/1780
f 1396/54/1785 1397/53/1831 1395/1523/1783
f 1432/1527/1789 1434/1564/2291 1423/1528/1790
f 1386/68/1799 1387/132/1868 1388/1534/1800
f 1391/71/1802 1385/39/1773 1486/72/1803
f 1384/40/77 1385/39/1773 1391/71/1802
f 1382/74/1805 1384/40/77 1393/1535/79
f 1401/76/1807 1402/80/1811 1403/1536/1808
f 1405/1538/1810 1406/82/1594 1403/1536/1808
f 1407/1539/1812 1408/1540/1814 1406/82/1594
f 1409/83/1813 1410/1985/2660 1408/1540/1814
f 1411/1541/32 1412/1547/1824 1413/1542/1815
f 1415/88/1816 1411/1541/32 1414/87/39
f 1417/90/1818 1415/88/1816 1416/1543/1817
f 1417/90/1818 1418/1544/1819 1420/92/1820
f 1422/94/1822 1417/90/1818 1419/1545/1821
f 1423/96/1436 1415/88/1816 1417/90/1818
f 1423/96/1436 1424/1546/30 1411/1541/32
f 1424/1546/30 1425/1986/2281 1412/1547/1824
f 1427/1548/1825 1409/83/1813 1407/1539/1812
f 1426/1549/1826 1407/1539/1812 1405/1538/1810
f 1414/1550/39 1413/101/1815 1405/1538/1810
f 1416/103/1817 1414/1550/39 1402/80/1811
f 1391/1551/1827 1413/1987/2661 1412/1532/1797
f 1385/39/1773 1439/116/2659 1487/105/1829
f 1388/1534/1835 1387/132/2288 1409/43/1776
f 1395/75/1836 1416/1988/1836 1401/111/1837
f 1388/1556/1839 1427/1942/1839 1426/1557/1840
f 1399/115/1842 1421/1943/2662 1419/56/1787
f 1383/38/1844 1403/37/1772 1406/1519/1778
f 1397/1559/1846 1418/136/1872 1416/118/1847
f 1389/1558/1841 1426/1557/1840 1413/120/1848
f 1441/124/1851 1437/1518/1777 1408/1520/1779
f 1431/62/1856 1435/1565/1860 1434/1564/1859
f 1396/54/1785 1394/1522/1782 1435/1565/1862
f 1437/1518/1863 1441/124/2663 1440/1516/1866
f 1438/131/1867 1440/1516/2664 1387/132/1868
f 1451/1574/1877 1455/1571/1877 1454/1575/1877
f 1450/1577/1878 1448/1580/1878 1453/1578/1878
f 1450/1577/1879 1452/1572/1879 1455/1571/1879
f 1449/1579/1880 1454/1601/1880 1453/1578/1880
f 1457/149/2665 1476/173/2665 1475/1581/2665
f 1459/1583/1882 1458/1989/1882 1460/1584/1882
f 1462/1585/1883 1466/184/1883 1480/1586/1883
f 1464/1588/1884 1467/162/1884 1466/1589/1884
f 1464/1588/1885 1463/161/1885 1465/1591/1885
f 1470/165/1888 1468/1596/1888 1473/1593/1888
f 1469/1595/1889 1474/170/1889 1473/1593/1889
f 1712/1597/1890 1715/174/1890 1476/173/1891
f 1475/1581/1892 1476/173/1892 1715/174/1892
f 1480/1586/1893 1479/163/1893 1478/1599/1893
f 1478/1599/1894 1479/163/1894 1465/1591/1894
f 1469/179/1896 1471/1820/1896 1481/167/1896
f 1475/1581/1900 1714/1598/1900 1713/1602/1900
f 1488/1524/1914 1395/1523/1806 1393/47/79
f 1489/107/1915 1435/1565/1862 1394/1522/1782
f 1492/1605/1916 1699/1678/2002 1701/1606/1917
f 1698/189/1919 1515/1810/2228 1518/190/1920
f 1495/1611/1924 1494/1652/1524 1496/1612/1684
f 1503/1615/1929 1501/1664/437 1500/1616/1930
f 1509/1621/1935 1542/1911/2666 1544/1622/1936
f 1510/1623/1938 1534/1680/1938 1545/1624/1939
f 1507/1626/1941 1493/1607/1918 1495/1611/1924
f 1508/1627/1942 1492/1605/1916 1493/1607/1918
f 1550/1630/1946 1539/1912/1946 1540/1631/1946
f 1514/220/1947 1515/224/1951 1516/1633/1948
f 1517/1634/1950 1518/1636/1953 1515/224/1951
f 1519/1635/1952 1520/228/1955 1518/1636/1953
f 1519/1635/1952 1521/1646/1967 1522/227/1954
f 1513/222/1949 1516/1633/1948 1524/229/1956
f 1526/1637/1958 1527/1990/2667 1528/1638/1959
f 1529/1640/1961 1525/1639/1960 1528/1638/1959
f 1531/1642/1963 1529/1640/1961 1530/1641/1962
f 1530/1645/1962 1528/1991/1959 1521/1646/1967
f 1532/1647/1964 1530/1645/1962 1519/1635/1952
f 1535/1648/1968 1532/1647/1964 1517/1634/1950
f 1535/1648/1968 1514/220/1947 1513/222/1949
f 1507/1626/1973 1506/1619/1974 1531/1653/1974
f 1511/1655/1975 1499/1677/1976 1536/1656/1976
f 1503/1615/1978 1497/196/1993 1521/1658/1979
f 1496/1612/1980 1494/1652/2299 1520/1610/1923
f 1512/1660/1982 1511/1815/1982 1537/1661/1982
f 1501/1664/1984 1527/1992/2668 1526/1665/1985
f 1512/1660/1987 1538/1662/1987 1523/262/1988
f 1501/1667/1990 1503/1949/1990 1528/1668/1990
f 1496/1612/1992 1522/1993/2669 1521/1658/1979
f 1507/1671/1994 1532/1994/1994 1535/1672/1995
f 1499/1677/1976 1508/1673/1996 1535/1672/1995
f 1510/1623/2004 1500/1616/1986 1526/1665/1985
f 1541/1681/2005 1545/1995/2006 1546/1682/2006
f 1546/1682/2007 1544/1953/2007 1542/1684/2008
f 1553/1632/2013 1552/1670/2014 1551/1688/2014
f 1554/1689/2017 1558/1693/2017 1578/1690/2017
f 1554/1689/2018 1556/289/2018 1559/1692/2018
f 1555/1694/2019 1557/1708/2019 1559/1692/2019
f 1565/1696/2024 1566/1698/2024 1709/298/2024
f 1563/300/2026 1567/307/2026 1566/1698/2026
f 1560/1700/2027 1565/1696/2027 1564/304/2027
f 1562/306/2028 1564/475/2028 1567/307/2028
f 1560/1700/2029 1561/1699/2670 1566/1698/2029
f 1570/1703/2032 1568/1695/2033 1573/308/2033
f 1570/313/2035 1572/1705/2035 1574/309/2035
f 1575/1691/2037 1578/1690/2037 1577/316/2037
f 1576/317/2038 1577/316/2038 1557/1706/2038
f 1567/307/2044 1710/476/2044 1709/298/2044
f 1565/1696/2045 1708/1697/2045 1711/320/2045
f 1582/1618/2049 1506/1619/2049 1507/1626/1941
f 1586/1710/2055 1587/1714/2671 1588/1711/2056
f 1590/325/2058 1586/1710/2055 1585/1712/2057
f 1587/1714/2063 1594/1725/2075 1593/1715/2064
f 1627/1716/2066 1622/1748/2134 1608/1717/2067
f 1627/1716/2066 1613/1718/2068 1612/1719/2069
f 1591/1721/2071 1589/1713/2059 1625/338/2072
f 1623/1723/2073 1588/1711/2065 1593/1715/2064
f 1599/345/2078 1600/353/2086 1601/1726/2079
f 1598/347/2080 1601/1726/2079 1603/348/2081
f 1602/349/2082 1603/348/2081 1605/1727/2083
f 1599/345/2078 1606/370/2108 1607/352/2085
f 1609/1728/2087 1606/370/2108 1599/345/2078
f 1612/1729/2089 1602/349/2082 1604/351/2084
f 1613/1730/2091 1598/347/2080 1602/349/2082
f 1613/1730/2091 1608/355/2088 1599/345/2078
f 1594/1725/2094 1587/1714/2095 1600/1733/2095
f 1586/1710/2097 1601/1735/2097 1600/1733/2095
f 1596/343/2098 1594/1725/2094 1607/1734/2096
f 1590/325/2100 1603/1816/2245 1601/1735/2097
f 1596/343/2101 1615/363/2101 1614/1736/2101
f 1597/344/2103 1614/1954/2672 1610/1737/2104
f 1628/1739/2109 1585/1712/2057 1588/1711/2056
f 1595/1722/2111 1611/1996/2673 1604/328/2061
f 1626/1720/2070 1612/1719/2069 1611/1743/2116
f 1589/1713/2059 1585/1712/2057 1628/1739/2109
f 1619/1744/2122 1618/1747/2674 1621/1746/2123
f 1617/1745/2125 1616/1997/2675 1621/1746/2125
f 1627/1716/2133 1628/1739/2676 1623/1723/2128
f 1625/338/2130 1628/1739/2676 1627/1716/2133
f 1622/1748/2134 1624/1724/2314 1609/1742/2115
f 1632/384/2136 1636/1750/2136 1635/1749/2136
f 1631/386/2137 1629/390/2137 1634/1751/2137
f 1631/1752/2138 1633/1761/2138 1636/1750/2138
f 1630/385/2139 1635/1749/2139 1634/1751/2139
f 1637/1756/2141 1642/1760/2141 1641/1757/2141
f 1640/1759/2142 1639/1758/2142 1641/1757/2142
f 1649/406/2153 1697/1784/2174 1696/1765/2154
f 1650/1767/2156 1652/1781/2677 1653/1768/2157
f 1659/418/1785 1660/421/2166 1658/403/2151
f 1661/1777/2165 1662/1998/2678 1660/421/2166
f 1663/1778/2167 1659/418/1785 1657/1776/2164
f 1664/1779/2168 1657/1776/2164 1656/1780/2169
f 1652/1781/2171 1650/1767/2172 1660/1782/2172
f 1697/1784/2174 1704/471/2679 1705/1785/2175
f 1655/1787/2177 1654/1772/2318 1663/1788/2178
f 1647/1791/2183 1704/471/2679 1697/1784/2174
f 1652/1781/2184 1662/1999/2680 1661/1792/2185
f 1670/1771/2192 1669/1770/2193 1668/1796/2193
f 1667/1795/2195 1666/1959/2681 1671/1797/2196
f 1678/451/2201 1682/1800/2201 1681/452/2201
f 1675/454/2202 1680/457/2202 1679/1802/2202
f 1677/1803/2682 1679/449/2682 1682/1800/2682
f 1675/454/2204 1676/1801/2204 1681/452/2204
f 1686/1806/2683 1690/1804/2683 1689/458/2683
f 1685/462/2207 1683/467/2207 1688/463/2207
f 1686/465/2208 1685/462/2208 1687/1808/2208
f 1684/1807/2209 1689/458/2209 1688/463/2209
f 1705/1785/2218 1706/2000/2218 1658/1790/2182
f 1696/1765/2154 1697/1784/2174 1648/1786/2176
f 1702/1608/2225 1701/1606/2224 1699/1678/2222
f 1706/1811/2229 1705/1785/2229 1704/471/2230
f 1704/471/2231 1647/1791/2317 1656/1775/2163
f 1708/474/2233 1709/298/2233 1710/476/2233
f 1564/475/2234 1711/1962/2234 1710/476/2234
f 1712/1597/2236 1713/2001/2236 1714/1814/2236
f 1460/1584/2237 1713/2002/2237 1712/1597/2237
f 1767/601/581 1766/594/15 1044/595/15
f 1774/599/580 1773/592/79 1751/593/79
f 1759/597/579 1757/590/578 1053/591/578
f 1758/596/3 1780/587/577 1756/588/577
f 1766/594/15 1765/584/575 1045/585/575
f 1773/592/79 1772/581/10 1038/582/10
f 1757/590/578 1758/596/3 1052/589/3
f 1780/587/577 1779/623/589 1755/586/576
f 1765/584/575 1764/626/574 1046/583/574
f 1772/581/10 1771/624/573 1039/580/573
f 1724/540/931 1051/538/931 1053/579/952
f 1725/575/953 1052/573/953 1756/578/949
f 1069/569/948 1068/535/928 1044/577/928
f 1062/567/947 1061/486/899 1751/576/899
f 1726/574/952 1053/579/952 1052/573/953
f 1054/571/949 1756/578/949 1755/570/950
f 1719/565/946 1069/569/948 1045/568/948
f 1063/563/945 1062/567/947 1038/566/947
f 1720/559/941 1719/565/946 1046/564/946
f 1064/557/940 1063/563/945 1039/562/945
f 1058/547/936 1057/561/955 1992/560/943
f 1065/549/937 1064/557/940 1040/556/940
f 1994/555/559 1778/554/9 1777/864/884
f 1722/550/938 1721/552/2279 2001/551/939
f 1066/544/933 1065/549/937 1041/548/937
f 1058/547/936 1754/862/944 1753/541/932
f 1067/537/929 1066/544/933 1042/543/933
f 1060/488/900 1059/542/932 1753/541/932
f 1723/539/930 1050/1852/930 1051/538/931
f 1068/535/928 1067/537/929 1043/536/929
f 1740/531/927 1739/495/905 1066/534/907
f 1733/529/926 1732/533/904 1059/1892/904
f 1747/489/902 1723/1918/902 1724/532/925
f 1741/524/924 1740/531/927 1067/530/927
f 1734/522/923 1733/529/926 1060/528/926
f 1748/527/925 1724/532/925 1726/526/921
f 1750/520/922 1725/518/922 1054/525/920
f 1742/515/919 1741/524/924 1068/523/924
f 1735/514/918 1734/522/923 1061/521/923
f 1749/519/921 1726/526/921 1725/518/922
f 1727/517/920 1054/525/920 1055/516/917
f 1743/510/916 1742/515/919 1069/1916/919
f 1736/507/915 1735/514/918 1062/513/918
f 1728/512/917 1055/516/917 1056/511/913
f 1743/510/916 1719/509/916 1720/1917/911
f 1737/502/914 1736/507/915 1063/506/915
f 1729/505/913 1056/511/913 1057/499/909
f 1744/504/911 1720/1964/911 1721/503/912
f 1738/497/906 1737/502/914 1064/501/910
f 1731/494/903 1730/500/909 1057/499/909
f 1745/498/908 1721/503/912 1722/490/901
f 1739/495/905 1738/497/906 1065/496/906
f 1731/494/903 1058/493/903 1059/882/904
f 1746/491/901 1722/490/901 1723/1918/902
f 1061/486/899 1060/488/900 1752/487/900
f 1792/640/958 1795/1967/958 1785/632/958
f 1789/644/596 1792/640/596 1784/635/596
f 1811/646/959 1804/661/2323 1796/645/3
f 1809/649/960 1810/657/976 1802/648/599
f 1807/652/961 1808/659/978 1800/651/601
f 1805/655/962 1806/660/980 1798/654/603
f 1810/657/963 1811/646/968 1803/647/605
f 1808/659/964 1809/1920/970 1801/658/607
f 1806/660/2322 1807/652/972 1799/653/609
f 1804/661/2323 1805/655/962 1797/656/16
f 1810/657/963 1818/663/1178 1819/662/967
f 1808/659/964 1816/665/2684 1817/664/969
f 1806/660/2322 1814/667/1176 1815/666/2324
f 1804/661/2323 1812/669/974 1813/668/973
f 1811/646/959 1819/662/1174 1812/669/974
f 1809/649/960 1817/670/2685 1818/663/975
f 1807/652/961 1815/666/1180 1816/665/977
f 1805/655/962 1813/668/973 1814/667/979
f 1937/672/2325 1929/681/2374 1943/671/2326
f 1932/675/984 1927/848/2369 1951/674/2328
f 1936/678/987 1930/735/1210 1896/677/988
f 1929/681/2329 1935/734/2372 1954/680/991
f 1921/682/992 1923/684/1041 1941/683/993
f 1897/685/995 1938/687/1213 1925/686/996
f 1894/688/998 1926/690/1045 1933/689/999
f 1939/692/1001 1931/737/1212 1946/691/1002
f 1820/695/1 1828/710/2334 1835/694/2330
f 1826/698/605 1834/706/2616 1833/697/2331
f 1824/701/651 1832/707/2617 1831/700/2332
f 1822/704/609 1830/709/2618 1829/703/1007
f 1827/696/599 1835/694/2619 1834/706/1008
f 1825/708/598 1833/713/2620 1832/707/1009
f 1823/702/603 1831/700/2621 1830/709/2333
f 1821/705/15 1829/703/1007 1828/710/2334
f 1834/706/1008 1835/694/2619 1843/711/1012
f 1832/707/1009 1833/713/2620 1841/712/1014
f 1830/709/2333 1831/700/2621 1839/714/1016
f 1828/710/2334 1829/703/1007 1837/715/1018
f 1835/694/2330 1828/710/2334 1836/716/1019
f 1833/697/2331 1834/706/2616 1842/717/1021
f 1831/700/2332 1832/707/2617 1840/718/1023
f 1829/703/1007 1830/709/2618 1838/719/1025
f 1920/721/2337 1947/732/1202 1945/720/1027
f 1919/723/1029 1916/725/2622 1955/724/1030
f 1918/726/1032 1919/723/2623 1953/727/1033
f 1917/728/1035 1942/729/1036 1955/724/1036
f 1922/730/2339 1945/849/1201 1942/729/1039
f 1923/684/1041 1918/726/1032 1950/731/2338
f 1921/682/1042 1949/850/1203 1947/732/1043
f 1899/733/997 1925/686/996 1926/690/1045
f 1935/734/1046 1932/675/2370 1952/676/1047
f 1930/735/1049 1938/687/2624 1897/685/1050
f 1931/737/1052 1937/852/1211 1944/736/1053
f 1934/739/2342 1928/743/2371 1893/738/1056
f 1933/689/1058 1934/739/1199 1892/740/1059
f 1928/743/2343 1936/851/2373 1898/742/1062
f 1924/744/2345 1939/692/2375 1948/693/2346
f 1844/747/3 1852/762/2351 1859/746/1067
f 1850/750/609 1858/758/2625 1857/749/2347
f 1848/753/607 1856/770/2626 1855/752/2348
f 1846/756/605 1854/761/2627 1853/755/2349
f 1851/748/603 1859/746/2628 1858/758/1071
f 1849/751/601 1857/749/2629 1856/759/1072
f 1847/754/599 1855/752/2630 1854/761/2350
f 1845/757/9 1853/755/2349 1852/762/2351
f 1858/758/1071 1859/746/2628 1867/763/2352
f 1856/759/1072 1857/749/2629 1865/764/1077
f 1854/761/2350 1855/752/2630 1863/765/2354
f 1852/762/2351 1853/755/2349 1861/766/1080
f 1859/746/1067 1852/762/2351 1860/767/1081
f 1857/749/2347 1858/758/2625 1866/768/1083
f 1855/752/2348 1856/770/2626 1864/769/1085
f 1853/755/2349 1854/761/2627 1862/771/1087
f 1981/773/1088 1966/855/1218 1968/772/1089
f 1976/776/1091 1962/785/2631 1964/775/1092
f 1987/779/2356 1957/858/2686 1959/778/1095
f 1985/782/2357 1983/774/1097 1968/772/2358
f 1981/784/1100 1979/777/1222 1964/775/1101
f 1972/786/1152 1960/830/1103 1962/785/1104
f 1985/782/1105 1970/781/1230 1957/858/1106
f 1915/787/1108 1974/789/1137 1973/788/1109
f 1883/791/1111 1876/806/2362 1868/790/1
f 1881/794/1112 1882/802/1128 1874/793/603
f 1879/797/1113 1880/1921/1130 1872/796/598
f 1877/800/2360 1878/805/1132 1870/799/599
f 1882/802/1115 1883/791/1120 1875/792/609
f 1880/803/1116 1881/794/1122 1873/795/651
f 1878/805/2361 1879/797/1124 1871/798/605
f 1876/806/2362 1877/800/2360 1869/801/10
f 1882/802/1115 1890/808/1191 1891/807/1119
f 1880/803/1116 1888/810/1190 1889/809/2363
f 1878/805/2361 1886/812/2368 1887/811/1123
f 1876/806/2362 1884/814/1126 1885/813/1125
f 1883/791/1111 1891/807/1187 1884/814/1126
f 1881/794/1112 1889/809/2687 1890/808/1127
f 1879/797/1113 1887/811/1193 1888/815/1129
f 1877/800/2360 1885/813/1125 1886/812/1131
f 1980/817/1133 1982/822/1224 1914/816/1134
f 1913/819/1136 1986/820/1227 1974/789/1137
f 1982/822/1138 1984/829/1225 1912/821/1139
f 1978/824/1141 1980/856/1223 1909/823/1142
f 1910/826/1110 1973/788/1109 1977/827/1144
f 1977/827/1146 1978/824/1221 1908/825/1147
f 1984/829/2364 1986/820/1226 1913/819/1150
f 1975/780/1096 1959/778/1095 1960/830/1103
f 1905/832/1153 1956/857/1229 1971/831/1154
f 1904/833/1156 1971/831/2376 1969/834/1157
f 1906/835/1159 1969/834/1217 1967/836/2365
f 1901/839/1162 1967/854/1215 1965/838/1163
f 1903/841/1165 1900/840/2634 1965/838/1166
f 1902/842/1168 1903/841/2635 1963/843/1169
f 1907/844/2366 1902/842/1168 1961/845/1170
f 1898/679/989 1896/677/988 1818/663/1173
f 1819/662/1174 1897/685/995 1899/733/997
f 1812/669/974 1899/733/997 1894/688/998
f 1895/741/1060 1892/740/1059 1815/666/2324
f 1893/738/2344 1898/742/1062 1817/664/1177
f 1818/663/1178 1896/677/1051 1897/685/1050
f 1894/688/998 1895/741/1000 1814/667/1179
f 1892/740/1057 1893/738/1056 1816/665/977
f 1865/764/1181 1866/768/1181 1904/833/1156
f 1867/763/1082 1860/767/1081 1907/844/2366
f 1860/767/1081 1861/766/1185 1902/842/1168
f 1863/765/2354 1900/840/2634 1903/841/1165
f 1865/764/1183 1906/835/1159 1901/837/1161
f 1866/768/1076 1867/763/2352 1905/832/1153
f 1862/771/1184 1903/841/2635 1902/842/1168
f 1864/769/1085 1901/839/1162 1900/840/1164
f 1914/816/1140 1912/821/1139 1890/808/1186
f 1891/807/1187 1913/819/1136 1915/787/1108
f 1884/814/1126 1915/787/1108 1910/826/1110
f 1886/812/2368 1911/828/1148 1908/825/1147
f 1909/818/1135 1914/816/1134 1889/809/2363
f 1890/808/1191 1912/821/1151 1913/819/1150
f 1885/813/1188 1910/826/1110 1911/828/1145
f 1908/825/1143 1909/823/1142 1888/815/1129
f 1841/847/1194 1842/717/1194 1920/721/2337
f 1843/711/1020 1836/716/1019 1923/684/1041
f 1836/716/1019 1837/715/1197 1918/726/1032
f 1839/714/1016 1916/725/2622 1919/723/1029
f 1841/712/1195 1922/730/2339 1917/728/2340
f 1842/717/1013 1843/711/1012 1921/682/1042
f 1838/719/1196 1919/723/2623 1918/726/1032
f 1840/718/1023 1917/728/1035 1916/725/1037
f 1927/848/2369 1926/690/1045 1925/686/996
f 1934/739/1199 1933/689/1058 1932/675/2370
f 1945/849/1201 1944/673/2327 1943/671/2326
f 1947/732/1202 1946/691/1054 1944/736/1053
f 1949/850/1203 1948/693/1003 1946/691/1002
f 1940/745/1066 1948/693/2346 1949/850/994
f 1950/731/2338 1953/727/1033 1952/676/986
f 1953/727/1031 1955/724/1030 1954/680/2341
f 1942/729/1205 1943/671/1205 1954/680/1205
f 1951/674/2328 1940/745/1066 1941/683/993
f 1932/675/984 1933/689/999 1926/690/1045
f 1928/743/2371 1934/739/2342 1935/734/2372
f 1936/851/2373 1928/743/2343 1929/681/2374
f 1930/735/1210 1936/678/987 1937/852/1211
f 1939/692/1001 1938/687/2624 1930/735/1049
f 1924/744/2345 1925/686/996 1938/687/1213
f 1927/848/2369 1924/744/2345 1940/745/1066
f 1960/830/1103 1959/778/1095 1958/853/1172
f 1962/785/1104 1960/830/1103 1961/845/1170
f 1964/775/1092 1962/785/2631 1963/843/1167
f 1967/854/1215 1966/783/1216 1964/775/1216
f 1969/834/1217 1968/772/1089 1966/855/1218
f 1971/831/2376 1970/781/2359 1968/772/2358
f 1976/776/1091 1979/777/1093 1978/824/1221
f 1979/777/1222 1981/784/1100 1980/856/1223
f 1981/773/1088 1983/774/2355 1982/822/1224
f 1983/774/1097 1985/782/2357 1984/829/1225
f 1984/829/2364 1985/782/1105 1987/779/1107
f 1986/820/1227 1987/779/2356 1975/780/1096
f 1959/778/1095 1957/858/2686 1956/857/1228
f 1956/857/1229 1957/858/1106 1970/781/1230
f 1976/776/1102 1977/827/1144 1973/788/1109
f 1972/786/1152 1973/788/1109 1974/789/1137
f 1905/832/1182 1907/844/2366 1958/853/1172
f 1993/627/1236 1994/863/1238 1991/861/1233
f 1991/553/558 1777/864/884 1776/612/584
f 1048/866/942 1049/870/938 2000/865/1239
f 1998/545/1244 1999/867/1243 1996/868/1246
f 2000/865/1240 1995/869/1250 1996/868/2378
f 2043/875/516 2067/877/516 2068/876/517
f 2006/880/518 2030/879/518 2031/888/519
f 2045/882/520 2046/890/2379 2022/881/2379
f 2014/884/522 2038/886/544 2039/885/523
f 2031/888/519 2032/893/528 2008/887/524
f 2046/890/2379 2047/499/525 2023/889/525
f 2015/891/523 2039/885/523 2040/892/526
f 2032/893/528 2033/1968/529 2009/504/529
f 2047/499/525 2048/899/530 2024/894/530
f 2016/895/527 2040/892/526 2041/896/531
f 2033/897/529 2034/509/532 2010/510/532
f 2048/899/530 2049/904/533 2025/512/533
f 2017/900/531 2041/896/531 2042/901/534
f 2010/510/532 2034/509/532 2035/902/535
f 2049/904/533 2050/911/536 2026/903/536
f 2028/905/537 2027/913/538 2004/519/538
f 2018/907/534 2042/901/534 2043/908/539
f 2011/909/535 2035/902/535 2036/910/540
f 2050/911/536 2028/905/537 2003/906/537
f 2027/913/538 2029/532/541 2005/912/541
f 2019/914/539 2043/908/539 2044/915/542
f 2012/916/540 2036/910/540 2037/917/543
f 2029/532/541 2030/879/518 2006/880/518
f 2020/918/542 2044/915/542 2045/919/520
f 2013/920/543 2037/917/543 2038/886/544
f 2036/921/545 2060/923/545 2061/922/546
f 2053/925/547 2054/1874/548 2030/924/548
f 2044/927/517 2068/876/517 2069/928/549
f 2037/929/546 2061/922/546 2062/930/550
f 2069/928/549 2070/947/2590 2046/933/553
f 2038/935/550 2062/930/550 2063/936/554
f 2031/937/555 2258/932/551 2261/938/556
f 2254/941/559 2251/940/558 1777/1923/884
f 2039/942/554 2063/936/554 2064/943/560
f 2046/933/553 2070/947/2590 2252/946/562
f 2040/948/560 2064/943/560 2065/949/564
f 2033/950/561 2057/944/561 2058/951/565
f 2041/952/564 2065/949/564 2066/953/566
f 2034/565/565 2058/951/565 2059/954/567
f 2071/956/568 2072/962/569 2050/955/569
f 2052/959/571 2051/963/572 2027/958/572
f 2042/960/566 2066/953/566 2067/877/516
f 2035/961/567 2059/954/567 2060/923/545
f 2072/962/569 2052/959/571 2028/575/571
f 2051/963/572 2053/925/547 2029/926/547
f 2065/964/573 1771/995/573 1772/581/10
f 2058/967/574 1764/996/574 1765/966/575
f 2071/586/576 1779/994/589 1780/969/577
f 2052/589/3 1758/974/3 1757/970/578
f 2066/965/10 1772/581/10 1773/592/79
f 2059/968/575 1765/966/575 1766/972/15
f 2072/588/577 1780/969/577 1758/974/3
f 2051/591/578 1757/970/578 1759/975/579
f 2067/971/79 1773/592/79 1774/599/580
f 2060/973/15 1766/972/15 1767/977/581
f 2054/603/16 2053/598/579 1759/975/579
f 2068/976/580 1774/599/580 1775/605/2
f 2061/978/581 1767/977/581 1768/980/582
f 2069/611/2 1775/1969/2 1776/985/584
f 2062/981/582 1768/980/582 1769/986/1
f 2056/616/586 2055/988/39 1761/982/39
f 2252/946/562 2253/998/590 2048/989/587
f 2063/987/1 1769/986/1 1770/991/588
f 2056/616/586 1762/1924/586 1763/993/17
f 2254/941/559 1778/939/9 1779/994/589
f 2064/992/588 1770/991/588 1771/995/573
f 2057/997/17 1763/1970/17 1764/996/574
f 2253/998/590 2071/956/568 2049/957/570
f 2082/631/592 2087/1971/592 2077/1001/592
f 2079/1004/593 2077/1001/593 2076/1003/593
f 2080/637/594 2085/1174/594 2073/638/594
f 2077/1001/595 2087/1971/595 2084/1007/595
f 2081/644/596 2078/1010/596 2076/1003/596
f 1796/1012/3 2088/1023/2382 2095/1011/597
f 1802/1014/599 2094/1020/2591 2093/649/600
f 1800/1017/601 2092/1021/2592 2091/1016/2380
f 1798/654/603 2090/660/2593 2089/1018/604
f 1803/1013/605 2095/1011/2594 2094/1020/606
f 1801/1022/607 2093/1025/2595 2092/1021/608
f 1799/653/609 2091/1016/2596 2090/660/2381
f 1797/1019/16 2089/1018/604 2088/1023/2382
f 2094/1020/606 2095/1011/2594 2103/662/612
f 2092/1021/608 2093/1025/2595 2101/1024/2383
f 2090/660/2381 2091/1016/2596 2099/1026/2384
f 2088/1023/2382 2089/1018/604 2097/1027/617
f 2095/1011/597 2088/1023/2382 2096/1028/618
f 2093/649/600 2094/1020/2591 2102/663/620
f 2091/1016/2380 2092/1021/2592 2100/665/622
f 2089/1018/604 2090/660/2593 2098/1029/624
f 2203/671/2385 2189/1036/2421 2197/672/626
f 2211/1032/2387 2187/1167/2417 2192/1031/629
f 2156/1034/2388 2190/1081/858 2196/678/632
f 2214/1037/634 2195/734/2419 2189/1036/635
f 2181/1038/636 2209/1040/850 2201/1039/637
f 2157/1041/639 2159/1043/690 2185/1042/640
f 2154/1044/642 2155/1046/2688 2193/1045/2389
f 2206/1047/645 2191/1082/2598 2199/692/646
f 2111/1049/648 2104/1061/2391 1820/1048/1
f 2109/697/649 2110/1058/666 1826/1051/605
f 2107/1053/650 2108/1060/668 1824/1052/651
f 2105/1056/652 2106/709/670 1822/1055/609
f 2110/1058/653 2111/1049/658 1827/1050/599
f 2108/1060/654 2109/713/660 1825/1059/598
f 2106/709/2390 2107/1053/662 1823/1054/603
f 2104/1061/2391 2105/1056/652 1821/1057/15
f 2110/1058/653 2118/1063/841 2119/1062/2392
f 2108/1060/654 2116/1065/2599 2117/1064/659
f 2106/709/2390 2114/1067/839 2115/1066/661
f 2104/1061/2391 2112/1068/664 2113/715/663
f 2111/1049/648 2119/1062/837 2112/1068/664
f 2109/697/649 2117/847/2600 2118/1063/665
f 2107/1053/650 2115/1066/2416 2116/1065/667
f 2105/1056/652 2113/715/663 2114/1067/669
f 2205/1070/671 2207/1079/848 2180/1069/672
f 2179/1071/674 2213/1073/851 2215/1072/675
f 2178/1074/677 2210/1075/2393 2213/1073/678
f 2215/1072/680 2202/1077/680 2177/728/681
f 2202/1077/683 2205/1168/847 2182/1076/684
f 2183/1078/638 2201/1039/637 2210/1075/2393
f 2207/1079/687 2209/1040/849 2181/1038/688
f 2159/1043/690 2154/1044/642 2186/1080/644
f 2212/1033/691 2192/1031/2418 2195/734/692
f 2157/1041/694 2198/1170/859 2190/1081/695
f 2204/1083/697 2197/852/857 2191/1082/698
f 2153/1085/700 2188/1086/2420 2194/1084/2395
f 2152/740/703 2194/1084/846 2193/1045/704
f 2158/1087/706 2196/1169/2422 2188/1086/707
f 2208/693/709 2199/692/2689 2184/1088/2396
f 2127/1090/712 2120/1097/2399 1844/747/3
f 2125/749/713 2126/758/729 1850/750/609
f 2123/752/714 2124/1925/731 1848/1092/607
f 2121/755/2397 2122/1096/733 1846/1094/605
f 2126/758/716 2127/1090/721 1851/1091/603
f 2124/759/717 2125/749/723 1849/751/601
f 2122/1096/2398 2123/752/725 1847/1093/599
f 2120/1097/2399 2121/755/2397 1845/1095/9
f 2126/758/716 2134/1099/830 2135/1098/720
f 2124/759/717 2132/1101/2602 2133/1100/722
f 2122/1096/2398 2130/1103/828 2131/1102/724
f 2120/1097/2399 2128/1105/727 2129/1104/726
f 2127/1090/712 2135/1098/826 2128/1105/727
f 2125/749/713 2133/1100/2603 2134/1099/728
f 2123/752/714 2131/1102/832 2132/769/730
f 2121/755/2397 2129/1104/726 2130/1103/732
f 2228/1107/2400 2226/855/865 2241/1106/735
f 2224/775/737 2222/1114/2604 2236/776/738
f 2219/778/740 2217/858/2605 2247/1110/741
f 2245/782/2402 2230/1112/743 2228/1107/2403
f 2226/783/746 2224/775/746 2239/1109/747
f 2236/776/751 2222/1114/2424 2220/830/2404
f 2217/858/2405 2230/1112/753 2245/782/754
f 2175/1115/755 2170/1117/791 2233/1116/756
f 1868/1119/1 2136/1132/2409 2143/1118/758
f 1874/1122/603 2142/1128/2606 2141/1121/759
f 1872/796/598 2140/1137/2607 2139/1124/2406
f 1870/1126/599 2138/1131/2608 2137/1125/2407
f 1875/1120/609 2143/1118/2609 2142/1128/762
f 1873/1123/651 2141/1121/2610 2140/1129/763
f 1871/798/605 2139/1124/2611 2138/1131/2408
f 1869/1127/10 2137/1125/2407 2136/1132/2409
f 2142/1128/762 2143/1118/2609 2151/1133/766
f 2140/1129/763 2141/1121/2610 2149/1134/768
f 2138/1131/2408 2139/1124/2611 2147/1135/770
f 2136/1132/2409 2137/1125/2407 2145/813/772
f 2143/1118/758 2136/1132/2409 2144/814/773
f 2141/1121/759 2142/1128/2606 2150/808/775
f 2139/1124/2406 2140/1137/2607 2148/1136/777
f 2137/1125/2407 2138/1131/2608 2146/1138/779
f 2174/1140/780 2242/1144/870 2240/1139/781
f 2173/1142/783 2175/1115/755 2234/1143/757
f 2172/1145/785 2244/829/871 2242/1144/786
f 2169/1147/788 2240/1172/869 2238/1146/789
f 2170/1117/791 2171/1149/2415 2237/827/792
f 2168/1148/793 2238/1146/868 2237/827/794
f 2173/1142/796 2246/1173/2612 2244/829/797
f 2220/830/2404 2219/778/740 2235/1111/742
f 2231/1152/800 2216/857/873 2165/1151/801
f 2229/1154/803 2231/1152/866 2164/1153/804
f 2227/1155/2411 2229/1154/2425 2166/835/807
f 2225/1158/2412 2227/1171/862 2161/1157/2413
f 2163/1159/812 2223/1160/861 2225/1158/813
f 2162/1161/815 2221/1162/2414 2223/1160/816
f 2167/1163/818 2218/1164/2423 2221/1162/2414
f 2102/663/820 2156/1034/2388 2158/1035/633
f 2103/662/619 2096/1028/618 2159/1043/690
f 2096/1028/618 2097/1027/824 2154/1044/642
f 2099/1026/2384 2152/740/703 2155/1046/705
f 2101/1024/821 2158/1087/706 2153/1085/708
f 2102/663/613 2103/662/612 2157/1041/694
f 2098/1029/823 2155/1046/2688 2154/1044/642
f 2100/665/622 2153/1085/700 2152/740/702
f 2133/1100/825 2166/835/805 2164/1153/804
f 2135/1098/826 2165/1151/875 2167/1163/818
f 2128/1105/727 2167/1163/818 2162/1161/815
f 2163/1159/812 2160/840/814 2131/1102/724
f 2161/1156/808 2166/835/807 2133/1100/829
f 2134/1099/830 2164/1153/802 2165/1151/801
f 2162/1161/815 2163/1159/817 2130/1103/831
f 2160/840/811 2161/1157/2413 2132/769/730
f 2150/808/833 2172/1145/785 2174/1140/787
f 2151/1133/774 2144/814/773 2175/1115/755
f 2144/814/773 2145/813/834 2170/1117/791
f 2146/1138/2410 2147/1135/770 2168/1148/793
f 2149/1134/768 2174/1140/780 2169/1141/782
f 2150/808/767 2151/1133/766 2173/1142/796
f 2145/813/834 2146/1138/2613 2171/1149/2415
f 2148/1136/777 2169/1147/788 2168/1148/790
f 2117/847/836 2182/722/673 2180/1069/672
f 2119/1062/837 2181/1038/636 2183/1078/638
f 2112/1068/664 2183/1078/638 2178/1074/677
f 2179/1071/674 2176/725/676 2115/1066/661
f 2177/728/685 2182/1076/684 2117/1064/840
f 2118/1063/841 2180/1069/689 2181/1038/688
f 2178/1074/677 2179/1071/679 2114/1067/842
f 2176/725/682 2177/728/681 2116/1065/667
f 2187/1167/2417 2184/1088/2396 2185/1042/640
f 2192/1031/2418 2193/1045/704 2194/1084/846
f 2205/1168/847 2202/1077/683 2203/671/2385
f 2207/1079/848 2205/1070/671 2204/1083/697
f 2209/1040/849 2207/1079/687 2206/1047/645
f 2209/1040/850 2208/693/709 2200/1089/711
f 2212/1033/630 2213/1073/678 2210/1075/2393
f 2214/1037/2394 2215/1072/675 2213/1073/851
f 2202/1077/852 2215/1072/852 2214/1037/852
f 2201/1039/637 2200/1089/711 2211/1032/2387
f 2192/1031/629 2187/1167/2417 2186/1080/644
f 2195/734/2419 2194/1084/2395 2188/1086/2420
f 2189/1036/2421 2188/1086/707 2196/1169/2422
f 2197/852/857 2196/678/632 2190/1081/858
f 2199/692/646 2191/1082/2598 2190/1081/695
f 2184/1088/2396 2199/692/2689 2198/1170/641
f 2200/1089/711 2184/1088/2396 2187/1167/2417
f 2218/1164/2423 2219/778/740 2220/830/2404
f 2221/1162/2414 2220/830/2404 2222/1114/2424
f 2223/1160/861 2222/1114/2604 2224/775/737
f 2227/1171/862 2225/1158/2412 2224/775/863
f 2229/1154/2425 2227/1155/2411 2226/855/865
f 2231/1152/866 2229/1154/803 2228/1107/2403
f 2238/1146/868 2239/1109/739 2236/776/738
f 2240/1172/869 2241/1113/748 2239/1109/747
f 2242/1144/870 2243/1108/2401 2241/1106/735
f 2244/829/871 2245/782/2402 2243/1108/744
f 2244/829/797 2246/1173/2612 2247/1110/752
f 2246/1173/784 2234/1143/757 2235/1111/742
f 2216/857/872 2217/858/2605 2219/778/740
f 2216/857/873 2231/1152/800 2230/1112/753
f 2236/776/751 2232/1150/750 2233/1116/756
f 2232/1150/750 2235/1111/742 2234/1143/757
f 2165/1151/875 2216/857/872 2218/1164/2423
f 2253/998/881 2252/946/879 2251/1175/878
f 2251/940/558 2070/613/585 1776/985/584
f 2260/1177/885 2055/1180/555 2056/945/557
f 2258/932/892 2257/931/895 2256/1179/893
f 2256/1179/2427 2255/1181/898 2260/1177/2426
f 2277/1183/2428 2275/1185/2429 2264/1184/2429
f 2263/1187/2431 2272/1199/2431 2280/1186/2432
f 2270/1189/2434 2266/1972/2434 2265/1188/2433
f 2278/1190/2435 2271/1192/2436 2269/1191/2436
f 2267/1193/2430 2268/1195/2437 2276/1194/2437
f 2279/1196/2435 2273/1198/2438 2274/1197/2438
f 2269/1191/2439 2270/1189/2439 2280/1186/2440
f 2277/1183/2442 2276/1194/2443 2271/1192/2443
f 2275/1185/2445 2277/1183/2442 2278/1190/2444
f 2273/1198/2447 2279/1196/2441 2280/1186/2440
f 2287/1200/2449 2267/1193/2430 2264/1184/2429
f 2291/1201/2450 2283/1213/2431 2263/1187/2431
f 2265/1188/2433 2266/1972/2434 2289/1202/2434
f 2288/1203/2451 2292/1205/2451 2290/1204/2452
f 2267/1193/2430 2287/1200/2449 2281/1206/2437
f 2292/1205/2451 2288/1203/2451 2285/1207/2453
f 2290/1204/2454 2292/1205/2690 2291/1201/2455
f 2282/1208/2456 2281/1206/2456 2287/1200/2457
f 2288/1209/2458 2287/1200/2457 2286/1210/2459
f 2291/1201/2455 2292/1205/2690 2284/1212/2460
f 2354/1214/1367 2306/1216/1367 2301/1215/1367
f 2298/1220/1370 2297/1222/1370 2296/1221/1370
f 2300/1223/1365 2303/1227/1365 2298/1220/1365
f 2293/1225/1371 2296/1221/1371 2297/1222/1371
f 2299/1228/2461 2304/1928/2461 2303/1227/2461
f 2306/1216/1366 2305/1229/1366 2302/1232/1366
f 2302/1232/1368 2305/1229/1368 2304/1928/1368
f 2321/1233/2462 2319/1235/2463 2308/1234/2463
f 2307/1237/2465 2316/1249/2465 2324/1236/2466
f 2314/1239/2468 2310/1973/2468 2309/1238/2467
f 2322/1240/2471 2315/1242/2470 2313/1241/2470
f 2311/1243/2464 2312/1245/2472 2320/1244/2472
f 2323/1246/2471 2317/1248/2473 2318/1247/2473
f 2313/1241/2474 2314/1239/2474 2324/1236/2475
f 2321/1233/2477 2320/1244/2478 2315/1242/2478
f 2319/1235/2691 2321/1233/2477 2322/1240/2479
f 2316/1249/2482 2317/1248/2692 2323/1246/2476
f 2331/1250/2483 2311/1243/2464 2308/1234/2463
f 2335/1251/2484 2327/1262/2465 2307/1237/2465
f 2309/1238/2467 2310/1973/2468 2333/1252/2468
f 2332/1253/2485 2336/1255/2485 2334/1254/2486
f 2311/1243/2464 2331/1250/2483 2325/1256/2472
f 2336/1255/2485 2332/1253/2485 2329/1257/2487
f 2334/1254/2488 2336/1255/2693 2335/1251/2489
f 2326/1258/2490 2325/1256/2490 2331/1250/2491
f 2332/1259/2492 2331/1250/2491 2330/1929/2493
f 2335/1251/2489 2336/1255/2693 2328/1261/2494
f 2338/1264/1408 2339/1336/1408 2344/1263/1408
f 2338/1264/2495 2341/1265/2495 2342/1269/2495
f 2344/1263/2496 2339/1336/2496 2340/1271/2496
f 2350/1274/1405 2347/1931/1405 2346/1273/1405
f 2343/1272/1411 2340/1271/1411 2345/1268/1411
f 2345/1268/1406 2346/1273/1406 2347/1931/1406
f 2337/1270/1409 2342/1269/1409 2349/1280/1409
f 2369/1282/2497 2367/1284/2498 2356/1283/2498
f 2355/1285/2500 2364/1295/2500 2372/1186/2501
f 2362/1189/2503 2358/1974/2503 2357/1286/2502
f 2370/1287/2506 2363/1289/2505 2361/1288/2505
f 2359/1290/2499 2360/1292/2507 2368/1291/2507
f 2371/1293/2506 2365/1294/2508 2366/1197/2508
f 2361/1288/2509 2362/1189/2509 2372/1186/2510
f 2369/1282/2512 2368/1291/2513 2363/1289/2513
f 2367/1284/2515 2369/1282/2512 2370/1287/2514
f 2365/1294/2517 2371/1293/2511 2372/1186/2510
f 2379/1296/2519 2359/1290/2499 2356/1283/2498
f 2383/1297/2520 2375/1308/2500 2355/1285/2500
f 2357/1286/2502 2358/1974/2503 2381/1298/2503
f 2380/1299/2258 2384/1301/2258 2382/1300/2521
f 2359/1290/2499 2379/1296/2519 2373/1302/2507
f 2384/1301/2258 2380/1299/2258 2377/1303/2522
f 2382/1300/2523 2384/1301/2694 2383/1297/2524
f 2374/1304/2525 2373/1302/2525 2379/1296/2526
f 2377/1306/2528 2380/1305/2527 2379/1296/2526
f 2383/1297/2524 2384/1301/2694 2376/1307/2529
f 2398/1216/1287 2393/1215/1287 2386/1309/1287
f 2390/1313/1290 2389/1222/1290 2388/1314/1290
f 2392/1315/1285 2395/1227/1285 2390/1313/1285
f 2385/1317/1291 2388/1314/1291 2389/1222/1291
f 2391/1319/2530 2396/1322/2530 2395/1227/2530
f 2397/1320/1286 2394/1232/1286 2393/1215/1286
f 2394/1232/1288 2397/1320/1288 2396/1322/1288
f 2413/1323/2531 2411/1325/2532 2400/1324/2532
f 2399/1237/2534 2408/1249/2534 2416/1326/2535
f 2406/1239/2537 2402/1975/2537 2401/1327/2536
f 2414/1328/2540 2407/1242/2539 2405/1329/2539
f 2403/1330/2533 2404/1245/2541 2412/1244/2541
f 2415/1246/2540 2409/1248/2542 2410/1331/2542
f 2405/1329/2543 2406/1239/2543 2416/1326/2544
f 2413/1323/2695 2412/1244/2696 2407/1242/2696
f 2411/1325/2549 2413/1323/2546 2414/1328/2548
f 2408/1249/2551 2409/1248/2551 2415/1246/2545
f 2423/1250/2552 2403/1330/2533 2400/1324/2532
f 2427/1332/2553 2419/1262/2534 2399/1237/2534
f 2401/1327/2536 2402/1975/2537 2425/1252/2537
f 2424/1253/2554 2428/1255/2554 2426/1333/2555
f 2403/1330/2533 2423/1250/2552 2417/1256/2541
f 2428/1255/2554 2424/1253/2554 2421/1334/2556
f 2426/1333/2557 2428/1255/2697 2427/1332/2558
f 2418/1258/2559 2417/1256/2559 2423/1250/2560
f 2424/1259/2561 2423/1250/2560 2422/1929/2562
f 2427/1332/2558 2428/1255/2697 2420/1261/2563
f 2433/1265/1329 2430/1264/1329 2431/1336/1329
f 2430/1264/1331 2433/1265/1331 2434/1338/1331
f 2436/1340/2564 2431/1336/2564 2432/1271/2564
f 2442/1274/1325 2439/1931/1325 2438/1273/1325
f 2440/1342/1332 2435/1272/1332 2432/1271/1332
f 2438/1273/2565 2439/1931/2565 2440/1342/2565
f 2429/1339/1330 2434/1338/1330 2441/1345/1330
