# Blender 5.0.1
# www.blender.org
mtllib 102.mtl
o 102
v 0.329299 0.074106 0.962082
v 0.369739 0.070987 0.828861
v 0.025992 0.374695 0.191278
v 0.029223 0.421828 0.392691
v 0.176458 -0.364172 0.812213
v 0.188657 -0.389469 0.665325
v 0.273993 -0.199351 0.094706
v 0.319889 -0.216742 0.225237
v 0.319271 -0.232764 0.227130
v 0.273568 -0.217696 0.096714
v 0.329816 -0.183533 0.229092
v 0.306529 -0.170887 0.060880
v 0.259287 0.327040 0.392139
v 0.236110 0.316403 0.227200
v 0.231004 0.350878 0.392691
v 0.119200 -0.390324 0.240475
v 0.117936 -0.411232 0.387678
v 0.106768 -0.399422 0.239697
v 0.117149 -0.411252 0.670839
v 0.111225 -0.384799 0.824348
v 0.101090 -0.393702 0.825060
v 0.278783 0.290735 0.359799
v 0.262279 0.276065 0.207720
v 0.261360 0.275666 0.824180
v 0.275109 0.289527 0.708090
v 0.243319 0.304268 0.813476
v 0.259287 0.327040 0.665906
v 0.231004 0.350878 0.665297
v 0.238372 0.319077 0.812152
v 0.325155 -0.216292 0.813546
v 0.291029 -0.192448 0.958958
v 0.287025 -0.163550 0.980202
v 0.332696 -0.185125 0.810248
v 0.314549 -0.150455 0.979899
v 0.356709 -0.198402 0.422555
v 0.356709 -0.198402 0.664421
v 0.112155 -0.298644 0.085260
v 0.090642 -0.350895 0.076620
v 0.101560 -0.340407 0.980115
v 0.156356 -0.315889 0.088081
v 0.172734 -0.361359 0.219695
v 0.158052 -0.327382 0.959041
v 0.028353 0.409290 0.711275
v 0.027268 0.393096 0.812152
v 0.248777 -0.246416 0.109579
v 0.182927 -0.389530 0.392782
v 0.024250 0.351954 0.962400
v 0.347384 -0.232461 0.392111
v 0.106425 -0.292057 0.888078
v 0.038008 -0.291682 0.972257
v 0.102584 -0.291513 0.972257
v 0.216897 0.284811 0.962400
v 0.026352 0.346166 0.057705
v 0.347384 -0.232461 0.603827
v 0.257206 -0.157251 0.888078
v 0.253724 -0.164706 0.948592
v 0.215618 0.280449 0.057705
v 0.200147 0.233436 0.158170
v 0.196335 0.231952 0.069326
v 0.339358 0.076246 0.088532
v 0.389937 0.076872 0.388207
v 0.301484 0.148069 0.934493
v 0.296759 0.132835 0.962083
v 0.389937 0.076872 0.670254
v 0.375163 0.072251 0.204019
v 0.233894 0.246293 0.962083
v 0.241061 0.253900 0.088532
v 0.361739 -0.059040 0.231919
v 0.390746 -0.067853 0.408672
v 0.389919 -0.080386 0.663113
v 0.362730 -0.059755 0.813236
v 0.397316 0.054444 0.393291
v 0.398817 0.054445 0.664421
v 0.408064 0.037026 0.663117
v 0.409565 0.031369 0.394854
v 0.372677 0.042199 0.818833
v 0.332628 0.046411 0.981209
v 0.355416 0.030639 0.981278
v 0.376664 0.035668 0.817956
v 0.342307 0.048494 0.060880
v 0.368687 0.051262 0.229092
v 0.377235 0.035413 0.231911
v 0.268211 -0.167180 0.158170
v 0.266526 -0.162420 0.072699
v 0.111256 -0.304088 0.158170
v 0.220089 -0.203190 0.117623
v 0.123074 -0.287862 0.093551
v 0.319107 -0.093760 0.060880
v 0.010847 0.298720 0.069326
v 0.287326 -0.050817 0.158170
v 0.279416 -0.087641 0.072699
v 0.303317 0.046526 0.158170
v 0.295536 0.056483 0.101694
v 0.197747 0.225858 0.101694
v 0.038427 -0.342523 0.980115
v 0.290941 0.044383 0.888078
v 0.258146 -0.154897 0.969998
v 0.293341 0.041659 0.968443
v 0.262651 0.194391 0.962083
v 0.191845 0.223728 0.888078
v 0.183397 0.223151 0.949953
v 0.001964 0.289187 0.942658
v 0.230400 0.155580 0.916068
v 0.222019 0.168415 0.950310
v 0.123480 -0.290922 0.950028
v 0.225615 0.265187 0.219811
v 0.227680 0.267583 0.819583
v 0.243251 0.286165 0.668714
v 0.243251 0.286165 0.389599
v 0.286947 0.055958 0.950310
v 0.343090 0.054563 0.219811
v 0.346200 0.055001 0.819583
v 0.370167 0.059396 0.668714
v 0.370167 0.059396 0.389599
v 0.301410 0.046331 0.072951
v 0.305683 -0.187769 0.819583
v 0.326714 -0.199475 0.668714
v 0.326714 -0.199475 0.389599
v 0.302923 -0.185960 0.219811
v 0.253460 -0.175150 0.100619
v 0.133223 -0.366222 0.668715
v 0.133223 -0.366222 0.389599
v 0.123908 -0.340705 0.219812
v 0.125086 -0.343935 0.819583
v 0.276022 0.193561 0.935031
v 0.255156 0.111008 0.911895
v 0.258199 0.105750 0.950310
v 0.396075 -0.035583 0.404361
v 0.396190 -0.026608 0.663114
v 0.339099 -0.063729 0.139960
v 0.329630 -0.029236 0.060880
v 0.289478 -0.026090 0.072855
v 0.000000 -0.291711 0.888079
v 0.000000 -0.297950 0.083920
v 0.000000 -0.394839 0.224229
v 0.000000 -0.414125 0.387677
v 0.000000 -0.414159 0.650801
v 0.000000 -0.397289 0.818193
v 0.000000 -0.351536 0.076620
v 0.000000 -0.303740 0.158170
v 0.000000 0.303972 0.158170
v 0.000000 0.291480 0.888078
v 0.000000 0.345776 0.221292
v 0.000000 0.348623 0.819583
v 0.000000 0.372901 0.389599
v 0.000000 0.372901 0.668714
v 0.000000 -0.357139 0.923172
v 0.388444 0.098787 0.385296
v 0.389814 0.095429 0.673556
v 0.371307 -0.057362 0.659822
v 0.373958 -0.056804 0.402399
v 0.196108 0.213296 0.950310
v -0.329299 0.074106 0.962082
v -0.369739 0.070987 0.828861
v -0.025992 0.374695 0.191278
v -0.029223 0.421828 0.392691
v -0.176458 -0.364172 0.812213
v -0.188657 -0.389469 0.665325
v -0.273993 -0.199351 0.094706
v -0.319889 -0.216742 0.225237
v -0.319271 -0.232764 0.227130
v -0.273568 -0.217696 0.096714
v -0.329816 -0.183533 0.229092
v -0.306529 -0.170887 0.060880
v -0.259287 0.327040 0.392139
v -0.236110 0.316403 0.227200
v -0.231004 0.350878 0.392691
v -0.119200 -0.390324 0.240475
v -0.117936 -0.411232 0.387678
v -0.106768 -0.399422 0.239697
v -0.117149 -0.411252 0.670839
v -0.111225 -0.384799 0.824348
v -0.101090 -0.393702 0.825060
v -0.278783 0.290735 0.359799
v -0.262279 0.276065 0.207720
v -0.261360 0.275666 0.824180
v -0.275109 0.289527 0.708090
v -0.243319 0.304268 0.813476
v -0.259287 0.327040 0.665906
v -0.231004 0.350878 0.665297
v -0.238372 0.319077 0.812152
v -0.325155 -0.216292 0.813546
v -0.291029 -0.192448 0.958958
v -0.287025 -0.163550 0.980202
v -0.332696 -0.185125 0.810248
v -0.314549 -0.150455 0.979899
v -0.356709 -0.198402 0.422555
v -0.356709 -0.198402 0.664421
v -0.112155 -0.298644 0.085260
v -0.090642 -0.350895 0.076620
v -0.101560 -0.340407 0.980115
v -0.156356 -0.315889 0.088081
v -0.172734 -0.361359 0.219695
v -0.158052 -0.327382 0.959041
v -0.028353 0.409290 0.711275
v -0.027268 0.393096 0.812152
v -0.248777 -0.246416 0.109579
v -0.182927 -0.389530 0.392782
v -0.024250 0.351954 0.962400
v -0.347384 -0.232461 0.392111
v -0.106425 -0.292057 0.888078
v -0.038008 -0.291682 0.972257
v -0.102584 -0.291513 0.972257
v -0.216897 0.284811 0.962400
v -0.026352 0.346166 0.057705
v -0.347384 -0.232461 0.603827
v -0.257206 -0.157251 0.888078
v -0.253724 -0.164706 0.948592
v -0.215618 0.280449 0.057705
v -0.200147 0.233436 0.158170
v -0.196335 0.231952 0.069326
v -0.339358 0.076246 0.088532
v -0.389937 0.076872 0.388207
v -0.301484 0.148069 0.934493
v -0.296759 0.132835 0.962083
v -0.389937 0.076872 0.670254
v -0.375163 0.072251 0.204019
v -0.233894 0.246293 0.962083
v -0.241061 0.253900 0.088532
v -0.361739 -0.059040 0.231919
v -0.390746 -0.067853 0.408672
v -0.389919 -0.080386 0.663113
v -0.362730 -0.059755 0.813236
v -0.397316 0.054444 0.393291
v -0.398817 0.054445 0.664421
v -0.408064 0.037026 0.663117
v -0.409565 0.031369 0.394854
v -0.372677 0.042199 0.818833
v -0.332628 0.046411 0.981209
v -0.355416 0.030639 0.981278
v -0.376664 0.035668 0.817956
v -0.342307 0.048494 0.060880
v -0.368687 0.051262 0.229092
v -0.377235 0.035413 0.231911
v -0.268211 -0.167180 0.158170
v -0.266526 -0.162420 0.072699
v -0.111256 -0.304088 0.158170
v -0.220089 -0.203190 0.117623
v -0.123074 -0.287862 0.093551
v -0.319107 -0.093760 0.060880
v -0.010847 0.298720 0.069326
v -0.287326 -0.050817 0.158170
v -0.279416 -0.087641 0.072699
v -0.303317 0.046526 0.158170
v -0.295536 0.056483 0.101694
v -0.197747 0.225858 0.101694
v -0.038427 -0.342523 0.980115
v -0.290941 0.044383 0.888078
v -0.258146 -0.154897 0.969998
v -0.293341 0.041659 0.968443
v -0.262651 0.194391 0.962083
v -0.191845 0.223728 0.888078
v -0.183397 0.223151 0.949953
v -0.001964 0.289187 0.942658
v -0.230400 0.155580 0.916068
v -0.222019 0.168415 0.950310
v -0.123480 -0.290922 0.950028
v -0.225615 0.265187 0.219811
v -0.227680 0.267583 0.819583
v -0.243251 0.286165 0.668714
v -0.243251 0.286165 0.389599
v -0.286947 0.055958 0.950310
v -0.343090 0.054563 0.219811
v -0.346200 0.055001 0.819583
v -0.370167 0.059396 0.668714
v -0.370167 0.059396 0.389599
v -0.301410 0.046331 0.072951
v -0.305683 -0.187769 0.819583
v -0.326714 -0.199475 0.668714
v -0.326714 -0.199475 0.389599
v -0.302923 -0.185960 0.219811
v -0.253460 -0.175150 0.100619
v -0.133223 -0.366222 0.668715
v -0.133223 -0.366222 0.389599
v -0.123908 -0.340705 0.219812
v -0.125086 -0.343935 0.819583
v -0.276022 0.193561 0.935031
v -0.255156 0.111008 0.911895
v -0.258199 0.105750 0.950310
v -0.396075 -0.035583 0.404361
v -0.396190 -0.026608 0.663114
v -0.339099 -0.063729 0.139960
v -0.329630 -0.029236 0.060880
v -0.289478 -0.026090 0.072855
v -0.388444 0.098787 0.385296
v -0.389814 0.095429 0.673556
v -0.371307 -0.057362 0.659822
v -0.373958 -0.056804 0.402399
v -0.196108 0.213296 0.950310
v 0.000000 0.392622 0.894693
v 0.134285 -0.390224 0.894693
v 0.340021 -0.196311 0.894693
v 0.386657 0.068178 0.894693
v 0.252373 0.300766 0.894693
v 0.000000 0.423592 0.806278
v 0.144877 -0.419326 0.806278
v 0.366841 -0.211796 0.806278
v 0.417156 0.073556 0.806278
v 0.272279 0.324490 0.806278
v 0.000000 0.375322 0.800005
v 0.128368 -0.373968 0.800005
v 0.325038 -0.187661 0.800005
v 0.369620 0.065174 0.800005
v 0.241252 0.287513 0.800005
v 0.000000 0.357333 0.894693
v 0.122215 -0.357063 0.894693
v 0.309459 -0.178666 0.894693
v 0.351904 0.062050 0.894693
v 0.229689 0.273733 0.894693
v 0.000000 -0.390224 0.894693
v 0.000000 -0.419326 0.806278
v 0.000000 -0.373968 0.800005
v 0.000000 -0.357063 0.894693
v -0.134285 -0.390224 0.894693
v -0.340021 -0.196311 0.894693
v -0.386657 0.068178 0.894693
v -0.252373 0.300766 0.894693
v -0.144877 -0.419326 0.806278
v -0.366841 -0.211796 0.806278
v -0.417156 0.073556 0.806278
v -0.272279 0.324490 0.806278
v -0.128368 -0.373968 0.800005
v -0.325038 -0.187661 0.800005
v -0.369620 0.065174 0.800005
v -0.241252 0.287513 0.800005
v -0.122215 -0.357063 0.894693
v -0.309459 -0.178666 0.894693
v -0.351904 0.062050 0.894693
v -0.229689 0.273733 0.894693
v 0.000000 0.392622 0.123509
v 0.134285 -0.390225 0.123509
v 0.340021 -0.196311 0.123509
v 0.386657 0.068178 0.123509
v 0.252373 0.300766 0.123509
v 0.000000 0.423592 0.211923
v 0.144877 -0.419326 0.211924
v 0.366841 -0.211796 0.211924
v 0.417156 0.073556 0.211924
v 0.272279 0.324490 0.211923
v 0.000000 0.375322 0.218196
v 0.128368 -0.373968 0.218196
v 0.325038 -0.187661 0.218196
v 0.369620 0.065174 0.218196
v 0.241252 0.287513 0.218196
v 0.000000 0.357332 0.123509
v 0.122215 -0.357063 0.123509
v 0.309459 -0.178666 0.123509
v 0.351904 0.062050 0.123509
v 0.229689 0.273733 0.123509
v 0.000000 -0.390225 0.123509
v 0.000000 -0.419326 0.211924
v 0.000000 -0.373968 0.218196
v 0.000000 -0.357063 0.123509
v -0.134285 -0.390225 0.123509
v -0.340021 -0.196311 0.123509
v -0.386657 0.068178 0.123509
v -0.252373 0.300766 0.123509
v -0.144877 -0.419326 0.211924
v -0.366841 -0.211796 0.211924
v -0.417156 0.073556 0.211924
v -0.272279 0.324490 0.211923
v -0.128368 -0.373968 0.218196
v -0.325038 -0.187661 0.218196
v -0.369620 0.065174 0.218196
v -0.241252 0.287513 0.218196
v -0.122215 -0.357063 0.123509
v -0.309459 -0.178666 0.123509
v -0.351904 0.062050 0.123509
v -0.229689 0.273733 0.123509
v 0.000000 0.451668 0.292737
v 0.000000 0.443243 0.699466
v 0.111562 0.425275 0.292737
v 0.111562 0.422906 0.699466
v 0.000000 0.387780 0.301403
v 0.000000 0.380832 0.689605
v 0.100946 0.363899 0.301403
v 0.100947 0.362429 0.689605
v 0.223124 0.382787 0.329151
v 0.189438 0.395861 0.292737
v 0.188832 0.397915 0.699466
v 0.223124 0.387175 0.663042
v 0.168207 0.338494 0.301403
v 0.201893 0.325435 0.337815
v 0.201893 0.330116 0.653179
v 0.167601 0.340871 0.689605
v 0.000000 0.498555 0.402896
v 0.000000 0.498555 0.589307
v 0.080719 0.498555 0.542704
v 0.080719 0.498555 0.449498
v 0.000000 0.424588 0.400989
v 0.000000 0.424588 0.591214
v 0.082370 0.424588 0.543658
v 0.082370 0.424588 0.448545
v 0.000000 0.498555 0.451797
v 0.000000 0.498555 0.540406
v 0.038369 0.498555 0.518254
v 0.038369 0.498555 0.473949
v 0.038369 0.477755 0.518254
v 0.000000 0.477755 0.540406
v 0.038369 0.477755 0.473949
v 0.000000 0.477755 0.451797
v 0.000000 0.477755 0.496101
v -0.111562 0.425275 0.292737
v -0.111562 0.422906 0.699466
v -0.100946 0.363899 0.301403
v -0.100947 0.362429 0.689605
v -0.223124 0.382787 0.329151
v -0.189438 0.395861 0.292737
v -0.188832 0.397915 0.699466
v -0.223124 0.387175 0.663042
v -0.168207 0.338494 0.301403
v -0.201893 0.325435 0.337815
v -0.201893 0.330116 0.653179
v -0.167601 0.340871 0.689605
v -0.080719 0.498555 0.542704
v -0.080719 0.498555 0.449498
v -0.082370 0.424588 0.543658
v -0.082370 0.424588 0.448545
v -0.038369 0.498555 0.518254
v -0.038369 0.498555 0.473949
v -0.038369 0.477755 0.518254
v -0.038369 0.477755 0.473949
v 0.000000 -0.451668 0.292737
v 0.000000 -0.443243 0.699466
v 0.111562 -0.425276 0.292737
v 0.111562 -0.422906 0.699466
v 0.000000 -0.387780 0.301403
v 0.000000 -0.380832 0.689605
v 0.100946 -0.363899 0.301403
v 0.100947 -0.362429 0.689605
v 0.223124 -0.382787 0.329151
v 0.189438 -0.395861 0.292737
v 0.188832 -0.397915 0.699466
v 0.223124 -0.387175 0.663042
v 0.168207 -0.338494 0.301403
v 0.201893 -0.325435 0.337815
v 0.201893 -0.330116 0.653179
v 0.167601 -0.340871 0.689605
v 0.000000 -0.498555 0.402896
v 0.000000 -0.498555 0.589307
v 0.080719 -0.498555 0.542704
v 0.080719 -0.498555 0.449499
v 0.000000 -0.424588 0.400989
v 0.000000 -0.424588 0.591214
v 0.082370 -0.424588 0.543658
v 0.082370 -0.424588 0.448545
v 0.000000 -0.498555 0.451797
v 0.000000 -0.498555 0.540406
v 0.038369 -0.498555 0.518254
v 0.038369 -0.498555 0.473949
v 0.038369 -0.477755 0.518254
v 0.000000 -0.477755 0.540406
v 0.038369 -0.477755 0.473949
v 0.000000 -0.477755 0.451797
v 0.000000 -0.477755 0.496101
v -0.111562 -0.425276 0.292737
v -0.111562 -0.422906 0.699466
v -0.100946 -0.363899 0.301403
v -0.100947 -0.362429 0.689605
v -0.223124 -0.382787 0.329151
v -0.189438 -0.395861 0.292737
v -0.188832 -0.397915 0.699466
v -0.223124 -0.387175 0.663042
v -0.168207 -0.338494 0.301403
v -0.201893 -0.325435 0.337815
v -0.201893 -0.330116 0.653179
v -0.167601 -0.340871 0.689605
v -0.080719 -0.498555 0.542704
v -0.080719 -0.498555 0.449499
v -0.082370 -0.424588 0.543658
v -0.082370 -0.424588 0.448545
v -0.038369 -0.498555 0.518254
v -0.038369 -0.498555 0.473949
v -0.038369 -0.477755 0.518254
v -0.038369 -0.477755 0.473949
v 0.000000 0.232315 0.158170
v 0.000000 -0.232084 0.158170
v 0.201090 -0.115984 0.158170
v 0.201090 0.116215 0.158170
v 0.000000 0.131394 -0.071862
v 0.000000 -0.131162 -0.071862
v 0.113690 -0.065523 -0.071862
v 0.113690 0.065755 -0.071862
v 0.000000 0.123975 -0.015470
v 0.000000 -0.123744 -0.015470
v 0.107265 -0.061814 -0.015470
v 0.107265 0.062045 -0.015470
v 0.000000 0.078997 -0.015470
v 0.000000 -0.078766 -0.015470
v 0.068313 -0.039325 -0.015470
v 0.068313 0.039556 -0.015470
v 0.000000 0.073558 -0.082670
v 0.000000 -0.073326 -0.082670
v 0.063602 -0.036605 -0.082670
v 0.063602 0.036837 -0.082670
v 0.000000 0.232315 -0.052002
v 0.000000 0.209382 -0.071862
v 0.000000 -0.209151 -0.071862
v 0.000000 -0.232084 -0.052002
v 0.181230 -0.104518 -0.071862
v 0.201090 -0.115984 -0.052002
v 0.181230 0.104749 -0.071862
v 0.201090 0.116215 -0.052002
v 0.000000 0.000116 -0.082670
v -0.201091 -0.115984 0.158170
v -0.201091 0.116215 0.158170
v -0.113690 -0.065523 -0.071862
v -0.113690 0.065755 -0.071862
v -0.107266 -0.061814 -0.015470
v -0.107266 0.062045 -0.015470
v -0.068313 -0.039325 -0.015470
v -0.068313 0.039556 -0.015470
v -0.063603 -0.036605 -0.082670
v -0.063603 0.036837 -0.082670
v -0.181231 -0.104518 -0.071862
v -0.201091 -0.115984 -0.052002
v -0.181231 0.104749 -0.071862
v -0.201091 0.116215 -0.052002
v 0.002014 0.138654 1.742314
v 0.002014 -0.152547 1.742314
v 0.057733 -0.141464 1.742314
v 0.104969 -0.109901 1.742314
v 0.136531 -0.062665 1.742314
v 0.147614 -0.006946 1.742314
v 0.136531 0.048772 1.742314
v 0.104969 0.096008 1.742314
v 0.057733 0.127571 1.742314
v 0.002014 0.118734 2.971673
v 0.002014 -0.132626 2.971673
v 0.118127 -0.055042 2.971673
v 0.090883 0.081923 2.971673
v 0.050110 0.109167 2.971673
v 0.002014 -0.241277 1.226784
v 0.091689 -0.223440 1.226784
v 0.167711 -0.172643 1.226784
v 0.218507 -0.096621 1.226784
v 0.002014 0.161774 1.244596
v 0.002014 -0.175667 1.244596
v 0.066581 -0.162824 1.244596
v 0.121317 -0.126250 1.244596
v 0.157891 -0.071513 1.244596
v 0.170734 -0.006947 1.244596
v 0.157891 0.057620 1.244596
v 0.121317 0.112357 1.244596
v 0.066581 0.148931 1.244596
v 0.002014 0.227384 0.985005
v 0.002014 -0.241277 0.985005
v 0.091689 -0.223440 0.985005
v 0.167711 -0.172643 0.985005
v 0.218507 -0.096621 0.985005
v 0.236345 -0.006947 0.985005
v 0.218507 0.082728 0.985005
v 0.167711 0.158750 0.985005
v 0.091689 0.209547 0.985005
v 0.002014 0.188371 0.970299
v 0.002014 -0.202264 0.970299
v 0.076759 -0.187397 0.970299
v 0.140125 -0.145057 0.970299
v 0.182464 -0.081691 0.970299
v 0.197332 -0.006947 0.970299
v 0.182464 0.067798 0.970299
v 0.140125 0.131164 0.970299
v 0.076759 0.173503 0.970299
v 0.002014 0.226605 0.888078
v 0.002014 -0.240499 0.888079
v 0.091391 -0.222721 0.888079
v 0.167160 -0.172093 0.888079
v 0.217788 -0.096323 0.888078
v 0.235566 -0.006947 0.888078
v 0.217788 0.082430 0.888078
v 0.167160 0.158200 0.888078
v 0.091391 0.208827 0.888078
v 0.236345 -0.006947 1.214790
v 0.224559 -0.006947 1.229983
v 0.218507 0.082728 1.200279
v 0.205394 0.077296 1.230637
v 0.167711 0.158750 1.218680
v 0.163925 0.154964 1.229983
v 0.087178 0.198658 1.229983
v 0.091689 0.209547 1.214790
v 0.002014 0.227384 1.226784
v 0.002014 0.161268 2.983928
v 0.002014 -0.175160 2.983928
v 0.066387 -0.162356 2.983928
v 0.157424 -0.071319 2.983928
v 0.170228 -0.006946 2.983928
v 0.120960 -0.125892 2.983928
v 0.157424 0.057426 2.983928
v 0.120960 0.111999 2.983928
v 0.066387 0.148463 2.983928
v 0.002014 0.161268 3.102703
v 0.002014 -0.175160 3.102703
v 0.066387 -0.162356 3.102703
v 0.120960 -0.125892 3.102703
v 0.157424 -0.071319 3.102703
v 0.170228 -0.006946 3.102703
v 0.157424 0.057426 3.102703
v 0.120960 0.111999 3.102703
v 0.066387 0.148463 3.102703
v 0.002014 -0.245889 3.315357
v 0.093454 -0.227701 3.315357
v 0.170972 -0.175904 3.315357
v 0.222768 -0.098386 3.315357
v 0.240957 -0.006946 3.315357
v 0.222768 0.084493 3.315357
v 0.002014 0.158607 3.347193
v 0.002014 -0.172499 3.347193
v 0.065368 -0.159897 3.347193
v 0.119078 -0.124010 3.347193
v 0.154965 -0.070301 3.347193
v 0.167567 -0.006946 3.347193
v 0.154965 0.056408 3.347193
v 0.119078 0.110117 3.347193
v 0.065368 0.146005 3.347193
v 0.002014 0.116376 3.134584
v 0.002014 -0.130269 3.134584
v 0.049208 -0.120881 3.134584
v 0.089216 -0.094148 3.134584
v 0.115949 -0.054140 3.134584
v 0.125336 -0.006946 3.134584
v 0.115949 0.040247 3.134584
v 0.089216 0.080256 3.134584
v 0.049208 0.106989 3.134584
v 0.002014 0.115722 2.557794
v 0.002014 -0.128812 2.557794
v 0.048804 -0.119505 2.557794
v 0.088470 -0.093000 2.557794
v 0.114974 -0.053334 2.557794
v 0.124281 -0.006545 2.557794
v 0.114974 0.040245 2.557794
v 0.088470 0.079911 2.557794
v 0.048804 0.106415 2.557794
v 0.002014 0.160600 2.568852
v 0.002014 -0.173690 2.568852
v 0.065978 -0.160966 2.568852
v 0.120203 -0.124734 2.568852
v 0.156436 -0.070508 2.568852
v 0.169159 -0.006545 2.568852
v 0.156436 0.057419 2.568852
v 0.120203 0.111645 2.568852
v 0.065978 0.147877 2.568852
v 0.002014 0.115136 2.666764
v 0.002014 -0.128225 2.666764
v 0.048579 -0.118963 2.666764
v 0.088055 -0.092586 2.666764
v 0.114432 -0.053110 2.666764
v 0.123695 -0.006545 2.666764
v 0.114432 0.040020 2.666764
v 0.088055 0.079496 2.666764
v 0.048579 0.105873 2.666764
v 0.002014 -0.173690 2.655706
v 0.065978 -0.160966 2.655706
v 0.120203 -0.124734 2.655706
v 0.156436 -0.070508 2.655706
v 0.169159 -0.006545 2.655706
v 0.002014 0.125535 2.072414
v 0.002014 -0.139428 2.072414
v 0.052713 -0.129343 2.072414
v 0.095693 -0.100625 2.072414
v 0.124411 -0.057645 2.072414
v 0.134495 -0.006946 2.072414
v 0.124411 0.043752 2.072414
v 0.095693 0.086732 2.072414
v 0.052713 0.115450 2.072414
v 0.002014 0.166437 2.096946
v 0.002014 -0.180335 2.096946
v 0.068382 -0.167137 2.096946
v 0.124633 -0.129552 2.096946
v 0.162218 -0.073301 2.096946
v 0.175416 -0.006949 2.096946
v 0.162218 0.059403 2.096946
v 0.125690 0.119961 2.096946
v 0.068382 0.153239 2.096946
v 0.002014 0.120060 2.276996
v 0.002014 -0.133953 2.276996
v 0.050617 -0.124285 2.276996
v 0.091821 -0.096754 2.276996
v 0.119353 -0.055550 2.276996
v 0.129021 -0.006946 2.276996
v 0.119353 0.041657 2.276996
v 0.091821 0.082861 2.276996
v 0.050617 0.110392 2.276996
v 0.002014 0.166437 2.252464
v 0.002014 -0.180335 2.252464
v 0.068382 -0.167137 2.252464
v 0.124633 -0.129552 2.252464
v 0.134138 0.109572 2.252464
v 0.068382 0.153239 2.252464
v 0.127694 -0.006946 2.971673
v 0.118127 0.041149 2.971673
v 0.050110 -0.123059 2.971673
v 0.090883 -0.095815 2.971673
v 0.002014 0.151588 2.657898
v 0.002014 0.160600 2.646600
v 0.120203 0.111645 2.646600
v 0.113831 0.105272 2.657898
v 0.156436 0.057419 2.655706
v 0.065978 0.147877 2.646600
v 0.062529 0.139551 2.657898
v 0.187917 0.136652 3.315357
v 0.140589 0.131628 3.186166
v 0.145612 0.178957 3.315357
v 0.151187 0.142226 3.327495
v 0.002014 0.226178 3.297862
v 0.002014 0.214837 3.322801
v 0.093454 0.213808 3.315357
v 0.162218 -0.073301 2.241233
v 0.152905 -0.069444 2.257794
v 0.175416 -0.006949 2.238056
v 0.165336 -0.006949 2.257794
v 0.152905 0.055547 2.257794
v 0.162218 0.059403 2.241233
v -0.053705 -0.141464 1.742314
v -0.100941 -0.109901 1.742314
v -0.132503 -0.062665 1.742314
v -0.143586 -0.006946 1.742314
v -0.132503 0.048772 1.742314
v -0.100941 0.096008 1.742314
v -0.053705 0.127571 1.742314
v -0.114099 -0.055042 2.971673
v -0.086855 0.081923 2.971673
v -0.046081 0.109167 2.971673
v -0.087660 -0.223440 1.226784
v -0.163683 -0.172643 1.226784
v -0.214479 -0.096621 1.226784
v -0.062552 -0.162824 1.244596
v -0.117289 -0.126250 1.244596
v -0.153863 -0.071513 1.244596
v -0.166706 -0.006947 1.244596
v -0.153863 0.057620 1.244596
v -0.117289 0.112357 1.244596
v -0.062552 0.148931 1.244596
v -0.087660 -0.223440 0.985005
v -0.163683 -0.172643 0.985005
v -0.214479 -0.096621 0.985005
v -0.232317 -0.006947 0.985005
v -0.214479 0.082728 0.985005
v -0.163683 0.158750 0.985005
v -0.087660 0.209547 0.985005
v -0.072731 -0.187397 0.970299
v -0.136096 -0.145057 0.970299
v -0.178436 -0.081691 0.970299
v -0.193304 -0.006947 0.970299
v -0.178436 0.067798 0.970299
v -0.136096 0.131164 0.970299
v -0.072731 0.173503 0.970299
v -0.087362 -0.222721 0.888079
v -0.163132 -0.172093 0.888079
v -0.213760 -0.096323 0.888078
v -0.231538 -0.006947 0.888078
v -0.213760 0.082430 0.888078
v -0.163132 0.158200 0.888078
v -0.087362 0.208827 0.888078
v -0.232317 -0.006947 1.214790
v -0.220531 -0.006947 1.229983
v -0.214479 0.082728 1.200279
v -0.201366 0.077296 1.230637
v -0.163683 0.158750 1.218680
v -0.159897 0.154964 1.229983
v -0.083150 0.198658 1.229983
v -0.087660 0.209547 1.214790
v -0.062359 -0.162356 2.983928
v -0.153395 -0.071319 2.983928
v -0.166200 -0.006946 2.983928
v -0.116931 -0.125892 2.983928
v -0.153395 0.057426 2.983928
v -0.116931 0.111999 2.983928
v -0.062359 0.148463 2.983928
v -0.062359 -0.162356 3.102703
v -0.116931 -0.125892 3.102703
v -0.153395 -0.071319 3.102703
v -0.166200 -0.006946 3.102703
v -0.153395 0.057426 3.102703
v -0.116931 0.111999 3.102703
v -0.062359 0.148463 3.102703
v -0.089425 -0.227701 3.315357
v -0.166944 -0.175904 3.315357
v -0.218740 -0.098386 3.315357
v -0.236929 -0.006946 3.315357
v -0.218740 0.084493 3.315357
v -0.061340 -0.159897 3.347193
v -0.115049 -0.124010 3.347193
v -0.150937 -0.070301 3.347193
v -0.163539 -0.006946 3.347193
v -0.150937 0.056408 3.347193
v -0.115049 0.110117 3.347193
v -0.061340 0.146005 3.347193
v -0.045179 -0.120881 3.134584
v -0.085188 -0.094148 3.134584
v -0.111921 -0.054140 3.134584
v -0.121308 -0.006946 3.134584
v -0.111921 0.040247 3.134584
v -0.085188 0.080256 3.134584
v -0.045179 0.106989 3.134584
v -0.044775 -0.119505 2.557794
v -0.084442 -0.093000 2.557794
v -0.110946 -0.053334 2.557794
v -0.120253 -0.006545 2.557794
v -0.110946 0.040245 2.557794
v -0.084442 0.079911 2.557794
v -0.044775 0.106415 2.557794
v -0.061949 -0.160966 2.568852
v -0.116175 -0.124734 2.568852
v -0.152408 -0.070508 2.568852
v -0.165131 -0.006545 2.568852
v -0.152408 0.057419 2.568852
v -0.116175 0.111645 2.568852
v -0.061949 0.147877 2.568852
v -0.044551 -0.118963 2.666764
v -0.084027 -0.092586 2.666764
v -0.110404 -0.053110 2.666764
v -0.119666 -0.006545 2.666764
v -0.110404 0.040020 2.666764
v -0.084027 0.079496 2.666764
v -0.044551 0.105873 2.666764
v -0.061949 -0.160966 2.655706
v -0.116175 -0.124734 2.655706
v -0.152408 -0.070508 2.655706
v -0.165131 -0.006545 2.655706
v -0.048684 -0.129343 2.072414
v -0.091664 -0.100625 2.072414
v -0.120383 -0.057645 2.072414
v -0.130467 -0.006946 2.072414
v -0.120383 0.043752 2.072414
v -0.091664 0.086732 2.072414
v -0.048684 0.115450 2.072414
v -0.064354 -0.167137 2.096946
v -0.120604 -0.129552 2.096946
v -0.158190 -0.073301 2.096946
v -0.171388 -0.006949 2.096946
v -0.158190 0.059403 2.096946
v -0.121662 0.119961 2.096946
v -0.064354 0.153239 2.096946
v -0.046589 -0.124285 2.276996
v -0.087793 -0.096754 2.276996
v -0.115325 -0.055550 2.276996
v -0.124992 -0.006946 2.276996
v -0.115325 0.041657 2.276996
v -0.087793 0.082861 2.276996
v -0.046589 0.110392 2.276996
v -0.064354 -0.167137 2.252464
v -0.120604 -0.129552 2.252464
v -0.130109 0.109572 2.252464
v -0.064354 0.153239 2.252464
v -0.123666 -0.006946 2.971673
v -0.114099 0.041149 2.971673
v -0.046081 -0.123059 2.971673
v -0.086855 -0.095815 2.971673
v -0.116175 0.111645 2.646600
v -0.109803 0.105272 2.657898
v -0.152408 0.057419 2.655706
v -0.061949 0.147877 2.646600
v -0.058501 0.139551 2.657898
v -0.183889 0.136652 3.315357
v -0.136560 0.131628 3.186166
v -0.141584 0.178957 3.315357
v -0.147158 0.142226 3.327495
v -0.089425 0.213808 3.315357
v -0.158190 -0.073301 2.241233
v -0.148877 -0.069444 2.257794
v -0.171388 -0.006949 2.238056
v -0.161308 -0.006949 2.257794
v -0.148877 0.055547 2.257794
v -0.158190 0.059403 2.241233
v 0.200279 0.000000 1.011441
v 0.200279 0.068063 1.039634
v 0.200279 0.096256 1.107697
v 0.200279 0.068063 1.175760
v 0.200279 0.000000 1.203953
v 0.248029 0.000000 1.011441
v 0.248029 0.068063 1.039634
v 0.248029 0.096256 1.107697
v 0.248029 0.068063 1.175760
v 0.248029 0.000000 1.203953
v 0.248506 0.053395 1.054302
v 0.248506 0.000000 1.183209
v 0.248506 0.000000 1.032185
v 0.248506 0.075512 1.107697
v 0.248506 0.053395 1.161092
v 0.375871 0.000000 1.091812
v 0.358953 0.053395 1.106058
v 0.318109 0.075512 1.140450
v 0.277266 0.053395 1.174842
v 0.260348 0.000000 1.189088
v 0.413037 0.000000 1.219184
v 0.391003 0.053395 1.217273
v 0.337808 0.075512 1.212661
v 0.284612 0.053395 1.208048
v 0.262578 0.000000 1.206137
v 0.117506 0.000000 2.022316
v 0.114966 0.068063 1.994123
v 0.098207 0.096256 1.926060
v 0.117999 0.068063 1.857997
v 0.117506 0.000000 1.829804
v 0.173907 0.000000 2.022316
v 0.173907 0.068063 1.994123
v 0.173907 0.096256 1.926060
v 0.173907 0.068063 1.857997
v 0.173907 0.000000 1.829804
v 0.173907 0.000000 2.001572
v 0.173907 0.053395 1.979455
v 0.173907 0.075512 1.926060
v 0.173907 0.053395 1.872665
v 0.173907 0.000000 1.850548
v 0.215645 0.000000 2.001572
v 0.215645 0.053395 1.979455
v 0.215645 0.075512 1.926060
v 0.215645 0.053395 1.872665
v 0.215645 0.000000 1.850548
v 0.333275 0.000000 1.953604
v 0.317636 0.053395 1.937965
v 0.279880 0.075512 1.900209
v 0.242124 0.053395 1.862453
v 0.226485 0.000000 1.846814
v 0.384668 0.000000 1.841637
v 0.362575 0.053395 1.840599
v 0.309239 0.075512 1.838092
v 0.255903 0.053395 1.835586
v 0.233810 0.000000 1.834548
v 0.211973 0.000000 1.828465
v 0.310059 0.098194 1.833074
v 0.240702 0.069434 1.829815
v 0.408145 0.000000 1.837683
v 0.379417 0.069434 1.836333
v 0.238544 0.000000 1.769258
v 0.313936 0.075512 1.773513
v 0.389328 0.000000 1.777767
v 0.260625 0.053395 1.770504
v 0.367246 0.053395 1.776521
v 0.244592 0.069434 1.770347
v 0.383239 0.069434 1.778172
v 0.215878 0.000000 1.768727
v 0.313916 0.098194 1.774259
v 0.411954 0.000000 1.779792
v 0.254659 0.000000 1.274379
v 0.329721 0.075512 1.282607
v 0.404784 0.000000 1.290835
v 0.276644 0.053395 1.276789
v 0.382798 0.053395 1.288425
v 0.234580 0.000000 1.267935
v 0.240658 0.000000 1.208470
v 0.330663 0.096661 1.278475
v 0.336959 0.096661 1.216813
v 0.426751 0.000000 1.289000
v 0.433257 0.000000 1.225171
v 0.268864 0.068350 1.210912
v 0.262722 0.068350 1.271023
v 0.405053 0.068350 1.222721
v 0.398607 0.068350 1.285919
v 0.200279 -0.068063 1.039634
v 0.200279 -0.096256 1.107697
v 0.200279 -0.068063 1.175760
v 0.248029 -0.068063 1.039634
v 0.248029 -0.096256 1.107697
v 0.248029 -0.068063 1.175760
v 0.248506 -0.053395 1.054302
v 0.248506 -0.075512 1.107697
v 0.248506 -0.053395 1.161092
v 0.358953 -0.053395 1.106058
v 0.318109 -0.075512 1.140450
v 0.277266 -0.053395 1.174842
v 0.391003 -0.053395 1.217273
v 0.337808 -0.075512 1.212661
v 0.284612 -0.053395 1.208048
v 0.117506 -0.068063 1.994123
v 0.107472 -0.096256 1.926060
v 0.117506 -0.068063 1.857997
v 0.173907 -0.068063 1.994123
v 0.173907 -0.096256 1.926060
v 0.173907 -0.068063 1.857997
v 0.173907 -0.053395 1.979455
v 0.173907 -0.075512 1.926060
v 0.173907 -0.053395 1.872665
v 0.215645 -0.053395 1.979455
v 0.215645 -0.075512 1.926060
v 0.215645 -0.053395 1.872665
v 0.317636 -0.053395 1.937965
v 0.279880 -0.075512 1.900209
v 0.242124 -0.053395 1.862453
v 0.362575 -0.053395 1.840599
v 0.309239 -0.075512 1.838092
v 0.255903 -0.053395 1.835586
v 0.310059 -0.098194 1.833074
v 0.240702 -0.069434 1.829815
v 0.379417 -0.069434 1.836333
v 0.313936 -0.075512 1.773513
v 0.260625 -0.053395 1.770504
v 0.367246 -0.053395 1.776521
v 0.244592 -0.069434 1.770347
v 0.383239 -0.069434 1.778172
v 0.313916 -0.098194 1.774259
v 0.329721 -0.075512 1.282607
v 0.276644 -0.053395 1.276789
v 0.382798 -0.053395 1.288425
v 0.330663 -0.096661 1.278475
v 0.336959 -0.096661 1.216813
v 0.268864 -0.068350 1.210912
v 0.262722 -0.068350 1.271023
v 0.405053 -0.068350 1.222721
v 0.398607 -0.068350 1.285919
v 0.036535 0.132898 1.525182
v 0.081615 0.162751 1.507330
v 0.145450 0.111845 1.507334
v 0.180876 0.031831 1.507339
v 0.145450 -0.116928 1.507350
v 0.081615 -0.167835 1.507354
v 0.002014 -0.186003 1.507355
v 0.180876 -0.036914 1.507344
v 0.002014 0.180920 1.507329
v 0.002014 0.181675 1.525204
v 0.036572 0.173676 1.525315
v 0.037937 0.178855 1.643437
v 0.002014 0.187346 1.643318
v 0.072469 0.168233 1.583466
v 0.195147 0.030979 1.726936
v 0.186574 0.031491 1.603884
v 0.153239 0.115610 1.663807
v 0.186574 -0.039444 1.603889
v 0.195147 -0.043250 1.726938
v 0.175973 -0.077162 1.664470
v 0.175973 0.067427 1.664570
v 0.072419 -0.175536 1.583485
v 0.036521 -0.179190 1.525355
v 0.037883 -0.187944 1.643484
v 0.002014 -0.196611 1.643342
v 0.002014 -0.187249 1.525232
v 0.097076 0.154897 1.583469
v 0.072408 0.134705 1.583383
v 0.102715 -0.157599 1.583552
v 0.037844 0.136325 1.642822
v 0.002014 0.136411 1.642694
v 0.153361 -0.125720 1.665999
v 0.002014 0.132933 1.525110
v 0.150788 -0.042570 1.725329
v 0.147864 -0.076994 1.664255
v 0.145062 -0.039295 1.603646
v 0.147864 0.067392 1.664213
v 0.150788 0.031071 1.725382
v 0.145062 0.031511 1.603669
v 0.002014 -0.137746 1.525113
v 0.036483 -0.137678 1.525161
v 0.072355 -0.141277 1.583346
v 0.037788 -0.144502 1.642761
v 0.002014 -0.144668 1.642671
v 0.148985 -0.120857 1.583463
v 0.185284 0.031568 1.583451
v 0.185284 -0.038871 1.583457
v 0.148985 0.113554 1.583446
v 0.034792 0.128333 1.291790
v 0.077577 0.156651 1.239495
v 0.138174 0.108327 1.239495
v 0.171803 0.032372 1.239495
v 0.138174 -0.108841 1.239495
v 0.077577 -0.157165 1.239495
v 0.002014 -0.174412 1.239495
v 0.171803 -0.032886 1.239495
v 0.002014 0.173898 1.239495
v 0.002014 0.174448 1.291720
v 0.034799 0.166944 1.291750
v 0.035457 0.169443 1.402367
v 0.002014 0.177125 1.402294
v 0.068142 0.160511 1.346970
v 0.179338 0.031922 1.477564
v 0.174635 0.032203 1.366003
v 0.142128 0.110238 1.420932
v 0.174635 -0.034143 1.366005
v 0.179338 -0.036231 1.477568
v 0.163546 -0.068614 1.421541
v 0.163546 0.065646 1.421566
v 0.068095 -0.162146 1.346975
v 0.034750 -0.167814 1.291750
v 0.035407 -0.172036 1.402371
v 0.002014 -0.179738 1.402310
v 0.002014 -0.175320 1.291720
v 0.091249 0.148007 1.346975
v 0.068130 0.129102 1.346986
v 0.096563 -0.145376 1.346993
v 0.035440 0.130032 1.402374
v 0.002014 0.130047 1.402332
v 0.142194 -0.113309 1.422918
v 0.002014 0.128339 1.291775
v 0.139598 -0.036172 1.477537
v 0.137603 -0.068587 1.421535
v 0.136001 -0.034115 1.366031
v 0.137603 0.065640 1.421520
v 0.139598 0.031930 1.477548
v 0.136001 0.032206 1.366034
v 0.002014 -0.128596 1.291777
v 0.034743 -0.128583 1.291791
v 0.068083 -0.130115 1.346985
v 0.035390 -0.131968 1.402370
v 0.002014 -0.131998 1.402339
v 0.139945 -0.110810 1.346970
v 0.174012 0.032240 1.346966
v 0.174012 -0.033866 1.346968
v 0.139945 0.109183 1.346964
v 0.002014 0.155991 1.769344
v 0.002014 0.135208 1.754676
v 0.112942 0.081814 1.754676
v 0.129274 0.094708 1.769344
v 0.160705 0.023718 1.769344
v 0.140440 0.019705 1.754676
v 0.112942 -0.095369 1.754676
v 0.129274 -0.108264 1.769344
v 0.072637 -0.153428 1.769344
v 0.063620 -0.134702 1.754676
v 0.002014 -0.148763 1.754676
v 0.002014 -0.169546 1.769344
v 0.140440 -0.033261 1.754676
v 0.160705 -0.037274 1.769344
v 0.072637 0.139872 1.769344
v 0.063620 0.121147 1.754676
v 0.002014 0.193333 1.741643
v 0.002014 0.177972 1.764279
v 0.150504 0.111639 1.763086
v 0.157534 0.117687 1.736716
v 0.196883 0.030876 1.749844
v 0.187177 0.028805 1.763086
v 0.150504 -0.125195 1.763086
v 0.157600 -0.130432 1.737873
v 0.088796 -0.186620 1.756057
v 0.086364 -0.182863 1.763085
v 0.002014 -0.196707 1.763085
v 0.002014 -0.206497 1.749857
v 0.187177 -0.042361 1.763086
v 0.196883 -0.044021 1.749845
v 0.088778 0.173474 1.749832
v 0.084421 0.164342 1.763085
v -0.032507 0.132898 1.525182
v -0.077587 0.162751 1.507330
v -0.141422 0.111845 1.507334
v -0.176848 0.031831 1.507339
v -0.141422 -0.116928 1.507350
v -0.077587 -0.167835 1.507354
v -0.176848 -0.036914 1.507344
v -0.032544 0.173676 1.525315
v -0.033908 0.178855 1.643437
v -0.068441 0.168233 1.583466
v -0.191118 0.030979 1.726936
v -0.182546 0.031491 1.603884
v -0.149211 0.115610 1.663807
v -0.182546 -0.039444 1.603889
v -0.191118 -0.043250 1.726938
v -0.171944 -0.077162 1.664470
v -0.171944 0.067427 1.664570
v -0.068391 -0.175536 1.583485
v -0.032492 -0.179190 1.525355
v -0.033855 -0.187944 1.643484
v -0.093048 0.154897 1.583469
v -0.068379 0.134705 1.583383
v -0.098686 -0.157599 1.583552
v -0.033815 0.136325 1.642822
v -0.149332 -0.125720 1.665999
v -0.146760 -0.042570 1.725329
v -0.143836 -0.076994 1.664255
v -0.141033 -0.039295 1.603646
v -0.143836 0.067392 1.664213
v -0.146760 0.031071 1.725382
v -0.141033 0.031511 1.603669
v -0.032454 -0.137678 1.525161
v -0.068327 -0.141277 1.583346
v -0.033760 -0.144502 1.642761
v -0.144957 -0.120857 1.583463
v -0.181256 0.031568 1.583451
v -0.181256 -0.038871 1.583457
v -0.144957 0.113554 1.583446
v -0.030763 0.128333 1.291790
v -0.073549 0.156651 1.239495
v -0.134146 0.108327 1.239495
v -0.167775 0.032372 1.239495
v -0.134146 -0.108841 1.239495
v -0.073549 -0.157165 1.239495
v -0.167775 -0.032886 1.239495
v -0.030770 0.166944 1.291750
v -0.031429 0.169443 1.402367
v -0.064114 0.160511 1.346970
v -0.175309 0.031922 1.477564
v -0.170607 0.032203 1.366003
v -0.138099 0.110238 1.420932
v -0.170607 -0.034143 1.366005
v -0.175309 -0.036231 1.477568
v -0.159518 -0.068614 1.421541
v -0.159518 0.065646 1.421566
v -0.064067 -0.162146 1.346975
v -0.030722 -0.167814 1.291750
v -0.031379 -0.172036 1.402371
v -0.087221 0.148007 1.346975
v -0.064102 0.129102 1.346986
v -0.092535 -0.145376 1.346993
v -0.031412 0.130032 1.402374
v -0.138166 -0.113309 1.422918
v -0.135570 -0.036172 1.477537
v -0.133574 -0.068587 1.421535
v -0.131973 -0.034115 1.366031
v -0.133574 0.065640 1.421520
v -0.135570 0.031930 1.477548
v -0.131973 0.032206 1.366034
v -0.030714 -0.128583 1.291791
v -0.064055 -0.130115 1.346985
v -0.031362 -0.131968 1.402370
v -0.135917 -0.110810 1.346970
v -0.169983 0.032240 1.346966
v -0.169983 -0.033866 1.346968
v -0.135917 0.109183 1.346964
v -0.108914 0.081814 1.754676
v -0.125245 0.094708 1.769344
v -0.156676 0.023718 1.769344
v -0.136412 0.019705 1.754676
v -0.108914 -0.095369 1.754676
v -0.125245 -0.108264 1.769344
v -0.068609 -0.153428 1.769344
v -0.059591 -0.134702 1.754676
v -0.136412 -0.033261 1.754676
v -0.156676 -0.037274 1.769344
v -0.068609 0.139872 1.769344
v -0.059591 0.121147 1.754676
v -0.146476 0.111639 1.763086
v -0.153506 0.117687 1.736716
v -0.192855 0.030876 1.749844
v -0.183149 0.028805 1.763086
v -0.146476 -0.125195 1.763086
v -0.153572 -0.130432 1.737873
v -0.084768 -0.186620 1.756057
v -0.082336 -0.182863 1.763085
v -0.183149 -0.042361 1.763086
v -0.192855 -0.044021 1.749845
v -0.084750 0.173474 1.749832
v -0.080393 0.164342 1.763085
v -0.203647 0.197007 1.020274
v -0.253417 0.146820 1.061082
v -0.253417 0.146820 1.142698
v -0.203647 0.197007 1.183505
v -0.153876 0.247194 1.142698
v -0.153876 0.247194 1.061082
v -0.154433 0.148202 1.028908
v -0.198939 0.103324 1.065399
v -0.198939 0.103324 1.138381
v -0.154433 0.148202 1.174872
v -0.109928 0.193080 1.138381
v -0.109928 0.193080 1.065399
v -0.203647 0.197007 1.062598
v -0.227607 0.172846 1.082244
v -0.227607 0.172846 1.121536
v -0.203647 0.197007 1.141182
v -0.179686 0.221168 1.121536
v -0.179686 0.221168 1.082244
v -0.232641 0.226239 1.056160
v -0.264685 0.213861 1.075235
v -0.269241 0.222086 1.113385
v -0.241755 0.242689 1.132460
v -0.209712 0.255067 1.113385
v -0.205155 0.246842 1.075235
v -0.257879 0.271792 1.027981
v -0.297158 0.263821 1.046459
v -0.308850 0.284925 1.083414
v -0.281263 0.313999 1.101892
v -0.241985 0.321970 1.083414
v -0.230293 0.300867 1.046459
v -0.135202 0.312509 2.189149
v -0.140468 0.269664 2.189064
v -0.126785 0.246625 2.189046
v -0.118760 0.272865 2.189106
v -0.072462 0.225075 2.189097
v -0.108647 0.227903 2.189042
v -0.127527 0.200417 2.188963
v -0.123753 0.158557 2.188895
v -0.173330 0.247696 2.188971
v -0.215257 0.253012 2.188911
v -0.072475 0.225066 2.170913
v -0.208288 0.259759 2.170913
v -0.116783 0.165304 2.170913
v -0.118773 0.272856 2.170913
v -0.052430 0.154941 2.170913
v -0.088017 0.135302 2.238864
v -0.133425 0.125811 2.212137
v -0.104261 0.154070 2.170913
v -0.116032 0.142662 2.204274
v -0.212970 0.266284 2.170913
v -0.224741 0.254875 2.204294
v -0.242068 0.238088 2.212156
v -0.105235 0.153095 2.238864
v -0.077042 0.180376 2.170913
v -0.135214 0.312500 2.170913
v -0.126798 0.246616 2.170913
v -0.140481 0.269655 2.170913
v -0.173343 0.247687 2.170913
v -0.127540 0.200408 2.170913
v -0.108660 0.227894 2.170913
v -0.121669 0.113661 2.238864
v -0.133429 0.125814 2.238864
v -0.242068 0.238088 2.170913
v -0.319964 0.133728 2.189149
v -0.276969 0.137582 2.189064
v -0.254393 0.123149 2.189046
v -0.280883 0.115991 2.189106
v -0.234641 0.068146 2.189097
v -0.236277 0.104404 2.189042
v -0.208185 0.122370 2.188963
v -0.166472 0.117221 2.188895
v -0.253931 0.169703 2.188971
v -0.257865 0.211783 2.188911
v -0.234632 0.068159 2.170913
v -0.264838 0.205039 2.170913
v -0.173445 0.110477 2.170913
v -0.280873 0.116004 2.170913
v -0.165204 0.045817 2.170913
v -0.144405 0.080740 2.238864
v -0.162629 0.097592 2.170913
v -0.150839 0.108982 2.204274
v -0.271206 0.209933 2.170913
v -0.259416 0.221323 2.204294
v -0.161622 0.098533 2.238864
v -0.189816 0.071253 2.170913
v -0.319955 0.133740 2.170913
v -0.254383 0.123161 2.170913
v -0.276960 0.137594 2.170913
v -0.253922 0.169716 2.170913
v -0.208175 0.122383 2.170913
v -0.236267 0.104417 2.170913
v -0.135202 0.312509 2.152677
v -0.140468 0.269664 2.152762
v -0.126785 0.246625 2.152780
v -0.118760 0.272865 2.152720
v -0.072462 0.225075 2.152729
v -0.108647 0.227903 2.152784
v -0.127527 0.200417 2.152863
v -0.123753 0.158557 2.152931
v -0.173330 0.247696 2.152855
v -0.215257 0.253012 2.152915
v -0.088017 0.135302 2.102962
v -0.133425 0.125811 2.129689
v -0.116032 0.142662 2.137552
v -0.224741 0.254875 2.137532
v -0.242068 0.238088 2.129670
v -0.105235 0.153095 2.102962
v -0.121669 0.113661 2.102962
v -0.133429 0.125814 2.102962
v -0.319964 0.133728 2.152677
v -0.276969 0.137582 2.152762
v -0.254393 0.123149 2.152780
v -0.280883 0.115991 2.152720
v -0.234641 0.068146 2.152729
v -0.236277 0.104404 2.152784
v -0.208185 0.122370 2.152863
v -0.166472 0.117221 2.152931
v -0.253931 0.169703 2.152855
v -0.257865 0.211783 2.152915
v -0.144405 0.080740 2.102962
v -0.150839 0.108982 2.137552
v -0.259416 0.221323 2.137532
v -0.161622 0.098533 2.102962
v 0.043742 0.148745 3.017759
v 0.001903 0.148974 2.993549
v -0.039982 0.149201 3.017678
v -0.040029 0.149198 3.066017
v 0.001809 0.148968 3.090227
v 0.043695 0.148742 3.066098
v 0.043976 0.191893 3.017762
v 0.002138 0.192122 2.993552
v -0.039747 0.192348 3.017681
v -0.039794 0.192345 3.066020
v 0.002044 0.192116 3.090229
v 0.043929 0.191890 3.066101
v 0.115983 -0.120929 3.017759
v 0.137101 -0.084810 2.993549
v 0.158240 -0.048650 3.017678
v 0.158260 -0.048608 3.066017
v 0.137143 -0.084726 3.090227
v 0.116004 -0.120887 3.066098
v 0.153232 -0.142706 3.017762
v 0.174350 -0.106588 2.993552
v 0.195489 -0.070427 3.017681
v 0.195510 -0.070385 3.066020
v 0.174392 -0.106503 3.090229
v 0.153253 -0.142664 3.066101
v -0.153682 -0.048655 3.017759
v -0.132962 -0.085003 2.993549
v -0.112215 -0.121390 3.017678
v -0.112189 -0.121429 3.066017
v -0.132909 -0.085081 3.090227
v -0.153656 -0.048694 3.066098
v -0.191166 -0.070025 3.017762
v -0.170446 -0.106373 2.993552
v -0.149699 -0.142760 3.017681
v -0.149673 -0.142799 3.066020
v -0.170394 -0.106451 3.090229
v -0.191140 -0.070064 3.066101
v 0.397316 0.054444 0.393291
v 0.368687 0.051262 0.229092
v 0.301484 0.148069 0.934493
v 0.301484 0.148069 0.934493
v 0.255156 0.111008 0.911895
v 0.255156 0.111008 0.911895
v 0.230400 0.155580 0.916068
v 0.230400 0.155580 0.916068
v 0.222019 0.168415 0.950310
v 0.222019 0.168415 0.950310
v 0.342307 0.048494 0.060880
v 0.342307 0.048494 0.060880
v 0.342307 0.048494 0.060880
v 0.329630 -0.029236 0.060880
v 0.329630 -0.029236 0.060880
v 0.287326 -0.050817 0.158170
v 0.287326 -0.050817 0.158170
v 0.287326 -0.050817 0.158170
v 0.287326 -0.050817 0.158170
v 0.279416 -0.087641 0.072699
v 0.279416 -0.087641 0.072699
v 0.273993 -0.199351 0.094706
v 0.273993 -0.199351 0.094706
v 0.253460 -0.175150 0.100619
v 0.253460 -0.175150 0.100619
v 0.329299 0.074106 0.962082
v 0.329299 0.074106 0.962082
v 0.369739 0.070987 0.828861
v 0.369739 0.070987 0.828861
v 0.290941 0.044383 0.888078
v 0.290941 0.044383 0.888078
v 0.290941 0.044383 0.888078
v 0.290941 0.044383 0.888078
v 0.191845 0.223728 0.888078
v 0.191845 0.223728 0.888078
v 0.191845 0.223728 0.888078
v 0.191845 0.223728 0.888078
v 0.257206 -0.157251 0.888078
v 0.257206 -0.157251 0.888078
v 0.257206 -0.157251 0.888078
v 0.257206 -0.157251 0.888078
v 0.253724 -0.164706 0.948592
v 0.253724 -0.164706 0.948592
v 0.305683 -0.187769 0.819583
v 0.326714 -0.199475 0.668714
v 0.268211 -0.167180 0.158170
v 0.268211 -0.167180 0.158170
v 0.268211 -0.167180 0.158170
v 0.268211 -0.167180 0.158170
v 0.346200 0.055001 0.819583
v 0.314549 -0.150455 0.979899
v 0.314549 -0.150455 0.979899
v 0.355416 0.030639 0.981278
v 0.355416 0.030639 0.981278
v 0.200147 0.233436 0.158170
v 0.200147 0.233436 0.158170
v 0.200147 0.233436 0.158170
v 0.200147 0.233436 0.158170
v 0.303317 0.046526 0.158170
v 0.303317 0.046526 0.158170
v 0.303317 0.046526 0.158170
v 0.303317 0.046526 0.158170
v 0.295536 0.056483 0.101694
v 0.295536 0.056483 0.101694
v 0.197747 0.225858 0.101694
v 0.197747 0.225858 0.101694
v 0.332628 0.046411 0.981209
v 0.332628 0.046411 0.981209
v 0.276022 0.193561 0.935031
v 0.276022 0.193561 0.935031
v 0.291029 -0.192448 0.958958
v 0.291029 -0.192448 0.958958
v 0.158052 -0.327382 0.959041
v 0.158052 -0.327382 0.959041
v 0.106768 -0.399422 0.239697
v 0.090642 -0.350895 0.076620
v 0.090642 -0.350895 0.076620
v 0.258146 -0.154897 0.969998
v 0.258146 -0.154897 0.969998
v 0.326714 -0.199475 0.389599
v 0.266526 -0.162420 0.072699
v 0.266526 -0.162420 0.072699
v 0.106425 -0.292057 0.888078
v 0.106425 -0.292057 0.888078
v 0.106425 -0.292057 0.888078
v 0.106425 -0.292057 0.888078
v 0.125086 -0.343935 0.819583
v 0.319271 -0.232764 0.227130
v 0.273568 -0.217696 0.096714
v 0.273568 -0.217696 0.096714
v 0.038008 -0.291682 0.972257
v 0.038008 -0.291682 0.972257
v 0.102584 -0.291513 0.972257
v 0.102584 -0.291513 0.972257
v 0.296759 0.132835 0.962083
v 0.296759 0.132835 0.962083
v 0.227680 0.267583 0.819583
v 0.293341 0.041659 0.968443
v 0.293341 0.041659 0.968443
v 0.396075 -0.035583 0.404361
v 0.396190 -0.026608 0.663114
v 0.243319 0.304268 0.813476
v 0.216897 0.284811 0.962400
v 0.216897 0.284811 0.962400
v 0.216897 0.284811 0.962400
v 0.225615 0.265187 0.219811
v 0.278783 0.290735 0.359799
v 0.262279 0.276065 0.207720
v 0.329816 -0.183533 0.229092
v 0.356709 -0.198402 0.422555
v 0.332696 -0.185125 0.810248
v 0.332696 -0.185125 0.810248
v 0.028353 0.409290 0.711275
v 0.027268 0.393096 0.812152
v 0.133223 -0.366222 0.668715
v 0.243251 0.286165 0.389599
v 0.361739 -0.059040 0.231919
v 0.361739 -0.059040 0.231919
v 0.370167 0.059396 0.668714
v 0.262651 0.194391 0.962083
v 0.262651 0.194391 0.962083
v 0.117149 -0.411252 0.670839
v 0.117149 -0.411252 0.670839
v 0.111225 -0.384799 0.824348
v 0.319889 -0.216742 0.225237
v 0.261360 0.275666 0.824180
v 0.233894 0.246293 0.962083
v 0.233894 0.246293 0.962083
v 0.372677 0.042199 0.818833
v 0.038427 -0.342523 0.980115
v 0.038427 -0.342523 0.980115
v 0.000000 -0.357139 0.923172
v 0.000000 -0.357139 0.923172
v 0.259287 0.327040 0.665906
v 0.370167 0.059396 0.389599
v 0.026352 0.346166 0.057705
v 0.026352 0.346166 0.057705
v 0.215618 0.280449 0.057705
v 0.215618 0.280449 0.057705
v 0.111256 -0.304088 0.158170
v 0.111256 -0.304088 0.158170
v 0.111256 -0.304088 0.158170
v 0.111256 -0.304088 0.158170
v 0.000000 -0.291711 0.888079
v 0.000000 -0.291711 0.888079
v 0.000000 -0.291711 0.888079
v 0.000000 -0.291711 0.888079
v 0.101560 -0.340407 0.980115
v 0.101560 -0.340407 0.980115
v 0.101560 -0.340407 0.980115
v 0.347384 -0.232461 0.392111
v 0.347384 -0.232461 0.392111
v 0.101090 -0.393702 0.825060
v 0.112155 -0.298644 0.085260
v 0.112155 -0.298644 0.085260
v 0.112155 -0.298644 0.085260
v 0.156356 -0.315889 0.088081
v 0.156356 -0.315889 0.088081
v 0.123074 -0.287862 0.093551
v 0.123074 -0.287862 0.093551
v 0.389937 0.076872 0.670254
v 0.231004 0.350878 0.392691
v 0.231004 0.350878 0.665297
v 0.408064 0.037026 0.663117
v 0.376664 0.035668 0.817956
v 0.000000 0.348623 0.819583
v 0.000000 0.372901 0.668714
v 0.119200 -0.390324 0.240475
v 0.339099 -0.063729 0.139960
v 0.339099 -0.063729 0.139960
v 0.000000 0.291480 0.888078
v 0.000000 0.291480 0.888078
v 0.000000 0.291480 0.888078
v 0.000000 0.291480 0.888078
v 0.001964 0.289187 0.942658
v 0.001964 0.289187 0.942658
v 0.389919 -0.080386 0.663113
v 0.362730 -0.059755 0.813236
v 0.362730 -0.059755 0.813236
v 0.000000 0.303972 0.158170
v 0.000000 0.303972 0.158170
v 0.000000 0.303972 0.158170
v 0.000000 0.303972 0.158170
v 0.010847 0.298720 0.069326
v 0.010847 0.298720 0.069326
v 0.319107 -0.093760 0.060880
v 0.319107 -0.093760 0.060880
v 0.302923 -0.185960 0.219811
v 0.275109 0.289527 0.708090
v 0.398817 0.054445 0.664421
v 0.172734 -0.361359 0.219695
v 0.182927 -0.389530 0.392782
v 0.289478 -0.026090 0.072855
v 0.289478 -0.026090 0.072855
v 0.286947 0.055958 0.950310
v 0.286947 0.055958 0.950310
v 0.123480 -0.290922 0.950028
v 0.123480 -0.290922 0.950028
v 0.000000 -0.303740 0.158170
v 0.117936 -0.411232 0.387678
v 0.117936 -0.411232 0.387678
v 0.000000 0.372901 0.389599
v 0.183397 0.223151 0.949953
v 0.183397 0.223151 0.949953
v 0.176458 -0.364172 0.812213
v 0.188657 -0.389469 0.665325
v 0.220089 -0.203190 0.117623
v 0.220089 -0.203190 0.117623
v 0.258199 0.105750 0.950310
v 0.258199 0.105750 0.950310
v 0.409565 0.031369 0.394854
v 0.377235 0.035413 0.231911
v 0.343090 0.054563 0.219811
v 0.390746 -0.067853 0.408672
v 0.025992 0.374695 0.191278
v 0.248777 -0.246416 0.109579
v 0.248777 -0.246416 0.109579
v 0.196108 0.213296 0.950310
v 0.196108 0.213296 0.950310
v 0.238372 0.319077 0.812152
v 0.301410 0.046331 0.072951
v 0.301410 0.046331 0.072951
v 0.000000 0.345776 0.221292
v 0.241061 0.253900 0.088532
v 0.241061 0.253900 0.088532
v 0.133223 -0.366222 0.389599
v 0.123908 -0.340705 0.219812
v 0.236110 0.316403 0.227200
v 0.236110 0.316403 0.227200
v 0.196335 0.231952 0.069326
v 0.196335 0.231952 0.069326
v 0.259287 0.327040 0.392139
v 0.243251 0.286165 0.668714
v 0.325155 -0.216292 0.813546
v 0.347384 -0.232461 0.603827
v 0.000000 -0.297950 0.083920
v 0.287025 -0.163550 0.980202
v 0.287025 -0.163550 0.980202
v 0.356709 -0.198402 0.664421
v 0.024250 0.351954 0.962400
v 0.024250 0.351954 0.962400
v 0.029223 0.421828 0.392691
v 0.375163 0.072251 0.204019
v 0.375163 0.072251 0.204019
v 0.339358 0.076246 0.088532
v 0.339358 0.076246 0.088532
v 0.389937 0.076872 0.388207
v 0.388444 0.098787 0.385296
v 0.389814 0.095429 0.673556
v 0.371307 -0.057362 0.659822
v 0.373958 -0.056804 0.402399
v 0.306529 -0.170887 0.060880
v 0.306529 -0.170887 0.060880
v 0.000000 -0.351536 0.076620
v -0.397316 0.054444 0.393291
v -0.368687 0.051262 0.229092
v -0.301484 0.148069 0.934493
v -0.301484 0.148069 0.934493
v -0.255156 0.111008 0.911895
v -0.255156 0.111008 0.911895
v -0.230400 0.155580 0.916068
v -0.230400 0.155580 0.916068
v -0.222019 0.168415 0.950310
v -0.222019 0.168415 0.950310
v -0.342307 0.048494 0.060880
v -0.342307 0.048494 0.060880
v -0.342307 0.048494 0.060880
v -0.329630 -0.029236 0.060880
v -0.329630 -0.029236 0.060880
v -0.287326 -0.050817 0.158170
v -0.287326 -0.050817 0.158170
v -0.287326 -0.050817 0.158170
v -0.287326 -0.050817 0.158170
v -0.279416 -0.087641 0.072699
v -0.279416 -0.087641 0.072699
v -0.273993 -0.199351 0.094706
v -0.273993 -0.199351 0.094706
v -0.253460 -0.175150 0.100619
v -0.253460 -0.175150 0.100619
v -0.329299 0.074106 0.962082
v -0.329299 0.074106 0.962082
v -0.369739 0.070987 0.828861
v -0.369739 0.070987 0.828861
v -0.290941 0.044383 0.888078
v -0.290941 0.044383 0.888078
v -0.290941 0.044383 0.888078
v -0.290941 0.044383 0.888078
v -0.191845 0.223728 0.888078
v -0.191845 0.223728 0.888078
v -0.191845 0.223728 0.888078
v -0.191845 0.223728 0.888078
v -0.257206 -0.157251 0.888078
v -0.257206 -0.157251 0.888078
v -0.257206 -0.157251 0.888078
v -0.257206 -0.157251 0.888078
v -0.253724 -0.164706 0.948592
v -0.253724 -0.164706 0.948592
v -0.305683 -0.187769 0.819583
v -0.326714 -0.199475 0.668714
v -0.268211 -0.167180 0.158170
v -0.268211 -0.167180 0.158170
v -0.268211 -0.167180 0.158170
v -0.268211 -0.167180 0.158170
v -0.346200 0.055001 0.819583
v -0.314549 -0.150455 0.979899
v -0.314549 -0.150455 0.979899
v -0.355416 0.030639 0.981278
v -0.355416 0.030639 0.981278
v -0.200147 0.233436 0.158170
v -0.200147 0.233436 0.158170
v -0.200147 0.233436 0.158170
v -0.200147 0.233436 0.158170
v -0.303317 0.046526 0.158170
v -0.303317 0.046526 0.158170
v -0.303317 0.046526 0.158170
v -0.303317 0.046526 0.158170
v -0.295536 0.056483 0.101694
v -0.295536 0.056483 0.101694
v -0.197747 0.225858 0.101694
v -0.197747 0.225858 0.101694
v -0.332628 0.046411 0.981209
v -0.332628 0.046411 0.981209
v -0.276022 0.193561 0.935031
v -0.276022 0.193561 0.935031
v -0.291029 -0.192448 0.958958
v -0.291029 -0.192448 0.958958
v -0.158052 -0.327382 0.959041
v -0.158052 -0.327382 0.959041
v -0.106768 -0.399422 0.239697
v -0.090642 -0.350895 0.076620
v -0.090642 -0.350895 0.076620
v -0.258146 -0.154897 0.969998
v -0.258146 -0.154897 0.969998
v -0.326714 -0.199475 0.389599
v -0.266526 -0.162420 0.072699
v -0.266526 -0.162420 0.072699
v -0.106425 -0.292057 0.888078
v -0.106425 -0.292057 0.888078
v -0.106425 -0.292057 0.888078
v -0.106425 -0.292057 0.888078
v -0.125086 -0.343935 0.819583
v -0.319271 -0.232764 0.227130
v -0.273568 -0.217696 0.096714
v -0.273568 -0.217696 0.096714
v -0.038008 -0.291682 0.972257
v -0.038008 -0.291682 0.972257
v -0.102584 -0.291513 0.972257
v -0.102584 -0.291513 0.972257
v -0.296759 0.132835 0.962083
v -0.296759 0.132835 0.962083
v -0.227680 0.267583 0.819583
v -0.293341 0.041659 0.968443
v -0.293341 0.041659 0.968443
v -0.396075 -0.035583 0.404361
v -0.396190 -0.026608 0.663114
v -0.243319 0.304268 0.813476
v -0.216897 0.284811 0.962400
v -0.216897 0.284811 0.962400
v -0.216897 0.284811 0.962400
v -0.225615 0.265187 0.219811
v -0.278783 0.290735 0.359799
v -0.262279 0.276065 0.207720
v -0.329816 -0.183533 0.229092
v -0.356709 -0.198402 0.422555
v -0.332696 -0.185125 0.810248
v -0.332696 -0.185125 0.810248
v -0.028353 0.409290 0.711275
v -0.027268 0.393096 0.812152
v -0.133223 -0.366222 0.668715
v -0.243251 0.286165 0.389599
v -0.361739 -0.059040 0.231919
v -0.361739 -0.059040 0.231919
v -0.370167 0.059396 0.668714
v -0.262651 0.194391 0.962083
v -0.262651 0.194391 0.962083
v -0.117149 -0.411252 0.670839
v -0.117149 -0.411252 0.670839
v -0.111225 -0.384799 0.824348
v -0.319889 -0.216742 0.225237
v -0.261360 0.275666 0.824180
v -0.233894 0.246293 0.962083
v -0.233894 0.246293 0.962083
v -0.372677 0.042199 0.818833
v -0.038427 -0.342523 0.980115
v -0.038427 -0.342523 0.980115
v -0.259287 0.327040 0.665906
v -0.370167 0.059396 0.389599
v -0.026352 0.346166 0.057705
v -0.026352 0.346166 0.057705
v -0.215618 0.280449 0.057705
v -0.215618 0.280449 0.057705
v -0.111256 -0.304088 0.158170
v -0.111256 -0.304088 0.158170
v -0.111256 -0.304088 0.158170
v -0.111256 -0.304088 0.158170
v -0.101560 -0.340407 0.980115
v -0.101560 -0.340407 0.980115
v -0.101560 -0.340407 0.980115
v -0.347384 -0.232461 0.392111
v -0.347384 -0.232461 0.392111
v -0.101090 -0.393702 0.825060
v -0.112155 -0.298644 0.085260
v -0.112155 -0.298644 0.085260
v -0.112155 -0.298644 0.085260
v -0.156356 -0.315889 0.088081
v -0.156356 -0.315889 0.088081
v -0.123074 -0.287862 0.093551
v -0.123074 -0.287862 0.093551
v -0.389937 0.076872 0.670254
v -0.231004 0.350878 0.392691
v -0.231004 0.350878 0.665297
v -0.408064 0.037026 0.663117
v -0.376664 0.035668 0.817956
v -0.119200 -0.390324 0.240475
v -0.339099 -0.063729 0.139960
v -0.339099 -0.063729 0.139960
v -0.001964 0.289187 0.942658
v -0.001964 0.289187 0.942658
v -0.389919 -0.080386 0.663113
v -0.362730 -0.059755 0.813236
v -0.362730 -0.059755 0.813236
v -0.010847 0.298720 0.069326
v -0.010847 0.298720 0.069326
v -0.319107 -0.093760 0.060880
v -0.319107 -0.093760 0.060880
v -0.302923 -0.185960 0.219811
v -0.275109 0.289527 0.708090
v -0.398817 0.054445 0.664421
v -0.172734 -0.361359 0.219695
v -0.182927 -0.389530 0.392782
v -0.289478 -0.026090 0.072855
v -0.289478 -0.026090 0.072855
v -0.286947 0.055958 0.950310
v -0.286947 0.055958 0.950310
v -0.123480 -0.290922 0.950028
v -0.123480 -0.290922 0.950028
v -0.117936 -0.411232 0.387678
v -0.117936 -0.411232 0.387678
v -0.183397 0.223151 0.949953
v -0.183397 0.223151 0.949953
v -0.176458 -0.364172 0.812213
v -0.188657 -0.389469 0.665325
v -0.220089 -0.203190 0.117623
v -0.220089 -0.203190 0.117623
v -0.258199 0.105750 0.950310
v -0.258199 0.105750 0.950310
v -0.409565 0.031369 0.394854
v -0.377235 0.035413 0.231911
v -0.343090 0.054563 0.219811
v -0.390746 -0.067853 0.408672
v -0.025992 0.374695 0.191278
v -0.248777 -0.246416 0.109579
v -0.248777 -0.246416 0.109579
v -0.196108 0.213296 0.950310
v -0.196108 0.213296 0.950310
v -0.238372 0.319077 0.812152
v -0.301410 0.046331 0.072951
v -0.301410 0.046331 0.072951
v -0.241061 0.253900 0.088532
v -0.241061 0.253900 0.088532
v -0.133223 -0.366222 0.389599
v -0.123908 -0.340705 0.219812
v -0.236110 0.316403 0.227200
v -0.236110 0.316403 0.227200
v -0.196335 0.231952 0.069326
v -0.196335 0.231952 0.069326
v -0.259287 0.327040 0.392139
v -0.243251 0.286165 0.668714
v -0.325155 -0.216292 0.813546
v -0.347384 -0.232461 0.603827
v -0.287025 -0.163550 0.980202
v -0.287025 -0.163550 0.980202
v -0.356709 -0.198402 0.664421
v -0.024250 0.351954 0.962400
v -0.024250 0.351954 0.962400
v -0.029223 0.421828 0.392691
v -0.375163 0.072251 0.204019
v -0.375163 0.072251 0.204019
v -0.339358 0.076246 0.088532
v -0.339358 0.076246 0.088532
v -0.389937 0.076872 0.388207
v -0.388444 0.098787 0.385296
v -0.389814 0.095429 0.673556
v -0.371307 -0.057362 0.659822
v -0.373958 -0.056804 0.402399
v -0.306529 -0.170887 0.060880
v -0.306529 -0.170887 0.060880
v 0.340021 -0.196311 0.894693
v 0.340021 -0.196311 0.894693
v 0.134285 -0.390224 0.894693
v 0.134285 -0.390224 0.894693
v 0.386657 0.068178 0.894693
v 0.386657 0.068178 0.894693
v 0.252373 0.300766 0.894693
v 0.252373 0.300766 0.894693
v 0.000000 0.392622 0.894693
v 0.000000 0.392622 0.894693
v 0.366841 -0.211796 0.806278
v 0.366841 -0.211796 0.806278
v 0.144877 -0.419326 0.806278
v 0.144877 -0.419326 0.806278
v 0.417156 0.073556 0.806278
v 0.417156 0.073556 0.806278
v 0.272279 0.324490 0.806278
v 0.272279 0.324490 0.806278
v 0.000000 0.423592 0.806278
v 0.000000 0.423592 0.806278
v 0.000000 -0.390224 0.894693
v 0.000000 -0.419326 0.806278
v -0.340021 -0.196311 0.894693
v -0.340021 -0.196311 0.894693
v -0.134285 -0.390224 0.894693
v -0.134285 -0.390224 0.894693
v -0.386657 0.068178 0.894693
v -0.386657 0.068178 0.894693
v -0.252373 0.300766 0.894693
v -0.252373 0.300766 0.894693
v -0.366841 -0.211796 0.806278
v -0.366841 -0.211796 0.806278
v -0.144877 -0.419326 0.806278
v -0.144877 -0.419326 0.806278
v -0.417156 0.073556 0.806278
v -0.417156 0.073556 0.806278
v -0.272279 0.324490 0.806278
v -0.272279 0.324490 0.806278
v 0.340021 -0.196311 0.123509
v 0.340021 -0.196311 0.123509
v 0.134285 -0.390225 0.123509
v 0.134285 -0.390225 0.123509
v 0.386657 0.068178 0.123509
v 0.386657 0.068178 0.123509
v 0.252373 0.300766 0.123509
v 0.252373 0.300766 0.123509
v 0.000000 0.392622 0.123509
v 0.000000 0.392622 0.123509
v 0.366841 -0.211796 0.211924
v 0.366841 -0.211796 0.211924
v 0.144877 -0.419326 0.211924
v 0.144877 -0.419326 0.211924
v 0.417156 0.073556 0.211924
v 0.417156 0.073556 0.211924
v 0.272279 0.324490 0.211923
v 0.272279 0.324490 0.211923
v 0.000000 0.423592 0.211923
v 0.000000 0.423592 0.211923
v 0.000000 -0.390225 0.123509
v 0.000000 -0.419326 0.211924
v -0.340021 -0.196311 0.123509
v -0.340021 -0.196311 0.123509
v -0.134285 -0.390225 0.123509
v -0.134285 -0.390225 0.123509
v -0.386657 0.068178 0.123509
v -0.386657 0.068178 0.123509
v -0.252373 0.300766 0.123509
v -0.252373 0.300766 0.123509
v -0.366841 -0.211796 0.211924
v -0.366841 -0.211796 0.211924
v -0.144877 -0.419326 0.211924
v -0.144877 -0.419326 0.211924
v -0.417156 0.073556 0.211924
v -0.417156 0.073556 0.211924
v -0.272279 0.324490 0.211923
v -0.272279 0.324490 0.211923
v 0.000000 0.451668 0.292737
v 0.000000 0.451668 0.292737
v 0.000000 0.443243 0.699466
v 0.000000 0.443243 0.699466
v 0.111562 0.422906 0.699466
v 0.111562 0.425275 0.292737
v 0.168207 0.338494 0.301403
v 0.189438 0.395861 0.292737
v 0.189438 0.395861 0.292737
v 0.223124 0.382787 0.329151
v 0.223124 0.382787 0.329151
v 0.201893 0.325435 0.337815
v 0.223124 0.387175 0.663042
v 0.223124 0.387175 0.663042
v 0.188832 0.397915 0.699466
v 0.188832 0.397915 0.699466
v 0.167601 0.340871 0.689605
v 0.201893 0.330116 0.653179
v 0.080719 0.498555 0.542704
v 0.080719 0.498555 0.542704
v 0.000000 0.498555 0.589307
v 0.000000 0.498555 0.589307
v 0.080719 0.498555 0.449498
v 0.080719 0.498555 0.449498
v 0.000000 0.498555 0.402896
v 0.000000 0.498555 0.402896
v 0.082370 0.424588 0.543658
v 0.082370 0.424588 0.448545
v 0.000000 0.424588 0.591214
v 0.000000 0.424588 0.400989
v 0.038369 0.498555 0.518254
v 0.038369 0.498555 0.518254
v 0.000000 0.498555 0.540406
v 0.000000 0.498555 0.540406
v 0.038369 0.498555 0.473949
v 0.038369 0.498555 0.473949
v 0.000000 0.498555 0.451797
v 0.000000 0.498555 0.451797
v 0.000000 0.477755 0.540406
v 0.000000 0.477755 0.540406
v 0.038369 0.477755 0.518254
v 0.038369 0.477755 0.518254
v 0.038369 0.477755 0.473949
v 0.038369 0.477755 0.473949
v 0.000000 0.477755 0.451797
v 0.000000 0.477755 0.451797
v -0.111562 0.422906 0.699466
v -0.111562 0.425275 0.292737
v -0.168207 0.338494 0.301403
v -0.189438 0.395861 0.292737
v -0.189438 0.395861 0.292737
v -0.223124 0.382787 0.329151
v -0.223124 0.382787 0.329151
v -0.201893 0.325435 0.337815
v -0.223124 0.387175 0.663042
v -0.223124 0.387175 0.663042
v -0.188832 0.397915 0.699466
v -0.188832 0.397915 0.699466
v -0.167601 0.340871 0.689605
v -0.201893 0.330116 0.653179
v -0.080719 0.498555 0.542704
v -0.080719 0.498555 0.542704
v -0.080719 0.498555 0.449498
v -0.080719 0.498555 0.449498
v -0.082370 0.424588 0.543658
v -0.082370 0.424588 0.448545
v -0.038369 0.498555 0.518254
v -0.038369 0.498555 0.518254
v -0.038369 0.498555 0.473949
v -0.038369 0.498555 0.473949
v -0.038369 0.477755 0.518254
v -0.038369 0.477755 0.518254
v -0.038369 0.477755 0.473949
v -0.038369 0.477755 0.473949
v 0.000000 -0.451668 0.292737
v 0.000000 -0.451668 0.292737
v 0.000000 -0.443243 0.699466
v 0.000000 -0.443243 0.699466
v 0.111562 -0.422906 0.699466
v 0.111562 -0.425276 0.292737
v 0.168207 -0.338494 0.301403
v 0.189438 -0.395861 0.292737
v 0.189438 -0.395861 0.292737
v 0.223124 -0.382787 0.329151
v 0.223124 -0.382787 0.329151
v 0.201893 -0.325435 0.337815
v 0.223124 -0.387175 0.663042
v 0.223124 -0.387175 0.663042
v 0.188832 -0.397915 0.699466
v 0.188832 -0.397915 0.699466
v 0.167601 -0.340871 0.689605
v 0.201893 -0.330116 0.653179
v 0.080719 -0.498555 0.542704
v 0.080719 -0.498555 0.542704
v 0.000000 -0.498555 0.589307
v 0.000000 -0.498555 0.589307
v 0.080719 -0.498555 0.449499
v 0.080719 -0.498555 0.449499
v 0.000000 -0.498555 0.402896
v 0.000000 -0.498555 0.402896
v 0.082370 -0.424588 0.543658
v 0.082370 -0.424588 0.448545
v 0.000000 -0.424588 0.591214
v 0.000000 -0.424588 0.400989
v 0.038369 -0.498555 0.518254
v 0.038369 -0.498555 0.518254
v 0.000000 -0.498555 0.540406
v 0.000000 -0.498555 0.540406
v 0.038369 -0.498555 0.473949
v 0.038369 -0.498555 0.473949
v 0.000000 -0.498555 0.451797
v 0.000000 -0.498555 0.451797
v 0.000000 -0.477755 0.540406
v 0.000000 -0.477755 0.540406
v 0.038369 -0.477755 0.518254
v 0.038369 -0.477755 0.518254
v 0.038369 -0.477755 0.473949
v 0.038369 -0.477755 0.473949
v 0.000000 -0.477755 0.451797
v 0.000000 -0.477755 0.451797
v -0.111562 -0.422906 0.699466
v -0.111562 -0.425276 0.292737
v -0.168207 -0.338494 0.301403
v -0.189438 -0.395861 0.292737
v -0.189438 -0.395861 0.292737
v -0.223124 -0.382787 0.329151
v -0.223124 -0.382787 0.329151
v -0.201893 -0.325435 0.337815
v -0.223124 -0.387175 0.663042
v -0.223124 -0.387175 0.663042
v -0.188832 -0.397915 0.699466
v -0.188832 -0.397915 0.699466
v -0.167601 -0.340871 0.689605
v -0.201893 -0.330116 0.653179
v -0.080719 -0.498555 0.542704
v -0.080719 -0.498555 0.542704
v -0.080719 -0.498555 0.449499
v -0.080719 -0.498555 0.449499
v -0.082370 -0.424588 0.543658
v -0.082370 -0.424588 0.448545
v -0.038369 -0.498555 0.518254
v -0.038369 -0.498555 0.518254
v -0.038369 -0.498555 0.473949
v -0.038369 -0.498555 0.473949
v -0.038369 -0.477755 0.518254
v -0.038369 -0.477755 0.518254
v -0.038369 -0.477755 0.473949
v -0.038369 -0.477755 0.473949
v 0.113690 -0.065523 -0.071862
v 0.113690 -0.065523 -0.071862
v 0.000000 -0.131162 -0.071862
v 0.000000 -0.131162 -0.071862
v 0.113690 0.065755 -0.071862
v 0.113690 0.065755 -0.071862
v 0.000000 0.131394 -0.071862
v 0.000000 0.131394 -0.071862
v 0.107265 -0.061814 -0.015470
v 0.107265 -0.061814 -0.015470
v 0.000000 -0.123744 -0.015470
v 0.000000 -0.123744 -0.015470
v 0.107265 0.062045 -0.015470
v 0.107265 0.062045 -0.015470
v 0.000000 0.123975 -0.015470
v 0.000000 0.123975 -0.015470
v 0.068313 -0.039325 -0.015470
v 0.068313 -0.039325 -0.015470
v 0.000000 -0.078766 -0.015470
v 0.000000 -0.078766 -0.015470
v 0.068313 0.039556 -0.015470
v 0.068313 0.039556 -0.015470
v 0.000000 0.078997 -0.015470
v 0.000000 0.078997 -0.015470
v 0.063602 -0.036605 -0.082670
v 0.063602 -0.036605 -0.082670
v 0.000000 -0.073326 -0.082670
v 0.000000 -0.073326 -0.082670
v 0.063602 0.036837 -0.082670
v 0.063602 0.036837 -0.082670
v 0.000000 0.073558 -0.082670
v 0.000000 0.073558 -0.082670
v 0.000000 0.232315 -0.052002
v 0.000000 0.232315 -0.052002
v 0.000000 0.232315 -0.052002
v 0.000000 0.209382 -0.071862
v 0.000000 0.209382 -0.071862
v 0.000000 -0.209151 -0.071862
v 0.000000 -0.209151 -0.071862
v 0.000000 -0.232084 -0.052002
v 0.000000 -0.232084 -0.052002
v 0.000000 -0.232084 -0.052002
v 0.181230 -0.104518 -0.071862
v 0.181230 -0.104518 -0.071862
v 0.201090 -0.115984 -0.052002
v 0.201090 -0.115984 -0.052002
v 0.201090 -0.115984 -0.052002
v 0.181230 0.104749 -0.071862
v 0.181230 0.104749 -0.071862
v 0.201090 0.116215 -0.052002
v 0.201090 0.116215 -0.052002
v 0.201090 0.116215 -0.052002
v 0.000000 0.232315 0.158170
v 0.201090 0.116215 0.158170
v 0.000000 -0.232084 0.158170
v 0.201090 -0.115984 0.158170
v -0.113690 -0.065523 -0.071862
v -0.113690 -0.065523 -0.071862
v -0.113690 0.065755 -0.071862
v -0.113690 0.065755 -0.071862
v -0.107266 -0.061814 -0.015470
v -0.107266 -0.061814 -0.015470
v -0.107266 0.062045 -0.015470
v -0.107266 0.062045 -0.015470
v -0.068313 -0.039325 -0.015470
v -0.068313 -0.039325 -0.015470
v -0.068313 0.039556 -0.015470
v -0.068313 0.039556 -0.015470
v -0.063603 -0.036605 -0.082670
v -0.063603 -0.036605 -0.082670
v -0.063603 0.036837 -0.082670
v -0.063603 0.036837 -0.082670
v -0.181231 -0.104518 -0.071862
v -0.181231 -0.104518 -0.071862
v -0.201091 -0.115984 -0.052002
v -0.201091 -0.115984 -0.052002
v -0.201091 -0.115984 -0.052002
v -0.181231 0.104749 -0.071862
v -0.181231 0.104749 -0.071862
v -0.201091 0.116215 -0.052002
v -0.201091 0.116215 -0.052002
v -0.201091 0.116215 -0.052002
v -0.201091 0.116215 0.158170
v -0.201091 -0.115984 0.158170
v 0.050110 0.109167 2.971673
v 0.090883 0.081923 2.971673
v 0.002014 0.118734 2.971673
v 0.091689 -0.223440 1.226784
v 0.002014 -0.241277 1.226784
v 0.167711 -0.172643 1.226784
v 0.218507 -0.096621 1.226784
v 0.218507 -0.096621 1.226784
v 0.224559 -0.006947 1.229983
v 0.091689 -0.223440 0.985005
v 0.002014 -0.241277 0.985005
v 0.167711 -0.172643 0.985005
v 0.218507 -0.096621 0.985005
v 0.236345 -0.006947 0.985005
v 0.218507 0.082728 0.985005
v 0.167711 0.158750 0.985005
v 0.091689 0.209547 0.985005
v 0.002014 0.227384 0.985005
v 0.236345 -0.006947 1.214790
v 0.076759 -0.187397 0.970299
v 0.002014 -0.202264 0.970299
v 0.140125 -0.145057 0.970299
v 0.182464 -0.081691 0.970299
v 0.197332 -0.006947 0.970299
v 0.182464 0.067798 0.970299
v 0.140125 0.131164 0.970299
v 0.076759 0.173503 0.970299
v 0.002014 0.188371 0.970299
v 0.002014 0.227384 1.226784
v 0.002014 0.227384 1.226784
v 0.002014 0.227384 1.226784
v 0.087178 0.198658 1.229983
v 0.091689 0.209547 1.214790
v 0.205394 0.077296 1.230637
v 0.218507 0.082728 1.200279
v 0.163925 0.154964 1.229983
v 0.167711 0.158750 1.218680
v 0.002014 -0.175160 2.983928
v 0.066387 -0.162356 2.983928
v 0.157424 -0.071319 2.983928
v 0.170228 -0.006946 2.983928
v 0.157424 0.057426 2.983928
v 0.120960 0.111999 2.983928
v 0.066387 0.148463 2.983928
v 0.002014 -0.175160 3.102703
v 0.066387 -0.162356 3.102703
v 0.120960 -0.125892 3.102703
v 0.157424 -0.071319 3.102703
v 0.170228 -0.006946 3.102703
v 0.157424 0.057426 3.102703
v 0.120960 0.111999 3.102703
v 0.066387 0.148463 3.102703
v 0.002014 0.161268 3.102703
v 0.145612 0.178957 3.315357
v 0.145612 0.178957 3.315357
v 0.093454 0.213808 3.315357
v 0.093454 0.213808 3.315357
v 0.002014 -0.245889 3.315357
v 0.093454 -0.227701 3.315357
v 0.170972 -0.175904 3.315357
v 0.222768 -0.098386 3.315357
v 0.240957 -0.006946 3.315357
v 0.222768 0.084493 3.315357
v 0.002014 -0.172499 3.347193
v 0.065368 -0.159897 3.347193
v 0.119078 -0.124010 3.347193
v 0.154965 -0.070301 3.347193
v 0.167567 -0.006946 3.347193
v 0.154965 0.056408 3.347193
v 0.119078 0.110117 3.347193
v 0.065368 0.146005 3.347193
v 0.002014 0.158607 3.347193
v 0.151187 0.142226 3.327495
v 0.151187 0.142226 3.327495
v 0.140589 0.131628 3.186166
v 0.140589 0.131628 3.186166
v 0.002014 -0.130269 3.134584
v 0.049208 -0.120881 3.134584
v 0.089216 -0.094148 3.134584
v 0.115949 -0.054140 3.134584
v 0.125336 -0.006946 3.134584
v 0.115949 0.040247 3.134584
v 0.089216 0.080256 3.134584
v 0.049208 0.106989 3.134584
v 0.002014 0.116376 3.134584
v 0.002014 -0.173690 2.568852
v 0.065978 -0.160966 2.568852
v 0.120203 -0.124734 2.568852
v 0.156436 -0.070508 2.568852
v 0.169159 -0.006545 2.568852
v 0.156436 0.057419 2.568852
v 0.120203 0.111645 2.568852
v 0.065978 0.147877 2.568852
v 0.002014 0.160600 2.568852
v 0.002014 -0.173690 2.655706
v 0.065978 -0.160966 2.655706
v 0.120203 -0.124734 2.655706
v 0.156436 -0.070508 2.655706
v 0.169159 -0.006545 2.655706
v 0.156436 0.057419 2.655706
v 0.156436 0.057419 2.655706
v 0.002014 -0.180335 2.096946
v 0.068382 -0.167137 2.096946
v 0.124633 -0.129552 2.096946
v 0.162218 -0.073301 2.096946
v 0.175416 -0.006949 2.096946
v 0.162218 0.059403 2.096946
v 0.125690 0.119961 2.096946
v 0.125690 0.119961 2.096946
v 0.068382 0.153239 2.096946
v 0.002014 0.166437 2.096946
v 0.002014 -0.180335 2.252464
v 0.068382 -0.167137 2.252464
v 0.124633 -0.129552 2.252464
v 0.124633 -0.129552 2.252464
v 0.134138 0.109572 2.252464
v 0.134138 0.109572 2.252464
v 0.134138 0.109572 2.252464
v 0.152905 0.055547 2.257794
v 0.068382 0.153239 2.252464
v 0.002014 0.166437 2.252464
v 0.152905 -0.069444 2.257794
v 0.162218 -0.073301 2.241233
v 0.162218 0.059403 2.241233
v 0.118127 0.041149 2.971673
v 0.127694 -0.006946 2.971673
v 0.118127 -0.055042 2.971673
v 0.090883 -0.095815 2.971673
v 0.050110 -0.123059 2.971673
v 0.002014 -0.132626 2.971673
v 0.120203 0.111645 2.646600
v 0.113831 0.105272 2.657898
v 0.065978 0.147877 2.646600
v 0.062529 0.139551 2.657898
v 0.002014 0.160600 2.646600
v 0.002014 0.151588 2.657898
v 0.187917 0.136652 3.315357
v 0.187917 0.136652 3.315357
v 0.002014 0.226178 3.297862
v 0.002014 0.214837 3.322801
v 0.175416 -0.006949 2.238056
v 0.165336 -0.006949 2.257794
v 0.120960 -0.125892 2.983928
v 0.002014 0.161268 2.983928
v -0.046081 0.109167 2.971673
v -0.086855 0.081923 2.971673
v -0.087660 -0.223440 1.226784
v -0.163683 -0.172643 1.226784
v -0.214479 -0.096621 1.226784
v -0.214479 -0.096621 1.226784
v -0.220531 -0.006947 1.229983
v -0.087660 -0.223440 0.985005
v -0.163683 -0.172643 0.985005
v -0.214479 -0.096621 0.985005
v -0.232317 -0.006947 0.985005
v -0.214479 0.082728 0.985005
v -0.163683 0.158750 0.985005
v -0.087660 0.209547 0.985005
v -0.232317 -0.006947 1.214790
v -0.072731 -0.187397 0.970299
v -0.136096 -0.145057 0.970299
v -0.178436 -0.081691 0.970299
v -0.193304 -0.006947 0.970299
v -0.178436 0.067798 0.970299
v -0.136096 0.131164 0.970299
v -0.072731 0.173503 0.970299
v -0.083150 0.198658 1.229983
v -0.087660 0.209547 1.214790
v -0.201366 0.077296 1.230637
v -0.214479 0.082728 1.200279
v -0.159897 0.154964 1.229983
v -0.163683 0.158750 1.218680
v -0.062359 -0.162356 2.983928
v -0.153395 -0.071319 2.983928
v -0.166200 -0.006946 2.983928
v -0.153395 0.057426 2.983928
v -0.116931 0.111999 2.983928
v -0.062359 0.148463 2.983928
v -0.062359 -0.162356 3.102703
v -0.116931 -0.125892 3.102703
v -0.153395 -0.071319 3.102703
v -0.166200 -0.006946 3.102703
v -0.153395 0.057426 3.102703
v -0.116931 0.111999 3.102703
v -0.062359 0.148463 3.102703
v -0.141584 0.178957 3.315357
v -0.141584 0.178957 3.315357
v -0.089425 0.213808 3.315357
v -0.089425 0.213808 3.315357
v -0.089425 -0.227701 3.315357
v -0.166944 -0.175904 3.315357
v -0.218740 -0.098386 3.315357
v -0.236929 -0.006946 3.315357
v -0.218740 0.084493 3.315357
v -0.061340 -0.159897 3.347193
v -0.115049 -0.124010 3.347193
v -0.150937 -0.070301 3.347193
v -0.163539 -0.006946 3.347193
v -0.150937 0.056408 3.347193
v -0.115049 0.110117 3.347193
v -0.061340 0.146005 3.347193
v -0.147158 0.142226 3.327495
v -0.147158 0.142226 3.327495
v -0.136560 0.131628 3.186166
v -0.136560 0.131628 3.186166
v -0.045179 -0.120881 3.134584
v -0.085188 -0.094148 3.134584
v -0.111921 -0.054140 3.134584
v -0.121308 -0.006946 3.134584
v -0.111921 0.040247 3.134584
v -0.085188 0.080256 3.134584
v -0.045179 0.106989 3.134584
v -0.061949 -0.160966 2.568852
v -0.116175 -0.124734 2.568852
v -0.152408 -0.070508 2.568852
v -0.165131 -0.006545 2.568852
v -0.152408 0.057419 2.568852
v -0.116175 0.111645 2.568852
v -0.061949 0.147877 2.568852
v -0.061949 -0.160966 2.655706
v -0.116175 -0.124734 2.655706
v -0.152408 -0.070508 2.655706
v -0.165131 -0.006545 2.655706
v -0.152408 0.057419 2.655706
v -0.152408 0.057419 2.655706
v -0.064354 -0.167137 2.096946
v -0.120604 -0.129552 2.096946
v -0.158190 -0.073301 2.096946
v -0.171388 -0.006949 2.096946
v -0.158190 0.059403 2.096946
v -0.121662 0.119961 2.096946
v -0.121662 0.119961 2.096946
v -0.064354 0.153239 2.096946
v -0.064354 -0.167137 2.252464
v -0.120604 -0.129552 2.252464
v -0.120604 -0.129552 2.252464
v -0.130109 0.109572 2.252464
v -0.130109 0.109572 2.252464
v -0.130109 0.109572 2.252464
v -0.148877 0.055547 2.257794
v -0.064354 0.153239 2.252464
v -0.148877 -0.069444 2.257794
v -0.158190 -0.073301 2.241233
v -0.158190 0.059403 2.241233
v -0.114099 0.041149 2.971673
v -0.123666 -0.006946 2.971673
v -0.114099 -0.055042 2.971673
v -0.086855 -0.095815 2.971673
v -0.046081 -0.123059 2.971673
v -0.116175 0.111645 2.646600
v -0.109803 0.105272 2.657898
v -0.061949 0.147877 2.646600
v -0.058501 0.139551 2.657898
v -0.183889 0.136652 3.315357
v -0.183889 0.136652 3.315357
v -0.171388 -0.006949 2.238056
v -0.161308 -0.006949 2.257794
v -0.116931 -0.125892 2.983928
v 0.248029 0.068063 1.039634
v 0.248029 0.068063 1.039634
v 0.248029 0.000000 1.011441
v 0.248029 0.096256 1.107697
v 0.248029 0.068063 1.175760
v 0.248029 0.068063 1.175760
v 0.248029 0.000000 1.203953
v 0.200279 0.068063 1.175760
v 0.200279 0.068063 1.039634
v 0.248506 0.053395 1.161092
v 0.248506 0.053395 1.161092
v 0.248506 0.075512 1.107697
v 0.358953 0.053395 1.106058
v 0.358953 0.053395 1.106058
v 0.375871 0.000000 1.091812
v 0.260348 0.000000 1.189088
v 0.277266 0.053395 1.174842
v 0.277266 0.053395 1.174842
v 0.391003 0.053395 1.217273
v 0.391003 0.053395 1.217273
v 0.413037 0.000000 1.219184
v 0.337808 0.075512 1.212661
v 0.284612 0.053395 1.208048
v 0.284612 0.053395 1.208048
v 0.262578 0.000000 1.206137
v 0.173907 0.068063 1.994123
v 0.173907 0.068063 1.994123
v 0.173907 0.000000 2.022316
v 0.173907 0.096256 1.926060
v 0.173907 0.068063 1.857997
v 0.173907 0.068063 1.857997
v 0.173907 0.000000 1.829804
v 0.117999 0.068063 1.857997
v 0.114966 0.068063 1.994123
v 0.173907 0.053395 1.979455
v 0.173907 0.053395 1.979455
v 0.173907 0.000000 2.001572
v 0.173907 0.075512 1.926060
v 0.173907 0.053395 1.872665
v 0.173907 0.053395 1.872665
v 0.173907 0.000000 1.850548
v 0.215645 0.053395 1.872665
v 0.215645 0.053395 1.979455
v 0.317636 0.053395 1.937965
v 0.317636 0.053395 1.937965
v 0.333275 0.000000 1.953604
v 0.226485 0.000000 1.846814
v 0.242124 0.053395 1.862453
v 0.242124 0.053395 1.862453
v 0.362575 0.053395 1.840599
v 0.362575 0.053395 1.840599
v 0.384668 0.000000 1.841637
v 0.309239 0.075512 1.838092
v 0.255903 0.053395 1.835586
v 0.255903 0.053395 1.835586
v 0.233810 0.000000 1.834548
v 0.244592 0.069434 1.770347
v 0.244592 0.069434 1.770347
v 0.240702 0.069434 1.829815
v 0.240702 0.069434 1.829815
v 0.383239 0.069434 1.778172
v 0.383239 0.069434 1.778172
v 0.379417 0.069434 1.836333
v 0.379417 0.069434 1.836333
v 0.310059 0.098194 1.833074
v 0.211973 0.000000 1.828465
v 0.408145 0.000000 1.837683
v 0.276644 0.053395 1.276789
v 0.276644 0.053395 1.276789
v 0.260625 0.053395 1.770504
v 0.260625 0.053395 1.770504
v 0.382798 0.053395 1.288425
v 0.382798 0.053395 1.288425
v 0.367246 0.053395 1.776521
v 0.367246 0.053395 1.776521
v 0.313936 0.075512 1.773513
v 0.389328 0.000000 1.777767
v 0.238544 0.000000 1.769258
v 0.313916 0.098194 1.774259
v 0.411954 0.000000 1.779792
v 0.215878 0.000000 1.768727
v 0.329721 0.075512 1.282607
v 0.254659 0.000000 1.274379
v 0.404784 0.000000 1.290835
v 0.268864 0.068350 1.210912
v 0.268864 0.068350 1.210912
v 0.262722 0.068350 1.271023
v 0.262722 0.068350 1.271023
v 0.330663 0.096661 1.278475
v 0.336959 0.096661 1.216813
v 0.405053 0.068350 1.222721
v 0.405053 0.068350 1.222721
v 0.398607 0.068350 1.285919
v 0.398607 0.068350 1.285919
v 0.426751 0.000000 1.289000
v 0.433257 0.000000 1.225171
v 0.234580 0.000000 1.267935
v 0.240658 0.000000 1.208470
v 0.248506 0.053395 1.054302
v 0.248506 0.053395 1.054302
v 0.248506 0.000000 1.032185
v 0.248506 0.000000 1.183209
v 0.248029 -0.068063 1.039634
v 0.248029 -0.068063 1.039634
v 0.248029 -0.096256 1.107697
v 0.248029 -0.068063 1.175760
v 0.248029 -0.068063 1.175760
v 0.200279 -0.068063 1.175760
v 0.200279 -0.068063 1.039634
v 0.248506 -0.053395 1.161092
v 0.248506 -0.053395 1.161092
v 0.248506 -0.075512 1.107697
v 0.358953 -0.053395 1.106058
v 0.358953 -0.053395 1.106058
v 0.277266 -0.053395 1.174842
v 0.277266 -0.053395 1.174842
v 0.391003 -0.053395 1.217273
v 0.391003 -0.053395 1.217273
v 0.337808 -0.075512 1.212661
v 0.284612 -0.053395 1.208048
v 0.284612 -0.053395 1.208048
v 0.173907 -0.068063 1.994123
v 0.173907 -0.068063 1.994123
v 0.173907 -0.096256 1.926060
v 0.173907 -0.068063 1.857997
v 0.173907 -0.068063 1.857997
v 0.117506 -0.068063 1.857997
v 0.117506 -0.068063 1.994123
v 0.173907 -0.053395 1.979455
v 0.173907 -0.053395 1.979455
v 0.173907 -0.075512 1.926060
v 0.173907 -0.053395 1.872665
v 0.173907 -0.053395 1.872665
v 0.215645 -0.053395 1.872665
v 0.215645 -0.053395 1.979455
v 0.317636 -0.053395 1.937965
v 0.317636 -0.053395 1.937965
v 0.242124 -0.053395 1.862453
v 0.242124 -0.053395 1.862453
v 0.362575 -0.053395 1.840599
v 0.362575 -0.053395 1.840599
v 0.309239 -0.075512 1.838092
v 0.255903 -0.053395 1.835586
v 0.255903 -0.053395 1.835586
v 0.244592 -0.069434 1.770347
v 0.244592 -0.069434 1.770347
v 0.240702 -0.069434 1.829815
v 0.240702 -0.069434 1.829815
v 0.383239 -0.069434 1.778172
v 0.383239 -0.069434 1.778172
v 0.379417 -0.069434 1.836333
v 0.379417 -0.069434 1.836333
v 0.310059 -0.098194 1.833074
v 0.276644 -0.053395 1.276789
v 0.276644 -0.053395 1.276789
v 0.260625 -0.053395 1.770504
v 0.260625 -0.053395 1.770504
v 0.382798 -0.053395 1.288425
v 0.382798 -0.053395 1.288425
v 0.367246 -0.053395 1.776521
v 0.367246 -0.053395 1.776521
v 0.313936 -0.075512 1.773513
v 0.313916 -0.098194 1.774259
v 0.329721 -0.075512 1.282607
v 0.268864 -0.068350 1.210912
v 0.268864 -0.068350 1.210912
v 0.262722 -0.068350 1.271023
v 0.262722 -0.068350 1.271023
v 0.330663 -0.096661 1.278475
v 0.336959 -0.096661 1.216813
v 0.405053 -0.068350 1.222721
v 0.405053 -0.068350 1.222721
v 0.398607 -0.068350 1.285919
v 0.398607 -0.068350 1.285919
v 0.248506 -0.053395 1.054302
v 0.248506 -0.053395 1.054302
v 0.147864 0.067392 1.664213
v 0.147864 0.067392 1.664213
v 0.150788 0.031071 1.725382
v 0.150788 0.031071 1.725382
v 0.147864 -0.076994 1.664255
v 0.147864 -0.076994 1.664255
v 0.145062 -0.039295 1.603646
v 0.145062 -0.039295 1.603646
v 0.037844 0.136325 1.642822
v 0.037844 0.136325 1.642822
v 0.037937 0.178855 1.643437
v 0.037937 0.178855 1.643437
v 0.002014 0.187346 1.643318
v 0.072469 0.168233 1.583466
v 0.072469 0.168233 1.583466
v 0.036572 0.173676 1.525315
v 0.036572 0.173676 1.525315
v 0.002014 0.181675 1.525204
v 0.195147 -0.043250 1.726938
v 0.195147 -0.043250 1.726938
v 0.175973 -0.077162 1.664470
v 0.175973 -0.077162 1.664470
v 0.186574 -0.039444 1.603889
v 0.186574 -0.039444 1.603889
v 0.175973 0.067427 1.664570
v 0.175973 0.067427 1.664570
v 0.195147 0.030979 1.726936
v 0.195147 0.030979 1.726936
v 0.002014 -0.187249 1.525232
v 0.036521 -0.179190 1.525355
v 0.036521 -0.179190 1.525355
v 0.072419 -0.175536 1.583485
v 0.072419 -0.175536 1.583485
v 0.037883 -0.187944 1.643484
v 0.037883 -0.187944 1.643484
v 0.002014 -0.196611 1.643342
v 0.036535 0.132898 1.525182
v 0.036535 0.132898 1.525182
v 0.072408 0.134705 1.583383
v 0.072408 0.134705 1.583383
v 0.002014 0.132933 1.525110
v 0.186574 0.031491 1.603884
v 0.186574 0.031491 1.603884
v 0.002014 0.136411 1.642694
v 0.150788 -0.042570 1.725329
v 0.150788 -0.042570 1.725329
v 0.145062 0.031511 1.603669
v 0.145062 0.031511 1.603669
v 0.002014 -0.137746 1.525113
v 0.036483 -0.137678 1.525161
v 0.036483 -0.137678 1.525161
v 0.072355 -0.141277 1.583346
v 0.072355 -0.141277 1.583346
v 0.037788 -0.144502 1.642761
v 0.037788 -0.144502 1.642761
v 0.002014 -0.144668 1.642671
v 0.137603 0.065640 1.421520
v 0.137603 0.065640 1.421520
v 0.139598 0.031930 1.477548
v 0.139598 0.031930 1.477548
v 0.137603 -0.068587 1.421535
v 0.137603 -0.068587 1.421535
v 0.136001 -0.034115 1.366031
v 0.136001 -0.034115 1.366031
v 0.035440 0.130032 1.402374
v 0.035440 0.130032 1.402374
v 0.035457 0.169443 1.402367
v 0.035457 0.169443 1.402367
v 0.002014 0.177125 1.402294
v 0.068142 0.160511 1.346970
v 0.068142 0.160511 1.346970
v 0.034799 0.166944 1.291750
v 0.034799 0.166944 1.291750
v 0.002014 0.174448 1.291720
v 0.179338 -0.036231 1.477568
v 0.179338 -0.036231 1.477568
v 0.163546 -0.068614 1.421541
v 0.163546 -0.068614 1.421541
v 0.174635 -0.034143 1.366005
v 0.174635 -0.034143 1.366005
v 0.163546 0.065646 1.421566
v 0.163546 0.065646 1.421566
v 0.179338 0.031922 1.477564
v 0.179338 0.031922 1.477564
v 0.002014 -0.175320 1.291720
v 0.034750 -0.167814 1.291750
v 0.034750 -0.167814 1.291750
v 0.068095 -0.162146 1.346975
v 0.068095 -0.162146 1.346975
v 0.035407 -0.172036 1.402371
v 0.035407 -0.172036 1.402371
v 0.002014 -0.179738 1.402310
v 0.034792 0.128333 1.291790
v 0.034792 0.128333 1.291790
v 0.068130 0.129102 1.346986
v 0.068130 0.129102 1.346986
v 0.002014 0.128339 1.291775
v 0.174635 0.032203 1.366003
v 0.174635 0.032203 1.366003
v 0.002014 0.130047 1.402332
v 0.139598 -0.036172 1.477537
v 0.139598 -0.036172 1.477537
v 0.136001 0.032206 1.366034
v 0.136001 0.032206 1.366034
v 0.002014 -0.128596 1.291777
v 0.034743 -0.128583 1.291791
v 0.034743 -0.128583 1.291791
v 0.068083 -0.130115 1.346985
v 0.068083 -0.130115 1.346985
v 0.035390 -0.131968 1.402370
v 0.035390 -0.131968 1.402370
v 0.002014 -0.131998 1.402339
v 0.129274 -0.108264 1.769344
v 0.072637 -0.153428 1.769344
v 0.160705 -0.037274 1.769344
v 0.129274 0.094708 1.769344
v 0.160705 0.023718 1.769344
v 0.002014 0.155991 1.769344
v 0.072637 0.139872 1.769344
v 0.002014 -0.169546 1.769344
v 0.088796 -0.186620 1.756057
v 0.088796 -0.186620 1.756057
v 0.086364 -0.182863 1.763085
v 0.086364 -0.182863 1.763085
v 0.150504 -0.125195 1.763086
v 0.157600 -0.130432 1.737873
v 0.187177 -0.042361 1.763086
v 0.196883 -0.044021 1.749845
v 0.187177 0.028805 1.763086
v 0.150504 0.111639 1.763086
v 0.157534 0.117687 1.736716
v 0.196883 0.030876 1.749844
v 0.084421 0.164342 1.763085
v 0.002014 0.177972 1.764279
v 0.002014 0.193333 1.741643
v 0.088778 0.173474 1.749832
v 0.002014 -0.196707 1.763085
v 0.002014 -0.206497 1.749857
v -0.143836 0.067392 1.664213
v -0.143836 0.067392 1.664213
v -0.146760 0.031071 1.725382
v -0.146760 0.031071 1.725382
v -0.143836 -0.076994 1.664255
v -0.143836 -0.076994 1.664255
v -0.141033 -0.039295 1.603646
v -0.141033 -0.039295 1.603646
v -0.033815 0.136325 1.642822
v -0.033815 0.136325 1.642822
v -0.033908 0.178855 1.643437
v -0.033908 0.178855 1.643437
v -0.068441 0.168233 1.583466
v -0.068441 0.168233 1.583466
v -0.032544 0.173676 1.525315
v -0.032544 0.173676 1.525315
v -0.191118 -0.043250 1.726938
v -0.191118 -0.043250 1.726938
v -0.171944 -0.077162 1.664470
v -0.171944 -0.077162 1.664470
v -0.182546 -0.039444 1.603889
v -0.182546 -0.039444 1.603889
v -0.171944 0.067427 1.664570
v -0.171944 0.067427 1.664570
v -0.191118 0.030979 1.726936
v -0.191118 0.030979 1.726936
v -0.032492 -0.179190 1.525355
v -0.032492 -0.179190 1.525355
v -0.068391 -0.175536 1.583485
v -0.068391 -0.175536 1.583485
v -0.033855 -0.187944 1.643484
v -0.033855 -0.187944 1.643484
v -0.032507 0.132898 1.525182
v -0.032507 0.132898 1.525182
v -0.068379 0.134705 1.583383
v -0.068379 0.134705 1.583383
v -0.182546 0.031491 1.603884
v -0.182546 0.031491 1.603884
v -0.146760 -0.042570 1.725329
v -0.146760 -0.042570 1.725329
v -0.141033 0.031511 1.603669
v -0.141033 0.031511 1.603669
v -0.032454 -0.137678 1.525161
v -0.032454 -0.137678 1.525161
v -0.068327 -0.141277 1.583346
v -0.068327 -0.141277 1.583346
v -0.033760 -0.144502 1.642761
v -0.033760 -0.144502 1.642761
v -0.133574 0.065640 1.421520
v -0.133574 0.065640 1.421520
v -0.135570 0.031930 1.477548
v -0.135570 0.031930 1.477548
v -0.133574 -0.068587 1.421535
v -0.133574 -0.068587 1.421535
v -0.131973 -0.034115 1.366031
v -0.131973 -0.034115 1.366031
v -0.031412 0.130032 1.402374
v -0.031412 0.130032 1.402374
v -0.031429 0.169443 1.402367
v -0.031429 0.169443 1.402367
v -0.064114 0.160511 1.346970
v -0.064114 0.160511 1.346970
v -0.030770 0.166944 1.291750
v -0.030770 0.166944 1.291750
v -0.175309 -0.036231 1.477568
v -0.175309 -0.036231 1.477568
v -0.159518 -0.068614 1.421541
v -0.159518 -0.068614 1.421541
v -0.170607 -0.034143 1.366005
v -0.170607 -0.034143 1.366005
v -0.159518 0.065646 1.421566
v -0.159518 0.065646 1.421566
v -0.175309 0.031922 1.477564
v -0.175309 0.031922 1.477564
v -0.030722 -0.167814 1.291750
v -0.030722 -0.167814 1.291750
v -0.064067 -0.162146 1.346975
v -0.064067 -0.162146 1.346975
v -0.031379 -0.172036 1.402371
v -0.031379 -0.172036 1.402371
v -0.030763 0.128333 1.291790
v -0.030763 0.128333 1.291790
v -0.064102 0.129102 1.346986
v -0.064102 0.129102 1.346986
v -0.170607 0.032203 1.366003
v -0.170607 0.032203 1.366003
v -0.135570 -0.036172 1.477537
v -0.135570 -0.036172 1.477537
v -0.131973 0.032206 1.366034
v -0.131973 0.032206 1.366034
v -0.030714 -0.128583 1.291791
v -0.030714 -0.128583 1.291791
v -0.064055 -0.130115 1.346985
v -0.064055 -0.130115 1.346985
v -0.031362 -0.131968 1.402370
v -0.031362 -0.131968 1.402370
v -0.125245 -0.108264 1.769344
v -0.068609 -0.153428 1.769344
v -0.156676 -0.037274 1.769344
v -0.125245 0.094708 1.769344
v -0.156676 0.023718 1.769344
v -0.068609 0.139872 1.769344
v -0.084768 -0.186620 1.756057
v -0.084768 -0.186620 1.756057
v -0.082336 -0.182863 1.763085
v -0.082336 -0.182863 1.763085
v -0.146476 -0.125195 1.763086
v -0.153572 -0.130432 1.737873
v -0.183149 -0.042361 1.763086
v -0.192855 -0.044021 1.749845
v -0.183149 0.028805 1.763086
v -0.146476 0.111639 1.763086
v -0.153506 0.117687 1.736716
v -0.192855 0.030876 1.749844
v -0.080393 0.164342 1.763085
v -0.084750 0.173474 1.749832
v -0.253417 0.146820 1.061082
v -0.253417 0.146820 1.061082
v -0.203647 0.197007 1.020274
v -0.203647 0.197007 1.020274
v -0.253417 0.146820 1.142698
v -0.253417 0.146820 1.142698
v -0.203647 0.197007 1.183505
v -0.203647 0.197007 1.183505
v -0.153876 0.247194 1.142698
v -0.153876 0.247194 1.142698
v -0.153876 0.247194 1.061082
v -0.153876 0.247194 1.061082
v -0.109928 0.193080 1.138381
v -0.109928 0.193080 1.065399
v -0.198939 0.103324 1.138381
v -0.154433 0.148202 1.174872
v -0.154433 0.148202 1.028908
v -0.198939 0.103324 1.065399
v -0.227607 0.172846 1.082244
v -0.227607 0.172846 1.082244
v -0.203647 0.197007 1.062598
v -0.203647 0.197007 1.062598
v -0.227607 0.172846 1.121536
v -0.227607 0.172846 1.121536
v -0.203647 0.197007 1.141182
v -0.203647 0.197007 1.141182
v -0.179686 0.221168 1.121536
v -0.179686 0.221168 1.121536
v -0.179686 0.221168 1.082244
v -0.179686 0.221168 1.082244
v -0.209712 0.255067 1.113385
v -0.205155 0.246842 1.075235
v -0.269241 0.222086 1.113385
v -0.241755 0.242689 1.132460
v -0.232641 0.226239 1.056160
v -0.264685 0.213861 1.075235
v -0.297158 0.263821 1.046459
v -0.297158 0.263821 1.046459
v -0.257879 0.271792 1.027981
v -0.257879 0.271792 1.027981
v -0.308850 0.284925 1.083414
v -0.308850 0.284925 1.083414
v -0.281263 0.313999 1.101892
v -0.281263 0.313999 1.101892
v -0.241985 0.321970 1.083414
v -0.241985 0.321970 1.083414
v -0.230293 0.300867 1.046459
v -0.230293 0.300867 1.046459
v -0.108660 0.227894 2.170913
v -0.108647 0.227903 2.189042
v -0.108647 0.227903 2.189042
v -0.140468 0.269664 2.189064
v -0.140468 0.269664 2.189064
v -0.173330 0.247696 2.188971
v -0.173330 0.247696 2.188971
v -0.126785 0.246625 2.189046
v -0.126785 0.246625 2.189046
v -0.127540 0.200408 2.170913
v -0.127527 0.200417 2.188963
v -0.127527 0.200417 2.188963
v -0.127527 0.200417 2.188963
v -0.123753 0.158557 2.188895
v -0.123753 0.158557 2.188895
v -0.173343 0.247687 2.170913
v -0.072475 0.225066 2.170913
v -0.072462 0.225075 2.189097
v -0.072462 0.225075 2.189097
v -0.135202 0.312509 2.189149
v -0.135202 0.312509 2.189149
v -0.215257 0.253012 2.188911
v -0.118760 0.272865 2.189106
v -0.118760 0.272865 2.189106
v -0.105235 0.153095 2.238864
v -0.105235 0.153095 2.238864
v -0.088017 0.135302 2.238864
v -0.052430 0.154941 2.170913
v -0.077042 0.180376 2.170913
v -0.077042 0.180376 2.170913
v -0.133425 0.125811 2.212137
v -0.133425 0.125811 2.212137
v -0.116032 0.142662 2.204274
v -0.116032 0.142662 2.204274
v -0.224741 0.254875 2.204294
v -0.224741 0.254875 2.204294
v -0.104261 0.154070 2.170913
v -0.104261 0.154070 2.170913
v -0.212970 0.266284 2.170913
v -0.212970 0.266284 2.170913
v -0.242068 0.238088 2.212156
v -0.242068 0.238088 2.212156
v -0.118773 0.272856 2.170913
v -0.135214 0.312500 2.170913
v -0.126798 0.246616 2.170913
v -0.140481 0.269655 2.170913
v -0.133429 0.125814 2.238864
v -0.236267 0.104417 2.170913
v -0.236277 0.104404 2.189042
v -0.236277 0.104404 2.189042
v -0.276969 0.137582 2.189064
v -0.276969 0.137582 2.189064
v -0.253931 0.169703 2.188971
v -0.253931 0.169703 2.188971
v -0.254393 0.123149 2.189046
v -0.254393 0.123149 2.189046
v -0.208175 0.122383 2.170913
v -0.208185 0.122370 2.188963
v -0.208185 0.122370 2.188963
v -0.208185 0.122370 2.188963
v -0.166472 0.117221 2.188895
v -0.166472 0.117221 2.188895
v -0.253922 0.169716 2.170913
v -0.234632 0.068159 2.170913
v -0.234641 0.068146 2.189097
v -0.234641 0.068146 2.189097
v -0.319964 0.133728 2.189149
v -0.319964 0.133728 2.189149
v -0.257865 0.211783 2.188911
v -0.280883 0.115991 2.189106
v -0.280883 0.115991 2.189106
v -0.161622 0.098533 2.238864
v -0.161622 0.098533 2.238864
v -0.144405 0.080740 2.238864
v -0.165204 0.045817 2.170913
v -0.189816 0.071253 2.170913
v -0.189816 0.071253 2.170913
v -0.150839 0.108982 2.204274
v -0.150839 0.108982 2.204274
v -0.259416 0.221323 2.204294
v -0.259416 0.221323 2.204294
v -0.162629 0.097592 2.170913
v -0.162629 0.097592 2.170913
v -0.271206 0.209933 2.170913
v -0.271206 0.209933 2.170913
v -0.280873 0.116004 2.170913
v -0.319955 0.133740 2.170913
v -0.254383 0.123161 2.170913
v -0.276960 0.137594 2.170913
v -0.108647 0.227903 2.152784
v -0.108647 0.227903 2.152784
v -0.140468 0.269664 2.152762
v -0.140468 0.269664 2.152762
v -0.173330 0.247696 2.152855
v -0.173330 0.247696 2.152855
v -0.126785 0.246625 2.152780
v -0.126785 0.246625 2.152780
v -0.127527 0.200417 2.152863
v -0.127527 0.200417 2.152863
v -0.127527 0.200417 2.152863
v -0.123753 0.158557 2.152931
v -0.123753 0.158557 2.152931
v -0.072462 0.225075 2.152729
v -0.072462 0.225075 2.152729
v -0.135202 0.312509 2.152677
v -0.135202 0.312509 2.152677
v -0.215257 0.253012 2.152915
v -0.118760 0.272865 2.152720
v -0.118760 0.272865 2.152720
v -0.105235 0.153095 2.102962
v -0.105235 0.153095 2.102962
v -0.088017 0.135302 2.102962
v -0.133425 0.125811 2.129689
v -0.133425 0.125811 2.129689
v -0.116032 0.142662 2.137552
v -0.116032 0.142662 2.137552
v -0.224741 0.254875 2.137532
v -0.224741 0.254875 2.137532
v -0.242068 0.238088 2.129670
v -0.242068 0.238088 2.129670
v -0.133429 0.125814 2.102962
v -0.236277 0.104404 2.152784
v -0.236277 0.104404 2.152784
v -0.276969 0.137582 2.152762
v -0.276969 0.137582 2.152762
v -0.253931 0.169703 2.152855
v -0.253931 0.169703 2.152855
v -0.254393 0.123149 2.152780
v -0.254393 0.123149 2.152780
v -0.208185 0.122370 2.152863
v -0.208185 0.122370 2.152863
v -0.208185 0.122370 2.152863
v -0.166472 0.117221 2.152931
v -0.166472 0.117221 2.152931
v -0.234641 0.068146 2.152729
v -0.234641 0.068146 2.152729
v -0.319964 0.133728 2.152677
v -0.319964 0.133728 2.152677
v -0.257865 0.211783 2.152915
v -0.280883 0.115991 2.152720
v -0.280883 0.115991 2.152720
v -0.161622 0.098533 2.102962
v -0.161622 0.098533 2.102962
v -0.144405 0.080740 2.102962
v -0.150839 0.108982 2.137552
v -0.150839 0.108982 2.137552
v -0.259416 0.221323 2.137532
v -0.259416 0.221323 2.137532
v 0.002138 0.192122 2.993552
v 0.002138 0.192122 2.993552
v 0.043976 0.191893 3.017762
v 0.043976 0.191893 3.017762
v -0.039747 0.192348 3.017681
v -0.039747 0.192348 3.017681
v -0.039794 0.192345 3.066020
v -0.039794 0.192345 3.066020
v 0.002044 0.192116 3.090229
v 0.002044 0.192116 3.090229
v 0.043929 0.191890 3.066101
v 0.043929 0.191890 3.066101
v 0.001809 0.148968 3.090227
v 0.043695 0.148742 3.066098
v -0.039982 0.149201 3.017678
v -0.040029 0.149198 3.066017
v 0.043742 0.148745 3.017759
v 0.001903 0.148974 2.993549
v 0.174350 -0.106588 2.993552
v 0.174350 -0.106588 2.993552
v 0.153232 -0.142706 3.017762
v 0.153232 -0.142706 3.017762
v 0.195489 -0.070427 3.017681
v 0.195489 -0.070427 3.017681
v 0.195510 -0.070385 3.066020
v 0.195510 -0.070385 3.066020
v 0.174392 -0.106503 3.090229
v 0.174392 -0.106503 3.090229
v 0.153253 -0.142664 3.066101
v 0.153253 -0.142664 3.066101
v 0.137143 -0.084726 3.090227
v 0.116004 -0.120887 3.066098
v 0.158240 -0.048650 3.017678
v 0.158260 -0.048608 3.066017
v 0.115983 -0.120929 3.017759
v 0.137101 -0.084810 2.993549
v -0.170446 -0.106373 2.993552
v -0.170446 -0.106373 2.993552
v -0.191166 -0.070025 3.017762
v -0.191166 -0.070025 3.017762
v -0.149699 -0.142760 3.017681
v -0.149699 -0.142760 3.017681
v -0.149673 -0.142799 3.066020
v -0.149673 -0.142799 3.066020
v -0.170394 -0.106451 3.090229
v -0.170394 -0.106451 3.090229
v -0.191140 -0.070064 3.066101
v -0.191140 -0.070064 3.066101
v -0.132909 -0.085081 3.090227
v -0.153656 -0.048694 3.066098
v -0.112215 -0.121390 3.017678
v -0.112189 -0.121429 3.066017
v -0.153682 -0.048655 3.017759
v -0.132962 -0.085003 2.993549
vn 0.9588 -0.0638 -0.2770
vn 0.9388 -0.0669 -0.3379
vn 0.6438 0.7645 -0.0324
vn 0.6367 0.7586 -0.1384
vn 0.8315 -0.5030 -0.2357
vn 0.5915 -0.7990 -0.1084
vn 0.6583 -0.7372 0.1524
vn 0.6545 -0.7290 0.2005
vn 0.6545 -0.7291 0.1999
vn 0.6753 0.7365 0.0388
vn 0.7990 0.5798 0.1595
vn 0.7991 0.5797 0.1595
vn 0.4207 -0.8790 0.2246
vn 0.8620 -0.4377 -0.2556
vn 0.6495 -0.7197 0.2454
vn 0.3189 0.9186 -0.2334
vn 0.3072 0.9265 -0.2175
vn 0.3084 0.9277 -0.2105
vn 0.6310 -0.7112 -0.3099
vn 0.6588 -0.7255 -0.1990
vn 0.6287 -0.7131 -0.3102
vn 0.3096 0.9484 -0.0685
vn 0.6585 -0.7244 -0.2042
vn 0.6878 -0.7234 -0.0591
vn 0.3108 0.9481 0.0671
vn 0.7045 -0.7074 0.0574
vn 0.3186 0.9225 0.2178
vn 0.6998 -0.6859 0.1993
vn 0.6828 -0.6812 0.2641
vn 0.3193 0.9126 0.2553
vn 0.3191 0.9127 0.2551
vn 0.9842 -0.0578 -0.1676
vn 0.9587 -0.0638 -0.2770
vn 0.0008 1.0000 -0.0038
vn 0.0009 1.0000 -0.0037
vn 0.0010 1.0000 -0.0036
vn 0.9224 0.3266 0.2063
vn 0.6864 0.7196 0.1051
vn 0.6863 0.7197 0.1050
vn 0.5674 0.8126 0.1328
vn 0.9363 -0.3429 -0.0763
vn 0.9362 -0.3430 -0.0763
vn 0.9259 -0.3762 -0.0334
vn 0.8477 0.4717 -0.2426
vn 0.8602 0.4772 -0.1801
vn 0.0032 -0.9589 -0.2836
vn -0.0000 -0.9822 -0.1879
vn -0.0000 -0.9590 -0.2836
vn 0.9951 0.0570 -0.0812
vn 0.9988 0.0444 -0.0228
vn 0.0011 -0.9822 -0.1878
vn -0.0000 -0.9994 -0.0352
vn 0.9993 0.0285 0.0242
vn 0.0158 -0.9993 -0.0352
vn -0.0000 -0.9993 0.0382
vn 0.9993 0.0285 0.0241
vn 0.9919 -0.0158 0.1257
vn 0.0217 -0.9990 0.0382
vn -0.0000 -0.9856 0.1688
vn 0.8595 0.4521 0.2385
vn 0.8620 0.4264 0.2742
vn 0.8631 0.4633 0.2010
vn 0.9640 -0.1979 -0.1777
vn 0.9616 -0.2069 -0.1802
vn 0.9553 -0.2502 -0.1574
vn 0.9632 -0.2588 -0.0729
vn 0.9632 -0.2588 -0.0730
vn 0.9638 -0.2576 0.0690
vn 0.9538 -0.2428 0.1771
vn 0.9629 -0.2108 0.1686
vn 0.9619 -0.2246 0.1559
vn 0.8838 0.4635 -0.0633
vn 0.8824 0.4685 0.0433
vn 0.7498 0.6444 0.1503
vn 0.6374 0.7608 0.1219
vn 0.8814 0.4495 -0.1456
vn 0.8789 0.4503 -0.1575
vn -0.1682 -0.9821 -0.0847
vn -0.2209 -0.9740 -0.0499
vn 0.8822 0.4689 0.0433
vn -0.0000 0.1476 -0.9890
vn 0.0066 0.1476 -0.9890
vn -0.0012 0.1636 -0.9865
vn -0.6551 0.7510 0.0825
vn -0.6653 0.7438 0.0651
vn -0.5230 -0.8046 -0.2811
vn -0.6407 -0.7098 -0.2928
vn -0.6434 -0.7064 -0.2950
vn -0.3353 -0.9418 0.0224
vn -0.9860 0.1652 0.0245
vn -0.9859 0.1652 0.0245
vn -0.9860 0.1651 0.0244
vn 0.4062 -0.8978 -0.1702
vn 0.3491 -0.9134 -0.2091
vn -0.8690 -0.4901 0.0680
vn -0.1894 0.0359 0.9812
vn 0.0043 -0.0070 1.0000
vn 0.9914 -0.0414 0.1242
vn 0.9989 -0.0136 0.0457
vn -0.9851 0.1706 0.0206
vn -0.9851 0.1706 0.0207
vn 0.0344 0.9979 0.0551
vn -0.1320 0.9905 0.0375
vn -0.5396 0.8278 0.1535
vn -0.5397 0.8278 0.1535
vn -0.6775 0.7164 0.1665
vn -0.9272 0.3515 0.1295
vn -0.9459 0.3209 0.0475
vn -0.3364 -0.9408 -0.0419
vn -0.6759 0.7283 0.1125
vn -0.0000 -0.0000 -1.0000
vn -0.0000 -0.0000 1.0000
vn 0.8790 -0.4617 0.1194
vn 0.8633 -0.4919 0.1133
vn -0.0937 -0.2098 0.9733
vn -0.0937 -0.2098 0.9732
vn -0.9184 0.3693 -0.1419
vn -0.9184 0.3692 -0.1419
vn -0.9513 0.2784 -0.1326
vn -0.0740 -0.2093 -0.9750
vn -0.0740 -0.2094 -0.9750
vn 0.9499 -0.2993 -0.0906
vn 0.9499 -0.2992 -0.0906
vn -0.8624 0.4916 -0.1208
vn 0.9049 -0.4167 0.0870
vn 0.9444 -0.3269 -0.0364
vn 0.9297 -0.3680 0.0155
vn 0.9297 -0.3680 0.0156
vn -0.8890 0.4420 0.1197
vn -0.8889 0.4421 0.1197
vn -0.8337 0.5513 0.0317
vn -0.8314 0.5548 -0.0323
vn -0.8315 0.5546 -0.0323
vn -0.8337 0.5512 0.0320
vn -0.5041 0.8550 -0.1215
vn -0.5041 0.8550 -0.1216
vn -0.5599 0.8240 -0.0868
vn -0.2229 -0.1260 -0.9667
vn -0.3606 0.9269 -0.1039
vn 0.4101 -0.8952 0.1746
vn 0.3406 -0.9202 0.1930
vn 0.4915 -0.8653 -0.0987
vn 0.5053 -0.8542 0.1230
vn 0.6403 -0.7678 0.0220
vn 0.5053 -0.8541 0.1230
vn -0.3846 0.9146 0.1253
vn -0.3845 0.9146 0.1253
vn -0.1531 0.9878 0.0298
vn -0.1685 0.9853 -0.0293
vn 0.6154 -0.7880 -0.0187
vn 0.6154 -0.7880 -0.0188
vn -0.3607 0.9269 -0.1039
vn -0.2462 -0.9638 0.1024
vn -0.2460 -0.9638 0.1024
vn -0.2969 -0.9544 0.0308
vn -0.3154 0.0640 0.9468
vn -0.0367 0.9989 -0.0287
vn -0.0367 0.9989 -0.0286
vn -0.0531 0.9986 -0.0011
vn -0.2761 0.0462 -0.9600
vn -0.2766 0.0466 -0.9598
vn -0.2762 0.0463 -0.9600
vn 0.2255 0.9735 0.0369
vn 0.1766 0.9812 0.0781
vn 0.1720 0.9849 -0.0186
vn 0.0589 0.9973 -0.0443
vn 0.0538 -0.9980 0.0334
vn -0.0982 -0.9890 0.1106
vn 0.1719 0.9849 -0.0185
vn 0.0719 -0.9968 -0.0359
vn -0.0151 -0.9952 -0.0971
vn 0.0718 -0.9968 -0.0359
vn 0.0537 -0.9980 0.0334
vn -0.0150 -0.9952 -0.0971
vn -0.5974 -0.7693 0.2265
vn -0.7347 -0.6437 0.2141
vn -0.1364 0.1432 0.9803
vn -0.1364 0.1432 0.9802
vn 0.7983 0.5478 -0.2502
vn 0.7984 0.5477 -0.2502
vn 0.7003 0.6604 -0.2710
vn 0.0491 0.2272 -0.9726
vn 0.8543 0.5187 -0.0346
vn 0.8562 0.5161 0.0251
vn -0.3911 -0.9192 0.0459
vn -0.4043 -0.9137 -0.0414
vn 0.7958 0.5998 0.0832
vn 0.8468 0.5094 -0.1535
vn 0.8468 0.5093 -0.1535
vn -0.4043 -0.9137 -0.0415
vn -0.3953 -0.9046 -0.1592
vn -0.4647 -0.8681 0.1744
vn 0.7958 0.5999 0.0832
vn -0.4646 -0.8682 0.1744
vn -0.0028 0.1556 0.9878
vn -0.0024 0.1561 0.9877
vn -0.0028 0.1557 0.9878
vn -0.0000 0.1350 -0.9908
vn 0.9446 -0.3265 0.0335
vn 0.9570 -0.2895 -0.0194
vn 0.9570 -0.2894 -0.0194
vn 0.9755 -0.1830 0.1223
vn 0.9754 -0.1831 0.1223
vn 0.9965 0.0124 -0.0832
vn 0.9884 -0.1368 -0.0664
vn 0.9965 0.0124 -0.0831
vn -0.8900 0.2155 0.4018
vn -0.8743 0.1654 0.4563
vn -0.8743 0.1654 0.4564
vn -0.8355 0.0772 0.5440
vn 0.0326 -0.9732 0.2278
vn -0.0000 -0.9455 0.3256
vn -0.0158 -0.9514 0.3076
vn 0.0038 -0.9776 0.2105
vn 0.8581 0.4723 0.2014
vn 0.8470 0.4739 0.2410
vn 0.8148 0.5028 0.2887
vn -0.8705 -0.4921 0.0046
vn -0.8734 -0.4862 0.0276
vn -0.8706 -0.4920 0.0045
vn -0.8724 -0.4882 0.0225
vn -0.8724 -0.4882 0.0224
vn -0.2142 -0.1211 0.9693
vn -0.2149 -0.1210 0.9691
vn -0.2144 -0.1211 0.9692
vn 0.4749 -0.8080 0.3487
vn 0.4777 -0.7778 0.4085
vn 0.4667 -0.8464 0.2566
vn -0.6080 0.7345 0.3014
vn -0.6424 0.7364 0.2122
vn -0.2655 -0.1974 0.9437
vn -0.6617 0.7340 0.1529
vn 0.5623 0.8253 -0.0511
vn 0.6646 0.7472 0.0074
vn 0.6647 0.7471 0.0075
vn 0.9791 -0.1883 -0.0766
vn 0.9658 -0.1745 -0.1918
vn 0.7498 -0.6614 0.0194
vn 0.7752 -0.6308 0.0335
vn 0.9803 -0.1794 0.0831
vn 0.9802 -0.1794 0.0832
vn 0.9740 -0.1576 0.1626
vn 0.9632 -0.1675 -0.2102
vn 0.9645 -0.1573 -0.2123
vn 0.9697 -0.1952 0.1472
vn 0.3050 0.9304 -0.2033
vn 0.6478 -0.6970 -0.3075
vn -0.3842 -0.0902 -0.9188
vn -0.3829 -0.0906 -0.9193
vn -0.3830 -0.0905 -0.9193
vn -0.6470 0.7564 0.0961
vn -0.3721 -0.0925 -0.9236
vn -0.2838 0.0470 -0.9577
vn -0.2836 0.0471 -0.9578
vn -0.2631 -0.9113 -0.3166
vn -0.2632 -0.9113 -0.3166
vn -0.1829 -0.9090 -0.3746
vn -0.9865 0.1623 0.0219
vn -0.9865 0.1625 0.0217
vn -0.3216 -0.9072 -0.2711
vn 0.0651 0.9206 -0.3851
vn 0.0356 0.9312 -0.3626
vn 0.0864 0.9120 -0.4009
vn 0.8674 0.4956 -0.0437
vn 0.8674 0.4956 -0.0436
vn 0.8674 0.4942 0.0585
vn 0.8676 0.4938 0.0585
vn 0.7308 -0.6826 0.0023
vn 0.6936 -0.7192 -0.0403
vn 0.7132 0.7002 0.0312
vn 0.7133 0.7002 0.0312
vn 0.7729 0.6323 0.0531
vn -0.0000 0.9971 0.0766
vn 0.0039 0.9971 0.0757
vn -0.0000 0.9971 0.0764
vn -0.4395 -0.8795 -0.1827
vn -0.8658 -0.4999 -0.0245
vn -0.8658 -0.4998 -0.0246
vn -0.2048 -0.1156 0.9720
vn -0.2048 -0.1155 0.9720
vn -0.2048 -0.1157 0.9719
vn -0.9388 -0.0669 -0.3379
vn -0.9588 -0.0638 -0.2770
vn -0.6438 0.7645 -0.0324
vn -0.6437 0.7646 -0.0324
vn -0.6367 0.7586 -0.1384
vn -0.8315 -0.5030 -0.2357
vn -0.5915 -0.7990 -0.1084
vn -0.6583 -0.7372 0.1524
vn -0.6545 -0.7291 0.2000
vn -0.6545 -0.7290 0.2005
vn -0.7990 0.5798 0.1595
vn -0.6753 0.7365 0.0388
vn -0.7991 0.5797 0.1595
vn -0.4207 -0.8790 0.2246
vn -0.8620 -0.4377 -0.2556
vn -0.8621 -0.4378 -0.2552
vn -0.6495 -0.7197 0.2454
vn -0.3189 0.9186 -0.2334
vn -0.3083 0.9277 -0.2106
vn -0.3072 0.9265 -0.2175
vn -0.6588 -0.7255 -0.1990
vn -0.6310 -0.7112 -0.3099
vn -0.6287 -0.7131 -0.3102
vn -0.3096 0.9484 -0.0685
vn -0.3051 0.9304 -0.2034
vn -0.6878 -0.7234 -0.0591
vn -0.6585 -0.7244 -0.2042
vn -0.3108 0.9481 0.0671
vn -0.7045 -0.7074 0.0574
vn -0.6878 -0.7235 -0.0591
vn -0.3187 0.9225 0.2179
vn -0.6998 -0.6859 0.1993
vn -0.6828 -0.6812 0.2641
vn -0.3193 0.9126 0.2553
vn -0.3187 0.9225 0.2178
vn -0.9587 -0.0638 -0.2770
vn -0.9842 -0.0578 -0.1676
vn -0.0008 1.0000 -0.0038
vn -0.0009 1.0000 -0.0037
vn -0.0010 1.0000 -0.0036
vn -0.9224 0.3266 0.2063
vn -0.6864 0.7196 0.1051
vn -0.5674 0.8126 0.1328
vn -0.6863 0.7197 0.1050
vn -0.9363 -0.3429 -0.0763
vn -0.9259 -0.3762 -0.0334
vn -0.9362 -0.3430 -0.0763
vn -0.8477 0.4717 -0.2426
vn -0.8602 0.4772 -0.1801
vn -0.8478 0.4717 -0.2425
vn -0.0033 -0.9590 -0.2836
vn -0.9951 0.0570 -0.0812
vn -0.9988 0.0444 -0.0228
vn -0.0011 -0.9822 -0.1879
vn -0.9993 0.0285 0.0242
vn -0.0158 -0.9993 -0.0352
vn -0.9919 -0.0158 0.1257
vn -0.9993 0.0285 0.0241
vn -0.0217 -0.9990 0.0382
vn -0.8620 0.4264 0.2742
vn -0.8595 0.4521 0.2385
vn -0.8631 0.4633 0.2010
vn -0.9640 -0.1979 -0.1777
vn -0.9553 -0.2502 -0.1574
vn -0.9616 -0.2069 -0.1802
vn -0.9632 -0.2588 -0.0729
vn -0.9632 -0.2588 -0.0730
vn -0.9638 -0.2576 0.0690
vn -0.9538 -0.2428 0.1771
vn -0.9618 -0.2252 0.1555
vn -0.9629 -0.2108 0.1686
vn -0.8838 0.4635 -0.0633
vn -0.8822 0.4689 0.0433
vn -0.8819 0.4695 0.0433
vn -0.7497 0.6445 0.1503
vn -0.6374 0.7608 0.1219
vn -0.8814 0.4495 -0.1456
vn -0.8789 0.4503 -0.1575
vn 0.1682 -0.9821 -0.0847
vn 0.2209 -0.9740 -0.0499
vn -0.7498 0.6444 0.1503
vn 0.0012 0.1636 -0.9865
vn -0.0066 0.1476 -0.9890
vn 0.6551 0.7510 0.0825
vn 0.6653 0.7438 0.0651
vn 0.5230 -0.8046 -0.2811
vn 0.6434 -0.7064 -0.2950
vn 0.6408 -0.7097 -0.2928
vn 0.3353 -0.9418 0.0224
vn 0.9860 0.1652 0.0245
vn 0.9859 0.1652 0.0245
vn 0.9860 0.1650 0.0243
vn -0.4062 -0.8978 -0.1702
vn -0.3491 -0.9134 -0.2091
vn 0.8690 -0.4901 0.0680
vn 0.1894 0.0359 0.9812
vn -0.0043 -0.0070 1.0000
vn -0.9914 -0.0414 0.1242
vn -0.9989 -0.0136 0.0457
vn 0.9851 0.1706 0.0207
vn 0.9851 0.1706 0.0206
vn -0.0344 0.9979 0.0551
vn 0.1320 0.9905 0.0375
vn 0.5396 0.8278 0.1535
vn 0.6775 0.7164 0.1665
vn 0.5397 0.8278 0.1535
vn 0.9272 0.3515 0.1295
vn 0.9459 0.3209 0.0475
vn 0.9272 0.3515 0.1296
vn 0.3364 -0.9408 -0.0419
vn 0.6759 0.7283 0.1125
vn -0.8789 -0.4617 0.1194
vn -0.8633 -0.4919 0.1133
vn -0.8790 -0.4617 0.1194
vn 0.0937 -0.2098 0.9732
vn 0.0937 -0.2098 0.9733
vn 0.9184 0.3693 -0.1419
vn 0.9513 0.2784 -0.1326
vn 0.0740 -0.2093 -0.9750
vn 0.0740 -0.2094 -0.9750
vn -0.9499 -0.2993 -0.0906
vn 0.8624 0.4916 -0.1208
vn -0.9049 -0.4167 0.0870
vn -0.9297 -0.3680 0.0155
vn -0.9444 -0.3269 -0.0364
vn -0.9297 -0.3680 0.0156
vn 0.8890 0.4420 0.1197
vn 0.8314 0.5548 -0.0323
vn 0.8337 0.5513 0.0317
vn 0.8337 0.5512 0.0319
vn 0.5041 0.8550 -0.1215
vn 0.5599 0.8240 -0.0868
vn 0.5041 0.8550 -0.1216
vn 0.2229 -0.1260 -0.9667
vn 0.3606 0.9269 -0.1039
vn 0.3607 0.9269 -0.1039
vn -0.4102 -0.8951 0.1746
vn -0.3406 -0.9202 0.1930
vn -0.4101 -0.8952 0.1746
vn -0.4915 -0.8653 -0.0987
vn -0.5053 -0.8542 0.1230
vn -0.6403 -0.7678 0.0220
vn 0.3845 0.9146 0.1253
vn 0.1685 0.9853 -0.0293
vn 0.1531 0.9878 0.0298
vn -0.6154 -0.7880 -0.0187
vn -0.6154 -0.7880 -0.0188
vn -0.5053 -0.8541 0.1230
vn 0.2462 -0.9638 0.1024
vn 0.2969 -0.9544 0.0308
vn 0.2460 -0.9638 0.1024
vn 0.3154 0.0640 0.9468
vn 0.0367 0.9989 -0.0286
vn 0.0531 0.9986 -0.0011
vn 0.2761 0.0462 -0.9600
vn 0.2766 0.0466 -0.9598
vn 0.2763 0.0463 -0.9600
vn -0.2255 0.9735 0.0369
vn -0.1766 0.9812 0.0781
vn -0.0589 0.9973 -0.0443
vn -0.1720 0.9849 -0.0186
vn 0.0982 -0.9890 0.1105
vn -0.0538 -0.9980 0.0334
vn 0.0982 -0.9890 0.1106
vn -0.0719 -0.9968 -0.0359
vn 0.0152 -0.9952 -0.0971
vn 0.0151 -0.9952 -0.0971
vn -0.0718 -0.9968 -0.0359
vn 0.5974 -0.7693 0.2265
vn 0.7347 -0.6437 0.2141
vn 0.1364 0.1432 0.9803
vn -0.7984 0.5477 -0.2502
vn -0.7003 0.6604 -0.2710
vn -0.0491 0.2272 -0.9726
vn -0.8543 0.5187 -0.0346
vn -0.8562 0.5161 0.0251
vn 0.3911 -0.9192 0.0459
vn 0.4044 -0.9137 -0.0414
vn 0.4043 -0.9137 -0.0415
vn -0.7958 0.5998 0.0832
vn -0.7958 0.5999 0.0832
vn -0.8468 0.5094 -0.1535
vn -0.8468 0.5093 -0.1535
vn 0.3953 -0.9046 -0.1592
vn 0.4395 -0.8795 -0.1827
vn 0.4647 -0.8681 0.1744
vn 0.4646 -0.8682 0.1744
vn 0.0024 0.1561 0.9877
vn 0.0029 0.1555 0.9878
vn 0.0028 0.1557 0.9878
vn -0.9570 -0.2895 -0.0194
vn -0.9446 -0.3265 0.0335
vn -0.9570 -0.2894 -0.0194
vn -0.9755 -0.1831 0.1223
vn -0.9754 -0.1831 0.1225
vn -0.9965 0.0124 -0.0832
vn -0.9884 -0.1368 -0.0664
vn 0.8900 0.2155 0.4018
vn 0.8743 0.1654 0.4564
vn 0.8743 0.1654 0.4563
vn 0.8355 0.0772 0.5440
vn -0.0326 -0.9732 0.2278
vn 0.0158 -0.9514 0.3076
vn -0.0038 -0.9776 0.2105
vn -0.8581 0.4723 0.2014
vn -0.8470 0.4739 0.2410
vn -0.8148 0.5028 0.2887
vn 0.8734 -0.4862 0.0276
vn 0.8705 -0.4921 0.0046
vn 0.8706 -0.4920 0.0046
vn 0.8724 -0.4882 0.0225
vn 0.8734 -0.4862 0.0275
vn 0.2142 -0.1211 0.9693
vn 0.2149 -0.1210 0.9691
vn 0.2143 -0.1211 0.9692
vn -0.4749 -0.8080 0.3487
vn -0.4777 -0.7778 0.4085
vn -0.4667 -0.8464 0.2566
vn 0.6080 0.7345 0.3014
vn 0.6424 0.7364 0.2122
vn 0.2655 -0.1974 0.9437
vn 0.6617 0.7340 0.1529
vn -0.5623 0.8253 -0.0511
vn -0.6647 0.7471 0.0075
vn -0.9791 -0.1883 -0.0766
vn -0.9658 -0.1745 -0.1918
vn -0.7498 -0.6614 0.0194
vn -0.7752 -0.6308 0.0335
vn -0.9803 -0.1794 0.0831
vn -0.9802 -0.1794 0.0832
vn -0.9740 -0.1576 0.1626
vn -0.9632 -0.1675 -0.2102
vn -0.9645 -0.1573 -0.2123
vn -0.9696 -0.1953 0.1473
vn -0.6478 -0.6970 -0.3075
vn 0.3829 -0.0906 -0.9193
vn 0.3842 -0.0902 -0.9188
vn 0.3830 -0.0905 -0.9193
vn 0.6470 0.7564 0.0961
vn 0.3721 -0.0925 -0.9236
vn 0.2838 0.0470 -0.9577
vn 0.2836 0.0471 -0.9578
vn 0.2835 0.0471 -0.9578
vn 0.2631 -0.9113 -0.3166
vn 0.1829 -0.9090 -0.3746
vn 0.2632 -0.9113 -0.3166
vn 0.9865 0.1623 0.0219
vn 0.9865 0.1621 0.0221
vn -0.9614 -0.1763 -0.2112
vn 0.3216 -0.9072 -0.2711
vn -0.0651 0.9206 -0.3851
vn -0.0356 0.9312 -0.3626
vn -0.0864 0.9120 -0.4009
vn -0.8674 0.4956 -0.0437
vn -0.8601 0.4772 -0.1802
vn -0.8674 0.4942 0.0585
vn -0.8674 0.4956 -0.0436
vn -0.7308 -0.6826 0.0023
vn -0.6936 -0.7192 -0.0403
vn -0.7132 0.7002 0.0312
vn -0.7133 0.7002 0.0312
vn -0.7729 0.6323 0.0531
vn -0.0039 0.9971 0.0757
vn -0.0041 0.9971 0.0761
vn 0.8658 -0.4999 -0.0245
vn 0.2048 -0.1155 0.9720
vn 0.2048 -0.1156 0.9720
vn 0.2048 -0.1157 0.9719
vn 0.8226 0.4749 0.3126
vn 0.3249 0.8926 0.3126
vn 0.3249 0.8926 0.3127
vn 0.6502 -0.6927 0.3122
vn 0.9354 -0.1649 0.3126
vn 0.1141 -0.0629 -0.9915
vn 0.0638 -0.1120 -0.9917
vn 0.1141 -0.0628 -0.9915
vn 0.1269 0.0224 -0.9917
vn 0.0828 0.0987 -0.9917
vn -0.0000 0.1289 -0.9917
vn -0.0000 -0.1370 -0.9906
vn -0.0000 -0.9499 0.3127
vn -0.8226 0.4749 0.3126
vn -0.3249 0.8926 0.3127
vn -0.3249 0.8926 0.3126
vn -0.6502 -0.6927 0.3122
vn -0.6502 -0.6927 0.3121
vn -0.9354 -0.1649 0.3126
vn -0.1140 -0.0628 -0.9915
vn -0.0637 -0.1120 -0.9917
vn -0.0638 -0.1120 -0.9917
vn -0.1269 0.0224 -0.9917
vn -0.0828 0.0987 -0.9917
vn 0.8226 0.4749 -0.3126
vn 0.3249 0.8926 -0.3127
vn 0.6502 -0.6927 -0.3122
vn 0.9354 -0.1649 -0.3126
vn 0.1140 -0.0628 0.9915
vn 0.0637 -0.1120 0.9917
vn 0.0638 -0.1120 0.9917
vn 0.1269 0.0224 0.9917
vn 0.0828 0.0987 0.9917
vn -0.0000 0.1289 0.9917
vn -0.0000 -0.1370 0.9906
vn -0.0000 -0.9499 -0.3126
vn -0.8226 0.4749 -0.3126
vn -0.3249 0.8926 -0.3127
vn -0.6502 -0.6927 -0.3122
vn -0.9354 -0.1649 -0.3126
vn -0.1141 -0.0629 0.9915
vn -0.0638 -0.1120 0.9917
vn -0.1141 -0.0628 0.9915
vn -0.1269 0.0224 0.9917
vn -0.0828 0.0987 0.9917
vn 0.2688 0.9632 0.0056
vn 0.2050 0.9787 0.0130
vn 0.2685 0.9633 0.0056
vn -0.0496 -0.1312 -0.9901
vn -0.0392 -0.1331 -0.9903
vn -0.0391 -0.1331 -0.9903
vn 0.3308 0.9437 -0.0018
vn -0.0373 -0.1545 0.9873
vn -0.0000 -0.1561 0.9877
vn -0.0371 -0.1545 0.9873
vn -0.0493 -0.1523 0.9871
vn -0.0000 -0.1344 -0.9909
vn 0.6272 -0.3382 -0.7016
vn 0.6272 -0.3381 -0.7016
vn 0.6269 -0.3533 0.6944
vn 0.6269 -0.3534 0.6944
vn 0.9375 -0.3478 0.0049
vn 0.9374 -0.3483 0.0048
vn 0.9375 -0.3480 0.0049
vn 0.9998 0.0223 -0.0000
vn 0.4999 0.0223 -0.8658
vn 0.4999 0.0223 0.8658
vn -0.0000 1.0000 -0.0000
vn -0.5000 -0.0000 -0.8660
vn -0.5000 -0.0000 0.8660
vn -1.0000 -0.0000 -0.0000
vn -0.2689 0.9631 0.0055
vn -0.2050 0.9787 0.0130
vn 0.0392 -0.1331 -0.9903
vn 0.0496 -0.1312 -0.9901
vn 0.0393 -0.1330 -0.9903
vn -0.2689 0.9632 0.0055
vn -0.3308 0.9437 -0.0018
vn 0.0373 -0.1545 0.9873
vn 0.0493 -0.1523 0.9871
vn 0.0371 -0.1545 0.9873
vn -0.6272 -0.3382 -0.7016
vn -0.6272 -0.3381 -0.7016
vn -0.6269 -0.3533 0.6944
vn -0.6269 -0.3534 0.6944
vn -0.9375 -0.3478 0.0049
vn -0.9374 -0.3482 0.0048
vn -0.9374 -0.3481 0.0048
vn -0.9998 0.0223 -0.0000
vn -0.4999 0.0223 -0.8658
vn -0.4999 0.0223 0.8658
vn 0.5000 -0.0000 -0.8660
vn 0.5000 -0.0000 0.8660
vn 1.0000 -0.0000 -0.0000
vn 0.2689 -0.9631 0.0055
vn 0.2050 -0.9787 0.0130
vn -0.0392 0.1331 -0.9903
vn -0.0496 0.1312 -0.9901
vn -0.0391 0.1331 -0.9903
vn 0.2689 -0.9632 0.0055
vn 0.3308 -0.9437 -0.0018
vn -0.0373 0.1545 0.9873
vn -0.0000 0.1561 0.9877
vn -0.0493 0.1523 0.9871
vn -0.0370 0.1545 0.9873
vn -0.0000 0.1344 -0.9909
vn 0.6272 0.3382 -0.7016
vn 0.6272 0.3381 -0.7016
vn 0.6269 0.3533 0.6944
vn 0.6269 0.3534 0.6944
vn 0.9375 0.3478 0.0049
vn 0.9374 0.3482 0.0048
vn 0.9374 0.3481 0.0048
vn 0.9998 -0.0223 -0.0000
vn 0.4999 -0.0223 -0.8658
vn 0.4999 -0.0223 0.8658
vn -0.0000 -1.0000 -0.0000
vn -0.2688 -0.9632 0.0056
vn -0.2050 -0.9787 0.0130
vn -0.2685 -0.9633 0.0056
vn 0.0496 0.1312 -0.9901
vn 0.0392 0.1331 -0.9903
vn 0.0391 0.1331 -0.9903
vn -0.3308 -0.9437 -0.0018
vn 0.0373 0.1545 0.9873
vn 0.0371 0.1545 0.9873
vn 0.0493 0.1523 0.9871
vn -0.6272 0.3382 -0.7016
vn -0.6272 0.3381 -0.7016
vn -0.6269 0.3533 0.6944
vn -0.6269 0.3534 0.6944
vn -0.9375 0.3478 0.0049
vn -0.9374 0.3483 0.0048
vn -0.9375 0.3479 0.0049
vn -0.9998 -0.0223 -0.0000
vn -0.4999 -0.0223 -0.8658
vn -0.4999 -0.0223 0.8658
vn 0.5000 0.8660 -0.0000
vn 0.5000 -0.8660 -0.0000
vn -0.4968 -0.8605 -0.1132
vn -0.4968 0.8605 -0.1132
vn -0.9936 -0.0000 -0.1132
vn 0.4988 0.8639 -0.0699
vn 0.4988 -0.8639 -0.0699
vn 0.9976 -0.0000 -0.0699
vn 0.3536 -0.6124 -0.7071
vn 0.7071 -0.0000 -0.7071
vn 0.3536 0.6124 -0.7071
vn -0.5000 0.8660 -0.0000
vn -0.5000 -0.8660 -0.0000
vn 0.4968 -0.8605 -0.1132
vn 0.4968 0.8605 -0.1132
vn 0.9936 -0.0000 -0.1132
vn -0.4988 0.8639 -0.0699
vn -0.4988 -0.8639 -0.0699
vn -0.9976 -0.0000 -0.0699
vn -0.3536 -0.6124 -0.7071
vn -0.3535 -0.6124 -0.7071
vn -0.7071 -0.0000 -0.7071
vn -0.3535 0.6124 -0.7071
vn -0.3536 0.6124 -0.7071
vn 0.3811 0.9245 -0.0000
vn -0.0000 -0.2620 0.9651
vn 0.1003 -0.2421 0.9651
vn 0.1853 -0.1853 0.9651
vn 0.2409 -0.1029 0.9651
vn 0.9235 0.3835 -0.0000
vn 1.0000 -0.0058 -0.0000
vn 0.9236 0.3833 -0.0000
vn 0.2620 -0.0034 0.9651
vn 0.2410 -0.1027 0.9651
vn 0.7049 0.7093 -0.0000
vn 0.3812 0.9245 -0.0000
vn 0.0908 0.2397 0.9666
vn 0.1735 0.1748 0.9692
vn -0.0000 0.2620 0.9651
vn 0.0909 0.2397 0.9666
vn 0.3827 -0.9239 -0.0000
vn 0.7071 -0.7071 -0.0000
vn 0.9229 -0.3850 -0.0000
vn 0.2382 0.0933 0.9667
vn 0.2620 -0.0037 0.9651
vn 0.2494 -0.2494 -0.9357
vn 0.3259 -0.1350 -0.9357
vn 0.3527 -0.0000 -0.9357
vn 0.3259 0.1350 -0.9357
vn 0.2494 0.2494 -0.9357
vn 0.1350 0.3259 -0.9357
vn -0.0000 0.3527 -0.9357
vn -0.0000 -0.3527 -0.9357
vn 0.1350 -0.3259 -0.9357
vn 0.3470 0.8377 0.4217
vn -0.0000 0.9068 0.4217
vn -0.0000 -0.9068 0.4217
vn 0.3470 -0.8377 0.4217
vn 0.6412 -0.6412 0.4217
vn 0.8377 -0.3470 0.4217
vn 0.9068 -0.0000 0.4217
vn 0.8377 0.3470 0.4217
vn 0.6412 0.6412 0.4217
vn 0.8382 0.1404 0.5269
vn 0.7879 -0.0750 0.6112
vn 0.3593 0.7403 0.5682
vn 0.2322 0.7566 0.6112
vn 0.8288 0.3205 0.4587
vn 0.6694 0.5663 0.4808
vn 1.0000 -0.0057 -0.0000
vn -0.0000 -0.2769 -0.9609
vn 0.1060 -0.2558 -0.9609
vn 0.1059 -0.2558 -0.9609
vn 0.1958 -0.1958 -0.9609
vn 0.2558 -0.1059 -0.9609
vn 0.2558 -0.1060 -0.9609
vn 0.2769 -0.0000 -0.9609
vn 0.2558 0.1059 -0.9609
vn 0.2558 0.1060 -0.9609
vn 0.1958 0.1958 -0.9609
vn 0.1060 0.2558 -0.9609
vn -0.0000 0.2769 -0.9609
vn 0.9239 -0.3827 -0.0000
vn 0.9239 0.3827 -0.0000
vn 0.7071 0.7071 -0.0000
vn 0.3827 0.9239 -0.0000
vn 0.3631 -0.8767 -0.3156
vn 0.6710 -0.6710 -0.3156
vn 0.8767 -0.3631 -0.3156
vn 0.9489 -0.0000 -0.3156
vn 0.8916 0.3250 -0.3153
vn 0.2247 0.3363 0.9145
vn 0.1253 0.3787 0.9170
vn 0.1549 0.3666 0.9174
vn 0.9890 0.1226 -0.0834
vn -0.0000 0.3980 0.9174
vn -0.0000 -0.9489 -0.3156
vn 0.3390 0.8863 -0.3155
vn 0.5282 0.7905 -0.3101
vn 0.6710 0.6710 -0.3156
vn 0.3292 0.8900 -0.3154
vn -0.0000 0.9489 -0.3156
vn 0.1523 -0.3677 0.9174
vn -0.0000 -0.3980 0.9174
vn 0.2814 -0.2814 0.9174
vn 0.3677 -0.1523 0.9174
vn 0.3980 -0.0000 0.9174
vn 0.3688 0.1495 0.9174
vn 0.7905 0.5282 -0.3101
vn 0.8880 0.3347 -0.3154
vn -0.0000 -0.9808 0.1948
vn -0.3754 -0.9062 0.1948
vn -0.3753 -0.9062 0.1948
vn -0.3753 0.9062 0.1948
vn -0.0000 0.9808 0.1948
vn -0.6936 0.6936 0.1948
vn -0.3754 0.9062 0.1948
vn -0.9062 0.3753 0.1948
vn -0.9808 -0.0000 0.1948
vn -0.9062 0.3754 0.1948
vn -0.9062 -0.3753 0.1948
vn -0.6936 -0.6936 0.1948
vn 0.1692 0.1692 -0.9710
vn 0.2210 0.0916 -0.9710
vn 0.0916 0.2210 -0.9710
vn -0.0000 0.2392 -0.9710
vn 0.0916 -0.2210 -0.9710
vn -0.0000 -0.2392 -0.9710
vn 0.1692 -0.1692 -0.9710
vn 0.2210 -0.0916 -0.9710
vn 0.2210 -0.0915 -0.9710
vn 0.2392 -0.0000 -0.9710
vn 0.7111 0.7031 -0.0000
vn 0.2195 0.0878 0.9717
vn 0.1690 0.1652 0.9717
vn 0.1693 0.1650 0.9717
vn 0.0904 -0.2183 0.9717
vn -0.0000 -0.2363 0.9717
vn 0.1671 -0.1671 0.9717
vn 0.9259 0.3777 -0.0000
vn 0.2183 -0.0904 0.9717
vn 0.2363 -0.0000 0.9717
vn 0.0904 0.2183 0.9717
vn -0.0000 0.2363 0.9717
vn 0.3500 0.3499 -0.8689
vn 0.4712 0.1891 -0.8615
vn 0.1848 0.4710 -0.8626
vn -0.0000 0.5143 -0.8576
vn -0.0000 0.5144 -0.8576
vn 0.1968 -0.4751 -0.8576
vn -0.0000 -0.5143 -0.8576
vn 0.3636 -0.3636 -0.8577
vn 0.4750 -0.1968 -0.8577
vn 0.5142 -0.0000 -0.8577
vn 0.3179 0.3280 0.8896
vn 0.1823 0.4301 0.8842
vn -0.0000 0.4676 0.8840
vn -0.0000 0.4676 0.8839
vn 0.1789 -0.4319 0.8840
vn -0.0000 -0.4675 0.8840
vn 0.3261 -0.3349 0.8840
vn 0.3263 -0.3348 0.8840
vn 0.9220 -0.3872 -0.0000
vn 0.4293 -0.1851 0.8840
vn 0.9350 0.3546 -0.0035
vn 0.8634 0.5045 -0.0068
vn 0.8634 0.5045 -0.0069
vn 0.3746 0.9272 0.0073
vn 0.5301 0.8478 0.0139
vn 0.4252 0.1697 0.8890
vn 0.4674 -0.0000 0.8840
vn 0.4253 0.1697 0.8890
vn 0.7045 -0.7097 -0.0000
vn 0.7070 -0.7070 0.0162
vn 0.3826 -0.9238 0.0162
vn -0.0000 -0.9999 0.0162
vn -0.0000 0.9999 0.0162
vn 0.3826 0.9238 0.0162
vn 0.7070 0.7070 0.0162
vn 0.9238 0.3826 0.0162
vn 0.9999 -0.0000 0.0162
vn 0.9238 -0.3826 0.0162
vn 0.4946 0.6075 0.6216
vn 0.5986 0.5045 0.6222
vn 0.2992 0.7222 0.6236
vn -0.0000 0.7818 0.6236
vn 0.1225 0.9890 -0.0833
vn 0.2814 0.2814 0.9174
vn -0.0000 0.9103 0.4140
vn 0.0439 0.9094 0.4136
vn 0.8352 -0.2396 0.4950
vn 0.8352 -0.2396 0.4951
vn 0.7553 -0.4012 0.5182
vn 0.8451 0.2087 0.4921
vn 0.7897 0.3256 0.5199
vn 0.8748 -0.0000 0.4846
vn 0.8748 -0.0000 0.4845
vn 0.3805 0.1207 0.9169
vn 0.3363 0.2247 0.9145
vn -0.3811 0.9245 -0.0000
vn -0.1003 -0.2421 0.9651
vn -0.1853 -0.1853 0.9651
vn -0.2410 -0.1027 0.9651
vn -0.9235 0.3835 -0.0000
vn -1.0000 -0.0058 -0.0000
vn -1.0000 -0.0057 -0.0000
vn -0.2410 -0.1029 0.9651
vn -0.2620 -0.0034 0.9651
vn -0.7049 0.7093 -0.0000
vn -0.7049 0.7094 -0.0000
vn -0.1735 0.1748 0.9692
vn -0.0909 0.2397 0.9666
vn -0.3827 -0.9239 -0.0000
vn -0.7071 -0.7071 -0.0000
vn -0.9229 -0.3850 -0.0000
vn -0.2620 -0.0037 0.9651
vn -0.2382 0.0934 0.9667
vn -0.3259 -0.1350 -0.9357
vn -0.2494 -0.2494 -0.9357
vn -0.3527 -0.0000 -0.9357
vn -0.3259 0.1350 -0.9357
vn -0.2494 0.2494 -0.9357
vn -0.1350 0.3259 -0.9357
vn -0.1350 -0.3259 -0.9357
vn -0.3470 0.8377 0.4217
vn -0.3470 -0.8377 0.4217
vn -0.6412 -0.6412 0.4217
vn -0.8377 -0.3470 0.4217
vn -0.9068 -0.0000 0.4217
vn -0.8377 0.3470 0.4217
vn -0.6412 0.6412 0.4217
vn -0.8382 0.1404 0.5269
vn -0.7879 -0.0750 0.6112
vn -0.3593 0.7403 0.5682
vn -0.2323 0.7566 0.6112
vn -0.3592 0.7403 0.5682
vn -0.8288 0.3205 0.4587
vn -0.6694 0.5663 0.4808
vn -0.1059 -0.2558 -0.9609
vn -0.1958 -0.1958 -0.9609
vn -0.2558 -0.1060 -0.9609
vn -0.2769 -0.0000 -0.9609
vn -0.2558 0.1060 -0.9609
vn -0.1958 0.1958 -0.9609
vn -0.1060 0.2558 -0.9609
vn -0.9239 -0.3827 -0.0000
vn -0.9239 0.3827 -0.0000
vn -0.7071 0.7071 -0.0000
vn -0.3827 0.9239 -0.0000
vn -0.3631 -0.8767 -0.3156
vn -0.6710 -0.6710 -0.3156
vn -0.8767 -0.3631 -0.3156
vn -0.9489 -0.0000 -0.3156
vn -0.8916 0.3250 -0.3153
vn -0.2247 0.3363 0.9145
vn -0.1549 0.3666 0.9174
vn -0.1253 0.3787 0.9170
vn -0.9890 0.1225 -0.0833
vn -0.3390 0.8863 -0.3155
vn -0.6710 0.6710 -0.3156
vn -0.5282 0.7905 -0.3101
vn -0.3292 0.8900 -0.3154
vn -0.1523 -0.3677 0.9174
vn -0.2814 -0.2814 0.9174
vn -0.3677 -0.1523 0.9174
vn -0.3980 -0.0000 0.9174
vn -0.3688 0.1495 0.9174
vn -0.3805 0.1207 0.9169
vn -0.8880 0.3347 -0.3154
vn -0.7905 0.5282 -0.3101
vn 0.3754 -0.9062 0.1948
vn 0.3754 0.9062 0.1948
vn 0.3753 0.9062 0.1948
vn 0.6936 0.6936 0.1948
vn 0.6935 0.6936 0.1948
vn 0.9062 0.3754 0.1948
vn 0.9808 -0.0000 0.1948
vn 0.9062 -0.3753 0.1948
vn 0.9062 -0.3754 0.1948
vn 0.6936 -0.6936 0.1948
vn -0.2210 0.0916 -0.9710
vn -0.1692 0.1692 -0.9710
vn -0.0916 0.2210 -0.9710
vn -0.0916 -0.2210 -0.9710
vn -0.1692 -0.1692 -0.9710
vn -0.2210 -0.0916 -0.9710
vn -0.2392 -0.0000 -0.9710
vn -0.7111 0.7031 -0.0000
vn -0.1692 0.1650 0.9717
vn -0.2194 0.0878 0.9717
vn -0.1693 0.1650 0.9717
vn -0.0904 -0.2183 0.9717
vn -0.1671 -0.1671 0.9717
vn -0.9259 0.3777 -0.0000
vn -0.2183 -0.0904 0.9717
vn -0.2363 -0.0000 0.9717
vn -0.2193 0.0881 0.9717
vn -0.0904 0.2183 0.9717
vn -0.3500 0.3499 -0.8689
vn -0.4713 0.1891 -0.8614
vn -0.3500 0.3500 -0.8689
vn -0.1848 0.4710 -0.8626
vn -0.1968 -0.4751 -0.8576
vn -0.3636 -0.3636 -0.8577
vn -0.4750 -0.1968 -0.8577
vn -0.5142 -0.0000 -0.8577
vn -0.4712 0.1891 -0.8615
vn -0.1823 0.4301 0.8842
vn -0.3180 0.3279 0.8896
vn -0.1789 -0.4319 0.8840
vn -0.3261 -0.3349 0.8840
vn -0.9220 -0.3872 -0.0000
vn -0.4293 -0.1850 0.8840
vn -0.8634 0.5044 -0.0069
vn -0.9350 0.3546 -0.0035
vn -0.8634 0.5045 -0.0069
vn -0.3746 0.9272 0.0074
vn -0.5301 0.8478 0.0139
vn -0.4252 0.1697 0.8890
vn -0.4253 0.1697 0.8890
vn -0.4674 -0.0000 0.8840
vn -0.7045 -0.7097 -0.0000
vn -0.3826 -0.9238 0.0162
vn -0.7070 -0.7070 0.0162
vn -0.3826 0.9238 0.0162
vn -0.7070 0.7070 0.0162
vn -0.9238 0.3826 0.0162
vn -0.9999 -0.0000 0.0162
vn -0.9238 -0.3826 0.0162
vn -0.4946 0.6075 0.6216
vn -0.5986 0.5045 0.6222
vn -0.2992 0.7223 0.6236
vn -0.1225 0.9890 -0.0833
vn -0.2814 0.2814 0.9174
vn -0.0439 0.9094 0.4136
vn -0.8352 -0.2396 0.4950
vn -0.7553 -0.4012 0.5182
vn -0.8352 -0.2396 0.4951
vn -0.8451 0.2087 0.4921
vn -0.7897 0.3256 0.5199
vn -0.8748 -0.0000 0.4846
vn -0.8748 -0.0000 0.4845
vn -0.3363 0.2247 0.9145
vn -0.0000 0.9239 0.3827
vn -0.0000 0.3827 -0.9239
vn -0.0000 0.3827 0.9239
vn -0.0000 0.9239 -0.3827
vn 0.9997 0.0163 0.0163
vn 0.9997 0.0230 -0.0000
vn 0.9997 -0.0000 -0.0230
vn 0.9997 0.0163 -0.0163
vn 0.9997 -0.0000 0.0230
vn -0.4353 -0.0000 0.9003
vn -0.4074 0.3515 0.8429
vn -0.4075 0.3515 0.8429
vn 0.0559 0.9912 -0.1202
vn 0.2880 0.9246 -0.2492
vn 0.1766 0.9095 -0.3762
vn -0.1777 0.9097 0.3754
vn 0.0860 0.9932 -0.0788
vn 0.3970 0.3514 -0.8479
vn 0.4242 -0.0000 -0.9056
vn 0.4240 -0.0000 -0.9057
vn -0.2926 0.9253 0.2415
vn 0.1160 0.9926 -0.0367
vn 0.8970 0.3572 -0.2602
vn 0.9604 -0.0000 -0.2787
vn 0.9604 -0.0000 -0.2788
vn -0.9823 -0.0000 0.1872
vn -0.9183 0.3552 0.1750
vn 0.3940 0.9124 -0.1111
vn -0.2015 0.1569 0.9668
vn -0.0458 0.2174 0.9750
vn -0.0455 0.2174 0.9750
vn 0.1051 0.1511 0.9829
vn 0.1661 -0.0000 0.9861
vn -0.2683 -0.0000 0.9633
vn -0.2021 0.1564 0.9668
vn 0.1050 0.1511 0.9829
vn -0.0000 1.0000 0.0047
vn -0.0000 0.0045 1.0000
vn -0.0000 -0.0007 -1.0000
vn -0.0000 -0.0009 -1.0000
vn -0.0791 0.9208 -0.3818
vn 0.2630 0.3686 0.8916
vn -0.1062 0.3791 -0.9193
vn 0.1028 0.9187 0.3814
vn -0.3500 -0.0000 -0.9367
vn -0.1147 -0.0000 -0.9934
vn 0.0817 0.9930 0.0857
vn 0.0306 0.9968 0.0737
vn -0.2622 0.9233 -0.2807
vn 0.2830 -0.0000 0.9591
vn 0.3525 0.3571 0.8650
vn -0.3654 0.9138 -0.1772
vn 0.9084 -0.0000 0.4182
vn 0.8474 0.3603 0.3900
vn -0.8214 0.3594 -0.4429
vn -0.8802 -0.0000 -0.4746
vn 0.2632 0.9235 0.2790
vn 0.1131 0.9923 0.0500
vn -0.0023 1.0000 -0.0001
vn 0.3819 0.9239 0.0251
vn -0.9979 -0.0000 -0.0652
vn -0.9219 0.3826 -0.0603
vn -0.9219 0.3827 -0.0603
vn 0.9219 0.3826 0.0606
vn 0.9978 -0.0000 0.0656
vn 0.9978 -0.0000 0.0657
vn -0.3819 0.9239 -0.0250
vn -0.0012 1.0000 -0.0001
vn -0.3826 0.9238 -0.0123
vn 0.9995 -0.0000 0.0318
vn 0.9237 0.3821 0.0294
vn 0.9995 -0.0000 0.0317
vn -0.9238 0.3818 -0.0301
vn -0.9995 -0.0000 -0.0324
vn -0.9236 0.3821 -0.0300
vn 0.3830 0.9237 0.0122
vn 0.3826 0.9238 0.0122
vn 0.0563 0.0329 -0.9979
vn 0.0331 0.0233 -0.9992
vn 0.0891 -0.0000 -0.9960
vn 0.0795 0.0233 -0.9966
vn 0.0234 -0.0000 -0.9997
vn -0.2463 0.1404 0.9590
vn -0.1069 0.1953 0.9749
vn -0.1068 0.1953 0.9749
vn 0.0287 0.1356 0.9903
vn 0.0832 -0.0000 0.9965
vn 0.0848 0.1953 -0.9771
vn 0.2245 0.1404 -0.9643
vn 0.2246 0.1403 -0.9643
vn -0.1058 -0.0000 -0.9944
vn -0.0512 0.1356 -0.9894
vn -0.0508 0.1360 -0.9894
vn -0.3056 -0.0000 0.9522
vn -0.2464 0.1403 0.9590
vn 0.0283 0.1361 0.9903
vn 0.2839 -0.0000 -0.9589
vn 0.0843 0.1953 -0.9771
vn 0.0051 1.0000 0.0005
vn -0.3807 0.9239 -0.0389
vn 0.9948 -0.0000 0.1014
vn 0.9191 0.3827 0.0937
vn -0.9191 0.3827 -0.0939
vn -0.9948 -0.0000 -0.1017
vn 0.3807 0.9239 0.0389
vn -0.0000 -0.9239 0.3827
vn -0.0000 -0.3827 -0.9239
vn -0.0000 -0.3827 0.9239
vn -0.0000 -0.9239 -0.3827
vn 0.9997 -0.0230 -0.0000
vn 0.9997 -0.0163 0.0163
vn 0.9997 -0.0163 -0.0163
vn -0.4075 -0.3515 0.8428
vn -0.4075 -0.3515 0.8429
vn 0.2880 -0.9246 -0.2492
vn 0.0559 -0.9912 -0.1202
vn 0.1766 -0.9095 -0.3762
vn 0.0860 -0.9932 -0.0788
vn -0.1777 -0.9097 0.3754
vn 0.3970 -0.3514 -0.8479
vn 0.1160 -0.9926 -0.0367
vn -0.2926 -0.9253 0.2415
vn 0.8970 -0.3573 -0.2602
vn -0.9183 -0.3552 0.1750
vn 0.3940 -0.9124 -0.1111
vn -0.0458 -0.2174 0.9750
vn -0.2020 -0.1564 0.9668
vn -0.0453 -0.2174 0.9750
vn 0.1052 -0.1510 0.9829
vn -0.2021 -0.1564 0.9668
vn 0.1051 -0.1511 0.9829
vn -0.0000 0.0046 1.0000
vn -0.0792 -0.9206 -0.3825
vn 0.0306 -0.9968 0.0737
vn 0.2630 -0.3686 0.8916
vn -0.1062 -0.3791 -0.9192
vn 0.1029 -0.9187 0.3813
vn -0.3270 -0.3572 -0.8749
vn 0.0817 -0.9930 0.0857
vn 0.2632 -0.9235 0.2790
vn -0.2622 -0.9233 -0.2807
vn 0.3522 -0.3575 0.8650
vn 0.3770 -0.0000 0.9262
vn -0.3654 -0.9138 -0.1772
vn 0.1131 -0.9923 0.0500
vn 0.8474 -0.3603 0.3900
vn 0.9085 -0.0000 0.4179
vn -0.8214 -0.3594 -0.4429
vn 0.3680 -0.9139 0.1714
vn 0.3819 -0.9239 0.0251
vn -0.0023 -1.0000 -0.0001
vn -0.9219 -0.3826 -0.0603
vn -0.9219 -0.3827 -0.0603
vn 0.9219 -0.3826 0.0606
vn -0.3819 -0.9239 -0.0250
vn -0.0012 -1.0000 -0.0001
vn -0.3826 -0.9238 -0.0123
vn -0.3831 -0.9236 -0.0124
vn 0.9237 -0.3821 0.0294
vn 0.9238 -0.3817 0.0294
vn -0.9236 -0.3822 -0.0300
vn -0.9995 -0.0000 -0.0325
vn 0.3834 -0.9235 0.0123
vn 0.0563 -0.0329 -0.9979
vn 0.0331 -0.0233 -0.9992
vn 0.0795 -0.0233 -0.9966
vn -0.1069 -0.1953 0.9749
vn -0.2464 -0.1403 0.9590
vn -0.1068 -0.1953 0.9749
vn 0.0285 -0.1359 0.9903
vn 0.2246 -0.1403 -0.9643
vn 0.0848 -0.1953 -0.9771
vn -0.0512 -0.1356 -0.9894
vn -0.0507 -0.1361 -0.9894
vn -0.2465 -0.1402 0.9589
vn 0.0284 -0.1361 0.9903
vn 0.0846 -0.1953 -0.9771
vn -0.3807 -0.9239 -0.0389
vn 0.0051 -1.0000 0.0005
vn 0.9191 -0.3827 0.0937
vn -0.9191 -0.3827 -0.0939
vn 0.3807 -0.9239 0.0389
vn 0.0999 0.2011 0.9745
vn 0.1790 0.1357 0.9744
vn 0.2202 -0.0524 0.9740
vn 0.1739 -0.1280 0.9764
vn 0.2947 0.9551 -0.0315
vn -0.0000 0.9993 -0.0366
vn -0.0000 0.9993 -0.0377
vn 0.9394 0.3361 -0.0676
vn 0.9597 -0.2727 -0.0685
vn 0.9603 0.2725 -0.0603
vn 0.0885 -0.1838 0.9790
vn 0.0886 -0.1839 0.9789
vn 0.8177 -0.5726 -0.0592
vn 0.7822 -0.6184 -0.0758
vn 0.4591 0.8864 -0.0594
vn 0.8323 0.5512 -0.0584
vn 0.7890 0.6113 -0.0606
vn -0.0000 -0.2067 0.9784
vn 0.5206 0.8522 -0.0521
vn 0.7802 0.6230 -0.0567
vn 0.1787 0.1360 0.9745
vn 0.2202 0.0524 0.9740
vn 0.3212 0.9456 -0.0510
vn 0.4709 0.8814 -0.0380
vn 0.0052 0.0131 -0.9999
vn -0.0000 0.0135 -0.9999
vn -0.0000 0.0132 -0.9999
vn 0.3506 -0.9331 -0.0802
vn 0.4704 -0.8805 -0.0590
vn 0.5186 -0.8514 -0.0785
vn -0.0000 -0.9956 -0.0941
vn 0.2893 -0.9528 -0.0924
vn 0.4537 -0.8867 -0.0892
vn 0.3182 -0.9465 -0.0545
vn -0.0000 -0.9982 -0.0604
vn 0.0001 0.9996 -0.0293
vn 0.0002 0.9996 -0.0293
vn -0.0000 0.9996 -0.0293
vn 0.8312 -0.5503 -0.0793
vn 0.7898 -0.6080 -0.0814
vn -0.8511 -0.0006 0.5251
vn -0.8510 -0.0009 0.5252
vn 0.0355 0.0004 -0.9994
vn 0.0354 0.0005 -0.9994
vn 0.0354 0.0004 -0.9994
vn -0.0000 -0.0027 1.0000
vn -0.0030 -0.0025 1.0000
vn -0.0000 -0.0023 1.0000
vn -0.8652 0.0063 -0.5014
vn -0.8652 0.0063 -0.5013
vn -0.8652 0.0064 -0.5013
vn 0.9989 0.0003 -0.0470
vn 0.0128 -0.8606 -0.5092
vn 0.0225 0.8731 -0.4870
vn -0.0040 -0.8605 0.5095
vn -0.0036 -0.8606 0.5093
vn -0.0039 -0.8605 0.5095
vn -0.0054 -0.0002 1.0000
vn -0.0053 -0.0002 1.0000
vn -0.0059 0.0001 1.0000
vn 0.0006 0.8491 0.5283
vn 0.0007 0.8491 0.5283
vn -0.0000 0.8489 0.5285
vn 0.0001 -0.9983 -0.0582
vn 0.0002 -0.9983 -0.0582
vn -0.0000 -0.9983 -0.0582
vn -0.8651 -0.0073 -0.5016
vn -0.8651 -0.0074 -0.5015
vn -0.0031 0.0033 1.0000
vn -0.0000 0.0037 1.0000
vn -0.0000 0.0032 1.0000
vn -0.0000 -0.0145 -0.9999
vn 0.0049 -0.0147 -0.9999
vn -0.8510 0.0009 0.5252
vn -0.8511 0.0013 0.5250
vn -0.8510 0.0011 0.5251
vn 0.9097 -0.4083 -0.0761
vn 0.9626 0.2668 -0.0483
vn 0.9623 -0.2662 -0.0554
vn 0.8159 0.5765 -0.0439
vn 0.7912 0.6104 -0.0373
vn 0.7947 -0.6049 -0.0504
vn 0.2778 0.9606 -0.0076
vn -0.0000 0.9999 -0.0103
vn -0.0000 0.9999 -0.0105
vn 0.9406 0.3369 -0.0428
vn 0.9643 -0.2630 -0.0300
vn 0.9645 0.2627 -0.0265
vn 0.9478 -0.3155 -0.0457
vn 0.8081 -0.5885 -0.0243
vn 0.7894 -0.6128 -0.0362
vn 0.9110 0.4106 -0.0381
vn 0.9479 0.3164 -0.0380
vn 0.2849 -0.9566 -0.0607
vn 0.5243 0.8512 -0.0257
vn 0.7850 0.6189 -0.0271
vn 0.2691 0.9624 -0.0378
vn 0.3232 0.9460 -0.0263
vn 0.4737 0.8806 -0.0126
vn 0.0017 -0.0006 -1.0000
vn -0.0000 -0.0005 -1.0000
vn 0.2963 -0.9550 -0.0142
vn 0.5239 -0.8509 -0.0394
vn 0.3509 -0.9354 -0.0424
vn -0.0000 -0.9999 -0.0170
vn 0.4730 -0.8808 -0.0198
vn 0.0010 0.9999 -0.0154
vn 0.0010 0.9999 -0.0153
vn -0.0000 0.9999 -0.0152
vn -0.8560 0.0007 0.5170
vn -0.8560 0.0006 0.5170
vn 0.0007 -0.0000 -1.0000
vn 0.0005 0.0001 -1.0000
vn 0.0008 -0.0001 -1.0000
vn -0.0000 0.0011 1.0000
vn -0.0006 0.0011 1.0000
vn -0.0000 0.0012 1.0000
vn -0.8612 0.0001 -0.5082
vn -0.8612 0.0002 -0.5082
vn -0.8612 0.0003 -0.5082
vn 0.9995 0.0001 -0.0322
vn 0.9995 -0.0000 -0.0323
vn 0.9995 0.0002 -0.0322
vn 0.0003 -0.8567 -0.5158
vn 0.0008 -0.8568 -0.5157
vn -0.0000 -0.8566 -0.5159
vn 0.0012 0.8655 -0.5009
vn 0.0015 0.8656 -0.5008
vn 0.0017 0.8656 -0.5008
vn 0.0002 -0.8567 0.5158
vn 0.0001 -0.8567 0.5158
vn 0.0003 -0.8567 0.5157
vn 0.0008 -0.0000 1.0000
vn 0.0007 -0.0000 1.0000
vn 0.0009 0.8495 0.5275
vn 0.0008 0.8495 0.5276
vn 0.0010 0.8496 0.5275
vn 0.0021 -0.9995 -0.0307
vn 0.0020 -0.9995 -0.0307
vn -0.0000 -0.9995 -0.0306
vn -0.8612 -0.0003 -0.5083
vn -0.8612 -0.0002 -0.5083
vn -0.8612 -0.0004 -0.5082
vn -0.0006 -0.0012 1.0000
vn -0.0000 -0.0011 1.0000
vn -0.0000 -0.0012 1.0000
vn -0.0000 0.0003 -1.0000
vn 0.0014 0.0004 -1.0000
vn -0.0000 0.0006 -1.0000
vn -0.8560 -0.0006 0.5170
vn -0.8560 -0.0007 0.5169
vn 0.9108 -0.4102 -0.0470
vn 0.9726 0.2316 -0.0199
vn 0.9726 -0.2316 -0.0221
vn 0.8048 0.5933 -0.0180
vn 0.9429 -0.3248 -0.0738
vn 0.9429 -0.3248 -0.0737
vn 0.9103 0.4093 -0.0617
vn 0.9436 0.3255 -0.0611
vn 0.2726 0.9602 -0.0605
vn 0.9436 0.3254 -0.0611
vn -0.0000 0.9981 -0.0613
vn -0.2502 0.5195 0.8170
vn -0.4593 0.3480 0.8173
vn -0.5634 0.1344 0.8152
vn -0.5634 -0.1344 0.8152
vn -0.4593 -0.3480 0.8173
vn -0.2502 -0.5195 0.8170
vn -0.0000 -0.5766 0.8170
vn -0.0000 0.5766 0.8170
vn 0.6319 -0.6778 0.3760
vn 0.7453 -0.5256 0.4103
vn 0.8290 -0.2514 0.4996
vn 0.8289 0.2555 0.4977
vn 0.7175 0.5440 0.4351
vn 0.8289 0.2555 0.4976
vn 0.3766 0.7695 0.5158
vn -0.0000 0.8181 0.5751
vn -0.0000 -0.8233 0.5676
vn 0.1403 -0.8152 0.5620
vn -0.0000 0.2245 0.9745
vn -0.1790 0.1357 0.9744
vn -0.0999 0.2011 0.9745
vn -0.0998 0.2011 0.9745
vn -0.2202 -0.0524 0.9740
vn -0.1739 -0.1280 0.9764
vn -0.2947 0.9551 -0.0315
vn -0.9394 0.3361 -0.0676
vn -0.9597 -0.2727 -0.0685
vn -0.9386 -0.3361 -0.0780
vn -0.0886 -0.1839 0.9789
vn -0.8177 -0.5726 -0.0592
vn -0.9623 -0.2662 -0.0554
vn -0.4591 0.8864 -0.0594
vn -0.7890 0.6113 -0.0606
vn -0.8324 0.5511 -0.0584
vn -0.5206 0.8522 -0.0521
vn -0.2202 0.0524 0.9740
vn -0.4709 0.8814 -0.0381
vn -0.3213 0.9456 -0.0510
vn -0.7802 0.6230 -0.0567
vn -0.9603 0.2725 -0.0603
vn -0.0052 0.0131 -0.9999
vn -0.0050 0.0133 -0.9999
vn -0.3505 -0.9331 -0.0802
vn -0.4704 -0.8805 -0.0590
vn -0.3182 -0.9465 -0.0545
vn -0.2893 -0.9528 -0.0924
vn -0.0000 -0.9956 -0.0937
vn -0.0000 -0.9981 -0.0622
vn -0.0002 0.9996 -0.0293
vn -0.0001 0.9996 -0.0293
vn -0.8312 -0.5503 -0.0793
vn -0.7898 -0.6080 -0.0814
vn -0.4537 -0.8867 -0.0892
vn 0.8512 -0.0001 0.5249
vn 0.8511 -0.0006 0.5251
vn 0.8511 -0.0007 0.5251
vn -0.5186 -0.8514 -0.0785
vn -0.0354 0.0005 -0.9994
vn -0.0358 0.0002 -0.9994
vn -0.0355 0.0004 -0.9994
vn 0.0030 -0.0025 1.0000
vn 0.8652 0.0063 -0.5014
vn 0.8652 0.0063 -0.5013
vn 0.8652 0.0064 -0.5013
vn -0.9989 0.0003 -0.0470
vn -0.9989 -0.0003 -0.0470
vn -0.0128 -0.8606 -0.5092
vn -0.0225 0.8731 -0.4870
vn 0.0038 -0.8605 0.5094
vn 0.0036 -0.8606 0.5093
vn 0.0040 -0.8605 0.5095
vn 0.0054 -0.0002 1.0000
vn 0.0053 -0.0002 1.0000
vn 0.0052 -0.0003 1.0000
vn -0.0007 0.8491 0.5283
vn -0.0002 0.8490 0.5284
vn -0.0004 0.8490 0.5284
vn -0.0002 -0.9983 -0.0582
vn -0.0001 -0.9983 -0.0582
vn 0.8651 -0.0075 -0.5015
vn 0.8651 -0.0071 -0.5016
vn 0.8651 -0.0074 -0.5016
vn 0.0031 0.0033 1.0000
vn 0.0028 0.0035 1.0000
vn -0.0054 -0.0143 -0.9999
vn 0.8511 0.0013 0.5250
vn 0.8510 0.0009 0.5252
vn -0.7822 -0.6184 -0.0758
vn -0.9096 -0.4084 -0.0760
vn -0.9626 0.2668 -0.0483
vn -0.8159 0.5765 -0.0439
vn -0.7911 0.6105 -0.0373
vn -0.7947 -0.6049 -0.0504
vn -0.2778 0.9606 -0.0076
vn -0.9406 0.3369 -0.0428
vn -0.9643 -0.2630 -0.0300
vn -0.9401 -0.3373 -0.0489
vn -0.9478 -0.3155 -0.0457
vn -0.9479 0.3164 -0.0380
vn -0.8081 -0.5885 -0.0240
vn -0.9726 -0.2316 -0.0221
vn -0.9110 0.4106 -0.0381
vn -0.2849 -0.9566 -0.0607
vn -0.0000 -0.9982 -0.0601
vn -0.5243 0.8512 -0.0257
vn -0.2691 0.9624 -0.0378
vn -0.3232 0.9460 -0.0263
vn -0.0000 0.9993 -0.0361
vn -0.7850 0.6189 -0.0271
vn -0.9645 0.2627 -0.0265
vn -0.0017 -0.0006 -1.0000
vn -0.0016 -0.0005 -1.0000
vn -0.5239 -0.8509 -0.0394
vn -0.2963 -0.9550 -0.0142
vn -0.3509 -0.9354 -0.0424
vn -0.0010 0.9999 -0.0154
vn 0.8560 0.0006 0.5170
vn 0.8560 0.0007 0.5170
vn -0.0005 0.0001 -1.0000
vn -0.0007 -0.0000 -1.0000
vn -0.0008 -0.0001 -1.0000
vn 0.0006 0.0011 1.0000
vn 0.8612 0.0001 -0.5082
vn 0.8612 0.0002 -0.5082
vn 0.8612 0.0001 -0.5083
vn -0.9995 0.0001 -0.0322
vn -0.9995 -0.0003 -0.0322
vn -0.9995 0.0003 -0.0322
vn -0.0003 -0.8567 -0.5158
vn -0.0012 0.8655 -0.5009
vn -0.0015 0.8656 -0.5008
vn -0.0010 0.8655 -0.5010
vn -0.0001 -0.8567 0.5158
vn -0.0008 -0.0000 1.0000
vn -0.0007 -0.0000 1.0000
vn -0.0008 0.8495 0.5276
vn -0.0009 0.8495 0.5275
vn -0.0010 0.8495 0.5275
vn -0.0020 -0.9995 -0.0307
vn -0.0021 -0.9995 -0.0307
vn 0.8612 -0.0002 -0.5083
vn 0.8612 -0.0003 -0.5083
vn 0.8612 -0.0004 -0.5082
vn 0.0006 -0.0012 1.0000
vn 0.0004 -0.0011 1.0000
vn -0.0014 0.0004 -1.0000
vn 0.8560 -0.0006 0.5170
vn 0.8560 -0.0005 0.5170
vn -0.7894 -0.6128 -0.0362
vn -0.9108 -0.4102 -0.0470
vn -0.9726 0.2316 -0.0197
vn -0.8048 0.5933 -0.0180
vn -0.9429 -0.3248 -0.0737
vn -0.9429 -0.3248 -0.0738
vn -0.9436 0.3255 -0.0611
vn -0.9103 0.4093 -0.0617
vn -0.2726 0.9602 -0.0605
vn -0.0000 0.9981 -0.0614
vn 0.4593 0.3480 0.8173
vn 0.2502 0.5195 0.8170
vn 0.5634 0.1344 0.8152
vn 0.4593 -0.3480 0.8173
vn 0.5634 -0.1344 0.8152
vn 0.2502 -0.5195 0.8170
vn -0.7453 -0.5256 0.4103
vn -0.6319 -0.6778 0.3760
vn -0.8290 -0.2514 0.4996
vn -0.7175 0.5440 0.4351
vn -0.8290 0.2555 0.4975
vn -0.8289 0.2555 0.4976
vn -0.3766 0.7695 0.5158
vn -0.1403 -0.8152 0.5620
vn 0.7763 0.6304 -0.0000
vn -0.2739 -0.4285 0.8610
vn -0.2739 -0.4285 -0.8610
vn 0.4262 0.2775 -0.8610
vn 0.4262 0.2775 0.8610
vn -0.6239 -0.7815 -0.0000
vn -0.7100 0.7042 -0.0000
vn -0.7101 0.7042 -0.0000
vn 0.7350 0.6775 -0.0289
vn 0.8500 0.5268 0.0055
vn 0.7350 0.6774 -0.0287
vn -0.4522 -0.2265 0.8627
vn -0.5320 -0.0792 0.8431
vn -0.5320 -0.0791 0.8430
vn -0.2972 -0.4416 -0.8466
vn -0.2610 -0.5348 -0.8036
vn 0.4476 0.2325 -0.8635
vn 0.5743 0.0107 -0.8186
vn 0.3007 0.4372 0.8476
vn 0.2910 0.4801 0.8275
vn -0.7555 -0.6547 0.0251
vn -0.8097 -0.5863 0.0242
vn 0.6308 -0.1195 -0.7667
vn 0.2849 0.5049 0.8148
vn -0.8479 -0.5296 0.0235
vn -0.8479 -0.5296 0.0234
vn 0.8500 0.5268 0.0052
vn 0.8987 0.4380 0.0234
vn -0.5791 0.0261 0.8148
vn -0.2331 -0.5981 -0.7668
vn -0.4058 0.7325 -0.5467
vn -0.4058 0.7324 -0.5467
vn -0.0017 -0.0018 1.0000
vn -0.0016 -0.0018 1.0000
vn 0.7182 0.6958 -0.0009
vn 0.7182 0.6958 -0.0000
vn -0.7182 -0.6958 -0.0000
vn -0.7182 -0.6958 0.0009
vn 0.9237 0.3831 -0.0000
vn 0.9237 0.3831 -0.0008
vn -0.8598 -0.5106 0.0009
vn -0.8598 -0.5106 -0.0000
vn -0.8243 0.5662 0.0003
vn -0.8243 0.5662 -0.0000
vn 0.7966 -0.6031 0.0408
vn 0.7973 -0.6036 -0.0000
vn 0.5558 -0.8313 -0.0000
vn -0.5912 0.8065 -0.0000
vn -0.5908 0.8060 0.0364
vn -0.6954 0.7186 0.0002
vn -0.6954 0.7187 0.0004
vn -0.6951 0.7190 -0.0000
vn -0.6953 0.7187 -0.0000
vn 0.2221 0.2148 0.9511
vn 0.2226 0.2154 0.9508
vn 0.2220 0.2147 0.9511
vn 0.6447 0.6245 0.4410
vn 0.6447 0.6245 0.4408
vn 0.6224 0.6022 0.5000
vn 0.6223 0.6022 0.5000
vn -0.6954 0.7186 -0.0002
vn -0.6959 0.7182 -0.0000
vn -0.6954 0.7186 -0.0000
vn 0.0018 0.0016 1.0000
vn -0.7191 -0.6950 -0.0000
vn -0.7191 -0.6950 -0.0009
vn 0.7191 0.6949 -0.0000
vn 0.7191 0.6949 0.0009
vn -0.7191 -0.6949 -0.0000
vn -0.4133 -0.9106 -0.0000
vn -0.4133 -0.9106 -0.0009
vn -0.4133 -0.9106 -0.0008
vn 0.5386 0.8425 -0.0000
vn 0.5386 0.8425 0.0008
vn -0.5388 0.8424 -0.0000
vn -0.5388 0.8424 0.0003
vn 0.5771 -0.8167 -0.0000
vn 0.5766 -0.8160 0.0408
vn 0.8126 -0.5828 -0.0000
vn -0.7866 0.6174 -0.0000
vn -0.7861 0.6170 0.0364
vn -0.7861 0.6170 0.0365
vn -0.6954 0.7186 0.0004
vn -0.6957 0.7183 -0.0000
vn -0.2223 -0.2151 0.9510
vn -0.2219 -0.2149 0.9511
vn -0.2219 -0.2148 0.9511
vn -0.6454 -0.6238 0.4408
vn -0.6453 -0.6238 0.4410
vn -0.6224 -0.6022 0.5000
vn -0.6949 0.7191 -0.0000
vn -0.0017 -0.0018 -1.0000
vn -0.0016 -0.0018 -1.0000
vn 0.7182 0.6958 0.0009
vn -0.7182 -0.6958 -0.0009
vn 0.9237 0.3831 0.0008
vn -0.8598 -0.5106 -0.0009
vn -0.8243 0.5662 -0.0003
vn 0.7966 -0.6031 -0.0408
vn 0.5557 -0.8314 -0.0000
vn -0.5908 0.8060 -0.0364
vn -0.5908 0.8060 -0.0365
vn -0.6954 0.7187 -0.0004
vn 0.2226 0.2154 -0.9508
vn 0.2221 0.2147 -0.9511
vn 0.2220 0.2147 -0.9511
vn 0.6447 0.6245 -0.4408
vn 0.6447 0.6245 -0.4410
vn 0.6447 0.6244 -0.4410
vn 0.6224 0.6022 -0.5000
vn 0.6223 0.6022 -0.5000
vn 0.0018 0.0016 -1.0000
vn -0.7190 -0.6950 0.0009
vn 0.7191 0.6950 -0.0009
vn 0.7190 0.6950 -0.0000
vn -0.7191 -0.6949 0.0009
vn -0.4133 -0.9106 0.0009
vn 0.5386 0.8425 -0.0008
vn -0.5388 0.8424 -0.0003
vn 0.5766 -0.8160 -0.0408
vn -0.7861 0.6170 -0.0364
vn -0.6954 0.7186 -0.0004
vn -0.6956 0.7185 -0.0000
vn -0.2219 -0.2149 -0.9511
vn -0.2226 -0.2154 -0.9508
vn -0.2219 -0.2148 -0.9511
vn -0.6453 -0.6238 -0.4410
vn -0.6454 -0.6238 -0.4408
vn -0.6224 -0.6022 -0.5000
vn 0.4991 -0.0028 0.8665
vn -1.0000 0.0054 -0.0010
vn 0.5008 -0.0027 -0.8655
vn 0.5008 -0.0026 -0.8655
vn 1.0000 -0.0054 0.0010
vn -0.5008 0.0027 0.8655
vn -0.4992 0.0028 -0.8665
vn 0.0054 1.0000 0.0001
vn -0.2520 -0.4309 0.8665
vn 0.5047 0.8633 -0.0010
vn -0.2527 -0.4324 -0.8655
vn -0.5047 -0.8633 0.0010
vn 0.2527 0.4324 0.8655
vn 0.2520 0.4309 -0.8665
vn 0.8633 -0.5047 0.0001
vn -0.2472 0.4337 0.8665
vn 0.4953 -0.8687 -0.0010
vn -0.2481 0.4351 -0.8655
vn -0.4953 0.8687 0.0010
vn 0.2481 -0.4351 0.8655
vn 0.2472 -0.4337 -0.8665
vn -0.8687 -0.4953 0.0001
vn 0.6879 -0.7234 -0.0591
vn 0.3187 0.9225 0.2178
vn 0.8478 0.4717 -0.2425
vn -0.2763 0.0463 -0.9600
vn -0.8734 -0.4862 0.0275
vn 0.9674 -0.1366 -0.2134
vn -0.3842 -0.0903 -0.9188
vn -0.2835 0.0471 -0.9578
vn -0.9865 0.1621 0.0221
vn 0.9614 -0.1763 -0.2112
vn 0.0041 0.9971 0.0761
vn -0.3191 0.9127 0.2551
vn 0.9860 0.1651 0.0244
vn 0.8889 0.4421 0.1197
vn 0.2762 0.0463 -0.9600
vn -0.1719 0.9849 -0.0185
vn -0.0537 -0.9980 0.0334
vn 0.1364 0.1432 0.9802
vn -0.9965 0.0124 -0.0831
vn 0.8724 -0.4882 0.0224
vn 0.2144 -0.1211 0.9692
vn -0.9674 -0.1366 -0.2134
vn 0.3842 -0.0903 -0.9188
vn 0.9865 0.1625 0.0217
vn 0.8658 -0.4998 -0.0246
vn 0.8226 0.4749 0.3127
vn -0.8226 0.4749 0.3127
vn -0.1141 -0.0628 -0.9915
vn 0.8226 0.4749 -0.3127
vn 0.1141 -0.0629 0.9915
vn -0.8226 0.4749 -0.3127
vn 0.9374 -0.3481 0.0048
vn -0.9375 -0.3480 0.0049
vn 0.9375 0.3479 0.0049
vn -0.9374 0.3481 0.0048
vn -0.0000 -0.9067 0.4217
vn 0.3500 0.3500 -0.8689
vn -0.9236 0.3835 -0.0000
vn -0.2382 0.0933 0.9667
vn 0.3753 -0.9062 0.1948
vn -0.3179 0.3280 0.8896
vn -0.3263 -0.3348 0.8840
vn -0.3746 0.9272 0.0073
vn 0.3971 0.3517 -0.8477
vn -0.3968 0.9122 0.1018
vn 0.8970 0.3573 -0.2602
vn -0.3270 0.3572 -0.8749
vn 0.3680 0.9139 0.1714
vn -0.3831 0.9236 -0.0124
vn 0.9238 0.3817 0.0294
vn -0.9191 0.3826 -0.0939
vn 0.3807 0.9239 0.0388
vn 0.3972 -0.3520 -0.8476
vn -0.3968 -0.9122 0.1018
vn 0.8474 -0.3603 0.3899
vn -0.9234 -0.3826 -0.0300
vn 0.3826 -0.9238 0.0122
vn -0.9191 -0.3826 -0.0939
vn 0.3807 -0.9239 0.0388
vn 0.9386 -0.3361 -0.0780
vn 0.0050 0.0133 -0.9999
vn -0.8512 -0.0003 0.5249
vn -0.0028 -0.0027 1.0000
vn 0.9989 -0.0003 -0.0470
vn 0.9989 -0.0009 -0.0470
vn -0.0041 -0.8604 0.5095
vn -0.0052 -0.0003 1.0000
vn 0.0005 0.8490 0.5283
vn -0.0028 0.0035 1.0000
vn 0.0050 -0.0146 -0.9999
vn -0.8512 0.0017 0.5249
vn 0.9401 -0.3373 -0.0489
vn 0.0016 -0.0005 -1.0000
vn -0.0000 0.9999 -0.0153
vn 0.0010 0.9999 -0.0155
vn 0.0004 0.0002 -1.0000
vn -0.0005 0.0010 1.0000
vn -0.8612 0.0001 -0.5083
vn 0.9995 -0.0002 -0.0322
vn 0.0011 -0.8568 -0.5156
vn 0.0010 0.8655 -0.5010
vn -0.0001 -0.8566 0.5159
vn -0.0000 -0.9995 -0.0308
vn -0.0004 -0.0010 1.0000
vn 0.0015 0.0004 -1.0000
vn -0.8560 -0.0005 0.5170
vn 0.8512 -0.0002 0.5249
vn 0.0029 -0.0026 1.0000
vn -0.0127 -0.8606 -0.5092
vn 0.0059 0.0001 1.0000
vn -0.0005 0.8490 0.5283
vn -0.0050 -0.0146 -0.9999
vn 0.8512 0.0017 0.5249
vn -0.4737 0.8806 -0.0126
vn -0.4730 -0.8808 -0.0198
vn -0.0010 0.9999 -0.0155
vn -0.0004 0.0002 -1.0000
vn 0.0005 0.0010 1.0000
vn 0.8612 0.0003 -0.5082
vn -0.9995 -0.0002 -0.0323
vn -0.9995 -0.0003 -0.0323
vn -0.9995 -0.0000 -0.0323
vn -0.0011 -0.8568 -0.5156
vn -0.0017 0.8656 -0.5008
vn -0.0003 -0.8567 0.5157
vn 0.8560 -0.0007 0.5169
vn 0.4262 0.2774 0.8610
vn -0.2611 -0.5348 -0.8036
vn 0.6307 -0.1195 -0.7668
vn 0.2850 0.5049 0.8148
vn -0.4058 0.7325 -0.5466
vn 0.7966 -0.6031 0.0409
vn -0.5908 0.8060 0.0365
vn 0.2224 0.2151 0.9509
vn 0.6447 0.6246 0.4408
vn -0.7191 -0.6949 -0.0009
vn 0.5387 0.8425 0.0008
vn 0.5766 -0.8160 0.0409
vn -0.2227 -0.2154 0.9508
vn 0.7966 -0.6031 -0.0409
vn 0.2223 0.2151 -0.9510
vn 0.6447 0.6246 -0.4408
vn -0.7191 -0.6950 0.0009
vn 0.7191 0.6949 -0.0009
vn -0.4133 -0.9106 0.0008
vn 0.5766 -0.8160 -0.0409
vn -0.7861 0.6170 -0.0365
vn -0.2227 -0.2154 -0.9508
vn 0.2481 -0.4351 0.8656
vt 0.780839 0.113362
vt 0.770703 0.052831
vt 0.778886 0.050736
vt 0.138210 0.305886
vt 0.130567 0.377198
vt 0.122712 0.305210
vt 0.443799 0.750101
vt 0.503578 0.749898
vt 0.444030 0.756412
vt 0.621553 0.740834
vt 0.687009 0.731298
vt 0.687535 0.737147
vt 0.139849 0.192947
vt 0.133685 0.131322
vt 0.140292 0.129919
vt 0.201696 0.462893
vt 0.201613 0.384247
vt 0.215092 0.460273
vt 0.373199 0.755460
vt 0.371347 0.730899
vt 0.757147 0.720538
vt 0.126704 0.454860
vt 0.035739 0.452812
vt 0.751377 0.054893
vt 0.692313 0.112476
vt 0.693570 0.052782
vt 0.036019 0.303531
vt 0.773972 0.115076
vt 0.689949 0.185401
vt 0.124285 0.193325
vt 0.782635 0.269125
vt 0.693583 0.297630
vt 0.037705 0.172132
vt 0.787239 0.357590
vt 0.697462 0.360935
vt 0.704670 0.428903
vt 0.042351 0.060695
vt 0.134733 0.063715
vt 0.782854 0.184366
vt 0.826788 0.717739
vt 0.783037 0.753504
vt 0.782941 0.719864
vt 0.790882 0.423453
vt 0.819030 0.397736
vt 0.811980 0.423856
vt 0.160946 0.417565
vt 0.150822 0.456477
vt 0.540019 0.051105
vt 0.632205 0.106575
vt 0.533960 0.103529
vt 0.435347 0.800068
vt 0.369765 0.794111
vt 0.539230 0.179587
vt 0.529649 0.180490
vt 0.505640 0.799834
vt 0.529386 0.301225
vt 0.618679 0.791788
vt 0.537466 0.302375
vt 0.531571 0.369109
vt 0.692118 0.781200
vt 0.573373 0.417624
vt 0.537437 0.430220
vt 0.202153 0.062051
vt 0.256923 0.141655
vt 0.197804 0.138942
vt 0.251830 0.217504
vt 0.198561 0.224503
vt 0.248283 0.319586
vt 0.198399 0.320851
vt 0.259481 0.384030
vt 0.310847 0.210280
vt 0.302871 0.318816
vt 0.300045 0.211535
vt 0.306719 0.387457
vt 0.297975 0.460292
vt 0.303356 0.386724
vt 0.302307 0.062351
vt 0.307930 0.138406
vt 0.300130 0.140615
vt 0.176223 0.101717
vt 0.182931 0.063522
vt 0.311013 0.319643
vt 0.351510 0.744129
vt 0.682634 0.003705
vt 0.755504 0.027447
vt 0.689663 0.033244
vt 0.665864 0.076603
vt 0.674981 0.048683
vt 0.125155 0.519480
vt 0.035630 0.476087
vt 0.125109 0.479090
vt 0.201246 0.003557
vt 0.237653 0.042863
vt 0.202993 0.042627
vt 0.508977 0.074448
vt 0.517041 0.048885
vt 0.632322 0.003531
vt 0.542200 0.028867
vt 0.536606 0.003531
vt 0.302601 0.471767
vt 0.719342 0.694450
vt 0.756289 0.698695
vt 0.205040 0.521654
vt 0.296633 0.489345
vt 0.296237 0.525257
vt 0.309922 0.462252
vt 0.335792 0.425625
vt 0.328068 0.460118
vt 0.627202 0.431060
vt 0.658907 0.405998
vt 0.650688 0.433836
vt 0.003723 0.083688
vt 0.010766 0.059844
vt 0.041703 0.004505
vt 0.130639 0.031686
vt 0.043134 0.029230
vt 0.795350 0.472301
vt 0.706908 0.452071
vt 0.789318 0.445116
vt 0.936008 0.407694
vt 0.849517 0.377212
vt 0.804934 0.296442
vt 0.936008 0.145079
vt 0.811844 0.254376
vt 0.820104 0.204091
vt 0.887930 0.144928
vt 0.148928 0.777312
vt 0.255708 0.903039
vt 0.003689 0.903039
vt 0.226430 0.820135
vt 0.061795 0.791890
vt 0.003540 0.857049
vt 0.171707 0.087333
vt 0.166008 0.060366
vt 0.003657 0.413347
vt 0.012489 0.453052
vt 0.152296 0.385649
vt 0.033359 0.391166
vt 0.156570 0.123519
vt 0.157097 0.309206
vt 0.158311 0.190149
vt 0.017649 0.121793
vt 0.039402 0.129788
vt 0.016395 0.188180
vt 0.012520 0.306410
vt 0.013952 0.380669
vt 0.658893 0.077780
vt 0.631030 0.052830
vt 0.654931 0.052487
vt 0.505231 0.405268
vt 0.515666 0.432539
vt 0.517421 0.106462
vt 0.518719 0.368020
vt 0.630923 0.367261
vt 0.646194 0.368047
vt 0.645568 0.302612
vt 0.631767 0.170390
vt 0.647203 0.182285
vt 0.518386 0.180354
vt 0.517999 0.301408
vt 0.630954 0.318285
vt 0.649352 0.109125
vt 0.176346 0.427907
vt 0.187527 0.462644
vt 0.206683 0.470972
vt 0.329117 0.100848
vt 0.321379 0.063494
vt 0.237848 0.061984
vt 0.322847 0.322688
vt 0.322337 0.207484
vt 0.318304 0.132034
vt 0.185839 0.323963
vt 0.190879 0.390901
vt 0.319744 0.389588
vt 0.187005 0.209959
vt 0.186323 0.133216
vt 0.666020 0.409545
vt 0.681956 0.434210
vt 0.801360 0.074778
vt 0.793563 0.048265
vt 0.799261 0.181776
vt 0.667535 0.302004
vt 0.797725 0.296796
vt 0.795097 0.107331
vt 0.666657 0.182207
vt 0.674533 0.370279
vt 0.801541 0.362255
vt 0.346720 0.791905
vt 0.619877 0.720437
vt 0.502055 0.730036
vt 0.685373 0.712648
vt 0.401650 0.724603
vt 0.431140 0.732150
vt 0.767788 0.797145
vt 0.741402 0.770977
vt 0.760265 0.747846
vt 0.596735 0.417891
vt 0.600038 0.431191
vt 0.626778 0.483078
vt 0.567800 0.470586
vt 0.591204 0.469293
vt 0.539143 0.452077
vt 0.565530 0.452934
vt 0.568138 0.431002
vt 0.859193 0.108974
vt 0.875125 0.105969
vt 0.871308 0.132627
vt 0.858452 0.130413
vt 0.907579 0.132493
vt 0.893824 0.131813
vt 0.912255 0.112032
vt 0.897188 0.104585
vt 0.259843 0.214555
vt 0.272235 0.215388
vt 0.276660 0.319462
vt 0.260504 0.318506
vt 0.252925 0.098713
vt 0.776438 0.046954
vt 0.784272 0.007505
vt 0.777989 0.032906
vt 0.267137 0.062653
vt 0.298253 0.043720
vt 0.135513 0.964566
vt 0.098166 0.977622
vt 0.098354 0.959466
vt 0.265476 0.043963
vt 0.298244 0.005653
vt 0.134862 0.988922
vt 0.173579 0.977517
vt 0.172724 0.959447
vt 0.315039 0.788332
vt 0.670214 0.107905
vt 0.622362 0.454307
vt 0.598581 0.453788
vt 0.770703 0.052831
vt 0.780839 0.113362
vt 0.778886 0.050736
vt 0.138210 0.305886
vt 0.122712 0.305210
vt 0.130567 0.377198
vt 0.443799 0.750101
vt 0.444030 0.756412
vt 0.503578 0.749898
vt 0.621553 0.740834
vt 0.687535 0.737147
vt 0.139849 0.192947
vt 0.140292 0.129919
vt 0.201696 0.462893
vt 0.215092 0.460273
vt 0.201613 0.384247
vt 0.371347 0.730899
vt 0.757147 0.720538
vt 0.126704 0.454860
vt 0.035739 0.452812
vt 0.692313 0.112476
vt 0.036019 0.303531
vt 0.033359 0.391166
vt 0.689949 0.185401
vt 0.773972 0.115076
vt 0.124285 0.193325
vt 0.782855 0.184366
vt 0.037705 0.172132
vt 0.787239 0.357590
vt 0.704670 0.428903
vt 0.697462 0.360935
vt 0.042351 0.060695
vt 0.039402 0.129788
vt 0.826788 0.717739
vt 0.783037 0.753504
vt 0.826945 0.773179
vt 0.134733 0.063715
vt 0.819030 0.397736
vt 0.150822 0.456477
vt 0.160946 0.417565
vt 0.540019 0.051105
vt 0.631030 0.052830
vt 0.435346 0.800068
vt 0.369765 0.794111
vt 0.505640 0.799834
vt 0.529386 0.301225
vt 0.618679 0.791788
vt 0.531571 0.369109
vt 0.537466 0.302375
vt 0.692118 0.781200
vt 0.537437 0.430220
vt 0.573373 0.417624
vt 0.202153 0.062051
vt 0.197804 0.138942
vt 0.256923 0.141655
vt 0.251830 0.217504
vt 0.198560 0.224503
vt 0.248283 0.319586
vt 0.198399 0.320851
vt 0.259481 0.384030
vt 0.310847 0.210280
vt 0.311013 0.319643
vt 0.306719 0.387457
vt 0.297975 0.460292
vt 0.309922 0.462252
vt 0.182931 0.063522
vt 0.176223 0.101717
vt 0.303356 0.386724
vt 0.351510 0.744129
vt 0.689663 0.033244
vt 0.125155 0.519480
vt 0.035630 0.476087
vt 0.028835 0.516233
vt 0.201246 0.003557
vt 0.237653 0.042863
vt 0.255110 0.003934
vt 0.517041 0.048885
vt 0.508977 0.074448
vt 0.542200 0.028867
vt 0.632322 0.003531
vt 0.536606 0.003531
vt 0.302601 0.471767
vt 0.206683 0.470972
vt 0.205040 0.521654
vt 0.328068 0.460118
vt 0.335792 0.425625
vt 0.627203 0.431060
vt 0.650688 0.433836
vt 0.658907 0.405998
vt 0.010766 0.059844
vt 0.003723 0.083688
vt 0.041703 0.004505
vt 0.130639 0.031686
vt 0.133878 0.003577
vt 0.795350 0.472301
vt 0.703553 0.481182
vt 0.887930 0.144928
vt 0.148928 0.777312
vt 0.003689 0.903039
vt 0.255708 0.903039
vt 0.226430 0.820135
vt 0.061795 0.791890
vt 0.003540 0.857049
vt 0.171707 0.087333
vt 0.043134 0.029230
vt 0.003657 0.413347
vt 0.012489 0.453052
vt 0.125109 0.479090
vt 0.152296 0.385649
vt 0.013952 0.380669
vt 0.156570 0.123519
vt 0.157097 0.309206
vt 0.158311 0.190149
vt 0.017649 0.121793
vt 0.016395 0.188180
vt 0.012520 0.306410
vt 0.654931 0.052487
vt 0.629884 0.028984
vt 0.649352 0.109125
vt 0.518719 0.368020
vt 0.517999 0.301408
vt 0.630923 0.367261
vt 0.631767 0.170390
vt 0.647203 0.182285
vt 0.176346 0.427907
vt 0.187527 0.462644
vt 0.207582 0.485153
vt 0.329117 0.100848
vt 0.321379 0.063494
vt 0.202993 0.042627
vt 0.237848 0.061984
vt 0.322337 0.207484
vt 0.318304 0.132034
vt 0.185839 0.323963
vt 0.190879 0.390901
vt 0.187005 0.209959
vt 0.186322 0.133216
vt 0.666020 0.409545
vt 0.681956 0.434210
vt 0.789318 0.445116
vt 0.797725 0.296796
vt 0.667535 0.302004
vt 0.670214 0.107905
vt 0.346720 0.791905
vt 0.502055 0.730036
vt 0.685373 0.712648
vt 0.401650 0.724603
vt 0.431140 0.732150
vt 0.767787 0.797145
vt 0.741402 0.770977
vt 0.567800 0.470586
vt 0.591204 0.469293
vt 0.539143 0.452077
vt 0.532789 0.480589
vt 0.565531 0.452934
vt 0.859193 0.108974
vt 0.871308 0.132627
vt 0.875125 0.105969
vt 0.858453 0.130413
vt 0.907579 0.132493
vt 0.912256 0.112032
vt 0.897188 0.104585
vt 0.272235 0.215388
vt 0.276660 0.319462
vt 0.252925 0.098713
vt 0.784272 0.007505
vt 0.267137 0.062653
vt 0.298253 0.043720
vt 0.135513 0.964566
vt 0.098354 0.959466
vt 0.098166 0.977622
vt 0.254192 0.005922
vt 0.134862 0.988922
vt 0.173579 0.977517
vt 0.172724 0.959447
vt 0.315039 0.788332
vt 0.320366 0.741004
vt 0.600038 0.431191
vt 0.447746 0.823767
vt 0.357403 0.850029
vt 0.360143 0.818740
vt 0.250562 0.842650
vt 0.260846 0.801549
vt 0.635543 0.817472
vt 0.538731 0.856454
vt 0.536628 0.822626
vt 0.448294 0.855954
vt 0.639083 0.869875
vt 0.538415 0.872011
vt 0.447732 0.872422
vt 0.356214 0.867508
vt 0.256403 0.863301
vt 0.448151 0.811893
vt 0.686784 0.803632
vt 0.633101 0.804420
vt 0.682904 0.790118
vt 0.361654 0.806928
vt 0.535868 0.810259
vt 0.695436 0.847228
vt 0.638356 0.851100
vt 0.357403 0.850029
vt 0.447746 0.823767
vt 0.360143 0.818740
vt 0.260846 0.801549
vt 0.448294 0.855954
vt 0.447732 0.872422
vt 0.356215 0.867508
vt 0.256403 0.863301
vt 0.250562 0.842650
vt 0.361654 0.806928
vt 0.535868 0.810259
vt 0.260846 0.801549
vt 0.635542 0.817472
vt 0.538731 0.856454
vt 0.448294 0.855954
vt 0.639083 0.869875
vt 0.538414 0.872011
vt 0.447731 0.872422
vt 0.448151 0.811893
vt 0.535868 0.810259
vt 0.416113 0.939244
vt 0.275283 0.978775
vt 0.276348 0.938863
vt 0.417181 0.910770
vt 0.437524 0.936481
vt 0.275343 0.910566
vt 0.287979 0.897385
vt 0.252976 0.973919
vt 0.254646 0.937219
vt 0.253587 0.912434
vt 0.439258 0.972729
vt 0.417313 0.978775
vt 0.431124 0.894262
vt 0.404837 0.897748
vt 0.418778 0.881244
vt 0.260682 0.894157
vt 0.291759 0.876135
vt 0.402136 0.876302
vt 0.931427 0.124961
vt 0.957241 0.092108
vt 0.957241 0.124628
vt 0.944046 0.069919
vt 0.985404 0.075848
vt 0.972785 0.163410
vt 0.985404 0.140888
vt 0.985404 0.092910
vt 0.972017 0.116097
vt 0.972017 0.100639
vt 0.322341 0.012553
vt 0.305325 0.011109
vt 0.308954 0.004824
vt 0.308954 0.048310
vt 0.318713 0.034296
vt 0.322341 0.040581
vt 0.305325 0.026567
vt 0.318713 0.018838
vt 0.305325 0.042025
vt 0.325970 0.034296
vt 0.325970 0.018838
vt 0.416113 0.939244
vt 0.275283 0.978775
vt 0.417313 0.978775
vt 0.437524 0.936481
vt 0.417181 0.910770
vt 0.252976 0.973919
vt 0.275343 0.910566
vt 0.254646 0.937219
vt 0.439258 0.972729
vt 0.431124 0.894262
vt 0.957241 0.092108
vt 0.957241 0.124628
vt 0.985404 0.123826
vt 0.972017 0.116097
vt 0.972017 0.100639
vt 0.305326 0.011109
vt 0.322341 0.012553
vt 0.318713 0.034296
vt 0.322341 0.040581
vt 0.318713 0.018838
vt 0.305326 0.026567
vt 0.305326 0.042025
vt 0.325970 0.034296
vt 0.325970 0.018838
vt 0.416113 0.939244
vt 0.275283 0.978775
vt 0.276348 0.938863
vt 0.437524 0.936481
vt 0.287979 0.897385
vt 0.254646 0.937219
vt 0.439258 0.972729
vt 0.417313 0.978775
vt 0.404837 0.897748
vt 0.418778 0.881244
vt 0.260682 0.894157
vt 0.402136 0.876302
vt 0.325970 0.034296
vt 0.325970 0.018838
vt 0.869159 0.785169
vt 0.887390 0.831131
vt 0.869159 0.841658
vt 0.918079 0.756925
vt 0.887390 0.795695
vt 0.918079 0.848850
vt 0.918079 0.869902
vt 0.861577 0.782074
vt 0.804844 0.844753
vt 0.804844 0.782074
vt 0.862687 0.846676
vt 0.888602 0.927147
vt 0.834321 0.895808
vt 0.916969 0.748811
vt 0.834321 0.731018
vt 0.888602 0.699679
vt 0.978419 0.539765
vt 0.940937 0.535816
vt 0.947730 0.522047
vt 0.940937 0.602684
vt 0.978419 0.598734
vt 0.947730 0.616453
vt 0.985212 0.586968
vt 0.969892 0.552533
vt 0.985212 0.551532
vt 0.959377 0.558604
vt 0.818606 0.871079
vt 0.798782 0.871079
vt 0.808694 0.853911
vt 0.828519 0.853911
vt 0.844634 0.862367
vt 0.772755 0.862367
vt 0.783401 0.880807
vt 0.819341 0.889263
vt 0.862687 0.780151
vt 0.861577 0.844753
vt 0.916969 0.878015
vt 0.959377 0.579896
vt 0.969892 0.585967
vt 0.940937 0.590543
vt 0.788870 0.853911
vt 0.918079 0.777977
vt 0.861577 0.782074
vt 0.916969 0.748811
vt 0.978419 0.539765
vt 0.940937 0.535816
vt 0.978419 0.598734
vt 0.940937 0.602684
vt 0.947730 0.616453
vt 0.985212 0.586968
vt 0.959377 0.558604
vt 0.833987 0.880807
vt 0.844634 0.862367
vt 0.819341 0.889263
vt 0.798048 0.889263
vt 0.861577 0.844753
vt 0.916969 0.878015
vt 0.959377 0.579896
vt 0.940937 0.590543
vt 0.794193 0.592284
vt 0.830093 0.508566
vt 0.827243 0.599943
vt 0.555247 0.597125
vt 0.589202 0.620182
vt 0.563160 0.622991
vt 0.589956 0.594696
vt 0.614497 0.623913
vt 0.623200 0.598982
vt 0.659148 0.622057
vt 0.632058 0.626382
vt 0.727169 0.587256
vt 0.692163 0.507760
vt 0.726535 0.510373
vt 0.692081 0.602809
vt 0.658415 0.596138
vt 0.760856 0.507205
vt 0.795672 0.510573
vt 0.794010 0.599270
vt 0.768765 0.623110
vt 0.761442 0.600541
vt 0.818068 0.624334
vt 0.793507 0.619685
vt 0.590659 0.509506
vt 0.625709 0.507505
vt 0.658721 0.510850
vt 0.727243 0.599461
vt 0.702058 0.622697
vt 0.695289 0.602187
vt 0.760734 0.595888
vt 0.751909 0.623273
vt 0.727020 0.619051
vt 0.658588 0.495736
vt 0.687445 0.492025
vt 0.726407 0.494554
vt 0.756222 0.491475
vt 0.765910 0.490708
vt 0.796167 0.494869
vt 0.825974 0.492745
vt 0.557368 0.505810
vt 0.590853 0.493980
vt 0.621216 0.490889
vt 0.234779 0.741108
vt 0.246046 0.785718
vt 0.219259 0.764979
vt 0.219259 0.553084
vt 0.264604 0.560888
vt 0.234779 0.576954
vt 0.278231 0.592088
vt 0.246175 0.603047
vt 0.286557 0.625100
vt 0.253138 0.630655
vt 0.255480 0.659031
vt 0.289358 0.659031
vt 0.286557 0.692962
vt 0.253138 0.687407
vt 0.278231 0.725974
vt 0.246175 0.715015
vt 0.264604 0.757174
vt 0.693659 0.594997
vt 0.759951 0.600612
vt 0.954085 0.680570
vt 0.928558 0.692507
vt 0.930022 0.675895
vt 0.909264 0.693275
vt 0.905318 0.676298
vt 0.881443 0.673450
vt 0.899887 0.692304
vt 0.881341 0.689717
vt 0.862164 0.692225
vt 0.857060 0.675210
vt 0.834087 0.689690
vt 0.833492 0.673631
vt 0.815732 0.692741
vt 0.809920 0.676983
vt 0.787864 0.692622
vt 0.786589 0.677056
vt 0.763768 0.681533
vt 0.770213 0.696523
vt 0.881416 0.629710
vt 0.856457 0.630044
vt 0.830847 0.630935
vt 0.806458 0.632848
vt 0.781450 0.635317
vt 0.959305 0.633986
vt 0.932821 0.631591
vt 0.907462 0.630407
vt 0.097763 0.717818
vt 0.187090 0.711066
vt 0.175438 0.743315
vt 0.104269 0.693917
vt 0.188858 0.677031
vt 0.107789 0.669399
vt 0.194663 0.643446
vt 0.107919 0.617032
vt 0.109033 0.643235
vt 0.183139 0.560602
vt 0.173757 0.541025
vt 0.199700 0.530570
vt 0.003540 0.055067
vt 0.003531 0.003628
vt 0.018128 0.004012
vt 0.169835 0.508763
vt 0.088457 0.742305
vt 0.166908 0.776316
vt 0.137978 0.584553
vt 0.097454 0.566772
vt 0.159201 0.510988
vt 0.198816 0.777110
vt 0.203153 0.751890
vt 0.217456 0.705827
vt 0.217682 0.680945
vt 0.217943 0.607120
vt 0.223846 0.631682
vt 0.189448 0.587827
vt 0.189623 0.610033
vt 0.081574 0.735954
vt 0.009034 0.694357
vt 0.087921 0.712670
vt 0.087921 0.569087
vt 0.004307 0.570056
vt 0.081574 0.545803
vt 0.012431 0.605054
vt 0.009034 0.587400
vt 0.095228 0.616763
vt 0.092481 0.592786
vt 0.015160 0.640879
vt 0.014477 0.622914
vt 0.095228 0.664995
vt 0.096145 0.640879
vt 0.012431 0.676703
vt 0.014477 0.658843
vt 0.092481 0.688971
vt 0.985252 0.528714
vt 0.939178 0.482639
vt 0.952672 0.450060
vt 0.697916 0.969826
vt 0.715927 0.950958
vt 0.715738 0.967592
vt 0.668830 0.952558
vt 0.687960 0.971062
vt 0.669445 0.969320
vt 0.644592 0.955002
vt 0.650751 0.972634
vt 0.811516 0.970218
vt 0.835458 0.955889
vt 0.829718 0.972741
vt 0.787590 0.954415
vt 0.792715 0.971978
vt 0.763911 0.951807
vt 0.781622 0.971970
vt 0.763134 0.968757
vt 0.739512 0.953026
vt 0.744518 0.970428
vt 0.733976 0.970322
vt 0.691279 0.923109
vt 0.667153 0.925989
vt 0.714937 0.904011
vt 0.692258 0.917332
vt 0.696012 0.902826
vt 0.643643 0.924910
vt 0.813021 0.906237
vt 0.836544 0.922308
vt 0.812165 0.923369
vt 0.788524 0.920723
vt 0.794623 0.902963
vt 0.692520 0.953282
vt 0.764335 0.904625
vt 0.763896 0.921744
vt 0.745981 0.901718
vt 0.740209 0.919448
vt 0.734142 0.900828
vt 0.715700 0.921350
vt 0.666295 0.907052
vt 0.644570 0.919540
vt 0.648276 0.905754
vt 0.684646 0.903586
vt 0.666922 0.920822
vt 0.812082 0.953102
vt 0.836013 0.465653
vt 0.856839 0.485083
vt 0.839281 0.485623
vt 0.856697 0.433245
vt 0.834883 0.452799
vt 0.838578 0.432227
vt 0.855633 0.407535
vt 0.837294 0.411849
vt 0.840027 0.585836
vt 0.855784 0.610216
vt 0.838180 0.605499
vt 0.837205 0.565264
vt 0.857759 0.585592
vt 0.840115 0.535159
vt 0.855863 0.559904
vt 0.838106 0.555014
vt 0.837346 0.515198
vt 0.857663 0.534755
vt 0.837377 0.505521
vt 0.933025 0.452548
vt 0.911519 0.433881
vt 0.930401 0.433749
vt 0.914031 0.409637
vt 0.932729 0.415413
vt 0.931960 0.585229
vt 0.914467 0.610216
vt 0.912555 0.584795
vt 0.934759 0.565956
vt 0.914713 0.560026
vt 0.909144 0.509593
vt 0.855524 0.510001
vt 0.934303 0.553717
vt 0.915874 0.535145
vt 0.931213 0.534757
vt 0.908809 0.483865
vt 0.854968 0.458596
vt 0.913840 0.462525
vt 0.935268 0.466052
vt 0.916007 0.484017
vt 0.933335 0.504105
vt 0.931454 0.484838
vt 0.933469 0.515403
vt 0.917802 0.510990
vt 0.376303 0.003805
vt 0.363792 0.463419
vt 0.355081 0.004140
vt 0.333861 0.004610
vt 0.345475 0.463824
vt 0.503643 0.004610
vt 0.473712 0.463419
vt 0.482423 0.004140
vt 0.455393 0.463129
vt 0.461201 0.003805
vt 0.439977 0.003603
vt 0.437073 0.462955
vt 0.418752 0.462898
vt 0.418752 0.003536
vt 0.400431 0.462955
vt 0.397527 0.003603
vt 0.382111 0.463129
vt 0.689852 0.917585
vt 0.030724 0.011399
vt 0.201020 0.578998
vt 0.218994 0.583087
vt 0.908745 0.535227
vt 0.917743 0.508255
vt 0.211517 0.551430
vt 0.197411 0.563200
vt 0.104237 0.591579
vt 0.967620 0.440072
vt 0.985252 0.436565
vt 0.967620 0.525207
vt 0.952672 0.515219
vt 0.942685 0.500271
vt 0.942685 0.465007
vt 0.555248 0.597125
vt 0.589202 0.620182
vt 0.589957 0.594696
vt 0.614497 0.623913
vt 0.623200 0.598982
vt 0.658415 0.596138
vt 0.727169 0.587256
vt 0.693659 0.594997
vt 0.760856 0.507205
vt 0.760734 0.595888
vt 0.794010 0.599270
vt 0.761442 0.600541
vt 0.625709 0.507505
vt 0.658721 0.510850
vt 0.702058 0.622697
vt 0.727243 0.599461
vt 0.658588 0.495736
vt 0.687445 0.492025
vt 0.726407 0.494554
vt 0.726535 0.510373
vt 0.795672 0.510573
vt 0.557368 0.505810
vt 0.621216 0.490889
vt 0.246046 0.785718
vt 0.219259 0.764979
vt 0.264604 0.560888
vt 0.219259 0.553084
vt 0.278231 0.592088
vt 0.246175 0.603047
vt 0.286557 0.625100
vt 0.253138 0.630655
vt 0.255480 0.659031
vt 0.253138 0.687407
vt 0.289358 0.659031
vt 0.278231 0.725974
vt 0.246175 0.715015
vt 0.909264 0.693275
vt 0.857060 0.675210
vt 0.833492 0.673631
vt 0.809920 0.676983
vt 0.787863 0.692622
vt 0.763768 0.681533
vt 0.881416 0.629710
vt 0.781450 0.635317
vt 0.959305 0.633986
vt 0.932821 0.631591
vt 0.097763 0.717818
vt 0.187090 0.711066
vt 0.104269 0.693917
vt 0.188858 0.677031
vt 0.107789 0.669399
vt 0.109033 0.643235
vt 0.194663 0.643446
vt 0.107919 0.617032
vt 0.183139 0.560602
vt 0.173757 0.541025
vt 0.003540 0.055067
vt 0.018128 0.004012
vt 0.003531 0.003628
vt 0.169834 0.508763
vt 0.088457 0.742305
vt 0.175438 0.743315
vt 0.137978 0.584553
vt 0.097454 0.566772
vt 0.159201 0.510988
vt 0.088457 0.543598
vt 0.198816 0.777110
vt 0.166908 0.776316
vt 0.213898 0.728560
vt 0.217456 0.705827
vt 0.224304 0.656042
vt 0.217943 0.607120
vt 0.087921 0.712670
vt 0.004307 0.711702
vt 0.081574 0.735954
vt 0.081574 0.545803
vt 0.009034 0.587400
vt 0.087921 0.569087
vt 0.012431 0.605054
vt 0.092481 0.592786
vt 0.014477 0.622914
vt 0.095228 0.616763
vt 0.096145 0.640879
vt 0.014477 0.658843
vt 0.095228 0.664995
vt 0.092481 0.688971
vt 0.012431 0.676703
vt 0.715738 0.967592
vt 0.697916 0.969826
vt 0.668830 0.952558
vt 0.669446 0.969320
vt 0.644592 0.955002
vt 0.812082 0.953102
vt 0.811516 0.970218
vt 0.792715 0.971978
vt 0.781622 0.971970
vt 0.744518 0.970428
vt 0.739512 0.953026
vt 0.691279 0.923109
vt 0.813021 0.906237
vt 0.836544 0.922308
vt 0.831559 0.904663
vt 0.788524 0.920723
vt 0.715700 0.921350
vt 0.783280 0.902394
vt 0.764335 0.904625
vt 0.734142 0.900828
vt 0.666295 0.907052
vt 0.836013 0.465653
vt 0.856839 0.485083
vt 0.854968 0.458596
vt 0.834882 0.452799
vt 0.856697 0.433245
vt 0.855784 0.610216
vt 0.837205 0.565264
vt 0.840115 0.535159
vt 0.857663 0.534755
vt 0.837346 0.515198
vt 0.855524 0.510001
vt 0.837377 0.505521
vt 0.839282 0.485623
vt 0.911519 0.433881
vt 0.930401 0.433749
vt 0.934121 0.604452
vt 0.909144 0.509593
vt 0.908745 0.535227
vt 0.934303 0.553717
vt 0.908809 0.483865
vt 0.913840 0.462525
vt 0.935268 0.466052
vt 0.916007 0.484017
vt 0.931454 0.484838
vt 0.933335 0.504105
vt 0.933469 0.515403
vt 0.363792 0.463419
vt 0.376303 0.003805
vt 0.355081 0.004140
vt 0.345475 0.463824
vt 0.482423 0.004140
vt 0.492028 0.463824
vt 0.503643 0.004610
vt 0.455393 0.463129
vt 0.461201 0.003805
vt 0.439977 0.003603
vt 0.418752 0.462898
vt 0.418752 0.003536
vt 0.397527 0.003603
vt 0.382111 0.463129
vt 0.030724 0.011399
vt 0.218994 0.583087
vt 0.917743 0.508255
vt 0.211517 0.551430
vt 0.197411 0.563200
vt 0.104237 0.591579
vt 0.978971 0.373058
vt 0.964205 0.344742
vt 0.981284 0.343701
vt 0.976826 0.316284
vt 0.954599 0.291756
vt 0.972369 0.288867
vt 0.975152 0.403539
vt 0.959215 0.370583
vt 0.959056 0.319173
vt 0.957320 0.344756
vt 0.951441 0.317379
vt 0.947945 0.295870
vt 0.955396 0.401064
vt 0.950872 0.372874
vt 0.952104 0.323979
vt 0.712142 0.883142
vt 0.720615 0.859411
vt 0.729493 0.869030
vt 0.751782 0.862011
vt 0.742327 0.820971
vt 0.774086 0.853782
vt 0.731987 0.838834
vt 0.753670 0.802476
vt 0.792163 0.840723
vt 0.704289 0.833537
vt 0.704073 0.788263
vt 0.708335 0.879932
vt 0.706783 0.855799
vt 0.701309 0.811440
vt 0.087720 0.943310
vt 0.062898 0.948091
vt 0.062653 0.940308
vt 0.035044 0.943617
vt 0.007315 0.952748
vt 0.003626 0.943504
vt 0.117907 0.943036
vt 0.091373 0.951725
vt 0.040383 0.952403
vt 0.962738 0.227389
vt 0.946049 0.255945
vt 0.943006 0.227389
vt 0.950427 0.169653
vt 0.968388 0.202184
vt 0.946049 0.198832
vt 0.972766 0.281772
vt 0.950427 0.285124
vt 0.975112 0.247719
vt 0.968388 0.252593
vt 0.979885 0.177288
vt 0.972766 0.173005
vt 0.979885 0.277489
vt 0.975112 0.207058
vt 0.861905 0.048737
vt 0.880846 0.070627
vt 0.863886 0.071153
vt 0.859882 0.003533
vt 0.875811 0.025922
vt 0.859882 0.026489
vt 0.863031 0.093002
vt 0.882971 0.094958
vt 0.878646 0.093975
vt 0.903757 0.052461
vt 0.878053 0.047263
vt 0.892715 0.073536
vt 0.876461 0.003533
vt 0.913823 0.033926
vt 0.902320 0.081292
vt 0.923993 0.014955
vt 0.944354 0.060111
vt 0.887593 0.097659
vt 0.923463 0.071320
vt 0.061106 0.922750
vt 0.034958 0.919250
vt 0.117521 0.918992
vt 0.087335 0.919375
vt 0.003540 0.919250
vt 0.447411 0.932748
vt 0.636257 0.910534
vt 0.636749 0.932808
vt 0.449633 0.977242
vt 0.637241 0.955081
vt 0.637437 0.977360
vt 0.445833 0.910525
vt 0.636054 0.888255
vt 0.448988 0.954972
vt 0.061119 0.915204
vt 0.007172 0.910476
vt 0.090718 0.910917
vt 0.039721 0.911181
vt 0.207168 0.943677
vt 0.182418 0.948105
vt 0.182098 0.940867
vt 0.155208 0.944763
vt 0.128333 0.953035
vt 0.124972 0.944676
vt 0.180194 0.914997
vt 0.155357 0.918801
vt 0.159167 0.911993
vt 0.234346 0.910896
vt 0.207331 0.918927
vt 0.210674 0.910600
vt 0.237472 0.943791
vt 0.210529 0.951697
vt 0.160246 0.952722
vt 0.152065 0.910773
vt 0.125123 0.918455
vt 0.128446 0.910502
vt 0.202465 0.910859
vt 0.180346 0.922243
vt 0.237633 0.919307
vt 0.976826 0.316284
vt 0.972369 0.288867
vt 0.959215 0.370583
vt 0.957319 0.344756
vt 0.951441 0.317379
vt 0.950872 0.372874
vt 0.955396 0.401064
vt 0.751782 0.862011
vt 0.704289 0.833537
vt 0.704073 0.788263
vt 0.706783 0.855799
vt 0.708335 0.879932
vt 0.701309 0.811440
vt 0.062898 0.948091
vt 0.087720 0.943310
vt 0.062653 0.940308
vt 0.007315 0.952748
vt 0.035044 0.943617
vt 0.003626 0.943504
vt 0.091373 0.951725
vt 0.117908 0.943036
vt 0.040383 0.952403
vt 0.962738 0.227389
vt 0.943006 0.227389
vt 0.972766 0.173005
vt 0.950427 0.169653
vt 0.950427 0.285124
vt 0.968388 0.252593
vt 0.968388 0.202184
vt 0.975112 0.247719
vt 0.969579 0.227389
vt 0.976450 0.254598
vt 0.975112 0.207058
vt 0.878053 0.047263
vt 0.882971 0.094958
vt 0.944354 0.060111
vt 0.960795 0.045045
vt 0.887593 0.097659
vt 0.061106 0.922750
vt 0.034958 0.919250
vt 0.117521 0.918992
vt 0.087335 0.919375
vt 0.003540 0.919250
vt 0.447411 0.932748
vt 0.636257 0.910534
vt 0.445833 0.910525
vt 0.448988 0.954972
vt 0.636054 0.888255
vt 0.445181 0.888255
vt 0.061119 0.915204
vt 0.082896 0.911963
vt 0.007172 0.910476
vt 0.031333 0.910476
vt 0.090718 0.910917
vt 0.113931 0.910622
vt 0.039721 0.911181
vt 0.182418 0.948105
vt 0.207168 0.943677
vt 0.182098 0.940867
vt 0.128332 0.953035
vt 0.155208 0.944763
vt 0.124972 0.944676
vt 0.180194 0.914997
vt 0.159167 0.911993
vt 0.207331 0.918927
vt 0.234346 0.910896
vt 0.210675 0.910600
vt 0.210529 0.951697
vt 0.237472 0.943791
vt 0.160246 0.952722
vt 0.125123 0.918455
vt 0.152065 0.910773
vt 0.128446 0.910502
vt 0.180346 0.922243
vt 0.202466 0.910859
vt 0.237633 0.919307
vt 0.322383 0.686357
vt 0.329215 0.654402
vt 0.332834 0.686487
vt 0.328500 0.584908
vt 0.321258 0.550076
vt 0.331919 0.549569
vt 0.429262 0.706849
vt 0.437371 0.721440
vt 0.429842 0.721781
vt 0.395008 0.615972
vt 0.403306 0.587121
vt 0.403393 0.616063
vt 0.315731 0.520961
vt 0.328847 0.515495
vt 0.435148 0.550946
vt 0.403433 0.550141
vt 0.339027 0.686638
vt 0.340613 0.652519
vt 0.370658 0.652621
vt 0.315778 0.510443
vt 0.329117 0.478842
vt 0.328927 0.514139
vt 0.404123 0.680695
vt 0.403680 0.653005
vt 0.317980 0.646764
vt 0.331768 0.615305
vt 0.328933 0.650601
vt 0.404292 0.692399
vt 0.436135 0.687138
vt 0.018407 0.724963
vt 0.003637 0.742563
vt 0.003550 0.721517
vt 0.404227 0.510986
vt 0.435935 0.516819
vt 0.403894 0.525598
vt 0.335884 0.478224
vt 0.379526 0.495630
vt 0.332282 0.514900
vt 0.429293 0.497029
vt 0.437558 0.482627
vt 0.032679 0.767130
vt 0.017816 0.791162
vt 0.003553 0.791167
vt 0.342044 0.549520
vt 0.369755 0.549511
vt 0.044671 0.774066
vt 0.032402 0.799595
vt 0.575404 0.654968
vt 0.557053 0.685350
vt 0.557064 0.654680
vt 0.017819 0.808010
vt 0.003539 0.811305
vt 0.044492 0.759894
vt 0.018441 0.742537
vt 0.033333 0.733205
vt 0.625736 0.685559
vt 0.600699 0.700393
vt 0.575392 0.685394
vt 0.594272 0.710067
vt 0.564927 0.700454
vt 0.594507 0.630887
vt 0.565368 0.639615
vt 0.606098 0.710676
vt 0.633821 0.700686
vt 0.642888 0.685551
vt 0.625736 0.656304
vt 0.642888 0.656243
vt 0.606298 0.630582
vt 0.634102 0.641331
vt 0.702069 0.641246
vt 0.726677 0.655488
vt 0.726668 0.670268
vt 0.709756 0.629360
vt 0.736587 0.640519
vt 0.660855 0.656131
vt 0.678012 0.670348
vt 0.657559 0.670396
vt 0.744628 0.655542
vt 0.748131 0.670380
vt 0.669841 0.641024
vt 0.695329 0.628798
vt 0.370450 0.571086
vt 0.434989 0.616300
vt 0.434896 0.587572
vt 0.435383 0.652906
vt 0.471803 0.652623
vt 0.470744 0.551848
vt 0.528378 0.703288
vt 0.550860 0.716734
vt 0.528833 0.717473
vt 0.494637 0.616495
vt 0.502668 0.588419
vt 0.502723 0.616499
vt 0.447394 0.587739
vt 0.548607 0.553820
vt 0.503057 0.552605
vt 0.471303 0.631714
vt 0.447474 0.616376
vt 0.481005 0.499786
vt 0.503920 0.678845
vt 0.503222 0.652279
vt 0.481054 0.704934
vt 0.504253 0.690078
vt 0.549840 0.684043
vt 0.013788 0.982639
vt 0.030082 0.996436
vt 0.010631 0.996460
vt 0.528386 0.501957
vt 0.503693 0.528921
vt 0.504148 0.514783
vt 0.550851 0.488676
vt 0.549725 0.521273
vt 0.052965 0.969129
vt 0.075766 0.982914
vt 0.075767 0.996456
vt 0.059549 0.957946
vt 0.083867 0.969171
vt 0.955292 0.908717
vt 0.927159 0.892295
vt 0.955318 0.892298
vt 0.091720 0.982914
vt 0.094817 0.996460
vt 0.046221 0.958042
vt 0.030071 0.982625
vt 0.021605 0.968716
vt 0.927043 0.954812
vt 0.913227 0.931878
vt 0.927154 0.908714
vt 0.904222 0.926064
vt 0.913352 0.899822
vt 0.977797 0.926221
vt 0.969244 0.900061
vt 0.903903 0.937165
vt 0.913176 0.962719
vt 0.927044 0.970774
vt 0.954445 0.954812
vt 0.954456 0.970774
vt 0.977934 0.937291
vt 0.968207 0.962898
vt 0.872401 0.965412
vt 0.895303 0.978910
vt 0.895297 0.992700
vt 0.879442 0.954206
vt 0.904114 0.964895
vt 0.833385 0.979200
vt 0.849594 0.992719
vt 0.830289 0.992727
vt 0.911858 0.978926
vt 0.915021 0.992727
vt 0.865826 0.953927
vt 0.849594 0.979197
vt 0.841530 0.965136
vt 0.471183 0.572803
vt 0.548244 0.616363
vt 0.548182 0.588837
vt 0.548803 0.651401
vt 0.344678 0.586504
vt 0.335191 0.586516
vt 0.370621 0.631211
vt 0.346558 0.615385
vt 0.321312 0.615672
vt 0.328583 0.587923
vt 0.379132 0.707500
vt 0.337954 0.615262
vt 0.337276 0.720671
vt 0.310910 0.550578
vt 0.305893 0.524837
vt 0.317855 0.581302
vt 0.307872 0.578334
vt 0.308131 0.643568
vt 0.311242 0.615932
vt 0.317913 0.591457
vt 0.308069 0.594514
vt 0.312431 0.686176
vt 0.318079 0.714479
vt 0.308501 0.711099
vt 0.309204 0.661190
vt 0.317741 0.480595
vt 0.305596 0.507859
vt 0.307309 0.481822
vt 0.326383 0.717707
vt 0.329216 0.654402
vt 0.322383 0.686357
vt 0.328500 0.584908
vt 0.321258 0.550076
vt 0.437371 0.721440
vt 0.429262 0.706849
vt 0.395008 0.615972
vt 0.394909 0.587006
vt 0.331919 0.549569
vt 0.315731 0.520961
vt 0.339027 0.686638
vt 0.370658 0.652621
vt 0.329117 0.478842
vt 0.315778 0.510443
vt 0.328927 0.514139
vt 0.404123 0.680695
vt 0.331768 0.615305
vt 0.317980 0.646764
vt 0.436135 0.687138
vt 0.403680 0.653005
vt 0.403393 0.616063
vt 0.018407 0.724963
vt 0.003637 0.742563
vt 0.018441 0.742537
vt 0.404227 0.510986
vt 0.435935 0.516819
vt 0.429293 0.497029
vt 0.335884 0.478224
vt 0.379526 0.495630
vt 0.380004 0.480400
vt 0.437558 0.482627
vt 0.430041 0.482156
vt 0.003553 0.791167
vt 0.017816 0.791162
vt 0.032679 0.767130
vt 0.369755 0.549511
vt 0.332283 0.514900
vt 0.044671 0.774066
vt 0.032402 0.799595
vt 0.403894 0.525598
vt 0.557053 0.685350
vt 0.575404 0.654968
vt 0.557064 0.654680
vt 0.017820 0.808010
vt 0.003539 0.811305
vt 0.044492 0.759894
vt 0.600662 0.640736
vt 0.606098 0.710676
vt 0.600699 0.700393
vt 0.642888 0.685551
vt 0.606298 0.630582
vt 0.726677 0.655488
vt 0.702069 0.641246
vt 0.736587 0.640519
vt 0.660855 0.656131
vt 0.678007 0.656107
vt 0.744628 0.655542
vt 0.748131 0.670380
vt 0.669841 0.641024
vt 0.695329 0.628798
vt 0.403433 0.550141
vt 0.370450 0.571086
vt 0.434989 0.616300
vt 0.435383 0.652906
vt 0.471803 0.652623
vt 0.550860 0.716734
vt 0.528833 0.717473
vt 0.494581 0.588327
vt 0.481005 0.499786
vt 0.481738 0.485389
vt 0.503920 0.678845
vt 0.481054 0.704934
vt 0.504253 0.690078
vt 0.481638 0.719390
vt 0.013788 0.982639
vt 0.030082 0.996436
vt 0.030071 0.982625
vt 0.528886 0.487833
vt 0.075767 0.996456
vt 0.075766 0.982914
vt 0.052965 0.969129
vt 0.059549 0.957946
vt 0.083867 0.969171
vt 0.927160 0.892295
vt 0.091720 0.982914
vt 0.094817 0.996460
vt 0.046221 0.958042
vt 0.927043 0.954812
vt 0.927154 0.908714
vt 0.977797 0.926221
vt 0.968687 0.931869
vt 0.913228 0.931878
vt 0.927044 0.970774
vt 0.895297 0.992700
vt 0.911858 0.978926
vt 0.915021 0.992727
vt 0.471183 0.572803
vt 0.344678 0.586504
vt 0.346558 0.615385
vt 0.370621 0.631211
vt 0.321312 0.615672
vt 0.379132 0.707500
vt 0.337954 0.615262
vt 0.337276 0.720671
vt 0.378165 0.722812
vt 0.305892 0.524837
vt 0.308131 0.643568
vt 0.311242 0.615932
vt 0.317913 0.591457
vt 0.312431 0.686176
vt 0.309204 0.661190
vt 0.318819 0.658088
vt 0.317741 0.480595
vt 0.307309 0.481822
vt 0.328847 0.515495
vt 0.807015 0.085871
vt 0.837402 0.060203
vt 0.830631 0.087711
vt 0.833818 0.141419
vt 0.808356 0.116043
vt 0.837745 0.113963
vt 0.811114 0.030350
vt 0.842509 0.008082
vt 0.834358 0.032751
vt 0.818506 0.171300
vt 0.843111 0.165808
vt 0.844194 0.087690
vt 0.851314 0.125521
vt 0.846912 0.140104
vt 0.852535 0.020328
vt 0.847342 0.034074
vt 0.851545 0.048855
vt 0.848699 0.102034
vt 0.852512 0.153415
vt 0.970031 0.824026
vt 0.955763 0.809426
vt 0.972835 0.810140
vt 0.976085 0.782001
vt 0.954771 0.795383
vt 0.953416 0.782287
vt 0.975041 0.850477
vt 0.955514 0.840583
vt 0.970644 0.837659
vt 0.955906 0.824781
vt 0.975648 0.796352
vt 0.973731 0.767621
vt 0.953407 0.768754
vt 0.930614 0.826616
vt 0.924595 0.796429
vt 0.926106 0.780486
vt 0.930253 0.765448
vt 0.926850 0.811786
vt 0.932917 0.857432
vt 0.932999 0.842076
vt 0.910168 0.790703
vt 0.900251 0.815691
vt 0.966609 0.720405
vt 0.961990 0.711803
vt 0.979936 0.707998
vt 0.933599 0.710424
vt 0.940183 0.734368
vt 0.925713 0.743936
vt 0.944033 0.720933
vt 0.967619 0.737102
vt 0.980013 0.749552
vt 0.165792 0.164255
vt 0.173354 0.136676
vt 0.173358 0.164255
vt 0.173343 0.202964
vt 0.165747 0.192042
vt 0.173344 0.192042
vt 0.933867 0.703224
vt 0.961371 0.703944
vt 0.978581 0.700949
vt 0.173344 0.180816
vt 0.165792 0.136676
vt 0.173343 0.122705
vt 0.919405 0.738428
vt 0.926340 0.708735
vt 0.987531 0.745549
vt 0.987533 0.708005
vt 0.811958 0.465464
vt 0.826143 0.472418
vt 0.822383 0.482401
vt 0.825074 0.456656
vt 0.813480 0.432626
vt 0.826833 0.441183
vt 0.983621 0.689376
vt 0.994253 0.623919
vt 0.994289 0.689376
vt 0.968048 0.689376
vt 0.983622 0.623919
vt 0.801596 0.464983
vt 0.798667 0.431939
vt 0.804120 0.481555
vt 0.811197 0.481883
vt 0.988899 0.607490
vt 0.968041 0.623920
vt 0.975524 0.608682
vt 0.940183 0.734368
vt 0.955007 0.721892
vt 0.925713 0.743936
vt 0.967619 0.737102
vt 0.173354 0.136676
vt 0.165792 0.164255
vt 0.173358 0.164255
vt 0.173343 0.202964
vt 0.165747 0.192042
vt 0.165747 0.202964
vt 0.961371 0.703944
vt 0.978581 0.700949
vt 0.173344 0.180816
vt 0.173344 0.192042
vt 0.173343 0.122705
vt 0.165792 0.136676
vt 0.165739 0.180816
vt 0.987531 0.745549
vt 0.811958 0.465464
vt 0.822383 0.482401
vt 0.825074 0.456656
vt 0.994253 0.623919
vt 0.994289 0.689376
vt 0.983622 0.623919
vt 0.801596 0.464983
vt 0.804120 0.481555
vt 0.811197 0.481883
vt 0.975524 0.608682
vt 0.968041 0.623920
vt 0.961990 0.711803
vt 0.979936 0.707998
vt 0.940183 0.734368
vt 0.925713 0.743936
vt 0.944033 0.720933
vt 0.980013 0.749552
vt 0.173354 0.136676
vt 0.165747 0.192042
vt 0.173344 0.192042
vt 0.173344 0.180816
vt 0.926340 0.708735
vt 0.987533 0.708005
vt 0.811958 0.465464
vt 0.822383 0.482401
vt 0.813480 0.432626
vt 0.983621 0.689376
vt 0.994253 0.623919
vt 0.994289 0.689376
vt 0.968048 0.689376
vt 0.983622 0.623919
vt 0.801596 0.464983
vt 0.798667 0.431939
vt 0.804120 0.481555
vt 0.139287 0.032938
vt 0.150323 0.020574
vt 0.150323 0.032938
vt 0.177258 0.042496
vt 0.161031 0.039120
vt 0.171739 0.032938
vt 0.177258 0.011016
vt 0.161031 0.014391
vt 0.166550 0.004833
vt 0.155513 0.004833
vt 0.144805 0.011016
vt 0.144805 0.042496
vt 0.155513 0.048678
vt 0.182776 0.032938
vt 0.171739 0.020574
vt 0.182776 0.020574
vt 0.139287 0.020574
vt 0.150323 0.032938
vt 0.166550 0.048678
vt 0.171739 0.032938
vt 0.177258 0.042496
vt 0.177258 0.011016
vt 0.161031 0.014391
vt 0.166550 0.004833
vt 0.155513 0.004833
vt 0.150323 0.020574
vt 0.144805 0.011016
vt 0.155513 0.048678
vt 0.161031 0.039120
vt 0.182776 0.020574
vt 0.171739 0.020574
vt 0.144805 0.042496
vt 0.826945 0.773179
vt 0.028835 0.516233
vt 0.255110 0.003934
vt 0.703553 0.481182
vt 0.320366 0.741004
vt 0.777989 0.032906
vt 0.598581 0.453788
vt 0.267821 0.789671
vt 0.696241 0.867618
vt 0.538415 0.872011
vt 0.267821 0.789671
vt 0.267821 0.789671
vt 0.696241 0.867618
vt 0.438604 0.911556
vt 0.273315 0.880971
vt 0.931427 0.091776
vt 0.972785 0.053326
vt 0.944046 0.146818
vt 0.273315 0.880971
vt 0.402136 0.876302
vt 0.438604 0.911556
vt 0.940937 0.547957
vt 0.947730 0.522047
vt 0.985212 0.551532
vt 0.940937 0.547957
vt 0.685759 0.624553
vt 0.630241 0.492573
vt 0.696543 0.491956
vt 0.562039 0.490644
vt 0.246046 0.532344
vt 0.947335 0.696536
vt 0.852524 0.691287
vt 0.806327 0.693595
vt 0.757750 0.638643
vt 0.193191 0.506735
vt 0.088457 0.543598
vt 0.213898 0.728560
vt 0.224304 0.656042
vt 0.004307 0.711702
vt 0.831559 0.904663
vt 0.563160 0.622991
vt 0.685759 0.624553
vt 0.630241 0.492573
vt 0.264604 0.757174
vt 0.246046 0.532344
vt 0.286557 0.692962
vt 0.899887 0.692304
vt 0.852524 0.691287
vt 0.757750 0.638643
vt 0.193191 0.506735
vt 0.203153 0.751890
vt 0.223846 0.631682
vt 0.009034 0.694357
vt 0.004307 0.570056
vt 0.015160 0.640879
vt 0.835458 0.955889
vt 0.838180 0.605499
vt 0.838106 0.555014
vt 0.473712 0.463419
vt 0.400431 0.462955
vt 0.952170 0.365766
vt 0.947876 0.396786
vt 0.701890 0.877940
vt 0.083820 0.950671
vt 0.031476 0.952835
vt 0.114587 0.951515
vt 0.976450 0.200179
vt 0.976450 0.254598
vt 0.960795 0.045045
vt 0.082896 0.911963
vt 0.031333 0.910476
vt 0.113931 0.910622
vt 0.203526 0.950583
vt 0.151953 0.953103
vt 0.234203 0.951786
vt 0.083820 0.950671
vt 0.031476 0.952835
vt 0.114587 0.951515
vt 0.972766 0.281772
vt 0.976450 0.200179
vt 0.203526 0.950583
vt 0.151953 0.953103
vt 0.234203 0.951786
vt 0.318819 0.658088
vt 0.394909 0.587006
vt 0.380004 0.480400
vt 0.430041 0.482156
vt 0.494581 0.588327
vt 0.481738 0.485389
vt 0.481638 0.719390
vt 0.528886 0.487833
vt 0.968687 0.931869
vt 0.003550 0.721517
vt 0.033333 0.733205
vt 0.565368 0.639615
vt 0.642888 0.656243
vt 0.657559 0.670396
vt 0.010631 0.996460
vt 0.549725 0.521273
vt 0.021605 0.968716
vt 0.913177 0.962719
vt 0.841530 0.965136
vt 0.307872 0.578334
vt 0.810784 0.058238
vt 0.811190 0.145994
vt 0.817004 0.004013
vt 0.850108 0.073264
vt 0.956355 0.855285
vt 0.897997 0.800334
vt 0.914678 0.821416
vt 0.955007 0.721892
vt 0.165747 0.202964
vt 0.165739 0.180816
vt 0.165747 0.122705
vt 0.165747 0.122705
vt 0.955007 0.721892
vt 0.165747 0.202964
vt 0.165747 0.122705
vt 0.166550 0.048678
vt 0.182776 0.032938
s 1
usemtl マテリアル.003
f 1512/1/1 1476/2/2 1410/3/2
f 13/4/3 1616/5/4 15/6/3
f 1555/7/5 1587/8/6 1462/9/5
f 1510/10/7 1511/11/8 1540/12/9
f 1521/13/10 1607/14/11 1489/15/12
f 32/16/13 1498/17/13 1439/18/13
f 1555/7/5 1463/19/14 1541/20/14
f 1511/11/8 1537/21/15 1540/12/9
f 1525/22/16 1523/23/17 1615/5/18
f 1603/24/19 1578/25/20 1545/26/21
f 1615/5/18 1629/27/22 1549/6/22
f 1475/28/23 1579/29/24 1578/25/20
f 1629/27/22 1550/30/25 1549/6/22
f 1579/29/24 54/31/26 1593/32/26
f 1500/33/25 29/14/27 1550/30/25
f 1593/32/26 1621/34/28 1592/35/28
f 1621/34/28 1460/36/29 1592/35/28
f 29/14/27 1627/37/30 1492/38/31
f 1512/1/1 1538/39/32 9/28/33
f 1472/40/34 1478/41/35 1480/42/36
f 13/4/3 28/30/10 1521/13/10
f 1490/38/37 1489/15/12 1607/14/11
f 1459/43/38 1425/44/39 1429/45/40
f 1526/22/41 1443/46/42 1617/47/43
f 1632/48/44 23/49/45 1631/50/45
f 1464/19/46 135/51/47 139/52/48
f 65/50/49 1635/53/50 1634/54/50
f 18/9/51 136/55/52 135/51/47
f 1635/53/50 1548/56/53 1634/54/50
f 1588/8/54 137/57/55 136/55/52
f 1548/56/53 1636/58/56 2/59/57
f 19/10/58 138/60/59 137/57/55
f 1391/61/60 1413/62/61 1415/59/62
f 1639/63/63 1504/64/64 1496/65/65
f 1496/65/65 1601/66/66 1497/67/67
f 1497/67/67 1564/68/68 1626/69/68
f 1564/68/68 1499/17/69 1626/69/68
f 1499/17/69 1565/70/70 34/18/71
f 1388/71/72 1551/72/73 1598/73/72
f 1516/74/74 1441/75/75 1552/76/74
f 1398/77/76 1389/78/77 1599/79/77
f 1388/71/72 1599/79/77 1389/78/77
f 12/63/78 1435/80/78 1468/81/79
f 73/82/80 1552/76/74 1551/72/73
f 1641/52/81 1542/83/82 38/19/83
f 1529/84/84 1594/85/84 1547/86/85
f 1544/26/86 1527/87/87 1546/88/88
f 1444/89/89 1571/90/89 1618/91/89
f 1436/92/90 1407/93/91 1469/94/92
f 1633/48/93 1448/95/93 1451/96/94
f 1442/97/95 1450/98/95 1446/99/95
f 77/100/96 1438/18/97 1440/75/97
f 39/21/98 1473/101/98 1481/102/99
f 1426/103/100 1486/104/101 1419/105/101
f 1455/106/102 96/107/102 1485/108/103
f 1514/109/104 100/110/105 1606/111/106
f 1628/37/107 1559/112/107 1562/113/108
f 1560/114/109 1590/115/109 1563/116/109
f 1427/117/110 1584/118/110 1430/119/110
f 1569/120/111 58/121/111 1447/122/111
f 1586/123/111 1406/124/111 1433/125/111
f 1586/123/111 1569/120/111 1447/122/111
f 1433/125/111 1528/126/111 1586/123/111
f 1417/127/112 1558/128/112 1531/129/112
f 1558/128/112 1417/127/112 1421/130/112
f 55/131/112 1417/127/112 1531/129/112
f 1531/129/112 49/132/112 55/131/112
f 1422/133/113 1491/38/113 1591/134/114
f 101/115/115 47/37/116 102/116/116
f 1568/135/117 1524/23/118 1572/136/119
f 59/91/120 53/23/121 57/22/121
f 1443/46/42 14/5/122 106/137/123
f 1568/135/117 1602/138/124 1524/23/118
f 107/139/125 1491/38/113 1422/133/113
f 109/140/126 27/13/127 108/141/128
f 1553/142/129 1628/37/107 44/143/130
f 1554/144/131 4/27/132 1589/145/133
f 1553/142/129 43/33/134 1554/144/131
f 108/141/128 26/15/125 107/139/125
f 109/140/126 14/5/122 1619/4/126
f 1610/146/124 4/27/132 1602/138/124
f 1445/147/135 1611/148/136 1453/149/137
f 93/98/138 67/148/138 60/48/138
f 1445/147/135 1495/49/139 1611/148/136
f 1418/150/140 1414/62/140 1582/151/141
f 1448/95/93 1630/50/142 1600/152/142
f 1437/153/143 64/56/144 1416/59/145
f 100/110/105 1513/154/146 1484/155/147
f 1620/156/148 1494/157/149 1503/158/149
f 1600/152/142 61/54/150 1522/159/151
f 1506/160/144 61/54/150 64/56/144
f 1484/155/147 1576/161/148 1620/156/148
f 1493/162/152 1494/157/149 1495/49/139
f 1418/150/140 1416/59/145 1414/62/140
f 1428/163/153 1624/16/154 1466/164/155
f 98/104/156 1625/165/96 77/100/96
f 92/166/157 1400/77/158 1608/167/159
f 84/94/160 1574/168/161 1640/63/162
f 113/169/163 76/74/164 1577/82/163
f 114/170/165 81/78/166 111/171/166
f 1432/172/167 33/17/168 1431/173/168
f 92/166/157 81/78/166 1400/77/158
f 96/107/102 76/74/164 112/174/164
f 114/170/165 1577/82/163 72/71/169
f 1467/175/170 11/65/171 35/67/172
f 1432/172/167 35/67/172 36/69/173
f 1431/173/168 1624/16/154 1428/163/153
f 1435/80/78 11/65/171 1575/176/174
f 1470/177/175 1461/36/175 1585/178/176
f 56/119/177 42/36/177 31/43/178
f 1434/179/179 1409/3/180 1411/180/181
f 86/85/182 40/26/182 87/86/182
f 118/181/183 1622/31/184 1539/39/183
f 121/182/185 46/29/186 6/32/185
f 117/183/184 30/34/187 1622/31/184
f 118/181/183 8/1/188 119/184/189
f 122/185/190 41/25/191 46/29/186
f 1474/186/192 1461/36/175 1470/177/175
f 116/187/193 1459/43/38 30/34/187
f 1434/179/179 8/1/188 1409/3/180
f 121/182/185 5/35/194 1474/186/192
f 50/41/195 1536/21/196 51/42/197
f 134/188/198 1542/83/82 1641/52/81
f 1502/189/199 17/8/200 1613/190/201
f 1473/101/98 20/11/202 124/191/203
f 1530/192/204 16/7/205 1543/20/206
f 1502/189/199 20/11/202 1509/10/199
f 1613/190/201 16/7/205 123/193/205
f 1532/194/207 1520/195/208 1479/41/209
f 1520/195/208 1517/196/210 1479/41/209
f 95/196/211 1519/195/212 1535/21/213
f 1519/195/212 138/60/59 21/12/214
f 21/12/214 1535/21/213 1519/195/212
f 1391/61/60 24/154/215 1456/197/216
f 1456/197/216 1515/109/217 1508/198/217
f 1423/199/218 1393/200/219 1395/201/220
f 1393/200/219 1583/202/221 1597/203/222
f 1483/204/223 110/202/224 1/62/225
f 1396/205/226 1394/206/227 1457/207/226
f 1507/208/228 1396/205/226 1457/207/226
f 63/209/229 62/210/230 1596/211/230
f 1390/210/231 103/206/231 1392/212/231
f 62/210/230 126/212/232 1596/211/230
f 1505/64/233 151/213/234 69/66/235
f 1487/214/236 82/79/237 75/73/236
f 129/215/238 1566/70/239 1637/216/238
f 1487/214/236 74/72/240 1488/215/241
f 1488/215/241 79/76/242 1565/70/70
f 1504/64/64 80/77/243 82/79/237
f 1639/63/63 130/217/244 1504/64/64
f 34/18/71 1565/70/70 78/75/245
f 78/75/245 1565/70/70 79/76/242
f 1615/5/18 1523/23/17 3/138/246
f 1475/28/23 1603/24/19 1477/2/247
f 1595/85/248 7/218/249 45/24/250
f 1594/85/84 83/219/251 120/220/251
f 45/24/250 7/218/249 10/2/252
f 1401/221/253 1609/222/254 1399/77/254
f 1557/223/255 1580/224/256 1402/225/257
f 132/226/258 1449/227/258 115/222/259
f 130/217/244 80/77/243 1504/64/64
f 1405/228/260 1580/224/256 1557/223/255
f 1408/229/261 1556/223/261 88/230/262
f 90/228/263 1556/223/261 1408/229/261
f 148/53/264 23/49/45 22/157/265
f 1415/59/62 25/161/266 24/154/215
f 149/58/267 22/157/265 25/161/266
f 128/214/268 1638/213/268 68/64/269
f 69/66/235 150/216/270 70/68/271
f 1637/216/238 128/214/268 129/215/238
f 70/68/271 150/216/270 71/70/272
f 140/231/273 37/83/274 1623/188/275
f 41/25/191 1614/232/276 1544/26/86
f 1614/232/276 1527/87/87 1544/26/86
f 1586/123/111 1447/122/111 1406/124/111
f 1605/233/277 1395/201/220 1397/234/278
f 152/233/279 99/198/280 66/109/281
f 1730/235/282 1766/236/283 1664/237/282
f 165/238/284 167/239/285 1851/240/286
f 1801/241/287 1716/242/287 1824/243/288
f 1764/244/289 1788/245/290 1765/11/291
f 1843/14/292 1773/246/293 1743/247/294
f 184/248/295 1693/249/295 1752/250/295
f 1717/19/296 1801/241/287 1789/251/297
f 1765/11/291 1788/245/290 1785/252/298
f 1777/253/299 1850/240/300 1775/254/301
f 1816/255/302 1839/24/303 1793/26/304
f 1850/240/300 1863/256/305 155/257/306
f 1817/258/307 1729/259/308 1816/255/302
f 1798/260/309 1863/256/305 1797/239/305
f 1817/258/307 206/31/310 200/261/311
f 181/14/312 1754/262/309 1798/260/309
f 1829/32/310 1856/263/313 206/31/310
f 1714/264/314 1856/263/313 1828/265/313
f 181/14/312 1861/266/315 1755/267/316
f 1766/236/283 161/259/317 1786/261/318
f 1726/268/319 1732/269/320 1534/270/321
f 180/260/293 165/238/284 1773/246/293
f 1744/271/322 1843/14/292 1743/247/294
f 1713/43/323 1683/45/324 1679/272/325
f 1778/253/326 1852/273/327 1697/274/328
f 1866/275/329 175/49/330 1847/276/331
f 135/277/47 1718/19/332 139/278/48
f 217/50/333 1868/54/334 1869/53/334
f 136/279/52 170/242/335 135/277/47
f 1796/280/336 1869/53/334 1868/54/334
f 137/281/55 1825/243/337 136/279/52
f 1796/280/336 154/282/338 1870/283/339
f 138/284/59 171/244/340 137/281/55
f 1667/285/341 1645/286/342 1669/282/343
f 1873/287/344 1750/288/345 1758/289/346
f 1750/288/345 1837/290/347 1758/289/346
f 1751/291/348 1806/292/349 1837/290/347
f 1753/250/350 1806/292/349 1860/293/349
f 1753/250/350 186/249/351 1807/294/352
f 1642/295/353 1799/72/354 225/296/355
f 1770/297/356 1695/298/357 1708/299/357
f 1652/77/358 1835/79/359 1643/78/359
f 1835/79/359 1642/295/353 1643/78/359
f 164/287/360 1722/300/361 1689/301/360
f 225/296/355 1800/302/362 1770/297/356
f 1641/278/81 190/19/363 1790/303/364
f 1781/84/365 1795/304/366 1830/85/365
f 1792/26/367 1794/88/368 1779/87/369
f 1698/305/370 1809/306/370 1570/307/370
f 1690/308/371 1661/309/372 1657/310/373
f 1867/275/374 1705/311/375 1702/312/374
f 1704/313/376 1696/314/376 1700/315/376
f 229/316/377 1692/249/378 1859/317/377
f 191/252/379 1735/102/380 1727/101/379
f 1740/104/381 1680/318/382 1673/105/381
f 1709/299/383 1739/319/384 248/320/383
f 1768/321/385 1842/322/386 252/323/387
f 1862/266/388 1804/324/389 1561/325/390
f 142/326/391 1826/327/391 1678/328/391
f 1681/329/392 1822/118/392 1725/330/392
f 1569/120/111 1701/122/111 210/121/111
f 1586/123/111 1687/125/111 1660/124/111
f 1586/123/111 1701/122/111 1569/120/111
f 1687/125/111 1586/123/111 1780/331/111
f 1671/332/112 1531/333/112 1558/334/112
f 1558/334/112 1675/335/112 1671/332/112
f 207/336/112 1531/333/112 1671/332/112
f 1531/333/112 207/336/112 201/337/112
f 1676/338/393 1827/134/394 1745/271/395
f 199/266/396 253/327/397 254/339/396
f 141/340/398 1810/341/399 1776/254/398
f 211/342/400 205/254/401 241/306/401
f 166/240/402 1697/274/328 258/343/402
f 141/340/398 1838/257/403 143/344/403
f 1745/271/395 259/345/404 1676/338/393
f 179/246/405 261/346/406 260/347/407
f 144/348/408 1862/266/388 1561/325/390
f 156/256/409 146/349/410 145/350/409
f 195/262/411 144/348/408 146/349/410
f 178/247/404 260/347/407 259/345/404
f 261/346/406 166/240/402 258/343/402
f 143/344/403 156/256/409 145/350/409
f 1699/147/412 1707/351/413 1846/276/414
f 245/313/415 219/276/415 246/352/415
f 1699/147/412 1749/49/416 1747/353/417
f 1672/150/418 1820/151/419 1668/285/420
f 1864/50/421 1702/312/374 1836/152/421
f 1691/354/422 216/280/423 1760/355/423
f 1767/356/424 252/323/387 1738/155/424
f 1748/357/425 1855/156/426 1757/358/425
f 213/54/427 1836/152/421 1774/159/428
f 1760/355/423 213/54/427 1774/159/428
f 1814/161/426 1738/155/424 1855/156/426
f 1747/353/417 1748/357/425 1757/358/425
f 1672/150/418 1670/282/429 1691/354/422
f 1682/359/430 1720/360/431 1858/248/432
f 250/104/433 1859/317/377 249/361/433
f 244/362/434 1844/363/435 1654/77/434
f 236/364/436 1812/365/437 243/309/438
f 265/169/439 228/297/440 264/174/440
f 233/78/441 266/366/442 263/367/441
f 185/250/443 1686/368/444 1685/369/445
f 244/362/434 233/78/441 263/367/441
f 228/297/440 248/320/383 264/174/440
f 266/366/442 1815/296/439 265/169/439
f 1721/370/446 163/288/447 1813/371/448
f 1686/368/444 187/291/449 1721/370/446
f 1858/248/432 1685/369/445 1682/359/430
f 163/288/447 1689/301/360 1813/371/448
f 1724/372/450 1823/373/451 1715/264/450
f 208/374/452 194/264/452 257/118/452
f 1688/179/453 1665/180/454 1663/237/453
f 192/26/455 238/85/455 239/304/455
f 270/181/456 1857/31/457 269/375/457
f 273/376/458 198/258/459 274/185/460
f 269/375/457 182/263/461 268/187/462
f 160/236/463 270/181/456 271/184/464
f 274/185/460 193/255/465 1849/377/466
f 1715/264/450 1728/186/467 1724/372/450
f 268/187/462 1713/43/323 1679/272/325
f 1688/179/453 160/236/463 271/184/464
f 157/265/468 273/376/458 1728/186/467
f 1784/252/469 202/269/470 203/42/471
f 134/378/198 1641/278/81 1790/303/364
f 169/243/472 1756/189/473 1848/379/474
f 172/11/475 1727/101/379 276/380/476
f 1782/381/477 168/241/478 275/382/478
f 1756/189/473 172/11/475 276/380/476
f 168/241/478 1848/379/474 275/382/478
f 133/383/479 1733/269/480 147/384/481
f 147/384/481 1733/269/480 1771/196/482
f 247/196/483 1783/252/484 1519/384/212
f 1519/384/212 173/245/485 138/284/59
f 173/245/485 1519/384/212 1783/252/484
f 1645/286/342 176/356/486 1669/282/343
f 1710/197/487 1769/321/488 176/356/486
f 1647/385/489 1677/199/490 1649/386/491
f 1647/385/489 1821/387/492 1674/388/493
f 1737/204/494 262/387/495 279/389/496
f 1650/390/497 1711/391/497 1648/392/498
f 1761/393/499 1711/391/497 1650/390/497
f 215/394/500 1832/395/501 214/210/501
f 1644/210/502 255/392/502 277/391/502
f 214/210/501 1832/395/501 278/396/503
f 1759/289/504 221/290/505 288/213/505
f 1741/397/506 234/79/507 1758/289/346
f 281/398/508 1871/216/508 1808/294/509
f 226/72/510 1741/397/506 1742/398/511
f 1742/398/511 231/302/512 226/72/510
f 1758/289/346 234/79/507 232/77/513
f 282/399/514 1873/287/344 1758/289/346
f 186/249/351 230/298/515 1807/294/352
f 230/298/515 231/302/512 1807/294/352
f 1850/240/300 155/257/306 1775/254/301
f 1729/259/308 1731/235/516 1839/24/303
f 159/218/517 1831/85/518 197/24/519
f 1830/85/365 235/400/520 1781/84/365
f 197/24/519 162/235/521 159/218/517
f 1655/401/522 1845/402/523 1819/226/524
f 1803/403/525 1656/404/526 1818/405/527
f 284/226/528 1703/227/528 1658/406/529
f 282/399/514 232/77/513 283/401/530
f 1659/407/531 1803/403/525 1818/405/527
f 1662/408/532 240/409/533 1802/403/532
f 242/407/534 1662/408/532 1802/403/532
f 285/53/535 175/49/330 1865/50/536
f 1669/282/343 177/161/537 286/283/537
f 286/283/537 174/357/538 285/53/535
f 280/397/539 220/289/540 1872/213/539
f 221/290/505 287/216/541 288/213/505
f 1871/216/508 280/397/539 1872/213/539
f 222/292/542 223/294/543 287/216/541
f 140/410/273 189/303/544 237/411/545
f 193/255/465 1792/26/367 1849/377/466
f 1849/377/466 1792/26/367 1779/87/369
f 1586/123/111 1660/124/111 1701/122/111
f 1841/233/546 1649/386/491 1677/199/490
f 251/412/547 289/233/548 218/321/549
f 1880/413/550 1891/414/550 1881/415/550
f 1882/415/551 1893/416/552 1883/417/552
f 1877/418/553 1885/419/553 1875/420/553
f 1876/420/554 1889/421/554 1879/413/554
f 297/419/555 301/422/556 302/423/557
f 297/419/555 303/424/558 298/421/558
f 298/421/558 304/425/559 299/414/559
f 299/414/559 300/426/560 1894/416/560
f 294/415/112 308/427/112 293/413/112
f 1895/428/112 306/429/112 313/430/112
f 1884/417/112 309/431/112 294/415/112
f 292/420/112 306/429/112 1878/418/112
f 293/413/112 307/432/112 292/420/112
f 1896/433/561 301/422/556 1888/434/556
f 291/418/562 311/433/562 296/434/562
f 1911/435/563 1902/436/563 1903/437/563
f 290/438/564 1912/435/565 1904/437/565
f 1905/419/566 1899/418/567 1897/420/566
f 1909/439/568 1898/420/568 1901/436/568
f 319/419/569 322/422/570 1908/434/571
f 324/440/572 319/419/569 320/439/572
f 325/441/573 320/439/572 321/435/573
f 300/442/560 321/435/573 1894/443/560
f 328/427/112 317/437/112 316/436/112
f 1895/428/112 326/429/112 1900/418/112
f 329/444/112 1884/438/112 317/437/112
f 326/429/112 315/420/112 1900/418/112
f 327/445/112 316/436/112 315/420/112
f 322/422/570 1896/433/561 1908/434/571
f 314/418/562 311/433/562 310/428/562
f 1929/435/574 1918/436/574 1919/437/574
f 1931/443/575 1920/437/575 1921/438/575
f 1923/419/576 1915/418/576 1913/420/576
f 1927/439/577 1914/420/577 1917/436/577
f 337/419/578 341/422/579 1926/434/580
f 343/440/581 337/419/578 338/439/581
f 339/435/582 343/440/581 338/439/581
f 340/442/583 339/435/582 1932/443/583
f 333/436/111 349/444/111 334/437/111
f 1933/428/111 346/429/111 1916/418/111
f 349/444/111 1922/438/111 334/437/111
f 346/429/111 332/420/111 1916/418/111
f 347/445/111 333/436/111 332/420/111
f 341/422/579 1934/433/584 1926/434/580
f 331/418/585 351/433/585 350/428/585
f 1940/436/586 1949/435/586 1941/437/586
f 1942/437/587 335/443/587 330/446/587
f 1937/447/588 1943/448/588 1935/420/588
f 1936/420/589 1947/449/589 1939/436/589
f 359/448/590 362/450/591 363/451/592
f 359/448/590 364/452/593 360/449/593
f 360/449/593 365/441/594 361/435/594
f 361/435/594 340/442/583 1932/443/583
f 357/437/111 368/453/111 356/436/111
f 1933/428/111 366/429/111 353/430/111
f 1922/446/111 369/444/111 357/437/111
f 355/420/111 366/429/111 1938/447/111
f 356/436/111 367/454/111 355/420/111
f 1934/433/584 362/450/591 1946/434/591
f 354/447/585 351/433/585 358/434/585
f 1956/455/595 1953/456/596 1955/457/597
f 1958/458/598 376/459/599 372/455/600
f 1955/457/597 1965/460/601 1963/461/601
f 373/457/602 375/462/603 377/463/604
f 1966/460/605 377/463/604 1967/464/605
f 372/455/600 374/465/606 1952/466/606
f 1957/467/607 1961/468/608 1962/469/607
f 385/470/609 1964/461/609 380/460/610
f 378/468/611 384/471/612 383/472/613
f 392/473/614 1973/474/614 1970/475/614
f 393/476/615 1975/477/615 1974/474/615
f 1979/478/616 1969/475/616 1971/479/616
f 1987/480/617 389/474/617 1976/477/617
f 1981/481/617 1972/479/617 388/475/617
f 1985/482/617 388/475/617 389/474/617
f 1982/483/618 1989/484/618 1984/485/618
f 1988/486/619 1994/487/619 1986/488/619
f 1993/487/617 402/489/617 1992/490/617
f 1996/491/617 402/489/617 1993/487/617
f 1992/490/617 402/489/617 1990/484/617
f 397/492/620 398/490/620 396/493/620
f 1998/494/621 371/495/622 370/496/622
f 405/497/623 2000/498/624 403/494/625
f 1997/457/626 1998/494/621 2005/461/627
f 404/457/628 375/499/603 1954/495/603
f 2008/500/629 406/501/630 404/457/628
f 374/502/606 403/494/625 1952/496/606
f 1999/503/631 2003/468/632 408/498/632
f 2006/461/633 414/470/633 409/500/634
f 407/468/635 413/471/636 410/461/637
f 2013/504/638 417/473/638 2012/505/638
f 386/477/639 418/476/639 2014/504/639
f 2011/505/640 391/478/640 387/479/640
f 416/504/617 1987/480/617 1976/477/617
f 415/505/617 1983/506/617 2017/507/617
f 415/505/617 2019/508/617 416/504/617
f 399/509/641 2018/510/641 395/485/641
f 2024/511/642 394/486/642 2020/512/642
f 2023/511/617 2022/513/617 402/514/617
f 1996/515/617 2023/511/617 402/514/617
f 2022/513/617 1990/509/617 402/514/617
f 421/513/643 420/516/643 419/517/643
f 2030/494/644 2027/495/645 2025/496/645
f 429/497/646 2032/498/647 425/494/648
f 2029/457/649 2030/494/644 2037/461/650
f 426/457/651 428/499/652 2028/495/652
f 2040/500/653 430/501/654 426/457/651
f 427/502/655 425/494/648 2026/496/655
f 2031/503/656 2035/468/657 432/498/657
f 2038/461/658 438/470/658 433/500/659
f 431/468/660 437/471/661 434/461/662
f 2047/504/663 445/473/663 2044/505/663
f 2049/477/664 446/476/664 2048/504/664
f 2043/505/665 2053/478/665 2045/479/665
f 442/504/666 2061/480/666 2050/477/666
f 441/505/666 2057/506/666 2055/507/666
f 441/505/666 2059/508/666 442/504/666
f 2063/509/618 2056/510/618 2058/485/618
f 2068/511/619 2062/486/619 2060/512/619
f 2067/511/666 2066/513/666 455/514/666
f 2070/515/666 2067/511/666 455/514/666
f 2066/513/666 2064/509/666 455/514/666
f 451/513/620 450/516/620 449/517/620
f 2072/518/667 424/519/668 2071/520/669
f 2074/498/670 458/521/671 456/518/672
f 2071/520/669 2081/500/673 2079/522/673
f 457/520/674 428/499/652 459/523/675
f 2082/500/676 459/523/675 2083/464/676
f 456/518/672 427/524/655 2026/525/655
f 2073/503/677 2077/526/678 2078/527/677
f 467/528/679 2080/522/679 462/500/680
f 460/526/681 466/471/682 465/529/683
f 470/473/684 2087/504/684 2086/505/684
f 471/476/685 439/477/685 2088/504/685
f 444/478/686 2085/505/686 440/479/686
f 2061/480/666 469/504/666 2050/477/666
f 2091/507/666 2046/479/666 468/505/666
f 2093/508/666 468/505/666 469/504/666
f 2092/510/641 452/509/641 448/485/641
f 447/486/642 2098/511/642 2094/512/642
f 2097/511/666 455/514/666 2096/513/666
f 2070/515/666 455/514/666 2097/511/666
f 2096/513/666 455/514/666 2064/509/666
f 473/530/643 474/513/643 472/531/643
f 2142/532/111 2103/533/111 2147/534/111
f 2137/535/111 2099/536/111 2142/532/111
f 2147/534/111 2105/537/111 2135/538/111
f 2145/539/643 2152/540/643 478/541/643
f 2150/542/687 2151/543/687 479/544/687
f 2139/545/688 2154/546/688 2153/547/688
f 2104/548/689 2113/549/689 2106/550/689
f 2109/551/690 2100/552/690 2102/553/690
f 482/554/691 2111/555/691 483/556/691
f 2120/557/111 2114/549/111 487/555/111
f 2127/558/111 2124/559/111 504/560/111
f 2129/561/111 2127/558/111 504/560/111
f 2122/562/692 2128/558/692 2130/561/692
f 2117/563/693 2123/559/693 2115/564/693
f 2119/565/694 494/559/694 495/558/694
f 2143/566/695 2136/535/695 2141/532/695
f 501/539/696 2146/534/696 2148/567/696
f 503/542/697 2134/538/697 2131/568/697
f 490/569/111 487/555/111 486/570/111
f 2118/571/111 486/570/111 2110/551/111
f 2124/559/111 2126/572/111 504/560/111
f 2172/532/111 2157/533/111 2155/536/111
f 2137/535/111 2155/536/111 2101/573/111
f 2177/534/111 2105/537/111 2157/533/111
f 2181/540/620 2175/574/620 505/541/620
f 476/543/698 2180/542/698 506/544/698
f 2182/546/699 2140/575/699 477/547/699
f 2158/576/700 484/577/700 2162/555/700
f 2156/578/701 485/579/701 481/580/701
f 507/581/702 2161/555/702 2160/570/702
f 2114/577/111 2166/582/111 510/555/111
f 2169/558/111 504/560/111 2168/559/111
f 2129/561/111 504/560/111 2169/558/111
f 492/561/703 512/583/703 488/584/703
f 2163/564/704 493/572/704 489/563/704
f 2165/585/705 513/559/705 2164/586/705
f 2171/532/706 499/575/707 2173/566/706
f 2176/534/708 516/574/708 2178/587/708
f 497/538/709 518/542/710 496/588/709
f 510/555/111 511/589/111 509/570/111
f 509/570/111 2118/590/111 2110/579/111
f 2168/559/111 504/560/111 2126/572/111
f 580/591/711 2200/592/617 2211/593/617
f 2187/594/712 539/595/713 538/596/712
f 2186/597/713 540/598/714 539/595/713
f 2188/599/714 541/600/715 540/601/714
f 575/602/716 551/603/717 2197/604/718
f 2191/605/719 541/600/715 2189/606/720
f 580/591/711 2198/607/721 2199/608/722
f 2214/609/723 544/610/724 578/611/724
f 2214/609/723 537/612/725 545/613/726
f 533/594/666 2192/614/727 534/597/727
f 534/597/727 2194/615/728 535/599/728
f 535/599/728 2195/616/729 536/606/729
f 576/617/730 542/618/731 2191/619/719
f 575/602/716 2198/607/721 577/620/721
f 576/617/730 544/621/724 543/622/730
f 549/615/732 2205/623/733 550/616/733
f 550/616/733 2206/624/734 2196/603/734
f 2196/603/734 2207/625/735 552/604/735
f 552/604/735 2208/626/736 553/607/736
f 554/608/737 2208/627/736 2209/628/737
f 554/608/737 2210/629/738 546/592/738
f 547/630/739 2202/631/740 548/614/740
f 548/614/740 2204/632/732 549/615/732
f 563/633/741 564/634/742 555/635/742
f 556/636/743 566/637/744 557/638/744
f 557/638/744 567/639/745 558/640/745
f 558/640/745 568/641/746 559/642/746
f 560/643/747 568/641/746 569/644/747
f 560/643/747 570/645/748 561/646/748
f 561/646/748 571/647/749 562/648/749
f 563/633/741 571/647/749 572/649/741
f 2201/650/750 574/605/750 2190/606/751
f 579/609/752 2215/591/752 2213/593/753
f 2216/617/754 2201/650/750 2217/602/754
f 2216/617/754 2219/620/755 2218/651/755
f 579/609/752 2219/620/755 2215/591/752
f 573/650/756 2195/616/729 551/603/717
f 2220/652/757 2311/653/758 2221/654/759
f 2221/654/759 2310/655/760 2325/656/760
f 2222/657/761 2310/658/760 2309/659/762
f 2222/657/761 2308/660/763 2223/661/763
f 2223/661/763 2307/662/764 2224/663/765
f 2224/663/765 2184/664/766 2225/665/766
f 2225/665/766 2183/666/767 2226/667/767
f 2326/668/768 2183/666/767 2185/669/768
f 586/661/643 2230/670/769 585/657/769
f 588/663/770 2231/671/643 586/661/643
f 589/665/771 2232/672/770 588/663/770
f 590/667/772 2233/673/771 589/665/771
f 582/668/617 2234/674/772 590/667/772
f 584/654/727 2227/675/666 583/652/666
f 587/656/728 2228/676/727 584/654/727
f 585/657/769 2229/677/728 587/656/728
f 593/678/773 2242/679/774 2241/680/773
f 594/681/774 2243/682/775 2242/679/774
f 595/683/775 2244/684/776 2243/682/775
f 597/685/777 2244/684/776 596/686/776
f 2236/687/778 2238/688/779 2253/689/780
f 2257/690/781 2237/691/781 2255/692/781
f 705/693/782 2253/689/780 2238/688/779
f 592/694/783 2241/680/773 2240/695/783
f 2239/688/784 702/687/785 2258/696/786
f 599/697/787 2321/698/788 2239/688/784
f 601/680/789 2246/699/790 600/695/790
f 602/679/791 2247/700/789 601/680/789
f 603/682/792 2248/701/791 602/679/791
f 604/684/793 2249/702/792 603/682/792
f 604/684/793 2251/703/794 2250/704/793
f 2258/696/786 2320/705/795 2245/706/796
f 606/707/797 2266/708/798 614/709/799
f 608/710/800 616/711/801 607/712/801
f 608/710/800 2261/713/802 2260/714/803
f 610/715/804 2261/713/802 609/716/802
f 610/715/804 2263/717/805 2262/718/806
f 612/719/807 2263/717/805 611/720/805
f 612/719/807 2265/721/808 2264/722/807
f 614/709/799 2265/721/808 2252/723/808
f 2259/724/112 620/725/112 622/726/112
f 631/727/809 2273/728/810 630/729/810
f 2275/730/811 631/731/809 632/732/811
f 2276/733/812 632/732/811 624/734/812
f 626/735/813 2268/736/814 625/737/814
f 2270/738/815 626/735/813 627/739/815
f 2271/740/816 627/741/815 628/742/817
f 2272/743/818 628/742/817 629/744/818
f 2273/728/810 629/745/818 630/729/810
f 2313/746/819 641/730/772 2315/747/772
f 648/748/820 696/749/821 649/750/822
f 2315/747/772 633/733/617 694/751/617
f 644/752/823 2277/753/824 2278/754/823
f 644/752/823 2279/755/825 645/756/825
f 2313/746/819 639/728/826 640/757/819
f 646/758/827 2279/755/825 2280/759/827
f 647/760/828 2280/759/827 2281/761/828
f 647/762/828 2283/763/820 648/748/820
f 650/764/829 693/765/830 642/766/830
f 649/767/822 699/768/829 650/764/829
f 655/761/643 639/728/826 2282/763/826
f 654/759/769 638/743/643 655/761/643
f 653/755/728 637/740/769 654/759/769
f 652/754/727 636/738/728 653/755/728
f 651/753/666 635/769/727 652/754/727
f 663/770/831 2289/771/832 662/772/832
f 2292/773/833 663/774/831 664/775/833
f 2293/776/834 664/775/833 656/777/835
f 658/778/836 2284/779/837 657/780/837
f 659/781/838 2285/782/836 658/778/836
f 660/783/839 2286/784/838 659/785/838
f 661/786/840 2287/787/839 660/783/839
f 2289/771/832 661/788/840 662/772/832
f 681/789/841 2302/790/842 682/791/842
f 682/791/842 2303/792/843 674/793/844
f 676/794/845 2294/795/846 2295/796/845
f 677/797/847 2295/796/845 2296/798/848
f 2323/799/643 669/787/849 670/800/643
f 677/801/847 2304/802/850 678/803/850
f 2306/804/851 2291/805/852 2299/806/853
f 688/790/854 665/776/617 683/792/617
f 688/790/854 672/805/855 673/773/854
f 681/807/841 2301/808/856 2298/806/841
f 679/809/857 2301/808/856 680/810/858
f 2323/799/643 671/771/851 2306/804/851
f 679/811/857 2304/802/850 710/812/857
f 685/796/727 668/784/859 686/798/859
f 684/795/666 667/782/727 685/796/727
f 522/813/860 691/814/861 521/815/861
f 520/816/862 691/814/861 529/817/862
f 519/818/863 532/819/864 527/820/864
f 527/820/864 531/821/865 526/822/865
f 525/823/866 531/821/865 690/824/866
f 525/823/866 689/825/867 524/826/867
f 524/826/867 530/827/868 523/828/868
f 523/828/868 692/829/860 522/813/860
f 695/746/869 2314/749/869 697/763/870
f 698/747/871 2314/830/869 695/746/869
f 698/747/871 2318/765/872 2316/768/871
f 701/690/873 2256/692/873 2319/831/873
f 703/832/874 613/833/874 2251/703/794
f 704/698/875 2322/693/875 706/688/876
f 2305/834/877 708/802/878 2297/798/879
f 711/808/880 712/804/880 687/806/881
f 2305/834/877 2324/812/882 708/802/878
f 712/804/880 2324/835/882 709/799/883
f 707/834/849 668/784/859 669/787/849
f 613/836/874 703/837/874 2253/689/780
f 703/837/874 2236/687/778 2253/689/780
f 2258/696/786 598/838/786 599/697/787
f 599/697/787 2239/688/784 2258/696/786
f 2245/706/796 597/685/777 2258/696/786
f 597/685/777 598/838/786 2258/696/786
f 623/839/112 2267/840/112 2259/724/112
f 2259/724/112 617/841/112 618/842/112
f 618/842/112 619/843/112 620/725/112
f 620/725/112 621/844/112 622/726/112
f 622/726/112 623/839/112 2259/724/112
f 2259/724/112 618/842/112 620/725/112
f 2251/703/794 605/706/884 700/705/885
f 700/705/885 703/832/874 2251/703/794
f 2200/592/617 761/591/886 2211/593/617
f 2187/845/712 726/846/887 2329/847/887
f 2329/847/887 727/848/888 2330/849/888
f 727/601/888 2331/850/889 2330/849/888
f 756/851/890 736/603/891 754/852/892
f 728/600/893 2333/605/894 2331/850/889
f 761/591/886 2339/853/895 758/854/896
f 731/610/897 2349/855/898 759/856/897
f 2349/855/898 537/612/725 2212/593/725
f 2334/614/899 533/845/666 723/847/899
f 2335/857/900 723/847/899 724/849/900
f 2336/858/901 724/849/900 725/850/901
f 729/859/902 757/860/903 2333/619/894
f 2339/853/895 756/851/890 758/854/896
f 757/860/903 731/621/897 759/651/897
f 2344/861/904 734/857/905 735/858/904
f 2345/862/906 735/858/904 2337/603/906
f 2346/863/907 2337/603/906 737/864/907
f 2347/626/908 737/864/907 738/853/908
f 739/865/909 2347/627/908 738/853/908
f 2210/629/738 739/865/909 546/592/738
f 2342/631/910 547/866/739 733/614/910
f 2343/867/905 733/614/910 734/857/905
f 564/868/742 746/633/911 555/869/742
f 747/870/912 556/871/743 740/638/912
f 748/872/913 740/638/912 741/873/913
f 749/874/914 741/873/913 742/875/914
f 743/876/915 749/874/914 742/875/914
f 744/877/916 750/878/915 743/876/915
f 752/879/917 744/877/916 745/880/917
f 746/633/911 752/879/917 745/880/917
f 2341/852/918 2332/850/919 755/605/918
f 760/855/920 581/593/921 2350/591/922
f 2351/860/923 2341/852/918 755/619/918
f 2354/854/924 2351/860/923 2353/651/924
f 760/855/920 2354/854/924 2353/856/924
f 754/852/892 2336/858/901 725/850/901
f 2431/653/925 2220/652/757 2355/654/925
f 2430/881/926 2355/654/925 2440/656/926
f 2429/659/927 2440/656/926 2356/657/927
f 2428/660/928 2356/657/927 2357/882/928
f 2427/662/929 2357/882/928 2358/883/929
f 2328/664/930 2358/883/929 2359/884/930
f 2327/885/931 2359/884/930 2360/667/931
f 2185/669/768 2360/667/931 2326/886/768
f 2363/887/932 764/882/620 763/657/932
f 2364/671/620 766/883/933 764/882/620
f 2365/672/933 767/884/934 766/883/933
f 2366/673/934 768/667/935 767/884/934
f 2367/888/935 582/886/617 768/667/935
f 2227/889/666 762/654/899 583/652/666
f 2361/890/899 765/656/900 762/654/899
f 2362/677/900 763/657/932 765/656/900
f 769/891/936 2373/892/937 770/893/937
f 770/893/937 2374/894/938 771/895/938
f 2374/894/938 772/896/939 771/895/938
f 2375/897/939 773/898/940 772/896/939
f 2368/899/941 2383/689/942 2370/900/943
f 2386/901/944 2384/902/944 2369/903/944
f 2383/689/942 705/904/782 2370/900/943
f 592/905/783 2372/906/936 769/891/936
f 2371/900/945 2387/907/946 856/899/947
f 775/908/948 2321/909/788 591/910/788
f 2246/911/790 776/906/949 600/912/790
f 776/906/949 2378/913/950 777/892/950
f 2378/914/950 778/894/951 777/892/950
f 778/894/951 2380/915/952 779/897/952
f 779/897/952 2381/916/953 780/706/954
f 2387/907/946 2376/706/955 2437/705/956
f 787/917/957 615/918/797 606/919/797
f 607/920/801 2388/921/958 781/922/959
f 781/922/959 2389/923/960 782/924/961
f 782/924/961 2390/925/962 783/926/962
f 2390/925/962 784/927/963 783/926/962
f 784/927/963 2392/928/964 785/929/965
f 2392/928/964 2382/930/966 785/929/965
f 2393/931/966 787/917/957 2382/930/966
f 2259/724/112 793/726/112 791/725/112
f 799/932/967 2400/757/968 800/933/968
f 800/731/968 2401/934/969 801/935/969
f 801/935/969 2276/936/812 624/734/812
f 625/737/814 2395/937/970 795/938/970
f 795/938/970 2396/738/971 796/939/971
f 796/940/971 2397/740/972 797/742/972
f 798/941/973 2397/740/972 2398/942/973
f 799/932/967 2398/942/973 2399/728/967
f 808/934/935 2432/943/974 2434/747/935
f 850/749/975 813/748/976 814/750/977
f 633/936/617 2434/747/935 694/751/617
f 809/944/978 2277/945/824 643/946/824
f 2403/947/979 809/944/978 810/756/979
f 2432/943/974 806/728/980 2406/948/980
f 2404/759/981 810/949/979 811/950/981
f 2405/761/982 811/950/981 812/760/982
f 2407/948/983 812/951/982 813/748/976
f 693/765/830 815/952/984 642/766/830
f 853/768/984 814/767/977 815/952/984
f 806/728/980 819/761/620 2406/948/980
f 805/942/620 818/759/932 819/761/620
f 804/740/932 817/947/900 818/759/932
f 803/738/900 816/754/899 817/947/900
f 802/937/899 651/945/666 816/754/899
f 825/953/985 2412/954/986 2413/955/987
f 825/956/985 2415/957/988 826/775/988
f 826/775/988 2293/776/834 656/777/835
f 820/778/989 2284/958/837 2408/782/989
f 821/959/990 2408/782/989 2409/784/990
f 822/960/991 2409/784/990 2410/961/991
f 823/962/992 2410/961/991 2411/963/992
f 823/964/992 2412/954/986 824/965/993
f 2423/966/994 839/789/995 840/967/994
f 2303/792/843 840/967/994 674/793/844
f 834/794/996 2294/795/846 675/968/846
f 835/797/997 2416/796/996 834/794/996
f 2438/969/620 829/961/998 859/970/998
f 2424/802/999 835/971/997 836/803/999
f 2414/955/1000 2426/972/1001 2420/973/1002
f 665/776/617 844/966/1003 683/792/617
f 844/966/1003 832/955/1004 2421/973/1004
f 839/974/995 2422/975/1005 838/976/1006
f 2422/975/1005 837/977/1007 838/976/1006
f 831/954/1001 2438/969/620 2426/972/1001
f 837/978/1007 2424/802/999 836/803/999
f 828/784/1008 841/796/899 842/798/1008
f 827/782/899 684/795/666 841/796/899
f 847/979/1009 714/980/1010 713/981/1009
f 529/982/862 713/981/1009 520/816/862
f 719/983/1011 528/984/863 519/985/863
f 721/986/1012 719/983/1011 718/987/1012
f 717/988/1013 721/986/1012 718/987/1012
f 845/989/1014 717/988/1013 716/990/1014
f 715/991/1015 845/989/1014 716/990/1014
f 848/992/1010 715/991/1015 714/980/1010
f 849/943/1016 851/948/1017 2433/749/1016
f 2433/830/1016 852/747/1018 849/943/1016
f 852/747/1018 2318/765/872 2317/751/872
f 855/901/1019 2436/993/1019 2385/902/1019
f 857/832/1020 2381/916/953 786/994/1020
f 704/909/875 858/900/1021 2322/904/875
f 2425/970/1022 2418/798/1023 860/802/1024
f 863/975/1025 843/973/1026 864/972/1025
f 2425/970/1022 2439/812/1027 861/969/1028
f 2439/995/1027 864/972/1025 861/969/1028
f 859/970/998 828/784/1008 842/798/1008
f 786/996/1020 2383/689/942 857/997/1020
f 857/997/1020 2383/689/942 2368/899/941
f 2387/907/946 775/908/948 774/998/946
f 775/908/948 2387/907/946 2371/900/945
f 2376/706/955 2387/907/946 773/898/940
f 773/898/940 2387/907/946 774/998/946
f 794/839/112 2259/724/112 2267/840/112
f 2259/724/112 789/842/112 788/841/112
f 789/842/112 791/725/112 790/843/112
f 791/725/112 793/726/112 792/844/112
f 793/726/112 2259/724/112 794/839/112
f 2259/724/112 791/725/112 789/842/112
f 2381/916/953 854/705/1029 780/706/954
f 854/705/1029 2381/916/953 857/832/1020
f 2448/999/1030 2444/1000/617 867/1001/617
f 2449/1002/1031 2443/1003/111 865/1004/111
f 869/1005/112 2446/1006/1032 868/999/1032
f 867/1001/617 2442/1007/1033 866/1002/1033
f 873/1006/1034 2452/1008/1035 872/1000/1035
f 870/1003/1036 2539/1009/1037 877/1010/1036
f 874/1011/1038 2450/1012/1034 873/1006/1034
f 872/1000/1035 2539/1013/1037 871/1007/1037
f 876/1014/1039 2458/1015/1040 2451/1016/1041
f 878/1017/1042 2454/1018/1043 2540/1019/1044
f 879/1016/1045 882/1020/1046 878/1017/1042
f 875/1019/1047 2455/1021/1048 2541/1022/1049
f 2457/1015/1050 2462/1023/1051 882/1020/1046
f 881/1018/1052 2461/1024/1053 880/1021/1054
f 884/1025/1055 2464/1026/1056 883/1015/1056
f 882/1020/1046 2460/1027/1057 2454/1018/1043
f 2499/1028/1058 2493/1029/1059 2505/1030/1060
f 2503/1031/1061 2492/1032/1062 2507/1033/1062
f 2506/1034/1063 2494/1035/1064 2499/1028/1058
f 2505/1030/1060 2490/1036/1065 2503/1031/1061
f 2469/1037/1066 2473/1038/1033 892/1039/1066
f 890/1040/1067 2466/1041/1032 2474/1042/1032
f 893/1038/1031 2472/1043/1068 894/1044/1069
f 891/1042/1030 2469/1037/1066 892/1039/1066
f 897/1037/643 2479/1045/643 898/1046/643
f 2477/1047/643 896/1041/643 895/1048/643
f 898/1046/643 2481/1049/643 899/1043/643
f 2475/1050/643 897/1037/643 896/1041/643
f 902/1051/617 2482/1052/1070 2480/1053/1033
f 900/1054/112 2483/1055/1071 2476/1056/1032
f 908/1052/1072 904/1057/111 903/1053/1031
f 906/1055/1073 902/1051/617 901/1056/1030
f 908/1052/1072 2487/1058/1074 909/1059/1075
f 906/1055/1073 912/1060/1076 907/1061/1077
f 907/1061/1077 2488/1062/1078 2482/1052/1070
f 905/1063/1079 2484/1064/1080 2483/1055/1071
f 912/1060/1076 2495/1065/1081 2488/1062/1078
f 910/1066/1082 2491/1067/1083 911/1064/1083
f 913/1062/1084 919/1068/1085 914/1058/1085
f 2485/1064/1086 917/1069/1087 912/1060/1076
f 933/1070/1088 2504/1031/1089 2501/1071/1089
f 932/1072/1090 2500/1028/1091 2497/1073/1092
f 931/1071/1093 923/1033/1094 934/1074/1095
f 930/1073/1096 921/1030/1088 933/1070/1088
f 2522/1075/1097 2510/1076/1098 926/1077/1097
f 2524/1078/1099 2514/1079/1100 927/1080/1101
f 2509/1081/1102 925/1082/1103 2511/1076/1104
f 2513/1083/1105 926/1077/1097 2515/1079/1106
f 2516/1084/1107 2498/1073/1108 2519/1070/1107
f 2517/1085/1109 2502/1071/1110 2520/1074/1109
f 928/1086/1108 2521/1072/1111 2498/1073/1108
f 929/1087/1110 2519/1070/1107 2502/1071/1110
f 2528/1088/1112 936/1089/1113 2529/1090/1114
f 2534/1091/1115 937/1092/1116 2535/1093/1116
f 887/1094/1117 2532/1095/1118 886/1096/1119
f 889/1097/1120 2526/1098/1121 888/1099/1122
f 940/1100/1123 938/1101/1124 2528/1088/1112
f 2529/1090/1114 939/1102/1125 2534/1091/1115
f 886/1103/1119 945/1104/1126 885/1105/1126
f 888/1106/1122 943/1107/1127 887/1094/1117
f 942/1090/1128 2525/1098/1129 2527/1088/1129
f 944/1093/1130 2531/1095/1131 2533/1091/1131
f 947/1088/1132 2538/1108/1133 2537/1100/1133
f 949/1091/1134 2530/1107/1128 942/1090/1128
f 2545/1000/666 2548/999/1135 951/1001/666
f 2443/1003/111 2549/1109/1136 865/1110/111
f 2547/1111/1137 869/1005/112 952/999/1137
f 2544/1007/1138 951/1001/666 950/1109/1138
f 2552/1112/1139 955/1111/1140 954/1000/1139
f 870/1003/1036 2615/1113/1141 953/1007/1141
f 2550/1114/1140 874/1115/1038 955/1111/1140
f 2615/1013/1141 954/1000/1139 953/1007/1141
f 2556/1015/1142 876/1014/1039 2551/1016/1143
f 2554/1018/1144 957/1116/1145 2616/1019/1146
f 960/1020/1147 958/1016/1148 957/1116/1145
f 2455/1021/1048 956/1019/1149 2541/1022/1049
f 2559/1117/1150 2555/1015/1151 960/1020/1147
f 2461/1118/1053 959/1018/1152 880/1021/1054
f 2561/1119/1153 884/1120/1055 961/1015/1153
f 2558/1121/1154 960/1020/1147 2554/1018/1144
f 2582/1122/1155 2587/1123/1156 2593/1124/1157
f 2492/1125/1062 2591/1126/1158 2507/1127/1062
f 2583/1128/1159 2506/1129/1063 2587/1123/1156
f 2580/1130/1160 2593/1124/1157 2591/1126/1158
f 2567/1038/1138 2564/1131/666 966/1132/666
f 2568/1042/1137 2468/1133/1161 890/1134/1067
f 894/1135/1069 2566/1136/1136 967/1038/1136
f 965/1042/1135 2564/1131/666 2563/1137/1135
f 969/1131/643 2572/1138/643 2571/1139/643
f 968/1137/643 2477/1047/643 895/1133/643
f 970/1136/643 2481/1049/643 2572/1140/643
f 969/1131/643 2569/1141/643 968/1137/643
f 972/1051/666 2574/1052/1162 975/1142/1163
f 900/1054/112 2575/1055/1164 905/1063/1079
f 904/1057/111 976/1052/1165 973/1053/1136
f 971/1056/1135 975/1142/1163 974/1055/1166
f 976/1052/1165 2487/1143/1074 2579/1062/1167
f 974/1055/1166 978/1060/1168 2577/1064/1169
f 975/1142/1163 2578/1062/1170 978/1060/1168
f 905/1063/1079 2576/1064/1171 2486/1066/1172
f 978/1060/1168 2584/1065/1173 981/1069/1174
f 910/1066/1082 2581/1144/1175 915/1145/1176
f 979/1062/1177 919/1146/1085 982/1065/1177
f 2577/1064/1169 981/1069/1174 980/1144/1178
f 2592/1126/1179 991/1147/1180 2589/1148/1179
f 2588/1123/1181 932/1149/1090 2585/1150/1182
f 923/1127/1094 990/1148/1183 934/1151/1095
f 983/1124/1180 989/1150/1184 991/1147/1180
f 2604/1152/1185 2596/1153/1186 2594/1154/1187
f 2524/1078/1099 2600/1079/1188 2598/1155/1189
f 2595/1154/1190 925/1156/1103 2523/1157/1191
f 2599/1155/1192 986/1077/1185 2604/1152/1185
f 2602/1158/1193 2586/1150/1194 987/1159/1194
f 2517/1160/1109 2590/1148/1195 988/1161/1195
f 987/1162/1194 2521/1149/1111 2518/1163/1111
f 988/1164/1195 2603/1147/1193 2602/1158/1193
f 992/1165/1196 2608/1166/1197 2609/1167/1198
f 937/1168/1116 2614/1169/1199 2535/1170/1116
f 2612/1095/1200 963/1171/1201 962/1172/1200
f 2606/1173/1202 889/1174/1120 964/1175/1203
f 993/1176/1204 940/1177/1123 2608/1166/1197
f 994/1178/1205 2609/1167/1198 2614/1169/1199
f 945/1179/1126 962/1180/1200 885/1181/1126
f 996/1182/1206 964/1183/1203 963/1171/1201
f 2605/1173/1207 995/1167/1208 2607/1166/1207
f 2611/1095/1209 944/1170/1130 2613/1169/1209
f 2538/1184/1133 998/1166/1210 2537/1177/1133
f 2610/1182/1208 1000/1169/1211 995/1167/1208
f 1111/1185/1212 2746/1186/1213 1128/1187/1212
f 2743/1188/1214 1104/1189/1215 2741/1190/1215
f 2632/1191/1216 1009/1192/1217 1010/1193/1218
f 2658/1194/1219 1047/1195/1220 1046/1196/1221
f 2741/1190/1215 1105/1197/1222 2740/1198/1223
f 1005/1199/1224 1047/1195/1220 1045/1200/1225
f 1127/1201/1226 1116/1202/1227 1017/1203/1228
f 1105/1204/1222 1123/1205/1229 2740/1206/1223
f 1027/1207/1230 1017/1203/1228 1048/1208/1231
f 1100/1209/1232 1118/1210/1233 2746/1211/1213
f 2631/1212/1234 1002/1213/1235 2632/1191/1216
f 2658/1194/1219 1046/1196/1221 1048/1208/1231
f 2627/1214/1236 2660/1215/1237 2629/1216/1238
f 2648/1217/1239 1006/1218/1240 1029/1219/1241
f 1124/1220/1242 2651/1221/1243 2738/1222/1244
f 2646/1223/1245 1007/1224/1246 1006/1218/1240
f 2656/1225/1247 2654/1226/1248 1033/1227/1249
f 1120/1228/1250 2738/1222/1244 1032/1229/1251
f 2653/1226/1252 1014/1230/1252 2633/1231/1253
f 1029/1219/1241 1032/1229/1251 2738/1222/1244
f 2662/1232/1254 2644/1233/1255 2636/1234/1256
f 2657/1227/1257 1011/1235/1258 2634/1236/1259
f 2630/1237/1260 1030/1238/1261 2628/1239/1262
f 2663/1240/1263 2617/1241/1263 2619/1242/1263
f 1038/1242/1264 2642/1243/1264 2643/1244/1264
f 2637/1245/1265 1034/1232/1265 2635/1246/1265
f 1021/1247/1266 2664/1240/1267 2659/1248/1268
f 1016/1249/1269 2624/1250/1270 1018/1251/1271
f 1036/1250/1272 2638/1252/1273 2640/1253/1274
f 2668/1254/1275 2670/1255/1276 2672/1256/1277
f 2671/1255/1278 2649/1257/1278 2650/1258/1279
f 2647/1259/1280 1040/1260/1281 1026/1261/1282
f 1044/1256/1283 1024/1262/1284 1025/1263/1283
f 1042/1254/1285 1023/1264/1286 1022/1265/1287
f 1020/1266/1288 1032/1229/1251 1045/1200/1225
f 1004/1267/1289 1048/1208/1231 1046/1196/1221
f 1008/1268/1290 1046/1196/1221 1047/1195/1220
f 1029/1219/1241 1005/1199/1224 1045/1200/1225
f 1003/1269/1291 1027/1207/1230 1048/1208/1231
f 1002/1213/1235 1003/1269/1291 1065/1270/1292
f 1005/1199/1224 1006/1218/1240 1080/1271/1293
f 2688/1272/1294 1057/1273/1295 1058/1274/1296
f 2714/1275/1297 1095/1276/1298 1094/1277/1299
f 2691/1278/1300 1004/1267/1289 1008/1268/1290
f 1053/1279/1301 1095/1276/1298 1093/1280/1302
f 2697/1281/1303 1003/1269/1291 2699/1282/1304
f 1007/1224/1246 2706/1283/1305 1006/1218/1240
f 1075/1284/1306 1065/1270/1292 1096/1285/1307
f 2684/1286/1308 1075/1284/1306 2686/1287/1309
f 2684/1286/1308 1009/1192/1217 1002/1213/1235
f 2688/1272/1294 1075/1284/1306 1050/1288/1310
f 2714/1275/1297 1094/1277/1299 1096/1285/1307
f 2683/1289/1311 2716/1290/1312 1061/1291/1312
f 2702/1292/1313 1077/1293/1314 2704/1294/1315
f 1077/1293/1314 1080/1271/1293 1006/1218/1240
f 2702/1292/1313 1055/1295/1316 1054/1296/1317
f 2712/1297/1318 2710/1298/1319 1081/1299/1320
f 2691/1278/1300 1008/1268/1290 1005/1199/1224
f 2709/1298/1321 2687/1300/1322 2689/1301/1321
f 2706/1283/1305 1077/1293/1314 1006/1218/1240
f 2718/1302/1323 2700/1303/1324 2692/1304/1325
f 2713/1299/1326 1059/1305/1327 2690/1306/1328
f 1062/1307/1329 1078/1308/1330 1060/1309/1331
f 2719/1310/1332 2673/1311/1333 2675/1312/1334
f 1086/1312/1335 2698/1313/1336 1063/1314/1337
f 1068/1315/1338 1082/1302/1339 1067/1316/1340
f 1069/1317/1341 2720/1310/1342 2715/1318/1343
f 1064/1319/1344 2680/1320/1345 1066/1321/1345
f 1084/1320/1346 2694/1322/1347 2696/1323/1348
f 2724/1324/1349 2726/1325/1350 2728/1326/1351
f 2727/1325/1352 2705/1327/1353 2707/1328/1354
f 2703/1329/1355 1088/1330/1356 1074/1331/1357
f 1092/1326/1358 1072/1332/1359 1073/1333/1360
f 1070/1334/1361 1089/1335/1361 1071/1336/1362
f 2693/1337/1363 1080/1271/1293 1093/1280/1302
f 1052/1338/1364 1096/1285/1307 1094/1277/1299
f 1056/1339/1365 1094/1277/1299 1095/1276/1298
f 1077/1293/1314 1053/1279/1301 1093/1280/1302
f 1051/1340/1366 1075/1284/1306 1096/1285/1307
f 2651/1221/1243 1029/1219/1241 2738/1222/1244
f 1019/1341/1367 1126/1342/1368 1120/1228/1250
f 2641/1343/1369 1116/1202/1227 1015/1344/1370
f 1101/1345/1233 2743/1346/1214 1118/1210/1233
f 1012/1347/1371 1027/1207/1230 2631/1212/1234
f 1019/1341/1367 1117/1348/1372 1126/1342/1368
f 1012/1347/1371 1113/1349/1373 1127/1201/1226
f 2730/1197/1374 1103/1350/1375 1106/1351/1374
f 1103/1350/1375 2731/1352/1376 1109/1353/1376
f 2733/1345/1377 1099/1354/1378 1102/1355/1377
f 2731/1356/1376 1102/1355/1377 1109/1357/1376
f 1112/1358/1379 2734/1359/1380 1098/1360/1380
f 1099/1361/1378 2735/1185/1379 1112/1358/1379
f 2736/1362/1381 1106/1363/1374 1107/1364/1381
f 2737/1222/1382 1119/1190/1383 2739/1198/1382
f 1119/1190/1383 2744/1342/1384 1125/1188/1384
f 2748/1348/1385 1115/1211/1386 2745/1210/1387
f 2744/1342/1384 2745/1210/1387 1125/1346/1384
f 2752/1201/1388 2750/1365/1389 2749/1187/1388
f 1115/1186/1386 2752/1201/1388 2749/1187/1388
f 2754/1220/1390 1122/1206/1391 2753/1205/1390
f 1114/1365/1392 1111/1185/1212 1128/1187/1212
f 2866/1366/1393 1215/1367/1394 1228/1187/1395
f 2863/1368/1396 1210/1369/1397 1214/1352/1396
f 1009/1370/1217 2769/1371/1398 1010/1193/1218
f 2791/1372/1399 1165/1195/1400 2775/1373/1401
f 2861/1374/1397 1211/1375/1402 1210/1369/1397
f 1133/1199/1403 1165/1195/1400 1135/1268/1404
f 1227/1376/1405 1141/1377/1406 1218/1202/1407
f 1123/1378/1229 1211/1379/1402 2860/1380/1402
f 1149/1381/1408 1141/1377/1406 1227/1376/1405
f 1220/1382/1409 1206/1383/1393 2866/1211/1393
f 1130/1384/1410 2768/1212/1411 2769/1371/1398
f 1166/1385/1412 1164/1386/1413 2791/1372/1399
f 2765/1387/1414 2660/1388/1237 2763/1389/1415
f 2783/1390/1416 1134/1391/1417 2781/1392/1418
f 1124/1393/1242 2786/1394/1419 2652/1395/1420
f 2781/1392/1418 1007/1396/1246 2645/1397/1421
f 1033/1398/1249 2788/1399/1422 2790/1400/1423
f 1222/1228/1424 1153/1401/1425 2858/1402/1426
f 1138/1403/1427 2787/1399/1428 2770/1404/1429
f 1153/1401/1425 1151/1405/1430 2858/1402/1426
f 2780/1406/1431 2794/1407/1432 2772/1408/1433
f 1136/1409/1434 2657/1398/1257 2634/1410/1259
f 2767/1411/1435 1152/1389/1436 1150/1400/1437
f 2795/1240/1438 2761/1250/1439 2757/1242/1438
f 2778/1243/1440 1158/1242/1440 2779/1244/1440
f 2773/1245/1441 1154/1407/1441 2760/1412/1441
f 1145/1413/1442 2796/1240/1443 1157/1414/1444
f 1140/1415/1445 2762/1250/1446 1159/1240/1447
f 2774/1416/1448 1156/1250/1449 2776/1253/1450
f 2672/1256/1277 2801/1417/1451 2799/1418/1452
f 2784/1257/1453 2802/1417/1454 2785/1419/1455
f 2782/1420/1456 1040/1260/1281 2798/1421/1457
f 1148/1422/1458 1044/1256/1283 1025/1423/1283
f 1147/1424/1459 1161/1418/1460 1146/1425/1460
f 1163/1426/1461 1144/1427/1462 2775/1373/1401
f 1166/1385/1412 1132/1428/1463 1164/1386/1413
f 1164/1386/1413 1135/1268/1404 1165/1195/1400
f 1133/1199/1403 1151/1405/1430 1163/1426/1461
f 1149/1381/1408 1131/1429/1464 1166/1385/1412
f 1130/1384/1410 1179/1430/1465 1131/1429/1464
f 1133/1199/1403 1191/1271/1466 1134/1391/1417
f 1057/1431/1295 2817/1272/1467 1058/1432/1296
f 2839/1275/1468 1203/1276/1469 2823/1433/1470
f 2819/1278/1471 1132/1428/1463 2827/1282/1472
f 1171/1279/1473 1203/1276/1469 1173/1339/1474
f 2827/1282/1472 1131/1429/1464 2825/1281/1475
f 1007/1396/1246 2833/1434/1476 2708/1435/1477
f 1187/1436/1478 1179/1430/1465 1130/1384/1410
f 1187/1436/1478 2814/1437/1479 2815/1438/1480
f 2814/1437/1479 1009/1370/1217 2685/1439/1481
f 2817/1272/1467 1187/1436/1478 2815/1438/1480
f 1204/1285/1482 1202/1277/1483 2839/1275/1468
f 2813/1440/1484 2716/1441/1312 2811/1442/1485
f 1189/1293/1486 2829/1292/1487 2831/1294/1488
f 1191/1271/1466 1189/1293/1486 1134/1391/1417
f 2829/1292/1487 1055/1295/1316 2701/1443/1316
f 1081/1444/1320 2836/1445/1489 2838/1446/1489
f 1133/1199/1403 1135/1268/1404 2819/1278/1471
f 2816/1447/1490 2835/1445/1491 2818/1448/1491
f 1189/1293/1486 2833/1434/1476 1134/1391/1417
f 2828/1449/1492 2842/1302/1493 2820/1304/1494
f 1174/1450/1495 2713/1444/1326 2690/1451/1328
f 1176/1452/1496 1190/1442/1497 1188/1446/1498
f 2843/1453/1499 2809/1320/1500 2805/1454/1501
f 2826/1313/1502 1196/1454/1502 1177/1314/1337
f 1182/1455/1503 1192/1302/1504 2808/1456/1505
f 1183/1317/1506 2844/1453/1506 1195/1457/1506
f 1178/1458/1507 2810/1320/1508 1197/1453/1507
f 2822/1322/1509 1194/1320/1510 2824/1323/1511
f 2728/1459/1351 2849/1325/1512 2847/1324/1513
f 2832/1327/1514 2850/1325/1515 2834/1328/1516
f 2830/1329/1517 1088/1330/1356 2846/1335/1518
f 1186/1460/1519 1092/1459/1358 1073/1461/1360
f 1184/1334/1520 1198/1335/1520 1199/1324/1521
f 1201/1280/1522 2821/1462/1523 2823/1433/1470
f 1204/1285/1482 1170/1338/1524 1202/1277/1483
f 1202/1277/1483 1173/1339/1474 1203/1276/1469
f 1171/1279/1473 1189/1293/1486 1201/1280/1522
f 1187/1436/1478 1169/1340/1525 1204/1285/1482
f 1151/1405/1430 2786/1394/1419 2858/1402/1426
f 1222/1228/1424 1226/1342/1526 1143/1463/1527
f 1139/1464/1528 1218/1202/1407 2777/1465/1529
f 2863/1346/1396 1207/1466/1409 1220/1382/1409
f 1149/1381/1408 1137/1467/1530 2768/1212/1411
f 1143/1463/1527 1219/1468/1528 1139/1464/1528
f 1137/1467/1530 1113/1469/1373 1013/1470/1531
f 1209/1350/1532 2852/1375/1533 1212/1471/1533
f 1209/1350/1532 2853/1352/1534 2851/1369/1532
f 1205/1472/1535 2855/1466/1536 1208/1473/1536
f 1208/1473/1536 2853/1474/1534 1213/1357/1534
f 1216/1475/1537 2734/1359/1380 2856/1367/1537
f 1205/1476/1535 2856/1367/1537 2854/1477/1535
f 1212/1363/1533 2736/1478/1381 1107/1479/1381
f 1221/1374/1538 2857/1402/1539 2859/1480/1539
f 1221/1374/1538 2864/1342/1540 2862/1228/1538
f 1217/1211/1541 2868/1468/1542 2865/1382/1543
f 2865/1382/1543 2864/1342/1540 1225/1346/1540
f 2750/1365/1389 2870/1376/1544 2869/1187/1544
f 1217/1366/1541 2870/1376/1544 2867/1202/1541
f 1224/1380/1545 2754/1393/1390 2753/1378/1390
f 1114/1365/1392 1215/1367/1394 1097/1359/1392
f 1239/1481/1546 2881/1482/1546 2880/1483/1546
f 2876/1484/1547 2886/1485/1547 2877/1486/1547
f 2887/1487/1548 2871/1488/1548 2873/1489/1548
f 2882/1482/1549 1235/1487/1549 2874/1489/1549
f 1238/1485/1550 2879/1483/1550 2878/1486/1550
f 1236/1490/1551 2875/1484/1551 2872/1491/1551
f 1234/1482/1552 2897/1492/1552 1233/1483/1552
f 1231/1484/1552 2895/1493/1552 2893/1494/1553
f 1229/1489/1552 2889/1495/1552 2891/1496/1552
f 1229/1489/1552 2899/1497/1552 1234/1482/1552
f 1233/1483/1552 2895/1498/1552 1232/1486/1552
f 1231/1484/1552 2889/1499/1552 1230/1491/1552
f 2900/1500/1554 1251/1501/1555 2898/1502/1556
f 2894/1503/1557 2904/1504/1558 1249/1505/1559
f 2890/1506/1560 2905/1507/1561 2892/1508/1560
f 1241/1508/1562 1252/1509/1563 1246/1500/1562
f 1244/1510/1564 2901/1501/1565 1250/1504/1565
f 1242/1511/1566 2903/1505/1567 1248/1512/1567
f 1247/1507/1563 2918/1513/1568 1252/1509/1563
f 2901/1501/1565 2914/1514/1569 1250/1504/1565
f 1248/1512/1567 2911/1515/1570 2908/1516/1571
f 2902/1509/1572 2916/1517/1573 1251/1501/1555
f 1249/1505/1559 2913/1514/1574 2912/1515/1574
f 2905/1507/1561 2907/1518/1575 2909/1519/1575
f 1255/1520/1576 1257/1517/1576 1253/1521/1577
f 2922/1522/1578 2941/1523/1578 2938/1524/1578
f 2937/1525/1578 2930/1526/1579 1266/1527/1579
f 2941/1523/1578 2921/1528/1579 2937/1525/1578
f 2932/1527/1578 2924/1529/1578 2940/1530/1578
f 2924/1529/1578 2938/1524/1578 2940/1530/1578
f 2925/1531/1580 2928/1532/1581 2934/1533/1581
f 2919/1534/1582 2927/1535/1583 2963/1536/1582
f 2942/1523/1580 2935/1537/1581 2961/1538/1581
f 2962/1539/1584 1262/1523/1585 1272/1538/1584
f 1261/1535/1586 2964/1540/1587 1284/1536/1587
f 1265/1541/1588 1288/1542/1589 1287/1532/1589
f 1263/1525/1590 1271/1543/1591 1269/1544/1591
f 1285/1540/1592 1267/1531/1592 1286/1533/1592
f 1270/1545/1593 1259/1524/1594 1283/1546/1593
f 2944/1547/1595 2951/1548/1596 2949/1549/1595
f 2951/1550/1596 2948/1551/1597 2956/1552/1598
f 2952/1553/1599 2959/1554/1600 2950/1555/1601
f 2955/1556/1602 2954/1557/1603 1277/1553/1602
f 2947/1551/1604 2945/1558/1605 2946/1559/1604
f 1281/1547/112 1289/1560/112 1274/1558/112
f 2949/1549/1595 1290/1561/1606 2944/1547/1595
f 1279/1557/1607 1291/1562/1608 2960/1554/1608
f 1279/1557/1607 2958/1563/1607 1291/1564/1608
f 2988/1523/1609 2969/1522/1609 2985/1524/1609
f 2984/1525/1609 2977/1565/1609 2968/1528/1609
f 2988/1523/1609 2968/1528/1609 2973/1566/1609
f 2979/1567/1609 2971/1568/1609 2978/1565/1609
f 2985/1524/1609 2971/1568/1609 2987/1530/1609
f 2975/1569/1610 2972/1570/1611 2981/1571/1610
f 2966/1572/1612 2974/1573/1613 2967/1574/1613
f 2982/1537/1610 2989/1523/1611 3004/1575/1614
f 3005/1576/1615 1295/1523/1616 2986/1524/1617
f 3007/1577/1618 1294/1573/1619 1315/1578/1618
f 1319/1579/1620 1298/1580/1621 1318/1569/1620
f 1304/1543/1622 1296/1525/1623 1302/1544/1622
f 1316/1577/1624 1300/1570/1624 1293/1581/1624
f 1303/1582/1625 1292/1524/1626 1301/1530/1627
f 2991/1583/1595 2949/1584/1595 2996/1548/1628
f 2996/1585/1628 2995/1551/1629 2991/1583/1595
f 1280/1586/1630 2997/1553/1631 1275/1587/1632
f 2999/1588/1633 3000/1556/1634 1309/1553/1634
f 2994/1551/1635 2992/1589/1635 2990/1583/1635
f 1312/1583/112 1289/1590/112 2965/1591/112
f 2949/1584/1595 2991/1583/1595 1290/1591/1606
f 1311/1588/1636 2960/1586/1608 1291/1562/1608
f 1311/1588/1636 1291/1592/1608 3003/1593/1636
f 3026/1523/1637 3010/1522/1637 3023/1524/1637
f 3022/1525/1637 3017/1565/1638 3009/1528/1637
f 3026/1523/1637 3009/1528/1637 3014/1566/1638
f 3019/1567/1637 3012/1568/1637 3018/1565/1637
f 3023/1524/1637 3012/1568/1637 3025/1530/1637
f 2928/1569/1581 3013/1570/1639 2934/1571/1581
f 2919/1572/1582 3015/1573/1640 3008/1574/1640
f 2935/1537/1581 3027/1523/1639 2961/1575/1581
f 2962/1576/1584 1323/1523/1641 3024/1524/1641
f 2964/1577/1587 1322/1573/1642 1284/1578/1587
f 1288/1579/1589 1326/1580/1643 1287/1569/1589
f 1271/1543/1591 1324/1525/1644 1269/1544/1591
f 1285/1577/1592 1328/1570/1592 1321/1581/1645
f 1270/1582/1593 1320/1524/1646 1329/1530/1647
f 3029/1583/1606 3031/1584/1606 3033/1548/1648
f 3033/1585/1648 2948/1551/1597 3029/1583/1606
f 3037/1586/1649 3034/1553/1650 3032/1587/1651
f 3036/1588/1652 1276/1556/1653 1332/1553/1654
f 1282/1551/1655 3030/1589/1655 3028/1583/1656
f 1335/1583/111 1336/1590/111 3039/1591/111
f 3031/1584/1606 3029/1583/1606 1337/1591/1595
f 1333/1588/1607 3038/1586/1608 1291/1562/1608
f 1333/1588/1607 1291/1592/1608 2958/1593/1607
f 3042/1522/1657 3058/1594/1657 3055/1595/1657
f 3054/1525/1657 3049/1596/1657 1345/1597/1657
f 3058/1594/1657 3041/1598/1657 3054/1525/1657
f 3051/1597/1657 3044/1568/1657 3057/1599/1657
f 3044/1568/1657 3055/1595/1657 3057/1599/1657
f 3045/1570/1658 2975/1600/1610 2981/1571/1610
f 2966/1572/1612 3047/1601/1659 3006/1602/1660
f 3059/1594/1661 2982/1537/1610 3004/1575/1614
f 3005/1576/1615 1341/1594/1662 1305/1575/1615
f 1340/1601/1663 3007/1603/1618 1315/1602/1618
f 1344/1580/1664 1319/1579/1620 1318/1600/1620
f 1342/1525/1665 1304/1543/1622 1302/1604/1622
f 1316/1603/1624 1346/1570/1624 1317/1571/1624
f 1303/1582/1625 1338/1595/1666 1314/1605/1625
f 3061/1606/1606 3063/1548/1667 3031/1607/1606
f 3063/1585/1667 2995/1608/1629 3001/1552/1668
f 3064/1609/1669 1334/1610/1670 1331/1611/1671
f 1308/1612/1672 3066/1613/1673 1349/1609/1672
f 1313/1608/1674 3062/1614/1674 1306/1615/1674
f 1351/1606/111 1336/1616/111 1348/1614/111
f 3031/1607/1606 1337/1591/1595 3061/1606/1606
f 1350/1613/1636 1291/1562/1608 3038/1610/1608
f 1350/1613/1636 3003/1593/1636 1291/1592/1608
f 1356/1617/1675 3077/1618/1675 3076/1619/1675
f 1354/1620/1676 3073/1621/1676 3072/1622/1676
f 3084/1623/1677 3069/1624/1677 3083/1625/1678
f 1352/1626/1679 3078/1618/1679 1357/1627/1679
f 3079/1628/1680 3074/1621/1680 1355/1629/1680
f 3081/1630/1681 3068/1631/1681 1353/1632/1681
f 1363/1618/1682 1358/1624/1682 1360/1622/1682
f 3098/1633/1683 3094/1634/1683 1368/1617/1683
f 3100/1635/1684 3090/1636/1684 1366/1637/1684
f 3102/1638/1685 3087/1639/1685 3101/1640/1685
f 1364/1641/1686 3096/1642/1686 1369/1643/1686
f 1367/1644/1687 3093/1634/1687 3092/1645/1687
f 1365/1646/1688 3089/1636/1688 3086/1647/1688
f 1374/1634/1689 1375/1642/1689 1370/1639/1689
f 3116/1633/1690 3112/1634/1690 1380/1617/1690
f 3118/1635/1691 3108/1636/1691 1378/1637/1691
f 3120/1638/1692 3105/1639/1692 3119/1640/1692
f 1376/1641/1693 3114/1642/1693 1381/1643/1693
f 3115/1648/1694 3110/1645/1694 1379/1644/1694
f 1377/1646/1695 3107/1636/1695 3104/1647/1695
f 1387/1642/1696 1382/1639/1696 1384/1636/1696
f 1512/1/1 9/28/33 1476/2/2
f 1521/13/10 28/30/10 1607/14/11
f 1555/7/5 1462/9/5 1463/19/14
f 1603/24/19 1475/28/23 1578/25/20
f 1615/5/18 3/138/246 1629/27/22
f 1475/28/23 48/39/1697 1579/29/24
f 1629/27/22 1500/33/25 1550/30/25
f 1579/29/24 48/39/1697 54/31/26
f 1500/33/25 1501/143/1698 29/14/27
f 1593/32/26 54/31/26 1621/34/28
f 1621/34/28 1458/43/29 1460/36/29
f 29/14/27 1501/143/1698 1627/37/30
f 1472/40/34 1533/1649/36 1478/41/35
f 13/4/3 15/6/3 28/30/10
f 1632/48/44 1612/148/1699 23/49/45
f 1464/19/46 18/9/51 135/51/47
f 18/9/51 1588/8/54 136/55/52
f 1635/53/50 1636/58/56 1548/56/53
f 1588/8/54 19/10/58 137/57/55
f 19/10/58 21/12/214 138/60/59
f 1391/61/60 1482/204/61 1413/62/61
f 1496/65/65 1504/64/64 1601/66/66
f 1497/67/67 1601/66/66 1564/68/68
f 1564/68/68 1565/70/70 1499/17/69
f 1388/71/72 73/82/80 1551/72/73
f 1516/74/74 1454/106/75 1441/75/75
f 1388/71/72 1598/73/72 1599/79/77
f 73/82/80 1516/74/74 1552/76/74
f 1444/89/89 1567/1650/89 1571/90/89
f 1436/92/90 1403/1651/92 1407/93/91
f 1442/97/95 1452/352/95 1450/98/95
f 77/100/96 1625/165/96 1438/18/97
f 1426/103/100 1465/361/101 1486/104/101
f 1560/114/109 1424/328/109 1590/115/109
f 1427/117/110 1471/1652/110 1584/118/110
f 101/115/115 52/38/116 47/37/116
f 59/91/120 89/90/120 53/23/121
f 1443/46/42 1526/22/41 14/5/122
f 1568/135/117 1610/146/124 1602/138/124
f 107/139/125 26/15/125 1491/38/113
f 109/140/126 1619/4/126 27/13/127
f 1553/142/129 1559/112/107 1628/37/107
f 1554/144/131 43/33/134 4/27/132
f 1553/142/129 44/143/130 43/33/134
f 108/141/128 27/13/127 26/15/125
f 109/140/126 106/137/123 14/5/122
f 1610/146/124 1589/145/133 4/27/132
f 93/98/138 94/352/138 67/148/138
f 1445/147/135 1493/162/152 1495/49/139
f 1448/95/93 1633/48/93 1630/50/142
f 1437/153/143 1506/160/144 64/56/144
f 100/110/105 1514/109/104 1513/154/146
f 1620/156/148 1576/161/148 1494/157/149
f 1600/152/142 1630/50/142 61/54/150
f 1506/160/144 1522/159/151 61/54/150
f 1484/155/147 1513/154/146 1576/161/148
f 1493/162/152 1503/158/149 1494/157/149
f 1418/150/140 1437/153/143 1416/59/145
f 98/104/156 97/361/156 1625/165/96
f 84/94/160 91/93/1700 1574/168/161
f 113/169/163 112/174/164 76/74/164
f 114/170/165 72/71/169 81/78/166
f 1432/172/167 36/69/173 33/17/168
f 92/166/157 111/171/166 81/78/166
f 96/107/102 1455/106/102 76/74/164
f 114/170/165 113/169/163 1577/82/163
f 1467/175/170 1575/176/174 11/65/171
f 1432/172/167 1467/175/170 35/67/172
f 1431/173/168 33/17/168 1624/16/154
f 1435/80/78 12/63/78 11/65/171
f 56/119/177 105/118/177 42/36/177
f 86/85/182 1604/24/182 40/26/182
f 118/181/183 117/183/184 1622/31/184
f 121/182/185 122/185/190 46/29/186
f 117/183/184 116/187/193 30/34/187
f 118/181/183 1539/39/183 8/1/188
f 122/185/190 1614/232/276 41/25/191
f 1474/186/192 5/35/194 1461/36/175
f 116/187/193 1425/44/39 1459/43/38
f 1434/179/179 119/184/189 8/1/188
f 121/182/185 6/32/185 5/35/194
f 50/41/195 1518/196/197 1536/21/196
f 1502/189/199 1509/10/199 17/8/200
f 1473/101/98 39/21/98 20/11/202
f 1530/192/204 123/193/205 16/7/205
f 1502/189/199 124/191/203 20/11/202
f 1613/190/201 17/8/200 16/7/205
f 1391/61/60 1415/59/62 24/154/215
f 1456/197/216 24/154/215 1515/109/217
f 1423/199/218 1420/388/1701 1393/200/219
f 1393/200/219 1420/388/1701 1583/202/221
f 1483/204/223 127/203/225 110/202/224
f 1390/210/231 125/207/231 103/206/231
f 1487/214/236 1504/64/64 82/79/237
f 1487/214/236 75/73/236 74/72/240
f 1488/215/241 74/72/240 79/76/242
f 1639/63/63 1573/168/1702 130/217/244
f 1595/85/248 1412/220/1703 7/218/249
f 1594/85/84 1529/84/84 83/219/251
f 1401/221/253 1581/226/1704 1609/222/254
f 132/226/258 1404/406/1705 1449/227/258
f 130/217/244 131/221/1706 80/77/243
f 148/53/264 1631/50/45 23/49/45
f 1415/59/62 149/58/267 25/161/266
f 149/58/267 148/53/264 22/157/265
f 69/66/235 151/213/234 150/216/270
f 1637/216/238 1638/213/268 128/214/268
f 140/231/273 85/1653/1707 37/83/274
f 1605/233/277 1423/199/218 1395/201/220
f 152/233/279 104/234/281 99/198/280
f 1730/235/282 161/259/317 1766/236/283
f 1843/14/292 180/260/293 1773/246/293
f 1717/19/296 1716/242/287 1801/241/287
f 1816/255/302 1729/259/308 1839/24/303
f 1850/240/300 1797/239/305 1863/256/305
f 1817/258/307 200/261/311 1729/259/308
f 1798/260/309 1754/262/309 1863/256/305
f 1817/258/307 1829/32/310 206/31/310
f 181/14/312 1755/267/316 1754/262/309
f 1829/32/310 1828/265/313 1856/263/313
f 1714/264/314 1712/43/314 1856/263/313
f 181/14/312 1746/271/1708 1861/266/315
f 1726/268/319 1734/42/321 1732/269/320
f 180/260/293 167/239/285 165/238/284
f 1866/275/329 1865/50/536 175/49/330
f 135/277/47 170/242/335 1718/19/332
f 136/279/52 1825/243/337 170/242/335
f 1796/280/336 1870/283/339 1869/53/334
f 137/281/55 171/244/340 1825/243/337
f 138/284/59 173/245/485 171/244/340
f 1667/285/341 1736/204/341 1645/286/342
f 1750/288/345 1751/291/348 1837/290/347
f 1751/291/348 1860/293/349 1806/292/349
f 1753/250/350 1807/294/352 1806/292/349
f 1642/295/353 1834/73/353 1799/72/354
f 1770/297/356 1800/302/362 1695/298/357
f 1835/79/359 1834/73/353 1642/295/353
f 225/296/355 1799/72/354 1800/302/362
f 1698/305/370 1853/342/370 1809/306/370
f 1690/308/371 1723/364/1709 1661/309/372
f 1704/313/376 1706/352/376 1696/314/376
f 229/316/377 1694/298/378 1692/249/378
f 1740/104/381 1719/361/381 1680/318/382
f 142/326/391 1805/339/391 1826/327/391
f 1681/329/392 1684/374/392 1822/118/392
f 199/266/396 204/271/396 253/327/397
f 211/342/400 209/253/401 205/254/401
f 166/240/402 1778/253/326 1697/274/328
f 141/340/398 1776/254/398 1838/257/403
f 1745/271/395 178/247/404 259/345/404
f 179/246/405 1854/238/406 261/346/406
f 144/348/408 196/267/1710 1862/266/388
f 156/256/409 195/262/411 146/349/410
f 195/262/411 196/267/1710 144/348/408
f 178/247/404 179/246/405 260/347/407
f 261/346/406 1854/238/406 166/240/402
f 143/344/403 1838/257/403 156/256/409
f 245/313/415 212/275/415 219/276/415
f 1699/147/412 1846/276/414 1749/49/416
f 1864/50/421 1867/275/374 1702/312/374
f 1691/354/422 1670/282/429 216/280/423
f 1767/356/424 1768/321/385 252/323/387
f 1748/357/425 1814/161/426 1855/156/426
f 213/54/427 1864/50/421 1836/152/421
f 1760/355/423 216/280/423 213/54/427
f 1814/161/426 1767/356/424 1738/155/424
f 1747/353/417 1749/49/416 1748/357/425
f 1672/150/418 1668/285/420 1670/282/429
f 250/104/433 229/316/377 1859/317/377
f 236/364/436 1874/287/1711 1812/365/437
f 265/169/439 1815/296/439 228/297/440
f 233/78/441 224/295/1712 266/366/442
f 185/250/443 188/293/1713 1686/368/444
f 244/362/434 1654/77/434 233/78/441
f 228/297/440 1709/299/383 248/320/383
f 266/366/442 224/295/1712 1815/296/439
f 1721/370/446 187/291/449 163/288/447
f 1686/368/444 188/293/1713 187/291/449
f 1858/248/432 185/250/443 1685/369/445
f 163/288/447 164/287/360 1689/301/360
f 208/374/452 183/43/1714 194/264/452
f 192/26/455 1840/24/455 238/85/455
f 270/181/456 1787/261/456 1857/31/457
f 273/376/458 158/32/458 198/258/459
f 269/375/457 1857/31/457 182/263/461
f 160/236/463 1787/261/456 270/181/456
f 274/185/460 198/258/459 193/255/465
f 1715/264/450 157/265/468 1728/186/467
f 268/187/462 182/263/461 1713/43/323
f 1688/179/453 1663/237/453 160/236/463
f 157/265/468 158/32/458 273/376/458
f 1784/252/469 1772/196/471 202/269/470
f 169/243/472 1763/244/473 1756/189/473
f 172/11/475 191/252/379 1727/101/379
f 1782/381/477 1791/251/1715 168/241/478
f 1756/189/473 1763/244/473 172/11/475
f 168/241/478 169/243/472 1848/379/474
f 1645/286/342 1710/197/487 176/356/486
f 1710/197/487 1762/412/488 1769/321/488
f 1647/385/489 1674/388/493 1677/199/490
f 1647/385/489 1833/389/1716 1821/387/492
f 1737/204/494 153/285/1717 262/387/495
f 1644/210/502 1646/396/502 255/392/502
f 1741/397/506 227/73/506 234/79/507
f 226/72/510 227/73/506 1741/397/506
f 1742/398/511 1807/294/352 231/302/512
f 282/399/514 1811/365/1718 1873/287/344
f 159/218/517 1666/1654/1719 1831/85/518
f 1830/85/365 272/1654/520 235/400/520
f 1655/401/522 1653/77/523 1845/402/523
f 284/226/528 267/402/1720 1703/227/528
f 282/399/514 1758/289/346 232/77/513
f 285/53/535 174/357/538 175/49/330
f 1669/282/343 176/356/486 177/161/537
f 286/283/537 177/161/537 174/357/538
f 221/290/505 222/292/542 287/216/541
f 1871/216/508 281/398/508 280/397/539
f 140/410/273 1623/378/275 189/303/544
f 1841/233/546 1651/1655/1721 1649/386/491
f 251/412/547 256/1655/549 289/233/548
f 1880/413/550 1890/421/1722 1891/414/550
f 1882/415/551 1892/414/551 1893/416/552
f 1877/418/553 1887/434/553 1885/419/553
f 1876/420/554 1886/419/554 1889/421/554
f 297/419/555 1888/434/556 301/422/556
f 297/419/555 302/423/557 303/424/558
f 298/421/558 303/424/558 304/425/559
f 299/414/559 304/425/559 300/426/560
f 294/415/112 309/431/112 308/427/112
f 1895/428/112 1878/418/112 306/429/112
f 1884/417/112 305/1656/112 309/431/112
f 292/420/112 307/432/112 306/429/112
f 293/413/112 308/427/112 307/432/112
f 1896/433/561 312/1657/561 301/422/556
f 291/418/562 310/428/562 311/433/562
f 1911/435/563 1910/439/1723 1902/436/563
f 290/438/564 295/443/564 1912/435/565
f 1905/419/566 1907/434/566 1899/418/567
f 1909/439/568 1906/419/568 1898/420/568
f 319/419/569 323/1658/1724 322/422/570
f 324/440/572 323/1658/1724 319/419/569
f 325/441/573 324/440/572 320/439/572
f 300/442/560 325/441/573 321/435/573
f 328/427/112 329/444/112 317/437/112
f 1895/428/112 313/430/112 326/429/112
f 329/444/112 305/1659/112 1884/438/112
f 326/429/112 327/445/112 315/420/112
f 327/445/112 328/427/112 316/436/112
f 322/422/570 312/1657/561 1896/433/561
f 314/418/562 318/434/562 311/433/562
f 1929/435/574 1928/439/1725 1918/436/574
f 1931/443/575 1930/435/575 1920/437/575
f 1923/419/576 1925/434/576 1915/418/576
f 1927/439/577 1924/419/577 1914/420/577
f 337/419/578 342/1658/1726 341/422/579
f 343/440/581 342/1658/1726 337/419/578
f 339/435/582 344/441/582 343/440/581
f 340/442/583 344/441/582 339/435/582
f 333/436/111 348/427/111 349/444/111
f 1933/428/111 353/430/111 346/429/111
f 349/444/111 345/1659/111 1922/438/111
f 346/429/111 347/445/111 332/420/111
f 347/445/111 348/427/111 333/436/111
f 341/422/579 352/1657/584 1934/433/584
f 331/418/585 336/434/585 351/433/585
f 1940/436/586 1948/449/1727 1949/435/586
f 1942/437/587 1950/435/587 335/443/587
f 1937/447/588 1945/434/588 1943/448/588
f 1936/420/589 1944/448/589 1947/449/589
f 359/448/590 1946/434/591 362/450/591
f 359/448/590 363/451/592 364/452/593
f 360/449/593 364/452/593 365/441/594
f 361/435/594 365/441/594 340/442/583
f 357/437/111 369/444/111 368/453/111
f 1933/428/111 1938/447/111 366/429/111
f 1922/446/111 345/1660/111 369/444/111
f 355/420/111 367/454/111 366/429/111
f 356/436/111 368/453/111 367/454/111
f 1934/433/584 352/1661/584 362/450/591
f 354/447/585 350/428/585 351/433/585
f 1956/455/595 1951/466/596 1953/456/596
f 1958/458/598 382/1662/598 376/459/599
f 1963/461/601 1960/468/601 1956/455/595
f 1960/468/601 1959/458/601 1956/455/595
f 1956/455/595 1955/457/597 1963/461/601
f 373/457/602 1954/456/603 375/462/603
f 1966/460/605 373/457/602 377/463/604
f 372/455/600 376/459/599 374/465/606
f 1957/467/607 379/458/608 1961/468/608
f 385/470/609 1968/1663/609 1964/461/609
f 378/468/611 381/461/1728 384/471/612
f 392/473/614 1978/1664/614 1973/474/614
f 393/476/615 1980/1665/615 1975/477/615
f 1979/478/616 1977/1666/616 1969/475/616
f 1987/480/617 1985/482/617 389/474/617
f 1981/481/617 1983/506/617 1972/479/617
f 1985/482/617 1981/481/617 388/475/617
f 1982/483/618 1991/490/618 1989/484/618
f 1988/486/619 1995/491/619 1994/487/619
f 397/492/620 400/487/620 398/490/620
f 1998/494/621 1997/457/626 371/495/622
f 405/497/623 411/1662/624 2000/498/624
f 2001/498/627 2002/468/627 1998/494/621
f 2002/468/627 2005/461/627 1998/494/621
f 2005/461/627 2007/500/627 1997/457/626
f 404/457/628 406/501/630 375/499/603
f 2008/500/629 2009/464/629 406/501/630
f 374/502/606 405/497/623 403/494/625
f 1999/503/631 2004/527/631 2003/468/632
f 2006/461/633 2010/1667/633 414/470/633
f 407/468/635 412/1668/1729 413/471/636
f 2013/504/638 2016/1664/638 417/473/638
f 386/477/639 390/1665/639 418/476/639
f 2011/505/640 2015/1666/640 391/478/640
f 416/504/617 2019/508/617 1987/480/617
f 415/505/617 1972/479/617 1983/506/617
f 415/505/617 2017/507/617 2019/508/617
f 399/509/641 2021/513/641 2018/510/641
f 2024/511/642 401/515/642 394/486/642
f 421/513/643 422/511/643 420/516/643
f 2030/494/644 2029/457/649 2027/495/645
f 429/497/646 435/1662/647 2032/498/647
f 2033/498/650 2034/468/650 2030/494/644
f 2034/468/650 2037/461/650 2030/494/644
f 2037/461/650 2039/500/650 2029/457/649
f 426/457/651 430/501/654 428/499/652
f 2040/500/653 2041/464/653 430/501/654
f 427/502/655 429/497/646 425/494/648
f 2031/503/656 2036/527/656 2035/468/657
f 2038/461/658 2042/1667/658 438/470/658
f 431/468/660 436/1668/1730 437/471/661
f 2047/504/663 2052/1664/663 445/473/663
f 2049/477/664 2054/1665/664 446/476/664
f 2043/505/665 2051/1666/665 2053/478/665
f 442/504/666 2059/508/666 2061/480/666
f 441/505/666 2046/479/666 2057/506/666
f 441/505/666 2055/507/666 2059/508/666
f 2063/509/618 2065/513/618 2056/510/618
f 2068/511/619 2069/515/619 2062/486/619
f 451/513/620 453/511/620 450/516/620
f 2072/518/667 423/525/668 424/519/668
f 2074/498/670 464/1669/670 458/521/671
f 2079/522/673 2076/526/673 2072/518/667
f 2076/526/673 2075/498/673 2072/518/667
f 2072/518/667 2071/520/669 2079/522/673
f 457/520/674 2028/519/652 428/499/652
f 2082/500/676 457/520/674 459/523/675
f 456/518/672 458/521/671 427/524/655
f 2073/503/677 461/498/678 2077/526/678
f 467/528/679 2084/1667/679 2080/522/679
f 460/526/681 463/522/1731 466/471/682
f 470/473/684 2090/1664/684 2087/504/684
f 471/476/685 443/1665/685 439/477/685
f 444/478/686 2089/1666/686 2085/505/686
f 2061/480/666 2093/508/666 469/504/666
f 2091/507/666 2057/506/666 2046/479/666
f 2093/508/666 2091/507/666 468/505/666
f 2092/510/641 2095/513/641 452/509/641
f 447/486/642 454/515/642 2098/511/642
f 473/530/643 475/511/643 474/513/643
f 2142/532/111 2099/536/111 2103/533/111
f 2137/535/111 2101/573/111 2099/536/111
f 2147/534/111 2103/533/111 2105/537/111
f 2145/539/643 2149/567/643 2152/540/643
f 2150/542/687 2132/568/687 2151/543/687
f 2139/545/688 2144/566/688 2154/546/688
f 2104/548/689 2112/555/689 2113/549/689
f 2109/551/690 2107/570/690 2100/552/690
f 482/554/691 2108/570/691 2111/555/691
f 2120/557/111 2121/1670/111 2114/549/111
f 2122/562/692 491/583/692 2128/558/692
f 2117/563/693 2125/572/693 2123/559/693
f 2119/565/694 2116/586/694 494/559/694
f 2143/566/695 2138/545/695 2136/535/695
f 501/539/696 500/532/696 2146/534/696
f 503/542/697 502/534/697 2134/538/697
f 490/569/111 2120/557/111 487/555/111
f 2118/571/111 490/569/111 486/570/111
f 2172/532/111 2177/534/111 2157/533/111
f 2137/535/111 2172/532/111 2155/536/111
f 2177/534/111 2135/538/111 2105/537/111
f 2181/540/620 2179/587/620 2175/574/620
f 476/543/698 2133/588/698 2180/542/698
f 2182/546/699 2174/566/699 2140/575/699
f 2158/576/700 480/1671/700 484/577/700
f 2156/578/701 2159/570/701 485/579/701
f 507/581/702 508/1672/702 2161/555/702
f 2114/577/111 2121/1673/111 2166/582/111
f 492/561/703 2170/558/703 512/583/703
f 2163/564/704 2167/559/704 493/572/704
f 2165/585/705 514/558/705 513/559/705
f 2171/532/706 498/535/707 499/575/707
f 2176/534/708 515/532/708 516/574/708
f 497/538/709 517/534/710 518/542/710
f 510/555/111 2166/582/111 511/589/111
f 509/570/111 511/589/111 2118/590/111
f 580/591/711 2199/608/722 2200/592/617
f 2187/594/712 2186/597/713 539/595/713
f 2186/597/713 2188/599/714 540/598/714
f 2188/599/714 2189/606/720 541/600/715
f 575/602/716 573/650/756 551/603/717
f 2191/605/719 542/1674/731 541/600/715
f 580/591/711 577/620/721 2198/607/721
f 2214/609/723 545/613/726 544/610/724
f 2214/609/723 2212/593/725 537/612/725
f 533/594/666 2193/630/666 2192/614/727
f 534/597/727 2192/614/727 2194/615/728
f 535/599/728 2194/615/728 2195/616/729
f 576/617/730 543/622/730 542/618/731
f 575/602/716 2197/604/718 2198/607/721
f 576/617/730 578/651/724 544/621/724
f 549/615/732 2204/1675/732 2205/623/733
f 550/616/733 2205/623/733 2206/624/734
f 2196/603/734 2206/1676/734 2207/625/735
f 552/604/735 2207/625/735 2208/626/736
f 554/608/737 553/607/736 2208/627/736
f 554/608/737 2209/628/737 2210/629/738
f 547/630/739 2203/1677/739 2202/631/740
f 548/614/740 2202/631/740 2204/632/732
f 563/633/741 572/649/741 564/634/742
f 556/636/743 565/1678/1732 566/637/744
f 557/638/744 566/637/744 567/639/745
f 558/640/745 567/639/745 568/641/746
f 560/643/747 559/642/746 568/641/746
f 560/643/747 569/644/747 570/645/748
f 561/646/748 570/645/748 571/647/749
f 563/633/741 562/648/749 571/647/749
f 2216/617/754 574/619/750 2201/650/750
f 2216/617/754 2217/602/754 2219/620/755
f 579/609/752 2218/611/755 2219/620/755
f 573/650/756 536/606/729 2195/616/729
f 2220/652/757 2312/1679/757 2311/653/758
f 2221/654/759 2311/653/758 2310/655/760
f 2222/657/761 2325/656/760 2310/658/760
f 2222/657/761 2309/659/762 2308/660/763
f 2223/661/763 2308/1680/763 2307/662/764
f 2224/663/765 2307/662/764 2184/664/766
f 2225/665/766 2184/1681/766 2183/666/767
f 2326/668/768 2226/667/767 2183/666/767
f 586/661/643 2231/671/643 2230/670/769
f 588/663/770 2232/672/770 2231/671/643
f 589/665/771 2233/673/771 2232/672/770
f 590/667/772 2234/674/772 2233/673/771
f 582/668/617 2235/1682/617 2234/674/772
f 584/654/727 2228/676/727 2227/675/666
f 587/656/728 2229/677/728 2228/676/727
f 585/657/769 2230/670/769 2229/677/728
f 593/678/773 594/681/774 2242/679/774
f 594/681/774 595/683/775 2243/682/775
f 595/683/775 596/686/776 2244/684/776
f 597/685/777 2245/706/796 2244/684/776
f 705/693/782 2254/1683/782 2253/689/780
f 592/694/783 593/678/773 2241/680/773
f 599/697/787 591/1684/788 2321/698/788
f 601/680/789 2247/700/789 2246/699/790
f 602/679/791 2248/1685/791 2247/700/789
f 603/682/792 2249/702/792 2248/701/791
f 604/684/793 2250/1686/793 2249/702/792
f 604/684/793 605/706/884 2251/703/794
f 606/707/797 615/1687/797 2266/708/798
f 608/710/800 2260/714/803 616/711/801
f 608/710/800 609/716/802 2261/713/802
f 610/715/804 2262/718/806 2261/713/802
f 610/715/804 611/720/805 2263/717/805
f 612/719/807 2264/722/807 2263/717/805
f 612/719/807 2252/723/808 2265/721/808
f 614/709/799 2266/708/798 2265/721/808
f 631/727/809 2274/757/809 2273/728/810
f 2275/730/811 2274/757/809 631/731/809
f 2276/733/812 2275/730/811 632/732/811
f 626/735/813 2269/769/813 2268/736/814
f 2270/738/815 2269/769/813 626/735/813
f 2271/740/816 2270/738/815 627/741/815
f 2272/743/818 2271/740/816 628/742/817
f 2273/728/810 2272/743/818 629/745/818
f 2313/746/819 640/757/819 641/730/772
f 648/748/820 2283/763/820 696/749/821
f 2315/747/772 641/730/772 633/733/617
f 644/752/823 643/1688/824 2277/753/824
f 644/752/823 2278/754/823 2279/755/825
f 2313/746/819 2282/763/826 639/728/826
f 646/758/827 645/949/825 2279/755/825
f 647/760/828 646/758/827 2280/759/827
f 647/762/828 2281/761/828 2283/763/820
f 650/764/829 699/768/829 693/765/830
f 649/767/822 696/830/821 699/768/829
f 655/761/643 638/743/643 639/728/826
f 654/759/769 637/740/769 638/743/643
f 653/755/728 636/738/728 637/740/769
f 652/754/727 635/769/727 636/738/728
f 651/753/666 634/736/666 635/769/727
f 663/770/831 2290/805/1733 2289/771/832
f 2292/773/833 2290/805/1733 663/774/831
f 2293/776/834 2292/773/833 664/775/833
f 658/778/836 2285/782/836 2284/779/837
f 659/781/838 2286/784/838 2285/782/836
f 660/783/839 2287/787/839 2286/784/838
f 661/786/840 2288/800/840 2287/787/839
f 2289/771/832 2288/800/840 661/788/840
f 681/789/841 2298/806/841 2302/790/842
f 682/791/842 2302/790/842 2303/792/843
f 676/794/845 675/968/846 2294/795/846
f 677/797/847 676/794/845 2295/796/845
f 2323/799/643 707/834/849 669/787/849
f 677/801/847 2296/798/848 2304/802/850
f 2306/804/851 671/771/851 2291/805/852
f 688/790/854 673/773/854 665/776/617
f 688/790/854 2300/806/855 672/805/855
f 681/807/841 680/810/858 2301/808/856
f 679/809/857 710/835/857 2301/808/856
f 2323/799/643 670/800/643 671/771/851
f 679/811/857 678/803/850 2304/802/850
f 685/796/727 667/782/727 668/784/859
f 684/795/666 666/779/666 667/782/727
f 522/813/860 692/829/860 691/814/861
f 520/816/862 521/815/861 691/814/861
f 519/818/863 528/984/863 532/819/864
f 527/820/864 532/819/864 531/821/865
f 525/823/866 526/822/865 531/821/865
f 525/823/866 690/824/866 689/825/867
f 524/826/867 689/825/867 530/827/868
f 523/828/868 530/827/868 692/829/860
f 698/747/871 2316/768/871 2314/830/869
f 698/747/871 2317/751/872 2318/765/872
f 2305/834/877 709/799/883 2324/812/882
f 712/804/880 711/808/880 2324/835/882
f 707/834/849 686/798/859 668/784/859
f 2200/592/617 2340/865/886 761/591/886
f 2187/845/712 538/1689/712 726/846/887
f 2329/847/887 726/846/887 727/848/888
f 727/601/888 728/600/893 2331/850/889
f 756/851/890 2338/864/1734 736/603/891
f 728/600/893 729/1690/902 2333/605/894
f 761/591/886 2340/865/886 2339/853/895
f 731/610/897 732/613/898 2349/855/898
f 2349/855/898 732/613/898 537/612/725
f 2334/614/899 2193/866/666 533/845/666
f 2335/857/900 2334/614/899 723/847/899
f 2336/858/901 2335/857/900 724/849/900
f 729/859/902 730/622/1735 757/860/903
f 2339/853/895 2338/864/1734 756/851/890
f 757/860/903 730/622/1735 731/621/897
f 2344/861/904 2343/1691/905 734/857/905
f 2345/862/906 2344/861/904 735/858/904
f 2346/863/907 2345/1676/906 2337/603/906
f 2347/626/908 2346/863/907 737/864/907
f 739/865/909 2348/628/909 2347/627/908
f 2210/629/738 2348/628/909 739/865/909
f 2342/631/910 2203/1677/739 547/866/739
f 2343/867/905 2342/631/910 733/614/910
f 564/868/742 753/1692/911 746/633/911
f 747/870/912 565/1693/1732 556/871/743
f 748/872/913 747/870/912 740/638/912
f 749/874/914 748/872/913 741/873/913
f 743/876/915 750/878/915 749/874/914
f 744/877/916 751/1694/916 750/878/915
f 752/879/917 751/1694/916 744/877/916
f 746/633/911 753/1692/911 752/879/917
f 2351/860/923 2352/851/923 2341/852/918
f 2354/854/924 2352/851/923 2351/860/923
f 760/855/920 2350/591/922 2354/854/924
f 754/852/892 736/603/891 2336/858/901
f 2431/653/925 2312/1679/757 2220/652/757
f 2430/881/926 2431/653/925 2355/654/925
f 2429/659/927 2430/1695/926 2440/656/926
f 2428/660/928 2429/659/927 2356/657/927
f 2427/662/929 2428/1696/928 2357/882/928
f 2328/664/930 2427/662/929 2358/883/929
f 2327/885/931 2328/1681/930 2359/884/930
f 2185/669/768 2327/885/931 2360/667/931
f 2363/887/932 2364/671/620 764/882/620
f 2364/671/620 2365/672/933 766/883/933
f 2365/672/933 2366/673/934 767/884/934
f 2366/673/934 2367/888/935 768/667/935
f 2367/888/935 2235/1697/617 582/886/617
f 2227/889/666 2361/890/899 762/654/899
f 2361/890/899 2362/677/900 765/656/900
f 2362/677/900 2363/887/932 763/657/932
f 769/891/936 2372/906/936 2373/892/937
f 770/893/937 2373/892/937 2374/894/938
f 2374/894/938 2375/897/939 772/896/939
f 2375/897/939 2376/706/955 773/898/940
f 2383/689/942 2254/1698/782 705/904/782
f 592/905/783 2240/912/783 2372/906/936
f 775/908/948 2371/900/945 2321/909/788
f 2246/911/790 2377/1699/949 776/906/949
f 776/906/949 2377/1699/949 2378/913/950
f 2378/914/950 2379/702/951 778/894/951
f 778/894/951 2379/702/951 2380/915/952
f 779/897/952 2380/1700/952 2381/916/953
f 787/917/957 2394/1701/1736 615/918/797
f 607/920/801 616/1702/801 2388/921/958
f 781/922/959 2388/921/958 2389/923/960
f 782/924/961 2389/923/960 2390/925/962
f 2390/925/962 2391/1703/963 784/927/963
f 784/927/963 2391/1703/963 2392/928/964
f 2392/928/964 2393/931/966 2382/930/966
f 2393/931/966 2394/1701/1736 787/917/957
f 799/932/967 2399/728/967 2400/757/968
f 800/731/968 2400/757/968 2401/934/969
f 801/935/969 2401/934/969 2276/936/812
f 625/737/814 2268/1704/814 2395/937/970
f 795/938/970 2395/937/970 2396/738/971
f 796/940/971 2396/738/971 2397/740/972
f 798/941/973 797/742/972 2397/740/972
f 799/932/967 798/745/973 2398/942/973
f 808/934/935 807/757/974 2432/943/974
f 850/749/975 2407/948/983 813/748/976
f 633/936/617 808/934/935 2434/747/935
f 809/944/978 2402/754/978 2277/945/824
f 2403/947/979 2402/754/978 809/944/978
f 2432/943/974 807/757/974 806/728/980
f 2404/759/981 2403/947/979 810/949/979
f 2405/761/982 2404/759/981 811/950/981
f 2407/948/983 2405/761/982 812/951/982
f 693/765/830 853/768/984 815/952/984
f 853/768/984 850/830/975 814/767/977
f 806/728/980 805/942/620 819/761/620
f 805/942/620 804/740/932 818/759/932
f 804/740/932 803/738/900 817/947/900
f 803/738/900 802/937/899 816/754/899
f 802/937/899 634/1704/666 651/945/666
f 825/953/985 824/965/993 2412/954/986
f 825/956/985 2413/955/987 2415/957/988
f 826/775/988 2415/957/988 2293/776/834
f 820/778/989 657/1705/837 2284/958/837
f 821/959/990 820/778/989 2408/782/989
f 822/960/991 821/1706/990 2409/784/990
f 823/962/992 822/960/991 2410/961/991
f 823/964/992 2411/963/992 2412/954/986
f 2423/966/994 2419/973/1737 839/789/995
f 2303/792/843 2423/966/994 840/967/994
f 834/794/996 2416/796/996 2294/795/846
f 835/797/997 2417/798/1738 2416/796/996
f 2438/969/620 830/963/620 829/961/998
f 2424/802/999 2417/798/1738 835/971/997
f 2414/955/1000 831/954/1001 2426/972/1001
f 665/776/617 833/957/1739 844/966/1003
f 844/966/1003 833/957/1739 832/955/1004
f 839/974/995 2419/973/1737 2422/975/1005
f 2422/975/1005 862/995/1007 837/977/1007
f 831/954/1001 830/963/620 2438/969/620
f 837/978/1007 862/812/1007 2424/802/999
f 828/784/1008 827/782/899 841/796/899
f 827/782/899 666/958/666 684/795/666
f 847/979/1009 848/992/1010 714/980/1010
f 529/982/862 847/979/1009 713/981/1009
f 719/983/1011 722/1707/1011 528/984/863
f 721/986/1012 722/1707/1011 719/983/1011
f 717/988/1013 846/824/1013 721/986/1012
f 845/989/1014 846/824/1013 717/988/1013
f 715/991/1015 720/1708/1015 845/989/1014
f 848/992/1010 720/1708/1015 715/991/1015
f 2433/830/1016 2435/768/1018 852/747/1018
f 852/747/1018 2435/768/1018 2318/765/872
f 2425/970/1022 860/802/1024 2439/812/1027
f 2439/995/1027 863/975/1025 864/972/1025
f 859/970/998 829/961/998 828/784/1008
f 2448/999/1030 2445/1006/1030 2444/1000/617
f 2449/1002/1031 2441/1007/1031 2443/1003/111
f 869/1005/112 2447/1011/112 2446/1006/1032
f 867/1001/617 2444/1000/617 2442/1007/1033
f 873/1006/1034 2450/1709/1034 2452/1008/1035
f 870/1003/1036 871/1007/1037 2539/1009/1037
f 874/1011/1038 2542/1710/1038 2450/1012/1034
f 872/1000/1035 2452/1008/1035 2539/1013/1037
f 876/1014/1039 2456/1025/1039 2458/1015/1040
f 878/1017/1042 882/1020/1046 2454/1018/1043
f 879/1016/1045 2457/1015/1050 882/1020/1046
f 875/1019/1047 2453/1018/1740 2455/1021/1048
f 2457/1015/1050 2463/1026/1741 2462/1023/1051
f 881/1018/1052 2459/1027/1742 2461/1024/1053
f 884/1025/1055 2465/1711/1055 2464/1026/1056
f 882/1020/1046 2462/1023/1051 2460/1027/1057
f 2499/1028/1058 2494/1712/1064 2493/1029/1059
f 2503/1031/1061 2490/1713/1065 2492/1032/1062
f 2506/1034/1063 2496/1714/1063 2494/1035/1064
f 2505/1030/1060 2493/1029/1059 2490/1036/1065
f 2469/1037/1066 2470/1046/1033 2473/1038/1033
f 890/1040/1067 2468/1048/1161 2466/1041/1032
f 893/1038/1031 2471/1046/1031 2472/1043/1068
f 891/1042/1030 2467/1041/1030 2469/1037/1066
f 897/1037/643 2478/1139/643 2479/1045/643
f 2477/1047/643 2475/1715/643 896/1041/643
f 898/1046/643 2479/1716/643 2481/1049/643
f 2475/1050/643 2478/1139/643 897/1037/643
f 902/1051/617 907/1061/1077 2482/1052/1070
f 900/1054/112 905/1063/1079 2483/1055/1071
f 908/1052/1072 909/1059/1075 904/1057/111
f 906/1055/1073 907/1061/1077 902/1051/617
f 908/1052/1072 2489/1062/1743 2487/1058/1074
f 906/1055/1073 2485/1064/1086 912/1060/1076
f 907/1061/1077 912/1060/1076 2488/1062/1078
f 905/1063/1079 2486/1066/1172 2484/1064/1080
f 912/1060/1076 917/1069/1087 2495/1065/1081
f 910/1066/1082 915/1717/1176 2491/1067/1083
f 913/1062/1084 918/1065/1084 919/1068/1085
f 2485/1064/1086 916/1067/1744 917/1069/1087
f 933/1070/1088 921/1030/1088 2504/1031/1089
f 932/1072/1090 920/1034/1090 2500/1028/1091
f 931/1071/1093 924/1031/1093 923/1033/1094
f 930/1073/1096 922/1028/1096 921/1030/1088
f 2522/1075/1097 2508/1081/1745 2510/1076/1098
f 2524/1078/1099 2512/1083/1746 2514/1079/1100
f 2509/1081/1102 2523/1157/1191 925/1082/1103
f 2513/1083/1105 2522/1075/1097 926/1077/1097
f 2516/1084/1107 928/1718/1108 2498/1073/1108
f 2517/1085/1109 929/1719/1110 2502/1071/1110
f 928/1086/1108 2518/1720/1111 2521/1072/1111
f 929/1087/1110 2516/1084/1107 2519/1070/1107
f 2528/1088/1112 938/1721/1124 936/1089/1113
f 2534/1091/1115 939/1722/1125 937/1092/1116
f 887/1094/1117 943/1107/1127 2532/1095/1118
f 889/1097/1120 941/1108/1120 2526/1098/1121
f 940/1100/1123 935/1723/1123 938/1101/1124
f 2529/1090/1114 936/1089/1113 939/1102/1125
f 886/1103/1119 2532/1095/1118 945/1104/1126
f 888/1106/1122 2526/1098/1121 943/1107/1127
f 942/1090/1128 2530/1107/1128 2525/1098/1129
f 944/1093/1130 2536/1104/1130 2531/1095/1131
f 947/1088/1132 946/1098/1747 2538/1108/1133
f 949/1091/1134 948/1095/1748 2530/1107/1128
f 2545/1000/666 2546/1111/1135 2548/999/1135
f 2443/1003/111 2543/1007/1136 2549/1109/1136
f 2547/1111/1137 2447/1115/112 869/1005/112
f 2544/1007/1138 2545/1000/666 951/1001/666
f 2552/1112/1139 2550/1709/1140 955/1111/1140
f 870/1003/1036 877/1010/1036 2615/1113/1141
f 2550/1114/1140 2542/1710/1038 874/1115/1038
f 2615/1013/1141 2552/1112/1139 954/1000/1139
f 2556/1015/1142 2456/1120/1039 876/1014/1039
f 2554/1018/1144 960/1020/1147 957/1116/1145
f 960/1020/1147 2555/1015/1151 958/1016/1148
f 2455/1021/1048 2553/1018/1749 956/1019/1149
f 2559/1117/1150 2560/1119/1750 2555/1015/1151
f 2461/1118/1053 2557/1121/1152 959/1018/1152
f 2561/1119/1153 2465/1711/1055 884/1120/1055
f 2558/1121/1154 2559/1117/1150 960/1020/1147
f 2582/1122/1155 2583/1724/1159 2587/1123/1156
f 2492/1125/1062 2580/1725/1160 2591/1126/1158
f 2583/1128/1159 2496/1726/1063 2506/1129/1063
f 2580/1130/1160 2582/1122/1155 2593/1124/1157
f 2567/1038/1138 2565/1136/1138 2564/1131/666
f 2568/1042/1137 2562/1137/1137 2468/1133/1161
f 894/1135/1069 2472/1727/1068 2566/1136/1136
f 965/1042/1135 966/1132/666 2564/1131/666
f 969/1131/643 970/1136/643 2572/1138/643
f 968/1137/643 2569/1728/643 2477/1047/643
f 970/1136/643 899/1727/643 2481/1049/643
f 969/1131/643 2571/1139/643 2569/1141/643
f 972/1051/666 2573/1053/1138 2574/1052/1162
f 900/1054/112 2570/1056/1137 2575/1055/1164
f 904/1057/111 909/1059/1075 976/1052/1165
f 971/1056/1135 972/1051/666 975/1142/1163
f 976/1052/1165 909/1059/1075 2487/1143/1074
f 974/1055/1166 975/1142/1163 978/1060/1168
f 975/1142/1163 2574/1052/1162 2578/1062/1170
f 905/1063/1079 2575/1055/1164 2576/1064/1171
f 978/1060/1168 2578/1062/1170 2584/1065/1173
f 910/1066/1082 977/1064/1751 2581/1144/1175
f 979/1062/1177 914/1143/1085 919/1146/1085
f 2577/1064/1169 978/1060/1168 981/1069/1174
f 2592/1126/1179 983/1124/1180 991/1147/1180
f 2588/1123/1181 920/1129/1090 932/1149/1090
f 923/1127/1094 985/1126/1183 990/1148/1183
f 983/1124/1180 984/1123/1184 989/1150/1184
f 2604/1152/1185 986/1077/1185 2596/1153/1186
f 2524/1078/1099 927/1080/1101 2600/1079/1188
f 2595/1154/1190 2597/1153/1752 925/1156/1103
f 2599/1155/1192 2601/1079/1753 986/1077/1185
f 2602/1158/1193 2603/1147/1193 2586/1150/1194
f 2517/1160/1109 2520/1151/1109 2590/1148/1195
f 987/1162/1194 2586/1150/1194 2521/1149/1111
f 988/1164/1195 2590/1148/1195 2603/1147/1193
f 992/1165/1196 993/1729/1204 2608/1166/1197
f 937/1168/1116 994/1730/1205 2614/1169/1199
f 2612/1095/1200 996/1182/1206 963/1171/1201
f 2606/1173/1202 941/1184/1120 889/1174/1120
f 993/1176/1204 935/1731/1123 940/1177/1123
f 994/1178/1205 992/1165/1196 2609/1167/1198
f 945/1179/1126 2612/1095/1200 962/1180/1200
f 996/1182/1206 2606/1173/1202 964/1183/1203
f 2605/1173/1207 2610/1182/1208 995/1167/1208
f 2611/1095/1209 2536/1179/1130 944/1170/1130
f 2538/1184/1133 997/1173/1754 998/1166/1210
f 2610/1182/1208 999/1095/1755 1000/1169/1211
f 1111/1185/1212 1100/1732/1232 2746/1186/1213
f 2743/1188/1214 1110/1352/1214 1104/1189/1215
f 2632/1191/1216 1002/1213/1235 1009/1192/1217
f 2658/1194/1219 2639/1733/1756 1047/1195/1220
f 2741/1190/1215 1104/1189/1215 1105/1197/1222
f 1005/1199/1224 1008/1268/1290 1047/1195/1220
f 1105/1204/1222 1108/1362/1229 1123/1205/1229
f 1027/1207/1230 1127/1201/1226 1017/1203/1228
f 1100/1209/1232 1101/1345/1233 1118/1210/1233
f 2631/1212/1234 1027/1207/1230 1002/1213/1235
f 1017/1203/1228 2641/1343/1369 1048/1208/1231
f 2641/1343/1369 2658/1194/1219 1048/1208/1231
f 2627/1214/1236 2625/1238/1757 2660/1215/1237
f 2648/1217/1239 2646/1223/1245 1006/1218/1240
f 1124/1220/1242 2652/1734/1420 2651/1221/1243
f 2646/1223/1245 2645/1735/1421 1007/1224/1246
f 1033/1227/1249 1031/1215/1249 2656/1225/1247
f 1031/1215/1249 2626/1238/1247 2656/1225/1247
f 2653/1226/1252 2655/1225/1758 1014/1230/1252
f 1029/1219/1241 1045/1200/1225 1032/1229/1251
f 2662/1232/1254 2620/1242/1255 2644/1233/1255
f 2657/1227/1257 1001/1226/1759 1011/1235/1258
f 2630/1237/1260 1028/1225/1261 1030/1238/1261
f 2619/1242/1263 2661/1232/1760 2623/1250/1760
f 2661/1232/1760 2621/1412/1761 2623/1250/1760
f 2623/1250/1760 2663/1240/1263 2619/1242/1263
f 1038/1242/1264 2618/1241/1264 2642/1243/1264
f 2637/1245/1265 2622/1412/1265 1034/1232/1265
f 1021/1247/1266 1037/1241/1762 2664/1240/1267
f 1016/1249/1269 1039/1240/1763 2624/1250/1270
f 1036/1250/1272 1035/1412/1764 2638/1252/1273
f 2672/1256/1277 2665/1260/1277 2668/1254/1275
f 2665/1260/1277 2666/1421/1276 2668/1254/1275
f 2671/1255/1278 2669/1254/1278 2649/1257/1278
f 2647/1259/1280 2667/1421/1765 1040/1260/1281
f 1044/1256/1283 1043/1255/1766 1024/1262/1284
f 1042/1254/1285 1041/1421/1767 1023/1264/1286
f 1045/1200/1225 1047/1195/1220 2639/1733/1756
f 2639/1733/1756 1020/1266/1288 1045/1200/1225
f 1004/1267/1289 1003/1269/1291 1048/1208/1231
f 1008/1268/1290 1004/1267/1289 1046/1196/1221
f 1029/1219/1241 1006/1218/1240 1005/1199/1224
f 1003/1269/1291 1002/1213/1235 1027/1207/1230
f 2688/1272/1294 1050/1288/1310 1057/1273/1295
f 2714/1275/1297 2695/1736/1768 1095/1276/1298
f 2691/1278/1300 2699/1282/1304 1004/1267/1289
f 1053/1279/1301 1056/1339/1365 1095/1276/1298
f 1065/1270/1292 1003/1269/1291 2697/1281/1303
f 1003/1269/1291 1004/1267/1289 2699/1282/1304
f 1007/1224/1246 2708/1737/1477 2706/1283/1305
f 1075/1284/1306 1002/1213/1235 1065/1270/1292
f 2684/1286/1308 1002/1213/1235 1075/1284/1306
f 2684/1286/1308 2685/1738/1481 1009/1192/1217
f 2688/1272/1294 2686/1287/1309 1075/1284/1306
f 1065/1270/1292 2697/1281/1303 1096/1285/1307
f 2697/1281/1303 2714/1275/1297 1096/1285/1307
f 2683/1289/1311 2681/1308/1769 2716/1290/1312
f 2702/1292/1313 1054/1296/1317 1077/1293/1314
f 1077/1293/1314 1093/1280/1302 1080/1271/1293
f 2702/1292/1313 2701/1739/1316 1055/1295/1316
f 1081/1299/1320 1079/1290/1770 2712/1297/1318
f 1079/1290/1770 2682/1308/1771 2712/1297/1318
f 1080/1271/1293 2693/1337/1363 1005/1199/1224
f 2693/1337/1363 2691/1278/1300 1005/1199/1224
f 2709/1298/1321 2711/1297/1322 2687/1300/1322
f 2706/1283/1305 2704/1294/1315 1077/1293/1314
f 2718/1302/1323 2676/1312/1772 2700/1303/1324
f 2713/1299/1326 1049/1298/1773 1059/1305/1327
f 1062/1307/1329 1076/1297/1774 1078/1308/1330
f 2675/1312/1334 2717/1302/1775 2679/1320/1775
f 2717/1302/1775 2677/1740/1333 2679/1320/1775
f 2679/1320/1775 2719/1310/1332 2675/1312/1334
f 1086/1312/1335 2674/1311/1776 2698/1313/1336
f 1068/1315/1338 2678/1740/1777 1082/1302/1339
f 1069/1317/1341 1085/1311/1778 2720/1310/1342
f 1064/1319/1344 1087/1310/1344 2680/1320/1345
f 1084/1320/1346 1083/1740/1347 2694/1322/1347
f 2728/1326/1351 2721/1330/1779 2724/1324/1349
f 2721/1330/1779 2722/1335/1350 2724/1324/1349
f 2727/1325/1352 2725/1324/1353 2705/1327/1353
f 2703/1329/1355 2723/1335/1780 1088/1330/1356
f 1092/1326/1358 1091/1325/1781 1072/1332/1359
f 1070/1334/1361 1090/1324/1782 1089/1335/1361
f 1093/1280/1302 1095/1276/1298 2695/1736/1768
f 2695/1736/1768 2693/1337/1363 1093/1280/1302
f 1052/1338/1364 1051/1340/1366 1096/1285/1307
f 1056/1339/1365 1052/1338/1364 1094/1277/1299
f 1077/1293/1314 1054/1296/1317 1053/1279/1301
f 1051/1340/1366 1050/1288/1310 1075/1284/1306
f 2651/1221/1243 2648/1217/1239 1029/1219/1241
f 1032/1229/1251 1020/1266/1288 1120/1228/1250
f 1020/1266/1288 1019/1341/1367 1120/1228/1250
f 1017/1203/1228 1116/1202/1227 2641/1343/1369
f 1116/1202/1227 1117/1348/1372 1015/1344/1370
f 1101/1345/1233 1110/1356/1214 2743/1346/1214
f 1012/1347/1371 1127/1201/1226 1027/1207/1230
f 1019/1341/1367 1015/1344/1370 1117/1348/1372
f 1012/1347/1371 1013/1470/1531 1113/1349/1373
f 2730/1197/1374 2729/1189/1375 1103/1350/1375
f 1103/1350/1375 2729/1189/1375 2731/1352/1376
f 2733/1345/1377 2732/1209/1378 1099/1354/1378
f 2731/1356/1376 2733/1345/1377 1102/1355/1377
f 1112/1358/1379 2735/1185/1379 2734/1359/1380
f 1099/1361/1378 2732/1732/1378 2735/1185/1379
f 2736/1362/1381 2730/1204/1374 1106/1363/1374
f 2737/1222/1382 2742/1228/1383 1119/1190/1383
f 1119/1190/1383 2742/1228/1383 2744/1342/1384
f 2748/1348/1385 2747/1202/1386 1115/1211/1386
f 2744/1342/1384 2748/1348/1385 2745/1210/1387
f 2752/1201/1388 2751/1349/1389 2750/1365/1389
f 1115/1186/1386 2747/1202/1386 2752/1201/1388
f 2754/1220/1390 1121/1222/1391 1122/1206/1391
f 1114/1365/1392 1097/1359/1392 1111/1185/1212
f 2866/1366/1393 1206/1477/1393 1215/1367/1394
f 2863/1368/1396 2861/1374/1397 1210/1369/1397
f 1009/1370/1217 1130/1384/1410 2769/1371/1398
f 2791/1372/1399 1164/1386/1413 1165/1195/1400
f 2861/1374/1397 2860/1480/1402 1211/1375/1402
f 1133/1199/1403 1163/1426/1461 1165/1195/1400
f 1123/1378/1229 1108/1478/1229 1211/1379/1402
f 1149/1381/1408 1166/1385/1412 1141/1377/1406
f 1220/1382/1409 1207/1466/1409 1206/1383/1393
f 1130/1384/1410 1149/1381/1408 2768/1212/1411
f 2791/1372/1399 2777/1465/1529 1166/1385/1412
f 2777/1465/1529 1141/1377/1406 1166/1385/1412
f 2765/1387/1414 2629/1741/1238 2660/1388/1237
f 2783/1390/1416 1151/1405/1430 1134/1391/1417
f 1124/1393/1242 2858/1402/1426 2786/1394/1419
f 2781/1392/1418 1134/1391/1417 1007/1396/1246
f 2764/1389/1423 1031/1388/1249 2790/1400/1423
f 1031/1388/1249 1033/1398/1249 2790/1400/1423
f 1138/1403/1427 2789/1400/1783 2787/1399/1428
f 1153/1401/1425 1163/1426/1461 1151/1405/1430
f 2780/1406/1431 2758/1242/1433 2794/1407/1432
f 1136/1409/1434 1129/1399/1784 2657/1398/1257
f 2767/1411/1435 2766/1742/1437 1152/1389/1436
f 2759/1412/1439 2793/1407/1439 2761/1250/1439
f 2793/1407/1439 2757/1242/1438 2761/1250/1439
f 2757/1242/1438 2755/1414/1438 2795/1240/1438
f 2778/1243/1440 2756/1414/1785 1158/1242/1440
f 2773/1245/1441 2771/1743/1441 1154/1407/1441
f 1145/1413/1442 2792/1248/1442 2796/1240/1443
f 1140/1415/1445 1142/1744/1786 2762/1250/1446
f 2774/1416/1448 1155/1412/1787 1156/1250/1449
f 2797/1421/1451 2665/1260/1277 2799/1418/1452
f 2665/1260/1277 2672/1256/1277 2799/1418/1452
f 2784/1257/1453 2800/1418/1455 2802/1417/1454
f 2782/1420/1456 1026/1745/1282 1040/1260/1281
f 1148/1422/1458 1162/1417/1788 1044/1256/1283
f 1147/1424/1459 1160/1421/1789 1161/1418/1460
f 2775/1373/1401 1165/1195/1400 1163/1426/1461
f 1163/1426/1461 1153/1401/1425 1144/1427/1462
f 1166/1385/1412 1131/1429/1464 1132/1428/1463
f 1164/1386/1413 1132/1428/1463 1135/1268/1404
f 1133/1199/1403 1134/1391/1417 1151/1405/1430
f 1149/1381/1408 1130/1384/1410 1131/1429/1464
f 1057/1431/1295 1168/1288/1790 2817/1272/1467
f 2839/1275/1468 1202/1277/1483 1203/1276/1469
f 2819/1278/1471 1135/1268/1404 1132/1428/1463
f 1171/1279/1473 1201/1280/1522 1203/1276/1469
f 1132/1428/1463 1131/1429/1464 2827/1282/1472
f 1131/1429/1464 1179/1430/1465 2825/1281/1475
f 1007/1396/1246 1134/1391/1417 2833/1434/1476
f 1187/1436/1478 1204/1285/1482 1179/1430/1465
f 1187/1436/1478 1130/1384/1410 2814/1437/1479
f 2814/1437/1479 1130/1384/1410 1009/1370/1217
f 2817/1272/1467 1168/1288/1790 1187/1436/1478
f 2839/1275/1468 2825/1281/1475 1204/1285/1482
f 2825/1281/1475 1179/1430/1465 1204/1285/1482
f 2813/1440/1484 1061/1746/1312 2716/1441/1312
f 1189/1293/1486 1172/1747/1791 2829/1292/1487
f 1191/1271/1466 1201/1280/1522 1189/1293/1486
f 2829/1292/1487 1172/1747/1791 1055/1295/1316
f 2812/1442/1792 1079/1441/1770 2838/1446/1489
f 1079/1441/1770 1081/1444/1320 2838/1446/1489
f 2819/1278/1471 2821/1462/1523 1133/1199/1403
f 2821/1462/1523 1191/1271/1466 1133/1199/1403
f 2816/1447/1490 2837/1446/1490 2835/1445/1491
f 1189/1293/1486 2831/1294/1488 2833/1434/1476
f 2828/1449/1492 2806/1454/1793 2842/1302/1493
f 1174/1450/1495 1167/1445/1794 2713/1444/1326
f 1176/1452/1496 1175/1748/1795 1190/1442/1497
f 2807/1456/1796 2841/1302/1797 2809/1320/1500
f 2841/1302/1797 2805/1454/1501 2809/1320/1500
f 2805/1454/1501 2803/1457/1798 2843/1453/1499
f 2826/1313/1502 2804/1457/1799 1196/1454/1502
f 1182/1455/1503 1181/1316/1800 1192/1302/1504
f 1183/1317/1506 2840/1749/1801 2844/1453/1506
f 1178/1458/1507 1180/1321/1508 2810/1320/1508
f 2822/1322/1509 1193/1456/1509 1194/1320/1510
f 2845/1335/1512 2721/1330/1779 2847/1324/1513
f 2721/1330/1779 2728/1459/1351 2847/1324/1513
f 2832/1327/1514 2848/1324/1514 2850/1325/1515
f 2830/1329/1517 1074/1331/1357 1088/1330/1356
f 1186/1460/1519 1200/1325/1519 1092/1459/1358
f 1184/1334/1520 1185/1750/1802 1198/1335/1520
f 2823/1433/1470 1203/1276/1469 1201/1280/1522
f 1201/1280/1522 1191/1271/1466 2821/1462/1523
f 1204/1285/1482 1169/1340/1525 1170/1338/1524
f 1202/1277/1483 1170/1338/1524 1173/1339/1474
f 1171/1279/1473 1172/1747/1791 1189/1293/1486
f 1187/1436/1478 1168/1288/1790 1169/1340/1525
f 1151/1405/1430 2783/1390/1416 2786/1394/1419
f 1143/1463/1527 1144/1427/1462 1222/1228/1424
f 1144/1427/1462 1153/1401/1425 1222/1228/1424
f 1219/1468/1528 1218/1202/1407 1139/1464/1528
f 1218/1202/1407 1141/1377/1406 2777/1465/1529
f 2863/1346/1396 1214/1474/1396 1207/1466/1409
f 1149/1381/1408 1227/1376/1405 1137/1467/1530
f 1143/1463/1527 1226/1342/1526 1219/1468/1528
f 1137/1467/1530 1227/1376/1405 1113/1469/1373
f 1209/1350/1532 2851/1369/1532 2852/1375/1533
f 1209/1350/1532 1213/1751/1534 2853/1352/1534
f 1205/1472/1535 2854/1383/1535 2855/1466/1536
f 1208/1473/1536 2855/1466/1536 2853/1474/1534
f 1216/1475/1537 1098/1360/1380 2734/1359/1380
f 1205/1476/1535 1216/1475/1537 2856/1367/1537
f 1212/1363/1533 2852/1379/1533 2736/1478/1381
f 1221/1374/1538 2862/1228/1538 2857/1402/1539
f 1221/1374/1538 1225/1368/1540 2864/1342/1540
f 1217/1211/1541 2867/1202/1541 2868/1468/1542
f 2865/1382/1543 2868/1468/1542 2864/1342/1540
f 2750/1365/1389 2751/1469/1389 2870/1376/1544
f 1217/1366/1541 2869/1187/1544 2870/1376/1544
f 1224/1380/1545 1223/1402/1545 2754/1393/1390
f 1114/1365/1392 1228/1187/1395 1215/1367/1394
f 1239/1481/1546 2884/1752/1546 2881/1482/1546
f 2876/1484/1547 1237/1753/1547 2886/1485/1547
f 2887/1487/1548 2888/1754/1548 2871/1488/1548
f 2882/1482/1549 1240/1752/1549 1235/1487/1549
f 1238/1485/1550 2883/1481/1803 2879/1483/1550
f 1236/1490/1551 2885/1753/1551 2875/1484/1551
f 1234/1482/1552 2899/1755/1552 2897/1492/1552
f 1231/1484/1552 1232/1486/1552 2895/1493/1552
f 1229/1489/1552 1230/1488/1552 2889/1495/1552
f 1229/1489/1552 2891/1496/1552 2899/1497/1552
f 1233/1483/1552 2897/1492/1552 2895/1498/1552
f 1231/1484/1552 2893/1494/1553 2889/1499/1552
f 2900/1500/1554 2902/1509/1572 1251/1501/1555
f 2894/1503/1557 2896/1510/1557 2904/1504/1558
f 2890/1506/1560 2906/1756/1804 2905/1507/1561
f 1241/1508/1562 1247/1507/1563 1252/1509/1563
f 1244/1510/1564 1245/1502/1564 2901/1501/1565
f 1242/1511/1566 1243/1503/1566 2903/1505/1567
f 1247/1507/1563 2910/1519/1805 2918/1513/1568
f 2901/1501/1565 2915/1517/1806 2914/1514/1569
f 1248/1512/1567 2903/1505/1567 2911/1515/1570
f 2902/1509/1572 2917/1513/1573 2916/1517/1573
f 1249/1505/1559 2904/1504/1558 2913/1514/1574
f 2905/1507/1561 2906/1756/1804 2907/1518/1575
f 1253/1521/1577 1254/1757/1577 1255/1520/1576
f 1255/1520/1576 1256/1514/1807 1257/1517/1576
f 1257/1517/1576 1258/1758/1577 1253/1521/1577
f 2922/1522/1578 2926/1759/1579 2941/1523/1578
f 2937/1525/1578 2921/1528/1579 2930/1526/1579
f 2941/1523/1578 2926/1759/1579 2921/1528/1579
f 2932/1527/1578 2931/1526/1579 2924/1529/1578
f 2924/1529/1578 2922/1522/1578 2938/1524/1578
f 2925/1531/1580 2929/1541/1580 2928/1532/1581
f 2919/1534/1582 2920/1760/1583 2927/1535/1583
f 2942/1523/1580 2936/1525/1580 2935/1537/1581
f 2962/1539/1584 2939/1524/1585 1262/1523/1585
f 1261/1535/1586 2923/1761/1586 2964/1540/1587
f 1265/1541/1588 1264/1762/1588 1288/1542/1589
f 1263/1525/1590 2933/1527/1808 1271/1543/1591
f 1285/1540/1592 1260/1761/1592 1267/1531/1592
f 1270/1545/1593 1268/1530/1809 1259/1524/1594
f 2951/1550/1596 2944/1547/1595 2948/1551/1597
f 2952/1553/1599 2953/1557/1810 2959/1554/1600
f 2955/1556/1602 2957/1563/1811 2954/1557/1603
f 2947/1551/1604 2943/1547/1605 2945/1558/1605
f 1281/1547/112 2965/1561/112 1289/1560/112
f 2988/1523/1609 2973/1566/1609 2969/1522/1609
f 2984/1525/1609 1299/1567/1609 2977/1565/1609
f 2988/1523/1609 2984/1525/1609 2968/1528/1609
f 2979/1567/1609 2987/1530/1609 2971/1568/1609
f 2985/1524/1609 2969/1522/1609 2971/1568/1609
f 2975/1569/1610 2976/1580/1812 2972/1570/1611
f 2966/1572/1612 3006/1578/1660 2974/1573/1613
f 2982/1537/1610 2983/1525/1611 2989/1523/1611
f 3005/1576/1615 1305/1575/1615 1295/1523/1616
f 3007/1577/1618 2970/1581/1813 1294/1573/1619
f 1319/1579/1620 1297/1763/1621 1298/1580/1621
f 1304/1543/1622 2980/1567/1814 1296/1525/1623
f 1316/1577/1624 1317/1571/1624 1300/1570/1624
f 1303/1582/1625 1314/1546/1625 1292/1524/1626
f 2996/1585/1628 3001/1552/1668 2995/1551/1629
f 1280/1586/1630 2998/1588/1815 2997/1553/1631
f 2999/1588/1633 3002/1593/1633 3000/1556/1634
f 2994/1551/1635 2993/1615/1635 2992/1589/1635
f 1312/1583/112 1307/1589/112 1289/1590/112
f 3026/1523/1637 3014/1566/1638 3010/1522/1637
f 3022/1525/1637 1327/1567/1638 3017/1565/1638
f 3026/1523/1637 3022/1525/1637 3009/1528/1637
f 3019/1567/1637 3025/1530/1637 3012/1568/1637
f 3023/1524/1637 3010/1522/1637 3012/1568/1637
f 2928/1569/1581 3016/1580/1639 3013/1570/1639
f 2919/1572/1582 2963/1578/1582 3015/1573/1640
f 2935/1537/1581 3021/1525/1639 3027/1523/1639
f 2962/1576/1584 1272/1575/1584 1323/1523/1641
f 2964/1577/1587 3011/1581/1642 1322/1573/1642
f 1288/1579/1589 1325/1763/1643 1326/1580/1643
f 1271/1543/1591 3020/1567/1816 1324/1525/1644
f 1285/1577/1592 1286/1571/1592 1328/1570/1592
f 1270/1582/1593 1283/1546/1593 1320/1524/1646
f 3033/1585/1648 2956/1552/1598 2948/1551/1597
f 3037/1586/1649 3035/1588/1817 3034/1553/1650
f 3036/1588/1652 1278/1593/1818 1276/1556/1653
f 1282/1551/1655 1273/1615/1655 3030/1589/1655
f 1335/1583/111 1330/1589/111 1336/1590/111
f 3042/1522/1657 3046/1764/1657 3058/1594/1657
f 3054/1525/1657 3041/1598/1657 3049/1596/1657
f 3058/1594/1657 3046/1764/1657 3041/1598/1657
f 3051/1597/1657 3050/1596/1657 3044/1568/1657
f 3044/1568/1657 3042/1522/1657 3055/1595/1657
f 3045/1570/1658 3048/1580/1819 2975/1600/1610
f 2966/1572/1612 3040/1765/1820 3047/1601/1659
f 3059/1594/1661 3053/1525/1658 2982/1537/1610
f 3005/1576/1615 3056/1595/1821 1341/1594/1662
f 1340/1601/1663 3043/1581/1663 3007/1603/1618
f 1344/1580/1664 1343/1766/1664 1319/1579/1620
f 1342/1525/1665 3052/1597/1822 1304/1543/1622
f 1316/1603/1624 1339/1581/1624 1346/1570/1624
f 1303/1582/1625 1347/1599/1823 1338/1595/1666
f 3063/1585/1667 3061/1606/1606 2995/1608/1629
f 3064/1609/1669 3065/1613/1824 1334/1610/1670
f 1308/1612/1672 1310/1593/1673 3066/1613/1673
f 1313/1608/1674 3060/1606/1674 3062/1614/1674
f 1351/1606/111 3039/1591/111 1336/1616/111
f 1356/1617/1675 3080/1633/1675 3077/1618/1675
f 1354/1620/1676 3082/1767/1676 3073/1621/1676
f 3084/1623/1677 3067/1631/1677 3069/1624/1677
f 1352/1626/1679 3070/1624/1679 3078/1618/1679
f 3079/1628/1680 3075/1619/1680 3074/1621/1680
f 3081/1630/1681 3071/1622/1681 3068/1631/1681
f 1358/1624/1682 1359/1631/1682 1360/1622/1682
f 1360/1622/1682 1361/1621/1682 1362/1619/1682
f 1362/1619/1682 1363/1618/1682 1360/1622/1682
f 3098/1633/1683 3095/1642/1683 3094/1634/1683
f 3100/1635/1684 3091/1645/1684 3090/1636/1684
f 3102/1638/1685 3085/1647/1685 3087/1639/1685
f 1364/1641/1686 3088/1639/1686 3096/1642/1686
f 1367/1644/1687 3097/1648/1687 3093/1634/1687
f 1365/1646/1688 3099/1768/1688 3089/1636/1688
f 1370/1639/1689 1371/1647/1689 1374/1634/1689
f 1371/1647/1689 1372/1636/1689 1374/1634/1689
f 1372/1636/1689 1373/1645/1689 1374/1634/1689
f 3116/1633/1690 3113/1642/1690 3112/1634/1690
f 3118/1635/1691 3109/1645/1691 3108/1636/1691
f 3120/1638/1692 3103/1647/1692 3105/1639/1692
f 1376/1641/1693 3106/1639/1693 3114/1642/1693
f 3115/1648/1694 3111/1634/1825 3110/1645/1694
f 1377/1646/1695 3117/1768/1695 3107/1636/1695
f 1382/1639/1696 1383/1647/1696 1384/1636/1696
f 1384/1636/1696 1385/1645/1696 1386/1634/1696
f 1386/1634/1696 1387/1642/1696 1384/1636/1696
