# Blender 5.0.1
# www.blender.org
mtllib 92.mtl
o 92
v 0.382698 -0.216896 0.998678
v 0.378002 -0.220439 -0.009487
v 0.382698 0.219396 0.998678
v 0.378002 0.217465 -0.009487
v -0.000723 0.437542 0.998678
v -0.006836 0.436417 -0.009487
v -0.382698 0.216896 0.998678
v -0.378002 0.220440 -0.009487
v -0.404458 0.243407 -0.009168
v -0.404676 0.252372 0.998448
v -0.056864 0.471553 0.998448
v 0.055418 0.471553 0.998448
v 0.417393 -0.221478 -0.009256
v -0.385963 0.284314 0.998448
v 0.421944 -0.217931 0.998448
v 0.440658 -0.185989 0.998448
v 0.398611 0.250563 -0.009256
v 0.384516 0.284313 0.998448
v 0.440658 0.188489 0.998448
v 0.417393 0.218504 -0.009256
v 0.049513 0.470554 -0.009256
v -0.063184 0.470554 -0.009256
v 0.421944 0.220431 0.998448
v -0.385675 0.275466 -0.009168
v 0.403230 0.252372 0.998448
v -0.025618 0.470554 -0.009256
v 0.011947 0.470554 -0.009256
v 0.436176 -0.189418 -0.009256
v 0.017991 0.471553 0.998448
v 0.436176 0.186444 -0.009256
v 0.379828 0.282622 -0.009256
v -0.019437 0.471553 0.998448
v 0.423299 -0.240577 0.162628
v 0.423722 -0.240412 0.821824
v 0.421586 0.240568 0.803361
v 0.421271 0.240590 0.174420
v -0.002018 0.481174 0.155078
v -0.001902 0.481057 0.818995
v -0.423722 0.240412 0.821824
v -0.423280 0.240590 0.108182
v -0.446047 0.276912 0.864724
v -0.438235 0.269793 0.108742
v 0.464528 -0.246099 0.165863
v 0.466954 -0.241562 0.818686
v 0.485236 0.206496 0.177637
v 0.485581 0.206486 0.800689
v 0.431959 0.314361 0.795773
v 0.394845 0.334226 0.176950
v -0.077899 0.510570 0.822519
v -0.064019 0.518674 0.152538
v 0.059642 0.518674 0.162237
v 0.059771 0.518542 0.811869
v 0.487415 -0.206349 0.815059
v 0.486977 -0.227145 0.169456
v -0.417773 0.305020 0.112376
v -0.425586 0.312125 0.860942
v 0.441036 0.298973 0.796099
v 0.431387 0.290345 0.178243
v 0.464807 0.241699 0.799943
v 0.464478 0.241723 0.178038
v 0.018422 0.518674 0.159004
v 0.018537 0.518542 0.814905
v -0.022798 0.518674 0.155771
v -0.009896 0.495466 0.818590
v -0.000723 0.379611 0.998494
v -0.331787 0.187930 0.998494
v 0.331787 -0.187931 0.998494
v 0.331787 0.190431 0.998494
v -0.006836 0.378272 -0.009256
v -0.326904 0.191367 -0.009256
v 0.326904 -0.191367 -0.009256
v 0.326904 0.188393 -0.009256
v -0.239812 0.245721 0.086123
v -0.293639 0.330248 0.101230
v -0.206100 0.264901 -0.009256
v -0.321671 0.323489 -0.009256
v -0.264426 0.356058 -0.009256
v -0.265496 0.231108 -0.009256
v 0.232075 0.371045 0.998448
v 0.239820 0.316378 0.962317
v 0.293333 0.336192 0.998448
v 0.203529 0.263403 0.998494
v 0.271021 0.398578 0.804070
v 0.276205 0.361394 0.803267
v 0.309571 0.376686 0.802647
v -0.277449 0.396675 0.844571
v -0.239118 0.391941 0.843444
v -0.231873 0.422688 0.839535
v -0.242805 0.416470 0.559452
v -0.226634 0.373396 0.980131
v 0.489508 -0.257610 0.303878
v 0.456594 0.307849 0.303782
v 0.443370 0.253109 0.303744
v -0.071373 0.543322 0.302250
v -0.020180 0.538937 0.302398
v 0.510677 0.217241 0.303939
v 0.488832 0.254300 0.303876
v -0.447731 0.328416 0.301157
v -0.002040 0.506207 0.302451
v 0.062838 0.545658 0.302639
v -0.469259 0.291358 0.301095
v 0.512541 -0.232933 0.303945
v 0.445542 -0.253087 0.303750
v 0.425802 0.346106 0.303693
v 0.019465 0.545658 0.302513
v -0.445542 0.253087 0.303750
v 0.444589 0.251186 0.671528
v 0.491546 -0.257743 0.671460
v -0.468170 0.289432 0.672833
v -0.268524 0.428146 0.672548
v -0.075875 0.538147 0.672272
v 0.513800 -0.226597 0.671428
v -0.247641 0.440066 0.672518
v -0.013849 0.527589 0.672183
v 0.511910 0.215324 0.671431
v 0.461854 0.309669 0.671503
v -0.446791 0.254936 0.671525
v -0.000908 0.504247 0.672165
v -0.446642 0.326485 0.672803
v -0.253789 0.432943 0.673376
v 0.063977 0.543691 0.672072
v 0.442924 0.335610 0.671530
v 0.490059 0.252377 0.671463
v 0.446792 -0.254936 0.671524
v 0.020598 0.543691 0.672134
v 0.304783 0.411463 0.671728
v -0.382698 0.216896 0.998678
v -0.378002 0.220439 -0.009487
v -0.382698 -0.219396 0.998678
v -0.378002 -0.217465 -0.009487
v 0.000723 -0.437542 0.998678
v 0.006836 -0.436417 -0.009487
v 0.382698 -0.216896 0.998678
v 0.378002 -0.220439 -0.009487
v 0.404458 -0.243407 -0.009168
v 0.404676 -0.252372 0.998448
v 0.056864 -0.471553 0.998448
v -0.055418 -0.471553 0.998448
v -0.417394 0.221478 -0.009256
v 0.385963 -0.284314 0.998448
v -0.421944 0.217930 0.998448
v -0.440658 0.185989 0.998448
v -0.398611 -0.250563 -0.009256
v -0.384516 -0.284314 0.998448
v -0.440657 -0.188490 0.998448
v -0.417393 -0.218503 -0.009256
v -0.049513 -0.470554 -0.009257
v 0.063184 -0.470554 -0.009257
v -0.421944 -0.220431 0.998448
v 0.385675 -0.275466 -0.009168
v -0.403230 -0.252372 0.998448
v 0.025618 -0.470554 -0.009257
v -0.011947 -0.470554 -0.009257
v -0.436176 0.189419 -0.009256
v -0.017990 -0.471553 0.998448
v -0.436176 -0.186444 -0.009256
v -0.379828 -0.282622 -0.009256
v 0.019437 -0.471553 0.998448
v -0.423299 0.240577 0.162628
v -0.423722 0.240411 0.821824
v -0.421586 -0.240568 0.803361
v -0.421271 -0.240590 0.174420
v 0.002018 -0.481174 0.155077
v 0.001903 -0.481057 0.818995
v 0.423722 -0.240412 0.821824
v 0.423280 -0.240590 0.108182
v 0.446047 -0.276912 0.864724
v 0.438235 -0.269793 0.108742
v -0.464528 0.246099 0.165863
v -0.466954 0.241562 0.818686
v -0.485236 -0.206496 0.177637
v -0.485581 -0.206486 0.800689
v -0.431958 -0.314361 0.795773
v -0.394845 -0.334226 0.176950
v 0.077899 -0.510570 0.822519
v 0.064019 -0.518674 0.152538
v -0.059642 -0.518674 0.162237
v -0.059771 -0.518542 0.811869
v -0.487415 0.206349 0.815059
v -0.486977 0.227145 0.169456
v 0.417773 -0.305020 0.112376
v 0.425587 -0.312125 0.860942
v -0.441036 -0.298973 0.796099
v -0.431387 -0.290345 0.178243
v -0.464807 -0.241699 0.799943
v -0.464478 -0.241723 0.178038
v -0.018422 -0.518674 0.159004
v -0.018537 -0.518542 0.814904
v 0.022799 -0.518674 0.155771
v 0.009896 -0.495466 0.818590
v 0.000723 -0.379611 0.998494
v 0.331787 -0.187930 0.998494
v -0.331787 0.187930 0.998494
v -0.331787 -0.190431 0.998494
v 0.006836 -0.378272 -0.009257
v 0.326904 -0.191367 -0.009256
v -0.326904 0.191367 -0.009256
v -0.326904 -0.188393 -0.009256
v 0.239812 -0.245721 0.086123
v 0.293639 -0.330248 0.101230
v 0.206100 -0.264901 -0.009257
v 0.321671 -0.323488 -0.009257
v 0.264426 -0.356058 -0.009257
v 0.265496 -0.231108 -0.009257
v -0.232075 -0.371045 0.998448
v -0.239820 -0.316378 0.962317
v -0.293333 -0.336192 0.998448
v -0.203529 -0.263403 0.998494
v -0.271021 -0.398578 0.804070
v -0.276205 -0.361394 0.803267
v -0.309571 -0.376686 0.802647
v 0.277449 -0.396675 0.844571
v 0.239118 -0.391942 0.843444
v 0.231873 -0.422688 0.839534
v 0.242806 -0.416470 0.559452
v 0.226634 -0.373396 0.980131
v -0.489508 0.257610 0.303878
v -0.456594 -0.307849 0.303782
v -0.443370 -0.253109 0.303744
v 0.071373 -0.543322 0.302250
v 0.020180 -0.538937 0.302398
v -0.510677 -0.217241 0.303939
v -0.488832 -0.254300 0.303876
v 0.447731 -0.328416 0.301157
v 0.002040 -0.506206 0.302451
v -0.062838 -0.545658 0.302639
v 0.469259 -0.291357 0.301095
v -0.512541 0.232933 0.303945
v -0.445542 0.253087 0.303750
v -0.425802 -0.346106 0.303693
v -0.019465 -0.545658 0.302513
v 0.445542 -0.253087 0.303750
v -0.444589 -0.251187 0.671528
v -0.491546 0.257743 0.671460
v 0.468170 -0.289432 0.672833
v 0.268524 -0.428146 0.672547
v 0.075876 -0.538147 0.672272
v -0.513801 0.226597 0.671429
v 0.247641 -0.440066 0.672518
v 0.013849 -0.527589 0.672183
v -0.511910 -0.215324 0.671431
v -0.461854 -0.309669 0.671503
v 0.446792 -0.254936 0.671524
v 0.000908 -0.504247 0.672165
v 0.446642 -0.326485 0.672802
v 0.253789 -0.432943 0.673376
v -0.063977 -0.543691 0.672072
v -0.442924 -0.335610 0.671530
v -0.490059 -0.252377 0.671463
v -0.446792 0.254935 0.671525
v -0.020598 -0.543691 0.672134
v -0.304783 -0.411463 0.671728
v -0.075875 0.500405 0.662757
v -0.071373 0.505580 0.320686
v -0.209365 0.465378 0.320325
v 0.062838 0.507916 0.321036
v 0.180876 0.481614 0.321345
v -0.211817 0.461392 0.662932
v 0.063977 0.505949 0.662577
v 0.187213 0.476873 0.662418
v 0.103150 0.560098 0.662811
v 0.101586 0.562065 0.321270
v 0.196261 0.509615 0.321451
v -0.111746 0.554074 0.663044
v -0.227658 0.489137 0.663143
v -0.225205 0.493123 0.320535
v -0.105564 0.559249 0.320972
v 0.200684 0.506305 0.559545
v 0.154522 0.531273 0.662630
v 0.191425 0.484538 0.662448
v -0.510677 -0.176987 0.294585
v -0.513800 0.186917 0.680606
v -0.511910 -0.193571 0.661706
v -0.556083 0.186718 0.680452
v -0.552960 -0.177186 0.294430
v -0.524373 -0.193630 0.661661
v -0.554657 -0.100299 0.666195
v -0.553887 -0.189657 0.570503
v -0.512308 0.162020 0.311432
v -0.512708 0.207471 0.362392
v -0.557128 0.199229 0.373071
v -0.556728 0.153778 0.322111
v 0.075875 -0.500405 0.662757
v 0.071373 -0.505580 0.320685
v 0.209364 -0.465378 0.320325
v -0.062838 -0.507916 0.321036
v -0.180876 -0.481614 0.321345
v 0.211817 -0.461393 0.662932
v -0.063977 -0.505949 0.662577
v -0.187213 -0.476873 0.662418
v -0.103150 -0.560098 0.662811
v -0.101586 -0.562065 0.321270
v -0.196261 -0.509615 0.321451
v 0.111745 -0.554074 0.663044
v 0.227658 -0.489137 0.663142
v 0.225205 -0.493123 0.320535
v 0.105563 -0.559249 0.320972
v -0.200685 -0.506305 0.559545
v -0.154522 -0.531273 0.662630
v -0.191425 -0.484538 0.662447
v 0.510677 0.176987 0.294585
v 0.513800 -0.186918 0.680606
v 0.511910 0.193571 0.661706
v 0.556083 -0.186719 0.680452
v 0.552960 0.177186 0.294430
v 0.524373 0.193630 0.661661
v 0.554657 0.100299 0.666195
v 0.553887 0.189657 0.570503
v 0.512308 -0.162020 0.311432
v 0.512708 -0.207471 0.362392
v 0.557128 -0.199229 0.373071
v 0.556728 -0.153778 0.322110
v 0.088501 0.602187 0.425155
v 0.088501 0.602187 0.576154
v 0.075500 0.615189 0.576154
v 0.075500 0.615189 0.425155
v -0.075500 0.615189 0.425155
v -0.075500 0.615189 0.576154
v -0.075500 0.602187 0.412153
v 0.075500 0.602187 0.412153
v 0.075500 0.602187 0.589156
v -0.075500 0.602187 0.589156
v -0.088501 0.602187 0.576154
v -0.088501 0.602187 0.425155
v 0.088501 0.547989 0.425155
v -0.075500 0.547989 0.412153
v 0.075500 0.547989 0.589156
v -0.088501 0.547989 0.576154
v 0.088501 0.547989 0.576154
v 0.075500 0.547989 0.412153
v -0.075500 0.547989 0.589156
v -0.088501 0.547989 0.425155
v 0.602187 -0.088501 0.425155
v 0.602187 -0.088501 0.576154
v 0.615189 -0.075499 0.576154
v 0.615189 -0.075499 0.425155
v 0.615189 0.075500 0.425155
v 0.615189 0.075500 0.576154
v 0.602187 0.075500 0.412153
v 0.602187 -0.075499 0.412153
v 0.602187 -0.075499 0.589156
v 0.602187 0.075500 0.589156
v 0.602187 0.088501 0.576154
v 0.602187 0.088501 0.425155
v 0.547989 -0.088501 0.425155
v 0.547989 0.075500 0.412153
v 0.547989 -0.075499 0.589156
v 0.547989 0.088501 0.576154
v 0.547989 -0.088501 0.576154
v 0.547989 -0.075499 0.412153
v 0.547989 0.075500 0.589156
v 0.547989 0.088501 0.425155
v -0.088501 -0.602187 0.425155
v -0.088501 -0.602187 0.576154
v -0.075499 -0.615189 0.576154
v -0.075500 -0.615189 0.425155
v 0.075500 -0.615189 0.425155
v 0.075500 -0.615189 0.576154
v 0.075500 -0.602187 0.412153
v -0.075500 -0.602187 0.412153
v -0.075499 -0.602187 0.589156
v 0.075500 -0.602187 0.589156
v 0.088501 -0.602187 0.576154
v 0.088501 -0.602187 0.425155
v -0.088501 -0.547989 0.425155
v 0.075500 -0.547989 0.412153
v -0.075499 -0.547989 0.589156
v 0.088501 -0.547989 0.576154
v -0.088501 -0.547989 0.576154
v -0.075500 -0.547989 0.412153
v 0.075500 -0.547989 0.589156
v 0.088501 -0.547989 0.425155
v -0.602187 0.088502 0.425155
v -0.602187 0.088502 0.576154
v -0.615189 0.075500 0.576154
v -0.615189 0.075500 0.425155
v -0.615189 -0.075499 0.425155
v -0.615189 -0.075499 0.576154
v -0.602187 -0.075499 0.412153
v -0.602187 0.075500 0.412153
v -0.602187 0.075500 0.589156
v -0.602187 -0.075499 0.589156
v -0.602187 -0.088501 0.576154
v -0.602187 -0.088501 0.425155
v -0.547989 0.088502 0.425155
v -0.547989 -0.075499 0.412153
v -0.547989 0.075500 0.589156
v -0.547989 -0.088501 0.576154
v -0.547989 0.088502 0.576154
v -0.547989 0.075500 0.412153
v -0.547989 -0.075499 0.589156
v -0.547989 -0.088501 0.425155
v 0.416232 0.336326 0.850182
v 0.377700 0.315444 0.850182
v 0.057511 0.507570 0.924621
v 0.507458 0.207416 0.850182
v 0.059655 0.522477 0.850182
v 0.390135 0.326418 0.924621
v 0.490935 -0.230229 0.850182
v 0.478912 0.200970 0.924621
v 0.477211 -0.224924 0.924621
v 0.053115 0.476997 0.924621
v 0.463764 0.193830 0.850182
v 0.055137 0.491060 0.850182
v 0.367108 0.306096 0.924621
v 0.462010 -0.219048 0.850182
v 0.450861 0.187748 0.924621
v 0.449063 -0.214043 0.924621
v 0.000000 0.507570 0.924621
v 0.000000 0.522477 0.850182
v 0.000000 0.476997 0.924621
v 0.000000 0.491060 0.850182
v -0.416232 0.336326 0.850182
v -0.377700 0.315444 0.850182
v -0.057511 0.507570 0.924621
v -0.059655 0.522477 0.850182
v -0.390135 0.326418 0.924621
v -0.053115 0.476997 0.924621
v -0.055137 0.491060 0.850182
v -0.367108 0.306096 0.924621
v -0.445511 0.263010 0.924621
v -0.467697 0.263601 0.850182
v -0.426253 0.246835 0.850182
v 0.445511 -0.263010 0.924621
v 0.426253 -0.246835 0.850182
v -0.416232 -0.336326 0.850182
v -0.377700 -0.315444 0.850182
v -0.057511 -0.507571 0.924621
v -0.507458 -0.207416 0.850182
v -0.059655 -0.522477 0.850182
v -0.390136 -0.326418 0.924621
v -0.490935 0.230229 0.850182
v -0.478912 -0.200970 0.924621
v -0.477211 0.224924 0.924622
v -0.053115 -0.476997 0.924621
v -0.463764 -0.193830 0.850182
v -0.055137 -0.491060 0.850182
v -0.367108 -0.306096 0.924621
v -0.462010 0.219048 0.850182
v -0.450861 -0.187748 0.924621
v -0.449063 0.214043 0.924622
v 0.000000 -0.507571 0.924621
v 0.000000 -0.522477 0.850182
v 0.000000 -0.476998 0.924621
v 0.000000 -0.491060 0.850182
v 0.416232 -0.336326 0.850182
v 0.377700 -0.315444 0.850182
v 0.057511 -0.507571 0.924621
v 0.059654 -0.522477 0.850182
v 0.390135 -0.326418 0.924621
v 0.053115 -0.476998 0.924621
v 0.055137 -0.491060 0.850182
v 0.367108 -0.306097 0.924621
v 0.467697 -0.263602 0.850182
v 0.414357 -0.239330 0.924621
v -0.414357 0.239330 0.924621
v 0.416232 0.336326 0.149818
v 0.377700 0.315444 0.149818
v 0.057511 0.507570 0.075379
v 0.507458 0.207416 0.149818
v 0.059655 0.522477 0.149818
v 0.390135 0.326418 0.075379
v 0.490935 -0.230229 0.149818
v 0.478912 0.200970 0.075379
v 0.477211 -0.224924 0.075379
v 0.053115 0.476997 0.075379
v 0.463764 0.193830 0.149818
v 0.055137 0.491060 0.149818
v 0.367108 0.306096 0.075379
v 0.462010 -0.219048 0.149818
v 0.450861 0.187748 0.075379
v 0.449063 -0.214043 0.075379
v 0.000000 0.507570 0.075379
v 0.000000 0.522477 0.149818
v 0.000000 0.476997 0.075379
v 0.000000 0.491060 0.149818
v -0.416232 0.336326 0.149818
v -0.377700 0.315444 0.149818
v -0.057511 0.507570 0.075379
v -0.059655 0.522477 0.149818
v -0.390135 0.326418 0.075379
v -0.053115 0.476997 0.075379
v -0.055137 0.491060 0.149818
v -0.367108 0.306096 0.075379
v -0.445511 0.263010 0.075379
v -0.426253 0.246835 0.149818
v 0.445511 -0.263010 0.075379
v 0.426253 -0.246835 0.149818
v -0.416232 -0.336326 0.149818
v -0.377700 -0.315444 0.149818
v -0.057511 -0.507571 0.075379
v -0.507458 -0.207416 0.149818
v -0.059655 -0.522477 0.149818
v -0.390136 -0.326418 0.075379
v -0.490935 0.230229 0.149818
v -0.478912 -0.200970 0.075379
v -0.477211 0.224924 0.075378
v -0.053115 -0.476997 0.075379
v -0.463764 -0.193830 0.149818
v -0.055137 -0.491060 0.149818
v -0.367108 -0.306096 0.075379
v -0.462010 0.219048 0.149818
v -0.450861 -0.187748 0.075379
v -0.449063 0.214043 0.075378
v 0.000000 -0.507571 0.075379
v 0.000000 -0.522477 0.149818
v 0.000000 -0.476998 0.075379
v 0.000000 -0.491060 0.149818
v 0.416232 -0.336326 0.149818
v 0.377700 -0.315444 0.149818
v 0.057511 -0.507571 0.075379
v 0.059654 -0.522477 0.149818
v 0.390135 -0.326418 0.075379
v 0.053115 -0.476998 0.075379
v 0.055137 -0.491060 0.149818
v 0.367108 -0.306097 0.075379
v 0.467697 -0.263602 0.149818
v 0.414357 -0.239330 0.075379
v -0.467697 0.263601 0.149818
v -0.414357 0.239330 0.075379
v 0.406070 0.030015 1.061959
v 0.272915 0.280403 1.061959
v 0.052082 0.395010 1.061959
v 0.053366 0.407635 0.998448
v 0.280939 0.289530 0.998448
v 0.359104 0.208936 0.998448
v 0.418158 0.031500 0.998448
v 0.368242 -0.205766 0.998448
v -0.292608 0.292487 0.998448
v -0.132762 0.389544 0.998448
v -0.283644 0.283272 1.061959
v 0.348764 0.202195 1.061959
v -0.128533 0.377455 1.061959
v -0.090185 0.267831 1.061959
v -0.202367 0.199715 1.061959
v 0.296456 0.016552 1.061959
v 0.255011 0.141078 1.061959
v 0.200155 0.197640 1.061959
v 0.040441 0.280527 1.061959
v -0.082644 0.246272 1.043952
v -0.186383 0.183283 1.043952
v 0.236321 -0.128671 1.043952
v 0.274899 0.013904 1.043952
v 0.236573 0.129058 1.043952
v 0.185845 0.181364 1.043952
v 0.038152 0.258013 1.043952
v 0.216225 0.323115 0.998448
v 0.230610 0.306323 0.958296
v -0.358092 0.199858 1.061959
v -0.406070 -0.030015 1.061959
v -0.272915 -0.280403 1.061959
v -0.052082 -0.395010 1.061959
v -0.053366 -0.407635 0.998448
v -0.280940 -0.289530 0.998448
v -0.359104 -0.208936 0.998448
v -0.418158 -0.031500 0.998448
v -0.368242 0.205766 0.998448
v 0.292608 -0.292488 0.998448
v 0.132762 -0.389545 0.998448
v 0.283644 -0.283273 1.061959
v -0.348764 -0.202195 1.061959
v 0.128533 -0.377455 1.061959
v 0.090185 -0.267831 1.061959
v 0.202367 -0.199715 1.061959
v -0.254420 0.139208 1.061959
v -0.296456 -0.016552 1.061959
v -0.255011 -0.141078 1.061959
v -0.200155 -0.197640 1.061959
v -0.040441 -0.280528 1.061959
v 0.082644 -0.246272 1.043952
v 0.186383 -0.183283 1.043952
v -0.236321 0.128671 1.043952
v -0.274899 -0.013904 1.043952
v -0.236573 -0.129058 1.043952
v -0.185845 -0.181364 1.043952
v -0.038152 -0.258013 1.043952
v -0.216225 -0.323115 0.998448
v -0.230610 -0.306323 0.958296
v 0.254420 -0.139208 1.061959
v 0.358092 -0.199858 1.061959
v 0.406070 0.030015 -0.061959
v 0.272915 0.280403 -0.061959
v 0.052082 0.395010 -0.061959
v 0.053366 0.407635 0.001552
v 0.280939 0.289530 0.001552
v 0.359104 0.208936 0.001552
v 0.418158 0.031500 0.001552
v 0.368242 -0.205766 0.001552
v -0.292608 0.292487 0.001552
v -0.132762 0.389544 0.001552
v -0.283644 0.283272 -0.061959
v 0.348764 0.202195 -0.061959
v -0.128533 0.377455 -0.061959
v -0.090185 0.267831 -0.061959
v -0.202367 0.199715 -0.061959
v 0.296456 0.016552 -0.061959
v 0.255011 0.141078 -0.061959
v 0.200155 0.197640 -0.061959
v 0.040441 0.280527 -0.061959
v -0.082644 0.246272 -0.043952
v -0.186383 0.183283 -0.043952
v 0.236321 -0.128671 -0.043952
v 0.274899 0.013904 -0.043952
v 0.236573 0.129058 -0.043952
v 0.185845 0.181364 -0.043952
v 0.038152 0.258013 -0.043952
v 0.216225 0.323115 0.001552
v 0.230610 0.306323 0.041704
v -0.358092 0.199858 -0.061959
v -0.406070 -0.030015 -0.061959
v -0.272915 -0.280403 -0.061959
v -0.052082 -0.395010 -0.061959
v -0.053366 -0.407635 0.001552
v -0.280940 -0.289530 0.001552
v -0.359104 -0.208936 0.001552
v -0.418158 -0.031500 0.001552
v -0.368242 0.205766 0.001552
v 0.292608 -0.292488 0.001552
v 0.132762 -0.389545 0.001552
v 0.283644 -0.283273 -0.061959
v -0.348764 -0.202195 -0.061959
v 0.128533 -0.377455 -0.061959
v 0.090185 -0.267831 -0.061959
v 0.202367 -0.199715 -0.061959
v -0.254420 0.139208 -0.061959
v -0.296456 -0.016552 -0.061959
v -0.255011 -0.141078 -0.061959
v -0.200155 -0.197640 -0.061959
v -0.040441 -0.280528 -0.061959
v 0.082644 -0.246272 -0.043952
v 0.186383 -0.183283 -0.043952
v -0.236321 0.128671 -0.043952
v -0.274899 -0.013904 -0.043952
v -0.236573 -0.129058 -0.043952
v -0.185845 -0.181364 -0.043952
v -0.038152 -0.258013 -0.043952
v -0.216225 -0.323115 0.001552
v -0.230610 -0.306323 0.041704
v 0.254420 -0.139208 -0.061959
v 0.358092 -0.199858 -0.061959
v 0.200667 -0.256063 1.084016
v 0.216663 -0.324041 1.091530
v 0.132261 -0.272193 1.083743
v 0.148256 -0.340171 1.091257
v 0.218230 -0.329757 1.061959
v 0.202235 -0.261779 1.061959
v 0.133696 -0.277425 1.061959
v 0.149691 -0.345403 1.061959
v 0.289629 0.082103 1.061959
v 0.347801 0.120741 1.061959
v 0.386306 0.061922 1.061959
v 0.328135 0.023284 1.061959
v -0.181120 -0.251426 1.084016
v -0.224128 -0.306446 1.091530
v -0.236513 -0.208169 1.083743
v -0.279521 -0.263189 1.091257
v -0.227605 -0.311246 1.061959
v -0.184597 -0.256226 1.061959
v 0.294035 0.085268 1.091257
v 0.352207 0.123906 1.083743
v 0.332949 0.026741 1.091530
v 0.391120 0.065379 1.084016
v -0.007586 0.302055 1.084016
v -0.005132 0.371846 1.091530
v 0.062654 0.299618 1.083743
v 0.065108 0.369410 1.091257
v -0.005140 0.377774 1.061959
v -0.007594 0.307982 1.061959
v 0.062646 0.305044 1.061959
v 0.065100 0.374835 1.061959
v -0.362538 0.143203 1.061959
v -0.304559 0.182131 1.061959
v -0.265761 0.123504 1.061959
v -0.323739 0.084577 1.061959
v -0.358147 0.146390 1.091257
v -0.300168 0.185317 1.083743
v -0.318942 0.088058 1.091530
v -0.260964 0.126985 1.084016
v -0.142037 0.003335 1.043952
v -0.069976 -0.121479 1.043952
v 0.074146 -0.121479 1.043952
v 0.146208 0.003335 1.043952
v 0.074146 0.128148 1.043952
v -0.069976 0.128149 1.043952
v -0.142037 0.003335 1.159354
v -0.069976 -0.121479 1.159354
v 0.074146 -0.121479 1.159354
v 0.146208 0.003335 1.159354
v -0.069976 0.128149 1.159354
v -0.062509 0.003335 1.159354
v -0.030212 -0.052605 1.159354
v 0.034382 -0.052605 1.159354
v 0.066679 0.003335 1.159354
v 0.034382 0.059275 1.159354
v -0.030212 0.059275 1.159354
v -0.062509 0.003335 1.055183
v -0.030212 -0.052605 1.055183
v 0.034382 -0.052605 1.055183
v 0.066679 0.003335 1.055183
v 0.034382 0.059275 1.055183
v -0.030212 0.059275 1.055183
v 0.102286 0.079410 1.159354
v 0.074146 0.128148 1.106621
v 0.017868 0.128148 1.159354
v 0.046007 0.079410 1.159354
v -0.239696 -0.212562 1.061959
v -0.282704 -0.267583 1.061959
v 0.200667 -0.256063 -0.084016
v 0.216663 -0.324041 -0.091530
v 0.132261 -0.272193 -0.083743
v 0.148256 -0.340171 -0.091257
v 0.218230 -0.329757 -0.061959
v 0.202235 -0.261779 -0.061959
v 0.133696 -0.277425 -0.061959
v 0.149691 -0.345403 -0.061959
v 0.289629 0.082103 -0.061959
v 0.347801 0.120741 -0.061959
v 0.386306 0.061922 -0.061959
v 0.328135 0.023284 -0.061959
v -0.181120 -0.251426 -0.084016
v -0.224128 -0.306446 -0.091530
v -0.236513 -0.208169 -0.083743
v -0.279521 -0.263189 -0.091257
v -0.227605 -0.311246 -0.061959
v -0.184597 -0.256226 -0.061959
v 0.294035 0.085268 -0.091257
v 0.352207 0.123906 -0.083743
v 0.332949 0.026741 -0.091530
v 0.391120 0.065379 -0.084016
v -0.007586 0.302055 -0.084016
v -0.005132 0.371846 -0.091530
v 0.062654 0.299618 -0.083743
v 0.065108 0.369410 -0.091257
v -0.005140 0.377774 -0.061959
v -0.007594 0.307982 -0.061959
v 0.062646 0.305044 -0.061959
v 0.065100 0.374835 -0.061959
v -0.362538 0.143203 -0.061959
v -0.304559 0.182131 -0.061959
v -0.265761 0.123504 -0.061959
v -0.323739 0.084577 -0.061959
v -0.358147 0.146390 -0.091257
v -0.300168 0.185317 -0.083743
v -0.318942 0.088058 -0.091530
v -0.260964 0.126985 -0.084016
v -0.142037 0.003335 -0.043952
v -0.069976 -0.121479 -0.043952
v 0.074146 -0.121479 -0.043952
v 0.146208 0.003335 -0.043952
v 0.074146 0.128148 -0.043952
v -0.069976 0.128149 -0.043952
v -0.142037 0.003335 -0.159354
v -0.069976 -0.121479 -0.159354
v 0.074146 -0.121479 -0.159354
v 0.146208 0.003335 -0.159354
v -0.069976 0.128149 -0.159354
v -0.062509 0.003335 -0.159354
v -0.030212 -0.052605 -0.159354
v 0.034382 -0.052605 -0.159354
v 0.066679 0.003335 -0.159354
v 0.034382 0.059275 -0.159354
v -0.030212 0.059275 -0.159354
v -0.062509 0.003335 -0.055183
v -0.030212 -0.052605 -0.055183
v 0.034382 -0.052605 -0.055183
v 0.066679 0.003335 -0.055183
v 0.034382 0.059275 -0.055183
v -0.030212 0.059275 -0.055183
v 0.102286 0.079410 -0.159354
v 0.074146 0.128148 -0.106621
v 0.017868 0.128148 -0.159354
v 0.046007 0.079410 -0.159354
v -0.239696 -0.212562 -0.061959
v -0.282704 -0.267583 -0.061959
v 0.465367 -0.270982 0.903404
v 0.473759 -0.270022 0.868027
v 0.059879 -0.527253 0.903218
v 0.060593 -0.531663 0.867878
v 0.419848 -0.341934 0.867191
v 0.410351 -0.339603 0.902497
v 0.000000 -0.531665 0.867882
v 0.000000 -0.527267 0.903203
v -0.060592 -0.531655 0.867862
v -0.059883 -0.527291 0.903177
v -0.419840 -0.341923 0.867156
v -0.410428 -0.339652 0.902413
v -0.512631 -0.210781 0.867122
v -0.502789 -0.209249 0.902355
v -0.495091 0.233010 0.903842
v -0.499904 0.234727 0.868421
v -0.473759 0.270022 0.868027
v -0.465367 0.270982 0.903404
v -0.059879 0.527253 0.903218
v -0.060593 0.531663 0.867878
v -0.419848 0.341934 0.867191
v -0.410351 0.339602 0.902497
v 0.000000 0.531665 0.867882
v 0.000000 0.527267 0.903203
v 0.060592 0.531655 0.867862
v 0.059883 0.527291 0.903177
v 0.419840 0.341923 0.867156
v 0.410428 0.339652 0.902413
v 0.512631 0.210781 0.867122
v 0.502789 0.209249 0.902355
v 0.495091 -0.233010 0.903842
v 0.499904 -0.234727 0.868421
v 0.495091 -0.233010 0.096158
v 0.499904 -0.234727 0.131579
v 0.512631 0.210781 0.132878
v 0.502789 0.209249 0.097645
v 0.419840 0.341923 0.132844
v 0.410428 0.339652 0.097587
v 0.060592 0.531655 0.132138
v 0.059883 0.527291 0.096823
v 0.000000 0.531665 0.132118
v 0.000000 0.527267 0.096797
v -0.419848 0.341934 0.132809
v -0.410351 0.339602 0.097503
v -0.059879 0.527253 0.096782
v -0.060593 0.531663 0.132122
v -0.495091 0.233010 0.096158
v -0.499904 0.234727 0.131579
v -0.512631 -0.210781 0.132878
v -0.502789 -0.209249 0.097645
v -0.419840 -0.341923 0.132844
v -0.410428 -0.339652 0.097587
v -0.060592 -0.531655 0.132138
v -0.059883 -0.527291 0.096823
v 0.000000 -0.531665 0.132118
v 0.000000 -0.527267 0.096797
v 0.419848 -0.341934 0.132809
v 0.410351 -0.339603 0.097503
v 0.059879 -0.527253 0.096782
v 0.060593 -0.531663 0.132122
v -0.473759 0.270022 0.131973
v -0.465367 0.270982 0.096596
v 0.465367 -0.270982 0.096596
v 0.473759 -0.270022 0.131973
v 0.421944 -0.217931 0.998448
v 0.421944 -0.217931 0.998448
v 0.382698 -0.216896 0.998678
v 0.421271 0.240590 0.174420
v 0.378002 0.217465 -0.009487
v 0.378002 0.217465 -0.009487
v 0.403230 0.252372 0.998448
v 0.403230 0.252372 0.998448
v 0.382698 0.219396 0.998678
v 0.382698 0.219396 0.998678
v 0.417393 0.218504 -0.009256
v 0.417393 0.218504 -0.009256
v -0.001902 0.481057 0.818995
v -0.000723 0.437542 0.998678
v -0.000723 0.437542 0.998678
v -0.019437 0.471553 0.998448
v -0.019437 0.471553 0.998448
v 0.011947 0.470554 -0.009256
v 0.011947 0.470554 -0.009256
v -0.006836 0.436417 -0.009487
v -0.006836 0.436417 -0.009487
v -0.404458 0.243407 -0.009168
v -0.404458 0.243407 -0.009168
v -0.378002 0.220440 -0.009487
v 0.017991 0.471553 0.998448
v 0.017991 0.471553 0.998448
v 0.055418 0.471553 0.998448
v 0.055418 0.471553 0.998448
v -0.438235 0.269793 0.108742
v -0.404676 0.252372 0.998448
v -0.404676 0.252372 0.998448
v -0.385963 0.284314 0.998448
v -0.385963 0.284314 0.998448
v -0.385675 0.275466 -0.009168
v -0.385675 0.275466 -0.009168
v -0.382698 0.216896 0.998678
v 0.421944 0.220431 0.998448
v 0.421944 0.220431 0.998448
v 0.440658 0.188489 0.998448
v 0.440658 0.188489 0.998448
v -0.025618 0.470554 -0.009256
v -0.025618 0.470554 -0.009256
v -0.063184 0.470554 -0.009256
v -0.063184 0.470554 -0.009256
v 0.466954 -0.241562 0.818686
v 0.378002 -0.220439 -0.009487
v 0.417393 -0.221478 -0.009256
v 0.417393 -0.221478 -0.009256
v 0.436176 -0.189418 -0.009256
v 0.436176 -0.189418 -0.009256
v 0.398611 0.250563 -0.009256
v 0.398611 0.250563 -0.009256
v 0.379828 0.282622 -0.009256
v 0.379828 0.282622 -0.009256
v 0.440658 -0.185989 0.998448
v 0.440658 -0.185989 0.998448
v 0.485581 0.206486 0.800689
v 0.394845 0.334226 0.176950
v -0.064019 0.518674 0.152538
v 0.059771 0.518542 0.811869
v 0.486977 -0.227145 0.169456
v -0.425586 0.312125 0.860942
v 0.431387 0.290345 0.178243
v -0.056864 0.471553 0.998448
v -0.056864 0.471553 0.998448
v 0.464478 0.241723 0.178038
v -0.264426 0.356058 -0.009256
v -0.264426 0.356058 -0.009256
v 0.293333 0.336192 0.998448
v 0.293333 0.336192 0.998448
v 0.293333 0.336192 0.998448
v 0.384516 0.284313 0.998448
v 0.384516 0.284313 0.998448
v 0.049513 0.470554 -0.009256
v 0.049513 0.470554 -0.009256
v 0.436176 0.186444 -0.009256
v 0.436176 0.186444 -0.009256
v 0.018537 0.518542 0.814905
v -0.009896 0.495466 0.818590
v 0.421586 0.240568 0.803361
v 0.443370 0.253109 0.303744
v 0.443370 0.253109 0.303744
v 0.443370 0.253109 0.303744
v -0.002018 0.481174 0.155078
v -0.000908 0.504247 0.672165
v -0.000908 0.504247 0.672165
v -0.000908 0.504247 0.672165
v -0.446047 0.276912 0.864724
v -0.469259 0.291358 0.301095
v -0.469259 0.291358 0.301095
v -0.469259 0.291358 0.301095
v 0.464528 -0.246099 0.165863
v 0.491546 -0.257743 0.671460
v 0.491546 -0.257743 0.671460
v 0.491546 -0.257743 0.671460
v 0.485236 0.206496 0.177637
v 0.511910 0.215324 0.671431
v 0.511910 0.215324 0.671431
v 0.511910 0.215324 0.671431
v 0.431959 0.314361 0.795773
v 0.425802 0.346106 0.303693
v 0.425802 0.346106 0.303693
v 0.425802 0.346106 0.303693
v -0.077899 0.510570 0.822519
v -0.071373 0.543322 0.302250
v -0.071373 0.543322 0.302250
v -0.071373 0.543322 0.302250
v 0.059642 0.518674 0.162237
v 0.063977 0.543691 0.672072
v 0.063977 0.543691 0.672072
v 0.063977 0.543691 0.672072
v 0.487415 -0.206349 0.815059
v 0.512541 -0.232933 0.303945
v 0.512541 -0.232933 0.303945
v 0.512541 -0.232933 0.303945
v -0.417773 0.305020 0.112376
v -0.417773 0.305020 0.112376
v -0.446642 0.326485 0.672803
v -0.446642 0.326485 0.672803
v -0.446642 0.326485 0.672803
v 0.441036 0.298973 0.796099
v 0.456594 0.307849 0.303782
v 0.456594 0.307849 0.303782
v 0.456594 0.307849 0.303782
v 0.464807 0.241699 0.799943
v 0.488832 0.254300 0.303876
v 0.488832 0.254300 0.303876
v 0.488832 0.254300 0.303876
v 0.018422 0.518674 0.159004
v 0.020598 0.543691 0.672134
v 0.020598 0.543691 0.672134
v 0.020598 0.543691 0.672134
v -0.022798 0.518674 0.155771
v -0.013849 0.527589 0.672183
v -0.013849 0.527589 0.672183
v -0.013849 0.527589 0.672183
v -0.321671 0.323489 -0.009256
v -0.321671 0.323489 -0.009256
v -0.293639 0.330248 0.101230
v -0.293639 0.330248 0.101230
v -0.293639 0.330248 0.101230
v -0.239812 0.245721 0.086123
v -0.265496 0.231108 -0.009256
v -0.206100 0.264901 -0.009256
v 0.232075 0.371045 0.998448
v 0.232075 0.371045 0.998448
v 0.232075 0.371045 0.998448
v 0.239820 0.316378 0.962317
v 0.239820 0.316378 0.962317
v 0.239820 0.316378 0.962317
v 0.203529 0.263403 0.998494
v 0.203529 0.263403 0.998494
v 0.203529 0.263403 0.998494
v 0.276205 0.361394 0.803267
v 0.309571 0.376686 0.802647
v 0.271021 0.398578 0.804070
v -0.268524 0.428146 0.672548
v -0.268524 0.428146 0.672548
v -0.268524 0.428146 0.672548
v -0.277449 0.396675 0.844571
v -0.247641 0.440066 0.672518
v -0.247641 0.440066 0.672518
v -0.247641 0.440066 0.672518
v -0.242805 0.416470 0.559452
v -0.242805 0.416470 0.559452
v -0.253789 0.432943 0.673376
v -0.253789 0.432943 0.673376
v -0.253789 0.432943 0.673376
v -0.239118 0.391941 0.843444
v -0.226634 0.373396 0.980131
v -0.226634 0.373396 0.980131
v -0.231873 0.422688 0.839535
v 0.489508 -0.257610 0.303878
v 0.489508 -0.257610 0.303878
v 0.489508 -0.257610 0.303878
v 0.461854 0.309669 0.671503
v 0.461854 0.309669 0.671503
v 0.461854 0.309669 0.671503
v 0.444589 0.251186 0.671528
v 0.444589 0.251186 0.671528
v 0.444589 0.251186 0.671528
v -0.075875 0.538147 0.672272
v -0.075875 0.538147 0.672272
v -0.075875 0.538147 0.672272
v -0.020180 0.538937 0.302398
v -0.020180 0.538937 0.302398
v -0.020180 0.538937 0.302398
v 0.510677 0.217241 0.303939
v 0.510677 0.217241 0.303939
v 0.510677 0.217241 0.303939
v 0.490059 0.252377 0.671463
v 0.490059 0.252377 0.671463
v 0.490059 0.252377 0.671463
v -0.447731 0.328416 0.301157
v -0.447731 0.328416 0.301157
v -0.447731 0.328416 0.301157
v -0.002040 0.506207 0.302451
v -0.002040 0.506207 0.302451
v -0.002040 0.506207 0.302451
v 0.062838 0.545658 0.302639
v 0.062838 0.545658 0.302639
v 0.062838 0.545658 0.302639
v -0.468170 0.289432 0.672833
v -0.468170 0.289432 0.672833
v -0.468170 0.289432 0.672833
v 0.513800 -0.226597 0.671428
v 0.513800 -0.226597 0.671428
v 0.513800 -0.226597 0.671428
v 0.442924 0.335610 0.671530
v 0.442924 0.335610 0.671530
v 0.442924 0.335610 0.671530
v 0.019465 0.545658 0.302513
v 0.019465 0.545658 0.302513
v 0.019465 0.545658 0.302513
v -0.445542 0.253087 0.303750
v 0.445542 -0.253087 0.303750
v 0.304783 0.411463 0.671728
v 0.304783 0.411463 0.671728
v 0.304783 0.411463 0.671728
v 0.304783 0.411463 0.671728
v -0.446791 0.254936 0.671525
v 0.446792 -0.254936 0.671524
v -0.421944 0.217930 0.998448
v -0.421944 0.217930 0.998448
v -0.382698 0.216896 0.998678
v -0.421271 -0.240590 0.174420
v -0.378002 -0.217465 -0.009487
v -0.378002 -0.217465 -0.009487
v -0.403230 -0.252372 0.998448
v -0.403230 -0.252372 0.998448
v -0.382698 -0.219396 0.998678
v -0.382698 -0.219396 0.998678
v -0.417393 -0.218503 -0.009256
v -0.417393 -0.218503 -0.009256
v 0.001903 -0.481057 0.818995
v 0.000723 -0.437542 0.998678
v 0.000723 -0.437542 0.998678
v 0.019437 -0.471553 0.998448
v 0.019437 -0.471553 0.998448
v -0.011947 -0.470554 -0.009257
v -0.011947 -0.470554 -0.009257
v 0.006836 -0.436417 -0.009487
v 0.006836 -0.436417 -0.009487
v 0.404458 -0.243407 -0.009168
v 0.404458 -0.243407 -0.009168
v 0.378002 -0.220439 -0.009487
v -0.017990 -0.471553 0.998448
v -0.017990 -0.471553 0.998448
v -0.055418 -0.471553 0.998448
v -0.055418 -0.471553 0.998448
v 0.438235 -0.269793 0.108742
v 0.404676 -0.252372 0.998448
v 0.404676 -0.252372 0.998448
v 0.385963 -0.284314 0.998448
v 0.385963 -0.284314 0.998448
v 0.385675 -0.275466 -0.009168
v 0.385675 -0.275466 -0.009168
v 0.382698 -0.216896 0.998678
v -0.421944 -0.220431 0.998448
v -0.421944 -0.220431 0.998448
v -0.440657 -0.188490 0.998448
v -0.440657 -0.188490 0.998448
v 0.025618 -0.470554 -0.009257
v 0.025618 -0.470554 -0.009257
v 0.063184 -0.470554 -0.009257
v 0.063184 -0.470554 -0.009257
v -0.466954 0.241562 0.818686
v -0.378002 0.220439 -0.009487
v -0.417394 0.221478 -0.009256
v -0.417394 0.221478 -0.009256
v -0.436176 0.189419 -0.009256
v -0.436176 0.189419 -0.009256
v -0.398611 -0.250563 -0.009256
v -0.398611 -0.250563 -0.009256
v -0.379828 -0.282622 -0.009256
v -0.379828 -0.282622 -0.009256
v -0.440658 0.185989 0.998448
v -0.440658 0.185989 0.998448
v -0.485581 -0.206486 0.800689
v -0.394845 -0.334226 0.176950
v 0.064019 -0.518674 0.152538
v -0.059771 -0.518542 0.811869
v -0.486977 0.227145 0.169456
v 0.425587 -0.312125 0.860942
v -0.431387 -0.290345 0.178243
v 0.056864 -0.471553 0.998448
v 0.056864 -0.471553 0.998448
v -0.464478 -0.241723 0.178038
v 0.264426 -0.356058 -0.009257
v 0.264426 -0.356058 -0.009257
v -0.293333 -0.336192 0.998448
v -0.293333 -0.336192 0.998448
v -0.293333 -0.336192 0.998448
v -0.384516 -0.284314 0.998448
v -0.384516 -0.284314 0.998448
v -0.049513 -0.470554 -0.009257
v -0.049513 -0.470554 -0.009257
v -0.436176 -0.186444 -0.009256
v -0.436176 -0.186444 -0.009256
v -0.018537 -0.518542 0.814904
v 0.009896 -0.495466 0.818590
v -0.421586 -0.240568 0.803361
v -0.443370 -0.253109 0.303744
v -0.443370 -0.253109 0.303744
v -0.443370 -0.253109 0.303744
v 0.002018 -0.481174 0.155077
v 0.000908 -0.504247 0.672165
v 0.000908 -0.504247 0.672165
v 0.000908 -0.504247 0.672165
v 0.446047 -0.276912 0.864724
v 0.469259 -0.291357 0.301095
v 0.469259 -0.291357 0.301095
v 0.469259 -0.291357 0.301095
v -0.464528 0.246099 0.165863
v -0.491546 0.257743 0.671460
v -0.491546 0.257743 0.671460
v -0.491546 0.257743 0.671460
v -0.485236 -0.206496 0.177637
v -0.511910 -0.215324 0.671431
v -0.511910 -0.215324 0.671431
v -0.511910 -0.215324 0.671431
v -0.431958 -0.314361 0.795773
v -0.425802 -0.346106 0.303693
v -0.425802 -0.346106 0.303693
v -0.425802 -0.346106 0.303693
v 0.077899 -0.510570 0.822519
v 0.071373 -0.543322 0.302250
v 0.071373 -0.543322 0.302250
v 0.071373 -0.543322 0.302250
v -0.059642 -0.518674 0.162237
v -0.063977 -0.543691 0.672072
v -0.063977 -0.543691 0.672072
v -0.063977 -0.543691 0.672072
v -0.487415 0.206349 0.815059
v -0.512541 0.232933 0.303945
v -0.512541 0.232933 0.303945
v -0.512541 0.232933 0.303945
v 0.417773 -0.305020 0.112376
v 0.417773 -0.305020 0.112376
v 0.446642 -0.326485 0.672802
v 0.446642 -0.326485 0.672802
v 0.446642 -0.326485 0.672802
v -0.441036 -0.298973 0.796099
v -0.456594 -0.307849 0.303782
v -0.456594 -0.307849 0.303782
v -0.456594 -0.307849 0.303782
v -0.464807 -0.241699 0.799943
v -0.488832 -0.254300 0.303876
v -0.488832 -0.254300 0.303876
v -0.488832 -0.254300 0.303876
v -0.018422 -0.518674 0.159004
v -0.020598 -0.543691 0.672134
v -0.020598 -0.543691 0.672134
v -0.020598 -0.543691 0.672134
v 0.022799 -0.518674 0.155771
v 0.013849 -0.527589 0.672183
v 0.013849 -0.527589 0.672183
v 0.013849 -0.527589 0.672183
v 0.321671 -0.323488 -0.009257
v 0.321671 -0.323488 -0.009257
v 0.293639 -0.330248 0.101230
v 0.293639 -0.330248 0.101230
v 0.293639 -0.330248 0.101230
v 0.239812 -0.245721 0.086123
v 0.265496 -0.231108 -0.009257
v 0.206100 -0.264901 -0.009257
v -0.232075 -0.371045 0.998448
v -0.232075 -0.371045 0.998448
v -0.232075 -0.371045 0.998448
v -0.239820 -0.316378 0.962317
v -0.239820 -0.316378 0.962317
v -0.239820 -0.316378 0.962317
v -0.203529 -0.263403 0.998494
v -0.203529 -0.263403 0.998494
v -0.203529 -0.263403 0.998494
v -0.276205 -0.361394 0.803267
v -0.309571 -0.376686 0.802647
v -0.271021 -0.398578 0.804070
v 0.268524 -0.428146 0.672547
v 0.268524 -0.428146 0.672547
v 0.268524 -0.428146 0.672547
v 0.277449 -0.396675 0.844571
v 0.247641 -0.440066 0.672518
v 0.247641 -0.440066 0.672518
v 0.247641 -0.440066 0.672518
v 0.242806 -0.416470 0.559452
v 0.242806 -0.416470 0.559452
v 0.253789 -0.432943 0.673376
v 0.253789 -0.432943 0.673376
v 0.253789 -0.432943 0.673376
v 0.239118 -0.391942 0.843444
v 0.226634 -0.373396 0.980131
v 0.226634 -0.373396 0.980131
v 0.231873 -0.422688 0.839534
v -0.489508 0.257610 0.303878
v -0.489508 0.257610 0.303878
v -0.489508 0.257610 0.303878
v -0.461854 -0.309669 0.671503
v -0.461854 -0.309669 0.671503
v -0.461854 -0.309669 0.671503
v -0.444589 -0.251187 0.671528
v -0.444589 -0.251187 0.671528
v -0.444589 -0.251187 0.671528
v 0.075876 -0.538147 0.672272
v 0.075876 -0.538147 0.672272
v 0.075876 -0.538147 0.672272
v 0.020180 -0.538937 0.302398
v 0.020180 -0.538937 0.302398
v 0.020180 -0.538937 0.302398
v -0.510677 -0.217241 0.303939
v -0.510677 -0.217241 0.303939
v -0.510677 -0.217241 0.303939
v -0.490059 -0.252377 0.671463
v -0.490059 -0.252377 0.671463
v -0.490059 -0.252377 0.671463
v 0.447731 -0.328416 0.301157
v 0.447731 -0.328416 0.301157
v 0.447731 -0.328416 0.301157
v 0.002040 -0.506206 0.302451
v 0.002040 -0.506206 0.302451
v 0.002040 -0.506206 0.302451
v -0.062838 -0.545658 0.302639
v -0.062838 -0.545658 0.302639
v -0.062838 -0.545658 0.302639
v 0.468170 -0.289432 0.672833
v 0.468170 -0.289432 0.672833
v 0.468170 -0.289432 0.672833
v -0.513801 0.226597 0.671429
v -0.513801 0.226597 0.671429
v -0.513801 0.226597 0.671429
v -0.442924 -0.335610 0.671530
v -0.442924 -0.335610 0.671530
v -0.442924 -0.335610 0.671530
v -0.019465 -0.545658 0.302513
v -0.019465 -0.545658 0.302513
v -0.019465 -0.545658 0.302513
v 0.445542 -0.253087 0.303750
v -0.445542 0.253087 0.303750
v -0.304783 -0.411463 0.671728
v -0.304783 -0.411463 0.671728
v -0.304783 -0.411463 0.671728
v -0.304783 -0.411463 0.671728
v 0.446792 -0.254936 0.671524
v -0.446792 0.254935 0.671525
v 0.101586 0.562065 0.321270
v 0.101586 0.562065 0.321270
v 0.103150 0.560098 0.662811
v 0.103150 0.560098 0.662811
v 0.196261 0.509615 0.321451
v 0.196261 0.509615 0.321451
v -0.227658 0.489137 0.663143
v -0.227658 0.489137 0.663143
v -0.111746 0.554074 0.663044
v -0.111746 0.554074 0.663044
v -0.225205 0.493123 0.320535
v -0.225205 0.493123 0.320535
v -0.105564 0.559249 0.320972
v -0.105564 0.559249 0.320972
v 0.180876 0.481614 0.321345
v -0.211817 0.461392 0.662932
v -0.209365 0.465378 0.320325
v 0.191425 0.484538 0.662448
v 0.191425 0.484538 0.662448
v 0.200684 0.506305 0.559545
v 0.200684 0.506305 0.559545
v 0.154522 0.531273 0.662630
v 0.154522 0.531273 0.662630
v 0.187213 0.476873 0.662418
v -0.556083 0.186718 0.680452
v -0.556083 0.186718 0.680452
v -0.513800 0.186917 0.680606
v -0.510677 -0.176987 0.294585
v -0.552960 -0.177186 0.294430
v -0.552960 -0.177186 0.294430
v -0.553887 -0.189657 0.570503
v -0.553887 -0.189657 0.570503
v -0.524373 -0.193630 0.661661
v -0.524373 -0.193630 0.661661
v -0.554657 -0.100299 0.666195
v -0.554657 -0.100299 0.666195
v -0.511910 -0.193571 0.661706
v -0.512308 0.162020 0.311432
v -0.556728 0.153778 0.322111
v -0.556728 0.153778 0.322111
v -0.557128 0.199229 0.373071
v -0.557128 0.199229 0.373071
v -0.512708 0.207471 0.362392
v -0.101586 -0.562065 0.321270
v -0.101586 -0.562065 0.321270
v -0.103150 -0.560098 0.662811
v -0.103150 -0.560098 0.662811
v -0.196261 -0.509615 0.321451
v -0.196261 -0.509615 0.321451
v 0.227658 -0.489137 0.663142
v 0.227658 -0.489137 0.663142
v 0.111745 -0.554074 0.663044
v 0.111745 -0.554074 0.663044
v 0.225205 -0.493123 0.320535
v 0.225205 -0.493123 0.320535
v 0.105563 -0.559249 0.320972
v 0.105563 -0.559249 0.320972
v -0.180876 -0.481614 0.321345
v 0.211817 -0.461393 0.662932
v 0.209364 -0.465378 0.320325
v -0.191425 -0.484538 0.662447
v -0.191425 -0.484538 0.662447
v -0.200685 -0.506305 0.559545
v -0.200685 -0.506305 0.559545
v -0.154522 -0.531273 0.662630
v -0.154522 -0.531273 0.662630
v -0.187213 -0.476873 0.662418
v 0.556083 -0.186719 0.680452
v 0.556083 -0.186719 0.680452
v 0.513800 -0.186918 0.680606
v 0.510677 0.176987 0.294585
v 0.552960 0.177186 0.294430
v 0.552960 0.177186 0.294430
v 0.553887 0.189657 0.570503
v 0.553887 0.189657 0.570503
v 0.524373 0.193630 0.661661
v 0.524373 0.193630 0.661661
v 0.554657 0.100299 0.666195
v 0.554657 0.100299 0.666195
v 0.511910 0.193571 0.661706
v 0.512308 -0.162020 0.311432
v 0.556728 -0.153778 0.322110
v 0.556728 -0.153778 0.322110
v 0.557128 -0.199229 0.373071
v 0.557128 -0.199229 0.373071
v 0.512708 -0.207471 0.362392
v 0.088501 0.602187 0.425155
v 0.088501 0.602187 0.425155
v 0.088501 0.602187 0.425155
v 0.088501 0.602187 0.576154
v 0.088501 0.602187 0.576154
v 0.088501 0.602187 0.576154
v 0.075500 0.615189 0.576154
v 0.075500 0.615189 0.576154
v 0.075500 0.615189 0.576154
v 0.075500 0.615189 0.425155
v 0.075500 0.615189 0.425155
v 0.075500 0.615189 0.425155
v -0.075500 0.615189 0.576154
v -0.075500 0.615189 0.576154
v -0.075500 0.615189 0.576154
v -0.075500 0.602187 0.412153
v -0.075500 0.602187 0.412153
v -0.075500 0.602187 0.412153
v 0.075500 0.602187 0.412153
v 0.075500 0.602187 0.412153
v 0.075500 0.602187 0.412153
v 0.075500 0.602187 0.589156
v 0.075500 0.602187 0.589156
v 0.075500 0.602187 0.589156
v -0.075500 0.602187 0.589156
v -0.075500 0.602187 0.589156
v -0.075500 0.602187 0.589156
v -0.088501 0.547989 0.576154
v -0.088501 0.602187 0.576154
v -0.088501 0.602187 0.576154
v -0.088501 0.602187 0.576154
v -0.088501 0.602187 0.425155
v -0.088501 0.602187 0.425155
v -0.088501 0.602187 0.425155
v -0.075500 0.615189 0.425155
v -0.075500 0.615189 0.425155
v -0.075500 0.615189 0.425155
v -0.088501 0.547989 0.425155
v 0.088501 0.547989 0.425155
v -0.075500 0.547989 0.412153
v 0.075500 0.547989 0.589156
v 0.088501 0.547989 0.576154
v 0.075500 0.547989 0.412153
v -0.075500 0.547989 0.589156
v 0.602187 -0.088501 0.425155
v 0.602187 -0.088501 0.425155
v 0.602187 -0.088501 0.425155
v 0.602187 -0.088501 0.576154
v 0.602187 -0.088501 0.576154
v 0.602187 -0.088501 0.576154
v 0.615189 -0.075499 0.576154
v 0.615189 -0.075499 0.576154
v 0.615189 -0.075499 0.576154
v 0.615189 -0.075499 0.425155
v 0.615189 -0.075499 0.425155
v 0.615189 -0.075499 0.425155
v 0.615189 0.075500 0.576154
v 0.615189 0.075500 0.576154
v 0.615189 0.075500 0.576154
v 0.602187 0.075500 0.412153
v 0.602187 0.075500 0.412153
v 0.602187 0.075500 0.412153
v 0.602187 -0.075499 0.412153
v 0.602187 -0.075499 0.412153
v 0.602187 -0.075499 0.412153
v 0.602187 -0.075499 0.589156
v 0.602187 -0.075499 0.589156
v 0.602187 -0.075499 0.589156
v 0.602187 0.075500 0.589156
v 0.602187 0.075500 0.589156
v 0.602187 0.075500 0.589156
v 0.547989 0.088501 0.576154
v 0.602187 0.088501 0.576154
v 0.602187 0.088501 0.576154
v 0.602187 0.088501 0.576154
v 0.602187 0.088501 0.425155
v 0.602187 0.088501 0.425155
v 0.602187 0.088501 0.425155
v 0.615189 0.075500 0.425155
v 0.615189 0.075500 0.425155
v 0.615189 0.075500 0.425155
v 0.547989 0.088501 0.425155
v 0.547989 -0.088501 0.425155
v 0.547989 0.075500 0.412153
v 0.547989 -0.075499 0.589156
v 0.547989 -0.088501 0.576154
v 0.547989 -0.075499 0.412153
v 0.547989 0.075500 0.589156
v -0.088501 -0.602187 0.425155
v -0.088501 -0.602187 0.425155
v -0.088501 -0.602187 0.425155
v -0.088501 -0.602187 0.576154
v -0.088501 -0.602187 0.576154
v -0.088501 -0.602187 0.576154
v -0.075499 -0.615189 0.576154
v -0.075499 -0.615189 0.576154
v -0.075499 -0.615189 0.576154
v -0.075500 -0.615189 0.425155
v -0.075500 -0.615189 0.425155
v -0.075500 -0.615189 0.425155
v 0.075500 -0.615189 0.576154
v 0.075500 -0.615189 0.576154
v 0.075500 -0.615189 0.576154
v 0.075500 -0.602187 0.412153
v 0.075500 -0.602187 0.412153
v 0.075500 -0.602187 0.412153
v -0.075500 -0.602187 0.412153
v -0.075500 -0.602187 0.412153
v -0.075500 -0.602187 0.412153
v -0.075499 -0.602187 0.589156
v -0.075499 -0.602187 0.589156
v -0.075499 -0.602187 0.589156
v 0.075500 -0.602187 0.589156
v 0.075500 -0.602187 0.589156
v 0.075500 -0.602187 0.589156
v 0.088501 -0.547989 0.576154
v 0.088501 -0.602187 0.576154
v 0.088501 -0.602187 0.576154
v 0.088501 -0.602187 0.576154
v 0.088501 -0.602187 0.425155
v 0.088501 -0.602187 0.425155
v 0.088501 -0.602187 0.425155
v 0.075500 -0.615189 0.425155
v 0.075500 -0.615189 0.425155
v 0.075500 -0.615189 0.425155
v 0.088501 -0.547989 0.425155
v -0.088501 -0.547989 0.425155
v 0.075500 -0.547989 0.412153
v -0.075499 -0.547989 0.589156
v -0.088501 -0.547989 0.576154
v -0.075500 -0.547989 0.412153
v 0.075500 -0.547989 0.589156
v -0.602187 0.088502 0.425155
v -0.602187 0.088502 0.425155
v -0.602187 0.088502 0.425155
v -0.602187 0.088502 0.576154
v -0.602187 0.088502 0.576154
v -0.602187 0.088502 0.576154
v -0.615189 0.075500 0.576154
v -0.615189 0.075500 0.576154
v -0.615189 0.075500 0.576154
v -0.615189 0.075500 0.425155
v -0.615189 0.075500 0.425155
v -0.615189 0.075500 0.425155
v -0.615189 -0.075499 0.576154
v -0.615189 -0.075499 0.576154
v -0.615189 -0.075499 0.576154
v -0.602187 -0.075499 0.412153
v -0.602187 -0.075499 0.412153
v -0.602187 -0.075499 0.412153
v -0.602187 0.075500 0.412153
v -0.602187 0.075500 0.412153
v -0.602187 0.075500 0.412153
v -0.602187 0.075500 0.589156
v -0.602187 0.075500 0.589156
v -0.602187 0.075500 0.589156
v -0.602187 -0.075499 0.589156
v -0.602187 -0.075499 0.589156
v -0.602187 -0.075499 0.589156
v -0.547989 -0.088501 0.576154
v -0.602187 -0.088501 0.576154
v -0.602187 -0.088501 0.576154
v -0.602187 -0.088501 0.576154
v -0.602187 -0.088501 0.425155
v -0.602187 -0.088501 0.425155
v -0.602187 -0.088501 0.425155
v -0.615189 -0.075499 0.425155
v -0.615189 -0.075499 0.425155
v -0.615189 -0.075499 0.425155
v -0.547989 -0.088501 0.425155
v -0.547989 0.088502 0.425155
v -0.547989 -0.075499 0.412153
v -0.547989 0.075500 0.589156
v -0.547989 0.088502 0.576154
v -0.547989 0.075500 0.412153
v -0.547989 -0.075499 0.589156
v 0.000000 0.507570 0.924621
v 0.057511 0.507570 0.924621
v 0.057511 0.507570 0.924621
v 0.478912 0.200970 0.924621
v 0.478912 0.200970 0.924621
v 0.390135 0.326418 0.924621
v 0.390135 0.326418 0.924621
v 0.477211 -0.224924 0.924621
v 0.477211 -0.224924 0.924621
v 0.059655 0.522477 0.850182
v 0.059655 0.522477 0.850182
v 0.416232 0.336326 0.850182
v 0.416232 0.336326 0.850182
v 0.000000 0.522477 0.850182
v 0.507458 0.207416 0.850182
v 0.507458 0.207416 0.850182
v 0.490935 -0.230229 0.850182
v 0.490935 -0.230229 0.850182
v -0.057511 0.507570 0.924621
v -0.057511 0.507570 0.924621
v -0.445511 0.263010 0.924621
v -0.390135 0.326418 0.924621
v -0.390135 0.326418 0.924621
v -0.059655 0.522477 0.850182
v -0.059655 0.522477 0.850182
v -0.416232 0.336326 0.850182
v -0.416232 0.336326 0.850182
v -0.467697 0.263601 0.850182
v 0.445511 -0.263010 0.924621
v 0.000000 -0.507571 0.924621
v -0.057511 -0.507571 0.924621
v -0.057511 -0.507571 0.924621
v -0.478912 -0.200970 0.924621
v -0.478912 -0.200970 0.924621
v -0.390136 -0.326418 0.924621
v -0.390136 -0.326418 0.924621
v -0.477211 0.224924 0.924622
v -0.477211 0.224924 0.924622
v -0.059655 -0.522477 0.850182
v -0.059655 -0.522477 0.850182
v -0.416232 -0.336326 0.850182
v -0.416232 -0.336326 0.850182
v 0.000000 -0.522477 0.850182
v -0.507458 -0.207416 0.850182
v -0.507458 -0.207416 0.850182
v -0.490935 0.230229 0.850182
v -0.490935 0.230229 0.850182
v 0.057511 -0.507571 0.924621
v 0.057511 -0.507571 0.924621
v 0.059654 -0.522477 0.850182
v 0.059654 -0.522477 0.850182
v 0.416232 -0.336326 0.850182
v 0.416232 -0.336326 0.850182
v 0.390135 -0.326418 0.924621
v 0.390135 -0.326418 0.924621
v 0.467697 -0.263602 0.850182
v 0.000000 0.507570 0.075379
v 0.057511 0.507570 0.075379
v 0.057511 0.507570 0.075379
v 0.478912 0.200970 0.075379
v 0.478912 0.200970 0.075379
v 0.390135 0.326418 0.075379
v 0.390135 0.326418 0.075379
v 0.477211 -0.224924 0.075379
v 0.477211 -0.224924 0.075379
v 0.059655 0.522477 0.149818
v 0.059655 0.522477 0.149818
v 0.416232 0.336326 0.149818
v 0.416232 0.336326 0.149818
v 0.000000 0.522477 0.149818
v 0.507458 0.207416 0.149818
v 0.507458 0.207416 0.149818
v 0.490935 -0.230229 0.149818
v 0.490935 -0.230229 0.149818
v -0.057511 0.507570 0.075379
v -0.057511 0.507570 0.075379
v -0.445511 0.263010 0.075379
v -0.390135 0.326418 0.075379
v -0.390135 0.326418 0.075379
v -0.059655 0.522477 0.149818
v -0.059655 0.522477 0.149818
v -0.416232 0.336326 0.149818
v -0.416232 0.336326 0.149818
v 0.445511 -0.263010 0.075379
v 0.000000 -0.507571 0.075379
v -0.057511 -0.507571 0.075379
v -0.057511 -0.507571 0.075379
v -0.478912 -0.200970 0.075379
v -0.478912 -0.200970 0.075379
v -0.390136 -0.326418 0.075379
v -0.390136 -0.326418 0.075379
v -0.477211 0.224924 0.075378
v -0.477211 0.224924 0.075378
v -0.059655 -0.522477 0.149818
v -0.059655 -0.522477 0.149818
v -0.416232 -0.336326 0.149818
v -0.416232 -0.336326 0.149818
v 0.000000 -0.522477 0.149818
v -0.507458 -0.207416 0.149818
v -0.507458 -0.207416 0.149818
v -0.490935 0.230229 0.149818
v -0.490935 0.230229 0.149818
v 0.057511 -0.507571 0.075379
v 0.057511 -0.507571 0.075379
v 0.059654 -0.522477 0.149818
v 0.059654 -0.522477 0.149818
v 0.416232 -0.336326 0.149818
v 0.416232 -0.336326 0.149818
v 0.390135 -0.326418 0.075379
v 0.390135 -0.326418 0.075379
v 0.467697 -0.263602 0.149818
v -0.467697 0.263601 0.149818
v 0.052082 0.395010 1.061959
v 0.052082 0.395010 1.061959
v 0.272915 0.280403 1.061959
v 0.272915 0.280403 1.061959
v 0.216225 0.323115 0.998448
v 0.280939 0.289530 0.998448
v 0.280939 0.289530 0.998448
v 0.359104 0.208936 0.998448
v 0.418158 0.031500 0.998448
v -0.292608 0.292487 0.998448
v -0.132762 0.389544 0.998448
v 0.053366 0.407635 0.998448
v 0.368242 -0.205766 0.998448
v -0.283644 0.283272 1.061959
v -0.283644 0.283272 1.061959
v -0.128533 0.377455 1.061959
v -0.128533 0.377455 1.061959
v 0.348764 0.202195 1.061959
v 0.348764 0.202195 1.061959
v -0.202367 0.199715 1.061959
v -0.202367 0.199715 1.061959
v -0.090185 0.267831 1.061959
v -0.090185 0.267831 1.061959
v 0.255011 0.141078 1.061959
v 0.255011 0.141078 1.061959
v 0.296456 0.016552 1.061959
v 0.200155 0.197640 1.061959
v 0.040441 0.280527 1.061959
v 0.040441 0.280527 1.061959
v -0.186383 0.183283 1.043952
v -0.186383 0.183283 1.043952
v -0.082644 0.246272 1.043952
v -0.082644 0.246272 1.043952
v 0.274899 0.013904 1.043952
v 0.236321 -0.128671 1.043952
v 0.236573 0.129058 1.043952
v 0.236573 0.129058 1.043952
v 0.185845 0.181364 1.043952
v 0.038152 0.258013 1.043952
v 0.038152 0.258013 1.043952
v -0.358092 0.199858 1.061959
v -0.358092 0.199858 1.061959
v 0.406070 0.030015 1.061959
v 0.406070 0.030015 1.061959
v -0.052082 -0.395010 1.061959
v -0.052082 -0.395010 1.061959
v -0.272915 -0.280403 1.061959
v -0.272915 -0.280403 1.061959
v -0.216225 -0.323115 0.998448
v -0.280940 -0.289530 0.998448
v -0.280940 -0.289530 0.998448
v -0.359104 -0.208936 0.998448
v -0.418158 -0.031500 0.998448
v 0.292608 -0.292488 0.998448
v 0.132762 -0.389545 0.998448
v -0.053366 -0.407635 0.998448
v -0.368242 0.205766 0.998448
v 0.283644 -0.283273 1.061959
v 0.283644 -0.283273 1.061959
v 0.128533 -0.377455 1.061959
v 0.128533 -0.377455 1.061959
v -0.348764 -0.202195 1.061959
v -0.348764 -0.202195 1.061959
v 0.202367 -0.199715 1.061959
v 0.202367 -0.199715 1.061959
v 0.090185 -0.267831 1.061959
v 0.090185 -0.267831 1.061959
v 0.254420 -0.139208 1.061959
v -0.296456 -0.016552 1.061959
v -0.254420 0.139208 1.061959
v -0.254420 0.139208 1.061959
v -0.255011 -0.141078 1.061959
v -0.255011 -0.141078 1.061959
v -0.200155 -0.197640 1.061959
v -0.040441 -0.280528 1.061959
v -0.040441 -0.280528 1.061959
v 0.186383 -0.183283 1.043952
v 0.186383 -0.183283 1.043952
v 0.082644 -0.246272 1.043952
v 0.082644 -0.246272 1.043952
v -0.274899 -0.013904 1.043952
v -0.236321 0.128671 1.043952
v -0.236321 0.128671 1.043952
v -0.236573 -0.129058 1.043952
v -0.236573 -0.129058 1.043952
v -0.185845 -0.181364 1.043952
v -0.038152 -0.258013 1.043952
v -0.038152 -0.258013 1.043952
v 0.358092 -0.199858 1.061959
v 0.358092 -0.199858 1.061959
v -0.406070 -0.030015 1.061959
v -0.406070 -0.030015 1.061959
v 0.052082 0.395010 -0.061959
v 0.052082 0.395010 -0.061959
v 0.272915 0.280403 -0.061959
v 0.272915 0.280403 -0.061959
v 0.216225 0.323115 0.001552
v 0.280939 0.289530 0.001552
v 0.280939 0.289530 0.001552
v 0.359104 0.208936 0.001552
v 0.418158 0.031500 0.001552
v -0.292608 0.292487 0.001552
v -0.132762 0.389544 0.001552
v 0.053366 0.407635 0.001552
v 0.368242 -0.205766 0.001552
v -0.283644 0.283272 -0.061959
v -0.283644 0.283272 -0.061959
v -0.128533 0.377455 -0.061959
v -0.128533 0.377455 -0.061959
v 0.348764 0.202195 -0.061959
v 0.348764 0.202195 -0.061959
v -0.202367 0.199715 -0.061959
v -0.202367 0.199715 -0.061959
v -0.090185 0.267831 -0.061959
v -0.090185 0.267831 -0.061959
v 0.255011 0.141078 -0.061959
v 0.255011 0.141078 -0.061959
v 0.296456 0.016552 -0.061959
v 0.200155 0.197640 -0.061959
v 0.040441 0.280527 -0.061959
v 0.040441 0.280527 -0.061959
v -0.186383 0.183283 -0.043952
v -0.186383 0.183283 -0.043952
v -0.082644 0.246272 -0.043952
v -0.082644 0.246272 -0.043952
v 0.274899 0.013904 -0.043952
v 0.236321 -0.128671 -0.043952
v 0.236573 0.129058 -0.043952
v 0.236573 0.129058 -0.043952
v 0.185845 0.181364 -0.043952
v 0.038152 0.258013 -0.043952
v 0.038152 0.258013 -0.043952
v -0.358092 0.199858 -0.061959
v -0.358092 0.199858 -0.061959
v 0.406070 0.030015 -0.061959
v 0.406070 0.030015 -0.061959
v -0.052082 -0.395010 -0.061959
v -0.052082 -0.395010 -0.061959
v -0.272915 -0.280403 -0.061959
v -0.272915 -0.280403 -0.061959
v -0.216225 -0.323115 0.001552
v -0.280940 -0.289530 0.001552
v -0.280940 -0.289530 0.001552
v -0.359104 -0.208936 0.001552
v -0.418158 -0.031500 0.001552
v 0.292608 -0.292488 0.001552
v 0.132762 -0.389545 0.001552
v -0.053366 -0.407635 0.001552
v -0.368242 0.205766 0.001552
v 0.283644 -0.283273 -0.061959
v 0.283644 -0.283273 -0.061959
v 0.128533 -0.377455 -0.061959
v 0.128533 -0.377455 -0.061959
v -0.348764 -0.202195 -0.061959
v -0.348764 -0.202195 -0.061959
v 0.202367 -0.199715 -0.061959
v 0.202367 -0.199715 -0.061959
v 0.090185 -0.267831 -0.061959
v 0.090185 -0.267831 -0.061959
v 0.254420 -0.139208 -0.061959
v -0.296456 -0.016552 -0.061959
v -0.254420 0.139208 -0.061959
v -0.254420 0.139208 -0.061959
v -0.255011 -0.141078 -0.061959
v -0.255011 -0.141078 -0.061959
v -0.200155 -0.197640 -0.061959
v -0.040441 -0.280528 -0.061959
v -0.040441 -0.280528 -0.061959
v 0.186383 -0.183283 -0.043952
v 0.186383 -0.183283 -0.043952
v 0.082644 -0.246272 -0.043952
v 0.082644 -0.246272 -0.043952
v -0.274899 -0.013904 -0.043952
v -0.236321 0.128671 -0.043952
v -0.236321 0.128671 -0.043952
v -0.236573 -0.129058 -0.043952
v -0.236573 -0.129058 -0.043952
v -0.185845 -0.181364 -0.043952
v -0.038152 -0.258013 -0.043952
v -0.038152 -0.258013 -0.043952
v 0.358092 -0.199858 -0.061959
v 0.358092 -0.199858 -0.061959
v -0.406070 -0.030015 -0.061959
v -0.406070 -0.030015 -0.061959
v 0.202235 -0.261779 1.061959
v 0.200667 -0.256063 1.084016
v 0.200667 -0.256063 1.084016
v 0.216663 -0.324041 1.091530
v 0.216663 -0.324041 1.091530
v 0.148256 -0.340171 1.091257
v 0.148256 -0.340171 1.091257
v 0.132261 -0.272193 1.083743
v 0.132261 -0.272193 1.083743
v 0.218230 -0.329757 1.061959
v 0.133696 -0.277425 1.061959
v 0.149691 -0.345403 1.061959
v 0.289629 0.082103 1.061959
v 0.294035 0.085268 1.091257
v 0.294035 0.085268 1.091257
v 0.347801 0.120741 1.061959
v 0.352207 0.123906 1.083743
v 0.352207 0.123906 1.083743
v -0.184597 -0.256226 1.061959
v -0.181120 -0.251426 1.084016
v -0.181120 -0.251426 1.084016
v -0.224128 -0.306446 1.091530
v -0.224128 -0.306446 1.091530
v -0.279521 -0.263189 1.091257
v -0.279521 -0.263189 1.091257
v -0.236513 -0.208169 1.083743
v -0.236513 -0.208169 1.083743
v -0.227605 -0.311246 1.061959
v -0.239696 -0.212562 1.061959
v -0.282704 -0.267583 1.061959
v 0.332949 0.026741 1.091530
v 0.332949 0.026741 1.091530
v 0.328135 0.023284 1.061959
v 0.391120 0.065379 1.084016
v 0.391120 0.065379 1.084016
v 0.386306 0.061922 1.061959
v -0.007594 0.307982 1.061959
v -0.007586 0.302055 1.084016
v -0.007586 0.302055 1.084016
v -0.005132 0.371846 1.091530
v -0.005132 0.371846 1.091530
v 0.065108 0.369410 1.091257
v 0.065108 0.369410 1.091257
v 0.062654 0.299618 1.083743
v 0.062654 0.299618 1.083743
v -0.005140 0.377774 1.061959
v 0.062646 0.305044 1.061959
v 0.065100 0.374835 1.061959
v -0.362538 0.143203 1.061959
v -0.358147 0.146390 1.091257
v -0.358147 0.146390 1.091257
v -0.304559 0.182131 1.061959
v -0.300168 0.185317 1.083743
v -0.300168 0.185317 1.083743
v -0.318942 0.088058 1.091530
v -0.318942 0.088058 1.091530
v -0.323739 0.084577 1.061959
v -0.260964 0.126985 1.084016
v -0.260964 0.126985 1.084016
v -0.265761 0.123504 1.061959
v -0.069976 -0.121479 1.043952
v -0.142037 0.003335 1.043952
v 0.074146 -0.121479 1.043952
v 0.146208 0.003335 1.043952
v 0.074146 0.128148 1.043952
v -0.069976 0.128149 1.043952
v -0.069976 -0.121479 1.159354
v -0.069976 -0.121479 1.159354
v -0.069976 -0.121479 1.159354
v -0.142037 0.003335 1.159354
v -0.142037 0.003335 1.159354
v -0.142037 0.003335 1.159354
v 0.074146 -0.121479 1.159354
v 0.074146 -0.121479 1.159354
v 0.074146 -0.121479 1.159354
v 0.146208 0.003335 1.159354
v 0.146208 0.003335 1.159354
v 0.146208 0.003335 1.159354
v -0.069976 0.128149 1.159354
v -0.069976 0.128149 1.159354
v -0.069976 0.128149 1.159354
v -0.030212 -0.052605 1.159354
v -0.030212 -0.052605 1.159354
v -0.030212 -0.052605 1.159354
v -0.062509 0.003335 1.159354
v -0.062509 0.003335 1.159354
v -0.062509 0.003335 1.159354
v 0.034382 -0.052605 1.159354
v 0.034382 -0.052605 1.159354
v 0.034382 -0.052605 1.159354
v 0.066679 0.003335 1.159354
v 0.066679 0.003335 1.159354
v 0.066679 0.003335 1.159354
v 0.034382 0.059275 1.159354
v 0.034382 0.059275 1.159354
v 0.034382 0.059275 1.159354
v -0.030212 0.059275 1.159354
v -0.030212 0.059275 1.159354
v -0.030212 0.059275 1.159354
v -0.030212 -0.052605 1.055183
v -0.030212 -0.052605 1.055183
v -0.062509 0.003335 1.055183
v -0.062509 0.003335 1.055183
v 0.034382 -0.052605 1.055183
v 0.034382 -0.052605 1.055183
v 0.066679 0.003335 1.055183
v 0.066679 0.003335 1.055183
v 0.034382 0.059275 1.055183
v 0.034382 0.059275 1.055183
v -0.030212 0.059275 1.055183
v -0.030212 0.059275 1.055183
v 0.046007 0.079410 1.159354
v 0.046007 0.079410 1.159354
v 0.102286 0.079410 1.159354
v 0.102286 0.079410 1.159354
v 0.074146 0.128148 1.106621
v 0.074146 0.128148 1.106621
v 0.017868 0.128148 1.159354
v 0.017868 0.128148 1.159354
v 0.202235 -0.261779 -0.061959
v 0.200667 -0.256063 -0.084016
v 0.200667 -0.256063 -0.084016
v 0.216663 -0.324041 -0.091530
v 0.216663 -0.324041 -0.091530
v 0.148256 -0.340171 -0.091257
v 0.148256 -0.340171 -0.091257
v 0.132261 -0.272193 -0.083743
v 0.132261 -0.272193 -0.083743
v 0.218230 -0.329757 -0.061959
v 0.133696 -0.277425 -0.061959
v 0.149691 -0.345403 -0.061959
v 0.289629 0.082103 -0.061959
v 0.294035 0.085268 -0.091257
v 0.294035 0.085268 -0.091257
v 0.347801 0.120741 -0.061959
v 0.352207 0.123906 -0.083743
v 0.352207 0.123906 -0.083743
v -0.184597 -0.256226 -0.061959
v -0.181120 -0.251426 -0.084016
v -0.181120 -0.251426 -0.084016
v -0.224128 -0.306446 -0.091530
v -0.224128 -0.306446 -0.091530
v -0.279521 -0.263189 -0.091257
v -0.279521 -0.263189 -0.091257
v -0.236513 -0.208169 -0.083743
v -0.236513 -0.208169 -0.083743
v -0.227605 -0.311246 -0.061959
v -0.239696 -0.212562 -0.061959
v -0.282704 -0.267583 -0.061959
v 0.332949 0.026741 -0.091530
v 0.332949 0.026741 -0.091530
v 0.328135 0.023284 -0.061959
v 0.391120 0.065379 -0.084016
v 0.391120 0.065379 -0.084016
v 0.386306 0.061922 -0.061959
v -0.007594 0.307982 -0.061959
v -0.007586 0.302055 -0.084016
v -0.007586 0.302055 -0.084016
v -0.005132 0.371846 -0.091530
v -0.005132 0.371846 -0.091530
v 0.065108 0.369410 -0.091257
v 0.065108 0.369410 -0.091257
v 0.062654 0.299618 -0.083743
v 0.062654 0.299618 -0.083743
v -0.005140 0.377774 -0.061959
v 0.062646 0.305044 -0.061959
v 0.065100 0.374835 -0.061959
v -0.362538 0.143203 -0.061959
v -0.358147 0.146390 -0.091257
v -0.358147 0.146390 -0.091257
v -0.304559 0.182131 -0.061959
v -0.300168 0.185317 -0.083743
v -0.300168 0.185317 -0.083743
v -0.318942 0.088058 -0.091530
v -0.318942 0.088058 -0.091530
v -0.323739 0.084577 -0.061959
v -0.260964 0.126985 -0.084016
v -0.260964 0.126985 -0.084016
v -0.265761 0.123504 -0.061959
v -0.069976 -0.121479 -0.043952
v -0.142037 0.003335 -0.043952
v 0.074146 -0.121479 -0.043952
v 0.146208 0.003335 -0.043952
v 0.074146 0.128148 -0.043952
v -0.069976 0.128149 -0.043952
v -0.069976 -0.121479 -0.159354
v -0.069976 -0.121479 -0.159354
v -0.069976 -0.121479 -0.159354
v -0.142037 0.003335 -0.159354
v -0.142037 0.003335 -0.159354
v -0.142037 0.003335 -0.159354
v 0.074146 -0.121479 -0.159354
v 0.074146 -0.121479 -0.159354
v 0.074146 -0.121479 -0.159354
v 0.146208 0.003335 -0.159354
v 0.146208 0.003335 -0.159354
v 0.146208 0.003335 -0.159354
v -0.069976 0.128149 -0.159354
v -0.069976 0.128149 -0.159354
v -0.069976 0.128149 -0.159354
v -0.030212 -0.052605 -0.159354
v -0.030212 -0.052605 -0.159354
v -0.030212 -0.052605 -0.159354
v -0.062509 0.003335 -0.159354
v -0.062509 0.003335 -0.159354
v -0.062509 0.003335 -0.159354
v 0.034382 -0.052605 -0.159354
v 0.034382 -0.052605 -0.159354
v 0.034382 -0.052605 -0.159354
v 0.066679 0.003335 -0.159354
v 0.066679 0.003335 -0.159354
v 0.066679 0.003335 -0.159354
v 0.034382 0.059275 -0.159354
v 0.034382 0.059275 -0.159354
v 0.034382 0.059275 -0.159354
v -0.030212 0.059275 -0.159354
v -0.030212 0.059275 -0.159354
v -0.030212 0.059275 -0.159354
v -0.030212 -0.052605 -0.055183
v -0.030212 -0.052605 -0.055183
v -0.062509 0.003335 -0.055183
v -0.062509 0.003335 -0.055183
v 0.034382 -0.052605 -0.055183
v 0.034382 -0.052605 -0.055183
v 0.066679 0.003335 -0.055183
v 0.066679 0.003335 -0.055183
v 0.034382 0.059275 -0.055183
v 0.034382 0.059275 -0.055183
v -0.030212 0.059275 -0.055183
v -0.030212 0.059275 -0.055183
v 0.046007 0.079410 -0.159354
v 0.046007 0.079410 -0.159354
v 0.102286 0.079410 -0.159354
v 0.102286 0.079410 -0.159354
v 0.074146 0.128148 -0.106621
v 0.074146 0.128148 -0.106621
v 0.017868 0.128148 -0.159354
v 0.017868 0.128148 -0.159354
v 0.512631 0.210781 0.867122
v 0.502789 0.209249 0.902355
v 0.495091 -0.233010 0.903842
v 0.499904 -0.234727 0.868421
v 0.419840 0.341923 0.867156
v 0.410428 0.339652 0.902413
v 0.060592 0.531655 0.867862
v 0.059883 0.527291 0.903177
v -0.419848 0.341934 0.867191
v -0.410351 0.339602 0.902497
v -0.059879 0.527253 0.903218
v -0.060593 0.531663 0.867878
v -0.512631 -0.210781 0.867122
v -0.502789 -0.209249 0.902355
v -0.495091 0.233010 0.903842
v -0.499904 0.234727 0.868421
v -0.419840 -0.341923 0.867156
v -0.410428 -0.339652 0.902413
v -0.060592 -0.531655 0.867862
v -0.059883 -0.527291 0.903177
v 0.419848 -0.341934 0.867191
v 0.410351 -0.339603 0.902497
v 0.059879 -0.527253 0.903218
v 0.060593 -0.531663 0.867878
v 0.419848 -0.341934 0.132809
v 0.410351 -0.339603 0.097503
v 0.059879 -0.527253 0.096782
v 0.060593 -0.531663 0.132122
v -0.060592 -0.531655 0.132138
v -0.059883 -0.527291 0.096823
v -0.419840 -0.341923 0.132844
v -0.410428 -0.339652 0.097587
v -0.495091 0.233010 0.096158
v -0.499904 0.234727 0.131579
v -0.512631 -0.210781 0.132878
v -0.502789 -0.209249 0.097645
v -0.419848 0.341934 0.132809
v -0.410351 0.339602 0.097503
v -0.059879 0.527253 0.096782
v -0.060593 0.531663 0.132122
v 0.060592 0.531655 0.132138
v 0.059883 0.527291 0.096823
v 0.419840 0.341923 0.132844
v 0.410428 0.339652 0.097587
v 0.495091 -0.233010 0.096158
v 0.499904 -0.234727 0.131579
v 0.512631 0.210781 0.132878
v 0.502789 0.209249 0.097645
vn -0.5026 0.8314 -0.2370
vn -0.5143 0.7978 -0.3145
vn -0.5143 0.7978 -0.3146
vn 0.9647 0.0047 -0.2633
vn 0.9743 0.0054 -0.2253
vn 0.9743 0.0053 -0.2253
vn 0.4763 0.8501 -0.2246
vn 0.4750 0.8385 -0.2671
vn 0.4763 0.8498 -0.2257
vn -0.0917 -0.9917 -0.0906
vn -0.0760 -0.9913 -0.1075
vn -0.0991 -0.9916 -0.0826
vn -0.0221 0.9955 0.0921
vn -0.0216 0.9945 0.1027
vn -0.0224 0.9959 0.0877
vn 0.8677 0.4815 -0.1232
vn 0.8640 0.4791 -0.1550
vn 0.8686 0.4822 -0.1141
vn -0.8165 -0.5671 0.1078
vn -0.8097 -0.5732 0.1261
vn -0.8329 0.4983 0.2409
vn -0.8056 0.4888 0.3349
vn -0.8360 0.4992 0.2280
vn 0.7269 -0.6388 -0.2520
vn 0.7499 -0.5842 -0.3105
vn 0.7187 -0.6550 -0.2333
vn 0.9293 -0.3488 0.1216
vn 0.9139 -0.3909 0.1096
vn 0.8394 0.4967 0.2204
vn 0.8369 0.4946 0.2344
vn 0.8395 0.4967 0.2202
vn -0.8712 0.4815 -0.0959
vn -0.8697 0.4823 -0.1051
vn 0.8239 0.5209 0.2233
vn 0.8301 0.4893 0.2673
vn 0.0094 0.9725 -0.2328
vn 0.0112 0.9619 -0.2730
vn 0.0314 0.9754 -0.2183
vn 0.0116 0.9592 -0.2825
vn 0.1459 0.9750 0.1677
vn 0.1714 0.9686 0.1803
vn 0.1715 0.9685 0.1804
vn 0.1957 0.9616 0.1922
vn 0.1957 0.9616 0.1923
vn 0.0095 0.9692 0.2462
vn 0.0080 0.9771 0.2128
vn 0.0079 0.9779 0.2087
vn 0.0064 0.9845 0.1754
vn 0.7866 0.5690 -0.2398
vn 0.7700 0.5914 -0.2395
vn 0.7866 0.5690 -0.2397
vn 0.7529 0.6132 -0.2390
vn -0.8675 0.4823 0.1217
vn -0.8705 0.4818 0.1006
vn -0.8675 0.4824 0.1217
vn -0.8717 0.4814 0.0917
vn -0.8742 0.4804 0.0710
vn 0.8295 0.4891 -0.2697
vn 0.8357 0.4933 -0.2412
vn 0.8359 0.4933 -0.2406
vn 0.8416 0.4968 -0.2121
vn 0.8415 0.4969 -0.2121
vn 0.9314 -0.3388 -0.1333
vn 0.9482 -0.2839 -0.1427
vn 0.9313 -0.3390 -0.1333
vn 0.9536 -0.2633 -0.1461
vn 0.9654 -0.2100 -0.1545
vn 0.8381 -0.4744 0.2693
vn 0.8336 -0.4967 0.2415
vn 0.8330 -0.4993 0.2383
vn 0.8273 -0.5209 0.2102
vn -0.8057 0.4881 -0.3357
vn -0.8256 0.4950 -0.2708
vn -0.8287 0.4960 -0.2593
vn -0.8439 0.5002 -0.1940
vn -0.7767 -0.6142 -0.1393
vn -0.8171 -0.5655 -0.1118
vn -0.8306 -0.5475 -0.1019
vn -0.8641 -0.4976 -0.0750
vn 0.8697 0.4811 0.1105
vn 0.8704 0.4824 0.0982
vn 0.8706 0.4828 0.0950
vn 0.8712 0.4839 0.0825
vn 0.8712 0.4840 0.0825
vn -0.0206 0.9927 -0.1189
vn -0.0212 0.9939 -0.1086
vn -0.0214 0.9944 -0.1039
vn -0.0222 0.9953 -0.0939
vn -0.0221 0.9953 -0.0939
vn -0.0211 -0.9918 0.1260
vn -0.0295 -0.9931 0.1135
vn -0.0330 -0.9936 0.1083
vn -0.0413 -0.9945 0.0960
vn -0.0412 -0.9945 0.0960
vn 0.4650 0.8560 0.2259
vn 0.4640 0.8598 0.2131
vn 0.4650 0.8560 0.2258
vn 0.4632 0.8632 0.2007
vn 0.4641 0.8600 0.2123
vn 0.9776 0.0070 0.2104
vn 0.9723 0.0065 0.2338
vn 0.9819 0.0075 0.1894
vn 0.9777 0.0070 0.2101
vn -0.4664 0.8433 0.2671
vn -0.4664 0.8433 0.2670
vn -0.4775 0.8556 0.1999
vn -0.4849 0.8628 0.1432
vn -0.4758 0.8538 0.2110
vn -0.0000 0.0068 1.0000
vn -0.0012 0.0011 1.0000
vn -0.0000 -0.0012 1.0000
vn -0.0000 -0.0006 1.0000
vn 0.0012 0.0011 1.0000
vn -0.0005 -0.0003 1.0000
vn 0.0002 0.0004 1.0000
vn 0.0013 0.0012 1.0000
vn -0.0003 0.0016 1.0000
vn 0.0036 0.0036 1.0000
vn 0.0058 0.0034 1.0000
vn 0.0003 0.0016 1.0000
vn -0.0010 -0.0006 1.0000
vn 0.0015 -0.0005 1.0000
vn -0.0000 0.0020 -1.0000
vn 0.0012 -0.0007 -1.0000
vn 0.0012 0.0007 -1.0000
vn 0.0058 -0.0034 1.0000
vn 0.0015 0.0005 1.0000
vn 0.0014 0.0049 1.0000
vn -0.0054 0.0032 1.0000
vn 0.0004 0.0018 1.0000
vn -0.0009 -0.0005 -1.0000
vn -0.0000 0.0014 -1.0000
vn -0.0000 -0.0018 -1.0000
vn -0.0000 0.0068 -1.0000
vn -0.0000 -0.0010 -1.0000
vn -0.0012 0.0007 -1.0000
vn -0.0080 0.0047 -1.0000
vn -0.0009 0.0023 -1.0000
vn 0.0045 0.0064 -1.0000
vn -0.0016 -0.0009 -1.0000
vn 0.0058 0.0034 -1.0000
vn 0.0010 0.0055 -1.0000
vn 0.0012 0.0014 -1.0000
vn 0.0058 -0.0034 -1.0000
vn -0.0007 0.0002 -1.0000
vn -0.8027 -0.4823 -0.3507
vn -0.8027 -0.4823 -0.3508
vn -0.3665 0.9182 -0.1501
vn 0.8085 0.5252 -0.2656
vn 0.8084 0.5254 -0.2654
vn 0.8084 0.5253 -0.2655
vn -0.0000 -0.0000 -1.0000
vn -0.5616 0.6932 0.4517
vn 0.8308 -0.2201 0.5111
vn -0.4109 0.8883 0.2052
vn -0.4232 0.8931 0.1525
vn 0.9669 0.0905 0.2384
vn 0.9747 0.0496 0.2179
vn 0.9687 0.0822 0.2343
vn 0.4833 0.8516 0.2032
vn 0.4854 0.8460 0.2205
vn 0.4831 0.8519 0.2020
vn 0.9579 0.1280 0.2568
vn -0.4145 0.8899 0.1905
vn -0.3997 0.8822 0.2490
vn 0.0562 0.9839 0.1696
vn -0.0001 0.9783 0.2072
vn -0.0000 0.9783 0.2072
vn -0.9424 0.3060 0.1349
vn -0.9272 0.3460 0.1437
vn -0.9497 0.2849 0.1303
vn -0.9627 0.2422 0.1208
vn 0.0660 0.9844 0.1630
vn 0.1252 0.9846 0.1221
vn 0.8615 0.5078 -0.0002
vn 0.8614 0.5080 -0.0002
vn -0.0262 0.9996 0.0053
vn -0.8732 0.4802 -0.0828
vn -0.8718 0.4811 -0.0917
vn 0.6891 -0.7039 -0.1725
vn 0.6891 -0.7038 -0.1725
vn -0.8647 0.5023 0.0051
vn -0.8646 0.5024 0.0051
vn 0.8714 0.4836 -0.0822
vn 0.4767 0.8592 -0.1859
vn -0.4910 0.8534 -0.1752
vn -0.4966 0.8438 -0.2037
vn 0.0523 0.9875 -0.1488
vn 0.0332 0.9767 -0.2122
vn 0.7905 0.6122 -0.0168
vn 0.9656 -0.2600 -0.0085
vn -0.8500 -0.5268 -0.0002
vn -0.1143 -0.9913 -0.0660
vn 0.9814 0.0058 -0.1920
vn 0.0074 0.9824 -0.1868
vn 0.0092 0.9739 -0.2270
vn -0.0232 0.9967 0.0773
vn -0.0230 0.9967 0.0773
vn 0.9474 -0.2890 0.1379
vn 0.9355 -0.3296 0.1269
vn -0.8780 0.4787 0.0052
vn -0.8780 0.4786 0.0052
vn 0.7766 -0.6300 0.0018
vn -0.7564 0.6331 -0.1645
vn 0.8746 0.4849 -0.0001
vn 0.8746 0.4848 -0.0001
vn 0.4815 0.8765 0.0028
vn 0.4816 0.8764 0.0030
vn 0.4813 0.8765 0.0032
vn -0.4958 0.8684 0.0078
vn -0.4954 0.8686 0.0078
vn -0.4867 0.8644 0.1262
vn -0.4781 0.8563 0.1954
vn -0.4869 0.8643 0.1264
vn 0.8144 0.5532 0.1750
vn 0.8233 0.5235 0.2195
vn -0.2970 0.9406 -0.1646
vn -0.8540 0.5032 0.1326
vn -0.8540 0.5031 0.1326
vn 0.1308 0.9912 0.0218
vn -0.8308 -0.5526 0.0660
vn -0.8245 -0.5594 0.0851
vn -0.0823 -0.9966 -0.0023
vn -0.0824 -0.9966 -0.0023
vn 1.0000 0.0042 -0.0034
vn 1.0000 0.0043 -0.0033
vn 0.8419 0.4987 0.2063
vn 0.8419 0.4986 0.2062
vn -0.0000 1.0000 0.0053
vn 0.4812 0.8565 0.1868
vn 0.4722 0.8599 0.1938
vn 0.4817 0.8764 0.0028
vn 0.4813 0.8765 0.0026
vn 0.5026 -0.8314 -0.2370
vn 0.5143 -0.7978 -0.3145
vn 0.5143 -0.7978 -0.3146
vn -0.9647 -0.0047 -0.2633
vn -0.9743 -0.0053 -0.2253
vn -0.4763 -0.8501 -0.2246
vn -0.4750 -0.8385 -0.2671
vn -0.4763 -0.8498 -0.2258
vn 0.0917 0.9917 -0.0906
vn 0.0760 0.9913 -0.1075
vn 0.0991 0.9916 -0.0826
vn 0.0222 -0.9955 0.0921
vn 0.0216 -0.9945 0.1027
vn 0.0225 -0.9959 0.0877
vn -0.8677 -0.4816 -0.1232
vn -0.8639 -0.4792 -0.1550
vn -0.8686 -0.4822 -0.1141
vn 0.8165 0.5671 0.1078
vn 0.8097 0.5732 0.1261
vn 0.8329 -0.4983 0.2409
vn 0.8056 -0.4888 0.3349
vn 0.8360 -0.4992 0.2280
vn -0.7269 0.6388 -0.2520
vn -0.7499 0.5842 -0.3105
vn -0.7187 0.6550 -0.2333
vn -0.9293 0.3488 0.1216
vn -0.9139 0.3909 0.1096
vn -0.8394 -0.4967 0.2204
vn -0.8369 -0.4946 0.2344
vn -0.8395 -0.4967 0.2202
vn 0.8712 -0.4815 -0.0959
vn 0.8697 -0.4823 -0.1051
vn -0.8239 -0.5209 0.2233
vn -0.8301 -0.4893 0.2673
vn -0.0095 -0.9725 -0.2328
vn -0.0112 -0.9619 -0.2730
vn -0.0314 -0.9754 -0.2183
vn -0.0116 -0.9592 -0.2825
vn -0.1459 -0.9750 0.1677
vn -0.1714 -0.9686 0.1803
vn -0.1715 -0.9685 0.1804
vn -0.1957 -0.9616 0.1922
vn -0.1957 -0.9616 0.1923
vn -0.0095 -0.9692 0.2462
vn -0.0080 -0.9771 0.2128
vn -0.0079 -0.9779 0.2087
vn -0.0064 -0.9845 0.1754
vn -0.7866 -0.5690 -0.2398
vn -0.7700 -0.5914 -0.2395
vn -0.7866 -0.5690 -0.2397
vn -0.7529 -0.6132 -0.2390
vn 0.8675 -0.4824 0.1217
vn 0.8705 -0.4817 0.1006
vn 0.8717 -0.4814 0.0917
vn 0.8741 -0.4805 0.0710
vn -0.8295 -0.4891 -0.2697
vn -0.8358 -0.4933 -0.2412
vn -0.8359 -0.4933 -0.2406
vn -0.8416 -0.4968 -0.2121
vn -0.8415 -0.4969 -0.2121
vn -0.9314 0.3388 -0.1333
vn -0.9482 0.2839 -0.1427
vn -0.9313 0.3390 -0.1333
vn -0.9536 0.2633 -0.1461
vn -0.9654 0.2100 -0.1545
vn -0.8381 0.4744 0.2693
vn -0.8336 0.4967 0.2415
vn -0.8330 0.4993 0.2383
vn -0.8273 0.5209 0.2102
vn 0.8057 -0.4881 -0.3357
vn 0.8256 -0.4950 -0.2708
vn 0.8287 -0.4959 -0.2594
vn 0.8439 -0.5002 -0.1940
vn 0.8440 -0.5001 -0.1940
vn 0.7768 0.6142 -0.1393
vn 0.8171 0.5655 -0.1118
vn 0.8306 0.5475 -0.1019
vn 0.8641 0.4976 -0.0750
vn -0.8697 -0.4811 0.1105
vn -0.8704 -0.4825 0.0982
vn -0.8706 -0.4827 0.0950
vn -0.8714 -0.4836 0.0825
vn -0.8712 -0.4840 0.0825
vn 0.0205 -0.9927 -0.1189
vn 0.0212 -0.9939 -0.1086
vn 0.0214 -0.9944 -0.1039
vn 0.0222 -0.9953 -0.0939
vn 0.0211 0.9918 0.1260
vn 0.0295 0.9931 0.1135
vn 0.0330 0.9936 0.1083
vn 0.0413 0.9945 0.0960
vn 0.0412 0.9945 0.0960
vn -0.4650 -0.8560 0.2259
vn -0.4640 -0.8598 0.2131
vn -0.4650 -0.8560 0.2258
vn -0.4632 -0.8633 0.2007
vn -0.4641 -0.8600 0.2123
vn -0.9776 -0.0070 0.2104
vn -0.9723 -0.0065 0.2338
vn -0.9819 -0.0075 0.1894
vn -0.9777 -0.0070 0.2101
vn 0.4664 -0.8433 0.2671
vn 0.4664 -0.8433 0.2670
vn 0.4775 -0.8556 0.1999
vn 0.4850 -0.8627 0.1433
vn 0.4758 -0.8538 0.2110
vn -0.0000 -0.0068 1.0000
vn 0.0012 -0.0011 1.0000
vn -0.0000 0.0012 1.0000
vn -0.0000 0.0006 1.0000
vn -0.0012 -0.0011 1.0000
vn 0.0005 0.0003 1.0000
vn -0.0002 -0.0004 1.0000
vn -0.0013 -0.0012 1.0000
vn 0.0003 -0.0016 1.0000
vn -0.0036 -0.0036 1.0000
vn -0.0058 -0.0034 1.0000
vn -0.0003 -0.0016 1.0000
vn 0.0010 0.0006 1.0000
vn -0.0015 0.0005 1.0000
vn -0.0000 -0.0020 -1.0000
vn -0.0012 -0.0007 -1.0000
vn -0.0058 0.0034 1.0000
vn -0.0015 -0.0005 1.0000
vn -0.0014 -0.0049 1.0000
vn 0.0054 -0.0032 1.0000
vn -0.0004 -0.0018 1.0000
vn 0.0009 0.0005 -1.0000
vn -0.0000 -0.0014 -1.0000
vn -0.0000 0.0018 -1.0000
vn -0.0000 -0.0067 -1.0000
vn -0.0000 0.0010 -1.0000
vn 0.0080 -0.0047 -1.0000
vn 0.0009 -0.0023 -1.0000
vn -0.0045 -0.0064 -1.0000
vn 0.0016 0.0009 -1.0000
vn -0.0058 -0.0034 -1.0000
vn -0.0010 -0.0055 -1.0000
vn -0.0012 -0.0014 -1.0000
vn -0.0058 0.0034 -1.0000
vn 0.0007 -0.0002 -1.0000
vn 0.8028 0.4823 -0.3507
vn 0.8028 0.4822 -0.3507
vn 0.8027 0.4823 -0.3507
vn 0.3665 -0.9182 -0.1501
vn -0.8084 -0.5254 -0.2654
vn -0.8084 -0.5253 -0.2655
vn 0.5616 -0.6932 0.4517
vn -0.8308 0.2201 0.5111
vn 0.4109 -0.8883 0.2052
vn 0.4232 -0.8931 0.1525
vn 0.4232 -0.8931 0.1524
vn -0.9669 -0.0905 0.2384
vn -0.9747 -0.0496 0.2179
vn -0.9687 -0.0822 0.2343
vn -0.4833 -0.8516 0.2032
vn -0.4851 -0.8461 0.2209
vn -0.4831 -0.8519 0.2021
vn -0.9579 -0.1280 0.2568
vn 0.4145 -0.8899 0.1905
vn 0.3997 -0.8822 0.2490
vn -0.0562 -0.9839 0.1696
vn -0.0000 -0.9783 0.2072
vn 0.9424 -0.3060 0.1349
vn 0.9272 -0.3460 0.1437
vn 0.9497 -0.2849 0.1303
vn 0.9627 -0.2422 0.1208
vn -0.0660 -0.9844 0.1630
vn -0.1252 -0.9846 0.1222
vn -0.8615 -0.5078 -0.0002
vn -0.8614 -0.5080 -0.0002
vn 0.0262 -0.9996 0.0053
vn 0.8732 -0.4803 -0.0828
vn 0.8719 -0.4811 -0.0917
vn -0.6891 0.7039 -0.1725
vn -0.6891 0.7038 -0.1725
vn 0.8647 -0.5023 0.0051
vn 0.8646 -0.5024 0.0051
vn -0.8715 -0.4835 -0.0822
vn -0.8714 -0.4837 -0.0822
vn -0.4767 -0.8592 -0.1859
vn 0.4910 -0.8534 -0.1752
vn 0.4966 -0.8438 -0.2037
vn -0.0523 -0.9875 -0.1488
vn -0.0332 -0.9767 -0.2122
vn -0.7905 -0.6122 -0.0168
vn -0.9656 0.2600 -0.0085
vn 0.8500 0.5268 -0.0002
vn 0.1143 0.9913 -0.0660
vn -0.9814 -0.0058 -0.1920
vn -0.9814 -0.0058 -0.1921
vn -0.0074 -0.9824 -0.1868
vn -0.0092 -0.9739 -0.2269
vn 0.0231 -0.9967 0.0773
vn 0.0230 -0.9967 0.0773
vn -0.9474 0.2889 0.1379
vn -0.9355 0.3296 0.1269
vn 0.8780 -0.4787 0.0052
vn 0.8780 -0.4786 0.0052
vn -0.7766 0.6300 0.0018
vn 0.7564 -0.6331 -0.1645
vn -0.8746 -0.4849 -0.0001
vn -0.8747 -0.4848 -0.0001
vn -0.8747 -0.4847 -0.0001
vn -0.4815 -0.8765 0.0028
vn -0.4816 -0.8764 0.0030
vn -0.4813 -0.8765 0.0032
vn 0.4958 -0.8684 0.0078
vn 0.4954 -0.8686 0.0078
vn 0.4867 -0.8644 0.1262
vn 0.4781 -0.8563 0.1954
vn 0.4869 -0.8643 0.1264
vn -0.8144 -0.5532 0.1750
vn -0.8233 -0.5235 0.2195
vn 0.2969 -0.9406 -0.1646
vn 0.8540 -0.5032 0.1326
vn 0.8539 -0.5032 0.1326
vn -0.1308 -0.9912 0.0218
vn 0.8308 0.5526 0.0661
vn 0.8245 0.5594 0.0851
vn 0.0823 0.9966 -0.0023
vn 0.0824 0.9966 -0.0023
vn -1.0000 -0.0042 -0.0034
vn -1.0000 -0.0043 -0.0033
vn -0.8420 -0.4986 0.2062
vn -0.8419 -0.4986 0.2062
vn -0.0000 -1.0000 0.0053
vn -0.4812 -0.8565 0.1868
vn -0.4722 -0.8599 0.1938
vn -0.4813 -0.8765 0.0031
vn -0.4813 -0.8765 0.0026
vn -1.0000 -0.0084 -0.0003
vn -1.0000 -0.0083 -0.0002
vn -1.0000 -0.0083 -0.0003
vn -1.0000 -0.0082 -0.0004
vn 0.0005 -0.0040 1.0000
vn 0.0008 -0.0044 1.0000
vn -0.4862 0.8738 0.0056
vn -0.0204 0.9997 0.0103
vn -0.0209 0.9997 0.0103
vn 0.4857 0.8741 0.0035
vn 0.4853 0.8743 0.0034
vn 0.4852 0.8744 0.0032
vn 0.0020 -0.0051 1.0000
vn 0.0032 -0.0049 1.0000
vn 0.0023 -0.0049 1.0000
vn 0.0013 0.0046 -1.0000
vn 0.0024 0.0047 -1.0000
vn 0.0011 0.0050 -1.0000
vn -0.8684 -0.4957 -0.0120
vn 0.0031 0.0039 -1.0000
vn 0.0031 0.0021 -1.0000
vn 0.0005 0.0063 -1.0000
vn 0.7697 0.6070 0.1977
vn 0.8762 -0.4813 -0.0230
vn 0.8762 -0.4814 -0.0230
vn -0.1265 0.0648 -0.9899
vn -0.1265 0.0648 -0.9898
vn -0.0034 -0.0496 0.9988
vn -1.0000 -0.0082 -0.0003
vn -0.9088 -0.3085 0.2808
vn 0.0049 -0.9990 -0.0451
vn -0.2861 0.7140 -0.6390
vn -0.0904 0.9945 0.0526
vn -0.0905 0.9945 0.0526
vn 1.0000 0.0084 -0.0003
vn 1.0000 0.0083 -0.0002
vn 1.0000 0.0083 -0.0003
vn 1.0000 0.0083 -0.0005
vn -0.0002 0.0040 1.0000
vn -0.0009 0.0045 1.0000
vn -0.0008 0.0043 1.0000
vn 0.4862 -0.8738 0.0056
vn 0.0204 -0.9997 0.0103
vn 0.0209 -0.9997 0.0103
vn -0.4854 -0.8743 0.0034
vn -0.4853 -0.8743 0.0034
vn -0.4853 -0.8743 0.0033
vn -0.0020 0.0051 1.0000
vn -0.0030 0.0046 1.0000
vn -0.0023 0.0050 1.0000
vn -0.0013 -0.0047 -1.0000
vn -0.0024 -0.0047 -1.0000
vn -0.0011 -0.0051 -1.0000
vn 0.8684 0.4957 -0.0120
vn -0.0031 -0.0039 -1.0000
vn -0.0031 -0.0021 -1.0000
vn -0.0005 -0.0063 -1.0000
vn -0.7697 -0.6070 0.1977
vn -0.8762 0.4814 -0.0230
vn 0.1265 -0.0648 -0.9899
vn 0.1265 -0.0648 -0.9898
vn 0.0034 0.0496 0.9988
vn 1.0000 0.0082 -0.0003
vn 0.9088 0.3085 0.2808
vn -0.0049 0.9990 -0.0451
vn 0.2861 -0.7140 -0.6390
vn 0.0904 -0.9945 0.0526
vn 0.0905 -0.9945 0.0526
vn -0.0000 1.0000 -0.0000
vn -0.5774 0.5773 0.5773
vn -0.5774 0.5773 -0.5773
vn 0.5774 0.5773 -0.5773
vn 0.5774 0.5773 0.5773
vn -0.7071 -0.0000 0.7071
vn -0.7071 0.7071 -0.0000
vn -0.0000 0.7071 -0.7071
vn 0.7071 0.7071 -0.0000
vn -0.0000 0.7071 0.7071
vn -1.0000 -0.0000 -0.0000
vn 0.7071 -0.0000 0.7071
vn 0.7071 -0.0000 -0.7071
vn -0.7071 -0.0000 -0.7071
vn -0.0000 -0.0000 1.0000
vn 1.0000 -0.0000 -0.0000
vn 0.5773 0.5774 0.5773
vn 0.5773 0.5774 -0.5773
vn 0.5773 -0.5774 -0.5774
vn 0.5773 -0.5773 0.5774
vn 0.7071 -0.7071 -0.0000
vn -0.0000 -0.7071 0.7071
vn -0.0000 -0.7071 -0.7071
vn -0.0000 -1.0000 -0.0000
vn 0.5774 -0.5773 0.5773
vn 0.5774 -0.5773 -0.5773
vn -0.5774 -0.5773 -0.5773
vn -0.5774 -0.5773 0.5773
vn -0.7071 -0.7071 -0.0000
vn -0.5773 -0.5773 0.5774
vn -0.5773 -0.5774 -0.5774
vn -0.5773 0.5774 -0.5774
vn -0.5773 0.5773 0.5774
vn 0.9270 -0.0313 -0.3737
vn 0.9969 -0.0275 -0.0744
vn 0.9970 -0.0275 -0.0718
vn 0.8975 -0.0157 0.4406
vn 0.7178 -0.0066 0.6963
vn 0.8977 -0.0157 0.4403
vn 0.7443 -0.5400 -0.3930
vn 0.7946 -0.5932 -0.1294
vn 0.7961 -0.6004 -0.0759
vn 0.7670 0.5428 -0.3420
vn 0.8148 0.5765 -0.0616
vn 0.7670 0.5428 -0.3421
vn -0.0000 0.8875 -0.4607
vn -0.0001 0.9843 -0.1765
vn 0.0001 0.9847 -0.1744
vn -0.0001 0.9074 0.4203
vn -0.0000 0.7361 0.6769
vn -0.0000 0.9119 0.4103
vn -0.7443 0.5400 -0.3930
vn -0.7946 0.5932 -0.1294
vn -0.7961 0.6004 -0.0759
vn -0.9270 0.0313 -0.3737
vn -0.9969 0.0275 -0.0744
vn -0.9970 0.0275 -0.0718
vn -0.8976 0.0157 0.4406
vn -0.7178 0.0066 0.6962
vn -0.8977 0.0157 0.4403
vn -0.6757 0.5456 0.4957
vn -0.5478 0.4556 0.7017
vn -0.5343 0.4517 0.7145
vn -0.7670 -0.5428 -0.3420
vn -0.8148 -0.5765 -0.0616
vn -0.7670 -0.5428 -0.3421
vn -0.0000 -0.8875 -0.4607
vn 0.0001 -0.9843 -0.1765
vn -0.0001 -0.9847 -0.1744
vn 0.0001 -0.9074 0.4203
vn -0.0000 -0.7361 0.6769
vn -0.0000 -0.9120 0.4103
vn 0.6952 -0.5527 0.4596
vn 0.5654 -0.4606 0.6842
vn 0.5478 -0.4556 0.7017
vn 0.7335 -0.5284 0.4275
vn 0.7936 -0.5886 0.1542
vn 0.7230 -0.5174 0.4578
vn 0.3517 0.6502 -0.6735
vn 0.4321 0.8069 -0.4027
vn 0.4369 0.8167 -0.3770
vn 0.9270 -0.0313 0.3737
vn 0.9969 -0.0275 0.0744
vn 0.4619 0.8744 0.1485
vn 0.4255 0.8110 0.4016
vn -0.0000 0.8875 0.4607
vn -0.0001 0.9843 0.1765
vn -0.9270 0.0313 0.3737
vn -0.9969 0.0275 0.0744
vn -0.6757 0.5456 -0.4957
vn -0.5478 0.4556 -0.7017
vn -0.6952 0.5527 -0.4596
vn -0.4255 0.8110 0.4015
vn -0.4620 0.8745 0.1477
vn -0.5654 0.4606 -0.6842
vn -0.7141 0.5599 -0.4203
vn -0.7670 -0.5428 0.3420
vn -0.8147 -0.5766 0.0613
vn -0.8159 -0.5776 0.0264
vn -0.6956 -0.4922 -0.5233
vn -0.5518 -0.3905 -0.7369
vn -0.0000 -0.8875 0.4607
vn 0.0001 -0.9843 0.1765
vn 0.0001 -0.9074 -0.4203
vn -0.0000 -0.7361 -0.6769
vn 0.0001 -0.9117 -0.4108
vn -0.0000 -0.9848 0.1737
vn 0.7443 -0.5400 0.3930
vn 0.7946 -0.5932 0.1294
vn -0.5092 0.8386 0.1935
vn 0.9889 0.0237 0.1467
vn 0.9635 -0.2019 0.1757
vn 0.9749 -0.2166 -0.0519
vn 0.7003 0.6822 0.2101
vn 0.7010 0.6815 0.2101
vn 0.7006 0.6820 0.2099
vn -0.0960 0.9805 0.1717
vn -0.0973 0.9803 0.1718
vn -0.0955 0.9805 0.1720
vn 0.9297 0.3081 0.2019
vn 0.9302 0.3066 0.2018
vn 0.9301 0.3072 0.2015
vn 0.4529 0.8727 0.1826
vn -0.3851 -0.5114 0.7682
vn -0.4596 -0.4457 0.7682
vn -0.2995 -0.5772 0.7597
vn -0.3787 -0.5167 0.7679
vn 0.0610 -0.6272 0.7765
vn 0.3257 -0.5364 0.7786
vn -0.6414 0.1765 0.7466
vn -0.6400 -0.0078 0.7683
vn -0.4791 0.4223 0.7695
vn -0.6387 -0.0254 0.7691
vn -0.6127 -0.2039 0.7635
vn 0.4511 0.8693 -0.2019
vn 0.4780 -0.4235 0.7695
vn 0.3800 -0.3374 0.8612
vn -0.7365 0.6497 0.1882
vn -0.5669 0.8038 0.1803
vn 0.5092 -0.8386 0.1935
vn -0.9889 -0.0237 0.1467
vn -0.9635 0.2019 0.1757
vn -0.9749 0.2166 -0.0519
vn -0.7003 -0.6822 0.2101
vn -0.7010 -0.6815 0.2101
vn -0.7006 -0.6820 0.2099
vn 0.0960 -0.9805 0.1717
vn 0.0973 -0.9803 0.1718
vn 0.0955 -0.9805 0.1720
vn -0.9297 -0.3081 0.2019
vn -0.9302 -0.3066 0.2018
vn -0.9301 -0.3072 0.2015
vn -0.4529 -0.8727 0.1826
vn 0.3851 0.5114 0.7682
vn 0.4596 0.4457 0.7682
vn 0.2995 0.5772 0.7597
vn 0.3787 0.5167 0.7679
vn -0.0610 0.6272 0.7765
vn -0.3257 0.5364 0.7786
vn 0.7430 -0.2223 0.6313
vn 0.6400 0.0078 0.7683
vn 0.5758 -0.3204 0.7522
vn 0.6387 0.0254 0.7691
vn 0.6127 0.2039 0.7635
vn -0.4511 -0.8693 -0.2019
vn -0.4780 0.4235 0.7695
vn 0.7365 -0.6497 0.1882
vn 0.5669 -0.8038 0.1803
vn -0.5092 0.8386 -0.1935
vn 0.9635 -0.2019 -0.1757
vn 0.9889 0.0237 -0.1467
vn 0.9753 -0.2148 0.0520
vn 0.7003 0.6822 -0.2101
vn 0.7010 0.6815 -0.2101
vn 0.7004 0.6822 -0.2099
vn -0.0973 0.9803 -0.1718
vn -0.0960 0.9805 -0.1717
vn -0.0955 0.9805 -0.1720
vn 0.9302 0.3066 -0.2018
vn 0.9297 0.3081 -0.2019
vn 0.9301 0.3072 -0.2015
vn 0.4529 0.8727 -0.1826
vn -0.4596 -0.4457 -0.7682
vn -0.3851 -0.5114 -0.7682
vn -0.2995 -0.5772 -0.7597
vn 0.0610 -0.6272 -0.7765
vn 0.3257 -0.5364 -0.7786
vn -0.6415 0.1765 -0.7466
vn -0.6400 -0.0078 -0.7683
vn -0.6387 -0.0255 -0.7691
vn -0.6127 -0.2039 -0.7635
vn 0.4511 0.8693 0.2019
vn 0.4780 -0.4235 -0.7695
vn 0.3800 -0.3374 -0.8612
vn 0.5711 -0.2914 -0.7674
vn -0.5670 0.8037 -0.1807
vn -0.7365 0.6497 -0.1882
vn 0.5092 -0.8386 -0.1935
vn -0.9635 0.2019 -0.1757
vn -0.9889 -0.0237 -0.1467
vn -0.9753 0.2148 0.0520
vn -0.7003 -0.6822 -0.2101
vn -0.7010 -0.6815 -0.2101
vn -0.7004 -0.6822 -0.2099
vn 0.0973 -0.9803 -0.1718
vn 0.0960 -0.9805 -0.1717
vn 0.0955 -0.9805 -0.1720
vn -0.9302 -0.3066 -0.2018
vn -0.9297 -0.3081 -0.2019
vn -0.9301 -0.3072 -0.2015
vn -0.4529 -0.8727 -0.1826
vn 0.4596 0.4457 -0.7682
vn 0.3851 0.5114 -0.7682
vn 0.2995 0.5772 -0.7597
vn -0.0610 0.6272 -0.7765
vn -0.3257 0.5364 -0.7786
vn 0.7430 -0.2223 -0.6313
vn 0.6404 0.0078 -0.7680
vn 0.6387 0.0255 -0.7691
vn 0.6127 0.2039 -0.7635
vn -0.4511 -0.8693 0.2019
vn -0.4780 0.4235 -0.7695
vn -0.4791 0.4223 -0.7695
vn 0.5670 -0.8037 -0.1807
vn 0.7365 -0.6497 -0.1882
vn -0.9733 -0.2296 -0.0079
vn -0.9733 -0.2292 -0.0072
vn -0.9733 -0.2295 -0.0078
vn 0.2216 -0.9566 0.1892
vn -0.0283 0.1032 0.9943
vn -0.2183 0.9432 -0.2505
vn -0.2184 0.9432 -0.2505
vn 0.9733 0.2293 0.0081
vn 0.9732 0.2296 0.0086
vn 0.9733 0.2295 0.0084
vn 0.5536 -0.8327 0.0083
vn 0.5537 -0.8327 0.0085
vn -0.7881 0.6155 -0.0077
vn -0.7881 0.6155 -0.0076
vn -0.6074 -0.7715 0.1892
vn 0.0628 0.0867 0.9943
vn 0.5990 0.7606 -0.2505
vn 0.8084 0.5327 -0.2505
vn 0.0869 0.0624 0.9943
vn 0.0869 0.0625 0.9943
vn -0.8198 -0.5404 0.1892
vn -0.8198 -0.5405 0.1892
vn -0.5537 0.8327 -0.0079
vn -0.5535 0.8328 -0.0075
vn -0.5536 0.8327 -0.0078
vn 0.9994 -0.0347 -0.0078
vn 0.9994 -0.0348 -0.0076
vn 0.9994 -0.0347 -0.0077
vn 0.0379 0.9812 0.1892
vn 0.0002 -0.1070 0.9943
vn -0.0375 -0.9674 -0.2505
vn -0.9994 0.0348 0.0082
vn -0.9994 0.0345 0.0086
vn -0.9994 0.0347 0.0084
vn 0.5578 -0.8300 0.0083
vn 0.5578 -0.8300 0.0082
vn 0.5578 -0.8299 0.0084
vn 0.8057 0.5367 -0.2505
vn 0.8057 0.5368 -0.2505
vn 0.0866 0.0629 0.9943
vn -0.8171 -0.5445 0.1892
vn -0.5577 0.8300 -0.0078
vn -0.5576 0.8301 -0.0072
vn -0.5578 0.8299 -0.0078
vn 0.8660 -0.5000 -0.0000
vn -0.8660 -0.5000 -0.0000
vn -0.8660 0.5000 -0.0000
vn 0.8660 0.5000 -0.0000
vn -0.0000 0.7344 0.6787
vn 0.3419 0.5921 0.7297
vn 0.7881 -0.6155 0.0083
vn 0.7882 -0.6154 0.0085
vn 0.7881 -0.6154 0.0084
vn 0.6360 0.3672 0.6787
vn -0.9733 -0.2296 0.0079
vn -0.9733 -0.2292 0.0072
vn -0.9733 -0.2294 0.0076
vn 0.2216 -0.9566 -0.1892
vn -0.0283 0.1032 -0.9943
vn -0.2183 0.9432 0.2505
vn -0.2184 0.9432 0.2505
vn 0.9732 0.2296 -0.0086
vn 0.9733 0.2292 -0.0078
vn 0.9733 0.2295 -0.0084
vn 0.5537 -0.8327 -0.0084
vn 0.5536 -0.8328 -0.0082
vn 0.5536 -0.8327 -0.0083
vn -0.7881 0.6155 0.0077
vn -0.7881 0.6155 0.0076
vn -0.6074 -0.7715 -0.1892
vn 0.0628 0.0867 -0.9943
vn 0.5990 0.7606 0.2505
vn 0.8084 0.5327 0.2505
vn 0.0869 0.0624 -0.9943
vn -0.8198 -0.5404 -0.1892
vn -0.5536 0.8328 0.0076
vn -0.5535 0.8328 0.0075
vn 0.9994 -0.0347 0.0078
vn 0.9994 -0.0348 0.0076
vn 0.0379 0.9812 -0.1892
vn 0.0002 -0.1071 -0.9943
vn 0.0002 -0.1070 -0.9943
vn -0.0375 -0.9674 0.2505
vn -0.9994 0.0345 -0.0086
vn -0.9994 0.0348 -0.0081
vn -0.9994 0.0347 -0.0082
vn 0.5578 -0.8300 -0.0082
vn 0.5578 -0.8299 -0.0084
vn 0.8057 0.5368 0.2505
vn 0.8057 0.5367 0.2505
vn 0.0866 0.0629 -0.9943
vn -0.8171 -0.5445 -0.1892
vn -0.5578 0.8300 0.0077
vn -0.5577 0.8300 0.0075
vn -0.5577 0.8300 0.0076
vn -0.0000 0.7344 -0.6787
vn 0.3419 0.5921 -0.7297
vn 0.7881 -0.6154 -0.0084
vn 0.7881 -0.6155 -0.0082
vn 0.7881 -0.6155 -0.0083
vn 0.6360 0.3672 -0.6787
vn 0.4620 -0.8745 -0.1477
vn 0.4255 -0.8110 -0.4015
vn 0.0001 -0.9117 0.4108
vn 0.3518 -0.6502 0.6734
vn 0.4319 -0.8067 0.4034
vn 0.4368 -0.8163 0.3780
vn -0.4255 -0.8110 -0.4016
vn -0.4619 -0.8744 -0.1485
vn -0.4321 -0.8070 0.4027
vn -0.3517 -0.6502 0.6735
vn -0.4369 -0.8167 0.3770
vn -0.6952 0.5527 0.4596
vn -0.5654 0.4606 0.6842
vn -0.6955 -0.4922 0.5234
vn -0.5518 -0.3905 0.7369
vn -0.7141 -0.5053 0.4845
vn -0.7335 0.5284 -0.4275
vn -0.7936 0.5885 -0.1542
vn -0.4620 0.8745 -0.1477
vn -0.4255 0.8110 -0.4015
vn -0.0001 0.9117 0.4108
vn -0.3518 0.6502 0.6734
vn -0.4319 0.8067 0.4034
vn -0.4368 0.8163 0.3780
vn 0.4255 0.8110 -0.4016
vn 0.4619 0.8744 -0.1485
vn 0.4321 0.8069 0.4027
vn 0.3517 0.6502 0.6735
vn 0.4369 0.8167 0.3770
vn 0.6757 -0.5456 0.4957
vn 0.5343 -0.4517 0.7145
vn 0.6955 0.4922 0.5235
vn 0.5518 0.3905 0.7369
vn 0.7141 0.5053 0.4845
vn 0.6952 -0.5527 -0.4596
vn 0.5654 -0.4606 -0.6842
vn 0.7141 -0.5599 -0.4203
vn 0.4319 -0.8066 -0.4034
vn 0.3518 -0.6502 -0.6734
vn 0.4368 -0.8163 -0.3779
vn 0.4255 -0.8110 0.4015
vn 0.4620 -0.8745 0.1477
vn 0.6757 -0.5456 -0.4957
vn 0.5478 -0.4556 -0.7017
vn -0.0000 -0.9120 -0.4103
vn -0.3517 -0.6502 -0.6735
vn -0.4321 -0.8070 -0.4027
vn -0.4369 -0.8167 -0.3770
vn -0.7178 0.0066 -0.6962
vn -0.8976 0.0157 -0.4406
vn -0.8977 0.0157 -0.4403
vn -0.4619 -0.8744 0.1485
vn -0.4255 -0.8110 0.4016
vn -0.7335 0.5284 0.4275
vn -0.7936 0.5886 0.1542
vn -0.7230 0.5174 0.4578
vn -0.4319 0.8067 -0.4034
vn -0.3518 0.6502 -0.6734
vn -0.4368 0.8163 -0.3780
vn -0.0001 0.9074 -0.4203
vn -0.0000 0.7361 -0.6769
vn -0.0001 0.9117 -0.4108
vn -0.7443 0.5400 0.3930
vn -0.7946 0.5932 0.1294
vn -0.0000 0.9848 0.1737
vn -0.0000 0.9119 -0.4103
vn 0.7670 0.5428 0.3420
vn 0.8148 0.5765 0.0616
vn 0.8159 0.5776 0.0264
vn 0.6952 0.4922 -0.5239
vn 0.5518 0.3905 -0.7369
vn 0.7178 -0.0066 -0.6963
vn 0.8976 -0.0157 -0.4406
vn 0.8977 -0.0157 -0.4403
vn 0.8159 0.5776 -0.0264
vn 0.7141 -0.5599 0.4203
vn 0.7936 -0.5886 -0.1542
vn 0.4641 0.8779 -0.1181
vn -0.4641 0.8780 -0.1172
vn -0.0000 0.9848 -0.1737
vn -0.8159 -0.5776 -0.0264
vn -0.7141 0.5599 0.4203
vn -0.4641 -0.8779 -0.1181
vn 0.4641 -0.8780 -0.1172
vn -0.0000 -0.9848 -0.1737
vn 0.7961 -0.6004 0.0759
vn 0.4641 -0.8780 0.1172
vn -0.0001 -0.9847 0.1744
vn -0.4641 -0.8779 0.1181
vn -0.7141 -0.5053 -0.4845
vn -0.9970 0.0275 0.0718
vn -0.7961 0.6004 0.0759
vn -0.4641 0.8780 0.1172
vn -0.0000 0.9847 0.1741
vn 0.4641 0.8779 0.1181
vn 0.7141 0.5053 -0.4845
vn 0.9970 -0.0275 0.0718
vn 0.7335 -0.5284 -0.4275
vn 0.4750 0.8384 -0.2672
vn 0.8640 0.4790 -0.1551
vn 0.8369 0.4947 0.2344
vn 0.7699 0.5916 -0.2395
vn 0.9654 -0.2099 -0.1545
vn -0.8057 0.4880 -0.3357
vn -0.7767 -0.6143 -0.1393
vn 0.8696 0.4812 0.1105
vn -0.0205 0.9927 -0.1189
vn 0.4723 0.8599 0.1938
vn -0.4779 0.8560 0.1969
vn -0.0008 -0.0003 -1.0000
vn 0.4853 0.8460 0.2207
vn 0.4767 0.8592 -0.1860
vn -0.4958 0.8684 0.0079
vn 0.8145 0.5532 0.1750
vn -0.8308 -0.5526 0.0661
vn 1.0000 0.0041 -0.0035
vn -0.4750 -0.8384 -0.2672
vn -0.8640 -0.4791 -0.1551
vn -0.8369 -0.4947 0.2344
vn -0.7699 -0.5916 -0.2395
vn 0.8742 -0.4804 0.0710
vn -0.9654 0.2099 -0.1545
vn 0.8057 -0.4880 -0.3357
vn 0.7767 0.6143 -0.1393
vn -0.8697 -0.4810 0.1105
vn 0.0206 -0.9927 -0.1189
vn -0.4723 -0.8599 0.1938
vn 0.4779 -0.8560 0.1969
vn 0.4849 -0.8628 0.1432
vn 0.0008 0.0003 -1.0000
vn 0.8027 0.4823 -0.3508
vn -0.4853 -0.8460 0.2206
vn -0.4767 -0.8592 -0.1860
vn -0.9474 0.2890 0.1379
vn 0.4958 -0.8684 0.0079
vn -0.8145 -0.5532 0.1750
vn -1.0000 -0.0041 -0.0035
vn 0.0004 -0.0040 1.0000
vn -0.0214 0.9997 0.0103
vn 0.4854 0.8743 0.0033
vn 0.4854 0.8743 0.0034
vn 0.0029 -0.0043 1.0000
vn -0.8686 -0.4954 -0.0120
vn 0.0005 0.0064 -1.0000
vn -0.0002 0.0037 1.0000
vn -0.0001 0.0038 1.0000
vn 0.0214 -0.9997 0.0103
vn -0.0029 0.0043 1.0000
vn 0.8687 0.4952 -0.0120
vn -0.0005 -0.0064 -1.0000
vn 0.7178 -0.0066 0.6962
vn -0.5343 0.4517 -0.7145
vn -0.7670 -0.5428 0.3421
vn 0.7004 0.6822 0.2099
vn -0.0966 0.9803 0.1720
vn 0.9301 0.3070 0.2015
vn 0.5711 -0.2914 0.7675
vn -0.6965 0.5923 0.4052
vn -0.7004 -0.6822 0.2099
vn 0.0966 -0.9803 0.1720
vn -0.9301 -0.3070 0.2015
vn 0.6965 -0.5923 0.4052
vn 0.7006 0.6820 -0.2099
vn -0.0966 0.9803 -0.1720
vn 0.9301 0.3070 -0.2015
vn -0.3787 -0.5167 -0.7679
vn -0.6965 0.5922 -0.4052
vn -0.7006 -0.6820 -0.2099
vn 0.0966 -0.9803 -0.1720
vn -0.9301 -0.3070 -0.2015
vn 0.3787 0.5167 -0.7679
vn 0.5758 -0.3204 -0.7522
vn 0.6965 -0.5922 -0.4052
vn -0.9733 -0.2294 -0.0076
vn 0.9733 0.2295 0.0083
vn 0.5536 -0.8327 0.0081
vn -0.5536 0.8328 -0.0076
vn -0.9994 0.0347 0.0083
vn 0.5578 -0.8299 0.0083
vn -0.9733 -0.2295 0.0078
vn 0.9733 0.2295 -0.0083
vn 0.5536 -0.8328 -0.0081
vn -0.8198 -0.5405 -0.1892
vn -0.5536 0.8327 0.0077
vn 0.9994 -0.0347 0.0077
vn -0.9994 0.0347 -0.0083
vn 0.5578 -0.8299 -0.0083
vn -0.5578 0.8299 0.0078
vn 0.3517 -0.6502 0.6735
vn -0.7230 0.5174 -0.4578
vn -0.3517 0.6502 0.6735
vn 0.3517 -0.6502 -0.6735
vn 0.5343 -0.4517 -0.7145
vn -0.7178 0.0066 -0.6963
vn -0.3517 0.6502 -0.6735
vn 0.7670 0.5428 0.3421
vn 0.7178 -0.0066 -0.6962
vn 0.7230 -0.5174 -0.4578
vt 0.517475 0.434667
vt 0.407818 0.517532
vt 0.385893 0.468330
vt 0.793785 0.510449
vt 0.614300 0.423095
vt 0.803075 0.425501
vt 0.219810 0.427550
vt 0.054939 0.514131
vt 0.052632 0.434007
vt 0.833333 0.435346
vt 0.810915 0.511732
vt 0.815749 0.428895
vt 0.574449 0.145570
vt 0.598948 0.057558
vt 0.593412 0.151716
vt 0.554606 0.438848
vt 0.531527 0.511287
vt 0.535926 0.434013
vt 0.318942 0.121754
vt 0.304514 0.052514
vt 0.322648 0.059194
vt 0.339903 0.060282
vt 0.336354 0.124716
vt 0.278502 0.150716
vt 0.257610 0.063124
vt 0.274926 0.058916
vt 0.616179 0.058872
vt 0.612079 0.152454
vt 0.016398 0.443217
vt 0.037744 0.515530
vt 0.020807 0.520927
vt 0.251652 0.158690
vt 0.240656 0.063789
vt 0.034431 0.436658
vt 0.514460 0.510508
vt 0.517077 0.058310
vt 0.546583 0.140297
vt 0.514764 0.141519
vt 0.545219 0.207790
vt 0.517515 0.208625
vt 0.047259 0.063098
vt 0.026783 0.151190
vt 0.029379 0.062528
vt 0.045502 0.152947
vt 0.027917 0.215105
vt 0.228283 0.514131
vt 0.245398 0.427954
vt 0.245028 0.515749
vt 0.226188 0.370994
vt 0.247345 0.371417
vt 0.007900 0.145560
vt 0.011546 0.057936
vt 0.008037 0.213757
vt 0.618946 0.510681
vt 0.595930 0.424165
vt 0.594082 0.367899
vt 0.612743 0.367128
vt 0.267379 0.434610
vt 0.261975 0.520874
vt 0.271828 0.374767
vt 0.791328 0.060532
vt 0.813679 0.144271
vt 0.795382 0.146861
vt 0.816505 0.210415
vt 0.799830 0.211006
vt 0.325926 0.509818
vt 0.312344 0.452870
vt 0.330774 0.451262
vt 0.312682 0.366772
vt 0.331220 0.366619
vt 0.308675 0.509552
vt 0.297960 0.456206
vt 0.292409 0.367328
vt 0.534442 0.056736
vt 0.553986 0.138556
vt 0.557039 0.206666
vt 0.601906 0.512213
vt 0.577517 0.430927
vt 0.574132 0.370513
vt 0.808452 0.059214
vt 0.832327 0.137850
vt 0.836554 0.208118
vt 0.183285 0.150633
vt 0.193967 0.065455
vt 0.237882 0.213627
vt 0.243620 0.158977
vt 0.611993 0.210209
vt 0.425265 0.067902
vt 0.432153 0.205343
vt 0.437603 0.131873
vt 0.532203 0.049481
vt 0.531742 0.031320
vt 0.518075 0.007908
vt 0.034291 0.032387
vt 0.031862 0.051952
vt 0.232690 0.008984
vt 0.160102 0.025638
vt 0.339058 0.008548
vt 0.325317 0.032265
vt 0.255540 0.051914
vt 0.251776 0.032292
vt 0.601980 0.031626
vt 0.601322 0.049978
vt 0.615754 0.007943
vt 0.794759 0.561278
vt 0.806350 0.051922
vt 0.806040 0.033561
vt 0.324804 0.051788
vt 0.792718 0.009621
vt 0.051545 0.008554
vt 0.228555 0.563426
vt 0.040299 0.540375
vt 0.040046 0.522604
vt 0.053414 0.563426
vt 0.530989 0.536035
vt 0.519278 0.560184
vt 0.530063 0.518073
vt 0.309524 0.514085
vt 0.310635 0.530027
vt 0.242256 0.540375
vt 0.604552 0.537761
vt 0.604045 0.519438
vt 0.618107 0.561512
vt 0.808251 0.537491
vt 0.242961 0.522604
vt 0.317718 0.555890
vt 0.808710 0.519167
vt 0.350335 0.562905
vt 0.936058 0.162547
vt 0.977227 0.213636
vt 0.932278 0.214382
vt 0.362052 0.515003
vt 0.936319 0.264875
vt 0.983703 0.257455
vt 0.413684 0.567139
vt 0.163308 0.063932
vt 0.133660 0.067575
vt 0.154136 0.150473
vt 0.168810 0.145971
vt 0.169003 0.208842
vt 0.408584 0.129951
vt 0.428001 0.204869
vt 0.421145 0.205261
vt 0.424710 0.128395
vt 0.593303 0.209873
vt 0.572835 0.207779
vt 0.011993 0.375903
vt 0.817218 0.368033
vt 0.802566 0.367301
vt 0.331922 0.206200
vt 0.557039 0.370441
vt 0.540138 0.368900
vt 0.050604 0.372578
vt 0.517572 0.368156
vt 0.251904 0.213941
vt 0.279275 0.212419
vt 0.312970 0.205470
vt 0.836550 0.370313
vt 0.031865 0.373476
vt 0.427807 0.255647
vt 0.046858 0.214992
vt 0.295764 0.135017
vt 0.407818 0.517532
vt 0.803075 0.425501
vt 0.219810 0.427550
vt 0.054939 0.514131
vt 0.052632 0.434007
vt 0.815749 0.428895
vt 0.574449 0.145570
vt 0.593412 0.151716
vt 0.554606 0.438848
vt 0.531528 0.511287
vt 0.318942 0.121754
vt 0.304514 0.052514
vt 0.322648 0.059194
vt 0.336354 0.124716
vt 0.257610 0.063124
vt 0.274926 0.058916
vt 0.016398 0.443217
vt 0.037744 0.515530
vt 0.020807 0.520927
vt 0.240656 0.063789
vt 0.034431 0.436658
vt 0.514460 0.510508
vt 0.517077 0.058310
vt 0.546583 0.140297
vt 0.514764 0.141519
vt 0.545219 0.207790
vt 0.517515 0.208625
vt 0.047259 0.063098
vt 0.026783 0.151190
vt 0.029379 0.062528
vt 0.045502 0.152947
vt 0.027917 0.215105
vt 0.228283 0.514131
vt 0.245398 0.427954
vt 0.245028 0.515749
vt 0.226187 0.370994
vt 0.247345 0.371417
vt 0.011546 0.057936
vt 0.008037 0.213757
vt 0.618946 0.510681
vt 0.267379 0.434610
vt 0.261976 0.520874
vt 0.271828 0.374767
vt 0.791328 0.060532
vt 0.816505 0.210415
vt 0.799830 0.211006
vt 0.325926 0.509818
vt 0.312344 0.452870
vt 0.330774 0.451262
vt 0.312682 0.366772
vt 0.331221 0.366619
vt 0.308675 0.509552
vt 0.297960 0.456206
vt 0.292409 0.367328
vt 0.534441 0.056736
vt 0.553986 0.138556
vt 0.601906 0.512213
vt 0.577517 0.430927
vt 0.574131 0.370513
vt 0.836554 0.208118
vt 0.193967 0.065455
vt 0.237882 0.213627
vt 0.243620 0.158977
vt 0.611993 0.210209
vt 0.425265 0.067902
vt 0.532203 0.049481
vt 0.034292 0.032387
vt 0.031862 0.051952
vt 0.232690 0.008984
vt 0.160102 0.025638
vt 0.339058 0.008548
vt 0.325317 0.032265
vt 0.251776 0.032292
vt 0.601322 0.049978
vt 0.794759 0.561278
vt 0.806040 0.033561
vt 0.324804 0.051788
vt 0.792718 0.009621
vt 0.051545 0.008554
vt 0.228555 0.563426
vt 0.040299 0.540375
vt 0.040045 0.522604
vt 0.053414 0.563426
vt 0.530989 0.536035
vt 0.519278 0.560184
vt 0.530063 0.518073
vt 0.309524 0.514085
vt 0.310635 0.530027
vt 0.242256 0.540375
vt 0.604552 0.537761
vt 0.604045 0.519438
vt 0.618107 0.561512
vt 0.242961 0.522604
vt 0.317719 0.555890
vt 0.936058 0.162547
vt 0.932278 0.214382
vt 0.362052 0.515003
vt 0.163308 0.063932
vt 0.133660 0.067575
vt 0.154136 0.150473
vt 0.168810 0.145971
vt 0.169003 0.208842
vt 0.428001 0.204869
vt 0.421145 0.205261
vt 0.424710 0.128395
vt 0.593303 0.209873
vt 0.572835 0.207779
vt 0.011993 0.375903
vt 0.817218 0.368033
vt 0.802566 0.367301
vt 0.331922 0.206200
vt 0.050604 0.372578
vt 0.517572 0.368156
vt 0.279275 0.212419
vt 0.312970 0.205470
vt 0.427807 0.255647
vt 0.046858 0.214992
vt 0.295764 0.135017
vt 0.944296 0.967583
vt 0.838292 0.797291
vt 0.968876 0.943915
vt 0.795316 0.835769
vt 0.204938 0.796990
vt 0.209694 0.768112
vt 0.245615 0.772894
vt 0.213822 0.663841
vt 0.050413 0.594218
vt 0.216652 0.599409
vt 0.047765 0.660520
vt 0.044056 0.761013
vt 0.155499 0.816034
vt 0.043756 0.815312
vt 0.232140 0.600216
vt 0.244922 0.667667
vt 0.018754 0.740902
vt 0.020909 0.675781
vt 0.217136 0.583909
vt 0.050897 0.578717
vt 0.027727 0.815279
vt 0.010894 0.756990
vt 0.236196 0.749402
vt 0.239671 0.681552
vt 0.034910 0.593813
vt 0.016883 0.661212
vt 0.206070 0.826572
vt 0.205975 0.830966
vt 0.771997 0.983394
vt 0.947080 0.991391
vt 0.968321 0.764535
vt 0.970286 0.785215
vt 0.772899 0.961580
vt 0.791251 0.789346
vt 0.784975 0.787977
vt 0.983950 0.961547
vt 0.959371 0.985214
vt 0.992099 0.785260
vt 0.204938 0.796990
vt 0.209694 0.768112
vt 0.050413 0.594218
vt 0.216652 0.599409
vt 0.047765 0.660520
vt 0.044056 0.761013
vt 0.155499 0.816034
vt 0.043756 0.815312
vt 0.232140 0.600216
vt 0.244922 0.667667
vt 0.018754 0.740902
vt 0.020909 0.675781
vt 0.217136 0.583909
vt 0.050897 0.578717
vt 0.027727 0.815279
vt 0.010894 0.756990
vt 0.236196 0.749402
vt 0.239671 0.681552
vt 0.034910 0.593813
vt 0.016883 0.661212
vt 0.206070 0.826572
vt 0.205975 0.830966
vt 0.968321 0.764535
vt 0.772899 0.961580
vt 0.791251 0.789346
vt 0.784975 0.787977
vt 0.992100 0.785260
vt 0.100855 0.877541
vt 0.039295 0.942143
vt 0.037775 0.879062
vt 0.040500 0.949650
vt 0.033129 0.947691
vt 0.107924 0.946789
vt 0.102376 0.940622
vt 0.109883 0.939417
vt 0.107024 0.872001
vt 0.099656 0.870034
vt 0.032040 0.872885
vt 0.030240 0.880387
vt 0.029806 0.971153
vt 0.038247 0.972189
vt 0.102524 0.948912
vt 0.007899 0.877902
vt 0.102932 0.848164
vt 0.131386 0.950111
vt 0.031009 0.942288
vt 0.109145 0.877394
vt 0.132422 0.941670
vt 0.037918 0.846123
vt 0.100855 0.877541
vt 0.039295 0.942143
vt 0.037775 0.879062
vt 0.040500 0.949650
vt 0.033129 0.947691
vt 0.107924 0.946789
vt 0.102376 0.940622
vt 0.109883 0.939417
vt 0.107024 0.872001
vt 0.099656 0.870034
vt 0.030240 0.880387
vt 0.038247 0.972189
vt 0.029806 0.971153
vt 0.102524 0.948912
vt 0.007899 0.877902
vt 0.110607 0.849380
vt 0.131386 0.950111
vt 0.031009 0.942288
vt 0.109145 0.877394
vt 0.132422 0.941670
vt 0.037918 0.846123
vt 0.102932 0.848164
vt 0.132239 0.877328
vt 0.286455 0.839135
vt 0.289935 0.640478
vt 0.294122 0.839092
vt 0.309606 0.642173
vt 0.317748 0.838957
vt 0.309013 0.839007
vt 0.873461 0.050389
vt 0.882348 0.010300
vt 0.881633 0.052247
vt 0.871576 0.460324
vt 0.881493 0.532119
vt 0.871716 0.533888
vt 0.280477 0.639663
vt 0.272415 0.838465
vt 0.260663 0.647282
vt 0.848726 0.525831
vt 0.907156 0.452595
vt 0.915526 0.283179
vt 0.920774 0.449815
vt 0.930098 0.521444
vt 0.914679 0.526111
vt 0.336072 0.650320
vt 0.330861 0.837247
vt 0.867198 0.256410
vt 0.854436 0.283996
vt 0.852320 0.256340
vt 0.868471 0.282556
vt 0.852941 0.452852
vt 0.323665 0.860119
vt 0.342070 0.854971
vt 0.903110 0.256603
vt 0.901237 0.281718
vt 0.875737 0.256456
vt 0.876253 0.282357
vt 0.868781 0.230243
vt 0.873460 0.050389
vt 0.849176 0.015434
vt 0.872348 0.008159
vt 0.909227 0.058518
vt 0.915802 0.230166
vt 0.901497 0.231468
vt 0.854678 0.228652
vt 0.854703 0.058250
vt 0.892777 0.256548
vt 0.891798 0.281959
vt 0.914062 0.017093
vt 0.923203 0.062033
vt 0.882348 0.010300
vt 0.881633 0.052247
vt 0.284821 0.858323
vt 0.286455 0.839135
vt 0.294122 0.839092
vt 0.309606 0.642173
vt 0.317748 0.838957
vt 0.898597 0.056102
vt 0.871576 0.460324
vt 0.280477 0.639663
vt 0.272415 0.838465
vt 0.260663 0.647282
vt 0.848726 0.525831
vt 0.915526 0.283179
vt 0.930098 0.521444
vt 0.914679 0.526111
vt 0.336072 0.650320
vt 0.330861 0.837247
vt 0.854436 0.283996
vt 0.852320 0.256340
vt 0.852941 0.452852
vt 0.323665 0.860119
vt 0.342070 0.854971
vt 0.875737 0.256456
vt 0.849176 0.015434
vt 0.872349 0.008159
vt 0.854678 0.228652
vt 0.854703 0.058250
vt 0.892777 0.256548
vt 0.312593 0.859607
vt 0.284821 0.858323
vt 0.896541 0.454901
vt 0.879689 0.458562
vt 0.322038 0.643244
vt 0.902172 0.014546
vt 0.312593 0.859607
vt 0.322038 0.643244
vt 0.892090 0.231116
vt 0.876559 0.230535
vt 0.566978 0.979485
vt 0.486569 0.941169
vt 0.566295 0.950388
vt 0.691935 0.614186
vt 0.734522 0.717478
vt 0.672032 0.635286
vt 0.737012 0.799326
vt 0.752398 0.855333
vt 0.722126 0.846248
vt 0.652879 0.964213
vt 0.645750 0.933687
vt 0.765910 0.715879
vt 0.745724 0.865053
vt 0.723342 0.890676
vt 0.507569 0.891404
vt 0.565384 0.901162
vt 0.684738 0.731962
vt 0.640252 0.675151
vt 0.688775 0.790770
vt 0.622268 0.885904
vt 0.676126 0.824297
vt 0.676480 0.788567
vt 0.616090 0.874207
vt 0.664591 0.818303
vt 0.564992 0.888343
vt 0.512515 0.879323
vt 0.672521 0.735628
vt 0.632593 0.684819
vt 0.744044 0.896056
vt 0.483545 0.864793
vt 0.475886 0.874461
vt 0.468917 0.967828
vt 0.444107 0.914325
vt 0.549160 0.570127
vt 0.629569 0.608443
vt 0.549844 0.599223
vt 0.424203 0.935426
vt 0.381616 0.832133
vt 0.379127 0.750286
vt 0.363741 0.694279
vt 0.394013 0.703363
vt 0.463259 0.585399
vt 0.470389 0.615925
vt 0.350228 0.833733
vt 0.370415 0.684559
vt 0.392797 0.658935
vt 0.608569 0.658208
vt 0.550755 0.648450
vt 0.431401 0.817650
vt 0.427363 0.758842
vt 0.493871 0.663707
vt 0.440013 0.725314
vt 0.439658 0.761044
vt 0.500049 0.675405
vt 0.451548 0.731309
vt 0.551147 0.661269
vt 0.603623 0.670289
vt 0.443618 0.813984
vt 0.372095 0.653556
vt 0.647221 0.581784
vt 0.486569 0.941169
vt 0.691936 0.614186
vt 0.765905 0.803412
vt 0.645750 0.933687
vt 0.723342 0.890676
vt 0.745724 0.865053
vt 0.507569 0.891404
vt 0.684738 0.731962
vt 0.688776 0.790770
vt 0.622268 0.885904
vt 0.565384 0.901162
vt 0.676480 0.788567
vt 0.616090 0.874207
vt 0.564992 0.888343
vt 0.512516 0.879323
vt 0.664591 0.818303
vt 0.632593 0.684819
vt 0.744044 0.896056
vt 0.667016 0.955160
vt 0.483545 0.864793
vt 0.444107 0.914325
vt 0.629569 0.608443
vt 0.424203 0.935426
vt 0.379127 0.750286
vt 0.363741 0.694279
vt 0.350234 0.746200
vt 0.463259 0.585399
vt 0.350228 0.833733
vt 0.394012 0.703363
vt 0.370415 0.684559
vt 0.427363 0.758842
vt 0.493871 0.663707
vt 0.439658 0.761044
vt 0.440013 0.725314
vt 0.603623 0.670289
vt 0.443618 0.813984
vt 0.451548 0.731309
vt 0.449122 0.594451
vt 0.647221 0.581784
vt 0.948186 0.279131
vt 0.972384 0.286992
vt 0.947131 0.287133
vt 0.983097 0.286962
vt 0.972524 0.312262
vt 0.947271 0.312403
vt 0.939060 0.287218
vt 0.939060 0.312495
vt 0.948585 0.320509
vt 0.944902 0.348081
vt 0.968841 0.339834
vt 0.970155 0.347940
vt 0.978131 0.501220
vt 0.953934 0.493358
vt 0.979187 0.493217
vt 0.943221 0.493388
vt 0.953794 0.468089
vt 0.979047 0.467948
vt 0.987258 0.493133
vt 0.987258 0.467856
vt 0.978367 0.373125
vt 0.978367 0.347848
vt 0.970295 0.373210
vt 0.934329 0.373381
vt 0.945042 0.373351
vt 0.969240 0.381212
vt 0.955721 0.521258
vt 0.979918 0.529119
vt 0.954665 0.529260
vt 0.990631 0.529089
vt 0.980058 0.554389
vt 0.954805 0.554530
vt 0.946594 0.529345
vt 0.946594 0.554622
vt 0.956120 0.562636
vt 0.975605 0.432274
vt 0.951666 0.440521
vt 0.950352 0.432415
vt 0.942141 0.407231
vt 0.942141 0.432507
vt 0.950212 0.407146
vt 0.986178 0.406975
vt 0.975465 0.407005
vt 0.951268 0.399144
vt 0.781859 0.611810
vt 0.823782 0.663371
vt 0.782247 0.663682
vt 0.889659 0.725079
vt 0.913753 0.663162
vt 0.934550 0.699107
vt 0.955145 0.663324
vt 0.913956 0.611468
vt 0.955348 0.611630
vt 0.887068 0.595428
vt 0.889053 0.625441
vt 0.868693 0.613507
vt 0.803153 0.699468
vt 0.868862 0.689134
vt 0.848233 0.725231
vt 0.850293 0.595450
vt 0.802310 0.576160
vt 0.857892 0.569020
vt 0.848513 0.648883
vt 0.868773 0.660466
vt 0.935028 0.576145
vt 0.879471 0.569011
vt 0.823394 0.611499
vt 0.888989 0.648798
vt 0.988322 0.031119
vt 0.950868 0.007895
vt 0.988322 0.007895
vt 0.988322 0.100792
vt 0.950868 0.124017
vt 0.950868 0.100792
vt 0.988322 0.077568
vt 0.950868 0.054344
vt 0.988322 0.054344
vt 0.950868 0.031119
vt 0.988322 0.124017
vt 0.950868 0.147241
vt 0.950868 0.077568
vt 0.277749 0.581931
vt 0.257636 0.570318
vt 0.257636 0.547094
vt 0.868670 0.576732
vt 0.868688 0.605010
vt 0.848339 0.625505
vt 0.977733 0.459842
vt 0.948186 0.279131
vt 0.973135 0.276306
vt 0.983097 0.286962
vt 0.972524 0.312262
vt 0.983367 0.312238
vt 0.947131 0.287133
vt 0.939059 0.287218
vt 0.939059 0.312495
vt 0.948585 0.320509
vt 0.968841 0.339834
vt 0.944902 0.348081
vt 0.978132 0.501220
vt 0.953934 0.493358
vt 0.953182 0.504045
vt 0.942951 0.468113
vt 0.979047 0.467948
vt 0.987258 0.493133
vt 0.987258 0.467856
vt 0.970295 0.373210
vt 0.934329 0.373381
vt 0.934059 0.348106
vt 0.969240 0.381212
vt 0.944291 0.384038
vt 0.980670 0.518432
vt 0.980058 0.554389
vt 0.990901 0.554365
vt 0.954665 0.529260
vt 0.950352 0.432415
vt 0.942141 0.407231
vt 0.942141 0.432507
vt 0.975465 0.407005
vt 0.986178 0.406975
vt 0.986449 0.432250
vt 0.951268 0.399144
vt 0.976217 0.396318
vt 0.782247 0.663682
vt 0.823394 0.611499
vt 0.781858 0.611810
vt 0.913753 0.663162
vt 0.889659 0.725079
vt 0.934550 0.699107
vt 0.913956 0.611468
vt 0.887068 0.595428
vt 0.868862 0.689134
vt 0.803153 0.699468
vt 0.857892 0.569020
vt 0.850293 0.595450
vt 0.823782 0.663371
vt 0.935028 0.576145
vt 0.988322 0.147241
vt 0.297862 0.570318
vt 0.297862 0.547094
vt 0.257636 0.547094
vt 0.892091 0.231116
vt 0.901828 0.528437
vt 0.294132 0.858754
vt 0.892090 0.231116
vt 0.901828 0.528437
vt 0.902172 0.014546
vt 0.294133 0.858754
vt 0.828075 0.517577
vt 0.581363 0.052536
vt 0.548529 0.516580
vt 0.293411 0.514466
vt 0.552011 0.052443
vt 0.584759 0.517922
vt 0.825687 0.053619
vt 0.983703 0.168423
vt 0.295203 0.204333
vt 0.828075 0.517577
vt 0.581363 0.052536
vt 0.293411 0.514466
vt 0.825687 0.053619
vt 0.295203 0.204333
vt 0.210450 0.828192
vt 0.043613 0.830966
vt 0.790456 0.782996
vt 0.752371 0.957830
vt 0.992099 0.949765
vt 0.210450 0.828192
vt 0.043613 0.830966
vt 0.790456 0.782996
vt 0.752371 0.957830
vt 0.992100 0.949765
vt 0.037627 0.870772
vt 0.102590 0.972006
vt 0.008864 0.870040
vt 0.110607 0.849380
vt 0.007899 0.942288
vt 0.132239 0.877328
vt 0.037627 0.870772
vt 0.102589 0.972006
vt 0.008864 0.870040
vt 0.007899 0.942288
vt 0.917576 0.256679
vt 0.933649 0.021426
vt 0.261540 0.859419
vt 0.917576 0.256679
vt 0.933649 0.021426
vt 0.261540 0.859419
vt 0.482120 0.970404
vt 0.758748 0.701105
vt 0.634019 0.579207
vt 0.357391 0.848507
vt 0.350234 0.746200
vt 0.449122 0.594451
vt 0.482120 0.970404
vt 0.758748 0.701105
vt 0.973136 0.276306
vt 0.983367 0.312238
vt 0.973564 0.323055
vt 0.943862 0.337288
vt 0.942951 0.468113
vt 0.990902 0.554365
vt 0.981099 0.565182
vt 0.976646 0.443068
vt 0.976217 0.396318
vt 0.846443 0.549829
vt 0.890914 0.549829
vt 0.277749 0.535482
vt 0.297862 0.547094
vt 0.297862 0.570318
vt 0.952754 0.457296
vt 0.943862 0.337288
vt 0.976646 0.443068
vt 0.846443 0.549829
vt 0.890914 0.549829
vt 0.879471 0.569011
vt 0.848339 0.625505
vt 0.277749 0.535482
vt 0.257636 0.570318
vt 0.277749 0.581931
s 1
usemtl None.005
f 897/1/1 905/2/2 979/3/3
f 888/4/4 934/5/5 899/6/6
f 896/7/7 912/8/8 946/9/9
f 33/10/10 885/11/11 930/12/12
f 918/13/13 876/14/14 963/15/15
f 922/16/16 880/17/17 971/18/18
f 926/19/19 874/20/20 869/21/20
f 41/19/21 870/22/22 900/23/23
f 43/12/24 887/4/25 54/6/26
f 35/24/27 845/25/28 847/26/28
f 59/15/29 877/27/30 895/28/31
f 37/29/32 856/30/33 858/31/33
f 57/32/34 911/33/35 846/25/35
f 61/34/36 913/8/37 857/30/37
f 50/1/38 879/17/39 881/35/39
f 903/36/40 917/37/41 942/38/42
f 942/38/42 972/39/43 1021/40/44
f 865/41/45 916/42/46 863/43/45
f 898/44/47 968/45/48 916/42/46
f 891/46/49 901/47/50 889/48/51
f 901/47/50 939/49/52 960/50/52
f 864/43/53 851/51/54 852/52/55
f 62/42/56 923/53/57 851/51/54
f 914/54/58 904/55/59 45/5/60
f 45/5/60 964/56/61 1026/57/62
f 890/48/63 842/58/64 843/59/65
f 58/47/66 919/60/67 842/58/64
f 893/61/68 883/62/69 950/63/70
f 950/63/70 931/64/71 1045/65/71
f 872/66/72 867/67/73 954/68/74
f 954/68/74 927/69/75 1032/70/75
f 860/71/76 40/72/77 42/67/78
f 42/67/78 1053/73/79 929/69/79
f 854/74/80 38/75/81 64/37/82
f 64/37/82 925/76/83 974/39/84
f 849/77/85 36/78/86 60/55/87
f 60/55/87 921/79/88 966/56/89
f 839/80/90 34/81/91 44/62/92
f 44/62/92 1060/82/93 933/64/94
f 910/33/95 993/83/96 907/84/97
f 1048/85/98 993/83/96 47/86/99
f 53/63/100 878/27/101 894/61/101
f 53/63/100 935/87/102 46/28/103
f 902/36/104 1008/88/105 871/22/104
f 49/38/106 1000/89/107 1010/90/108
f 32/91/109 11/36/110 5/92/111
f 11/36/110 65/93/112 5/92/111
f 5/94/111 866/41/113 29/95/109
f 68/96/114 909/84/115 989/97/115
f 66/98/116 14/22/117 7/99/118
f 25/100/119 18/33/120 3/101/121
f 3/102/121 19/27/122 23/103/119
f 68/104/114 19/27/122 3/102/121
f 71/105/123 30/54/124 28/4/125
f 15/106/126 16/61/127 1/107/128
f 7/99/118 14/22/117 10/108/129
f 3/101/121 18/33/120 68/96/114
f 1/107/128 16/61/127 67/109/130
f 19/27/122 67/109/130 16/61/127
f 65/110/112 866/41/113 5/94/111
f 72/111/131 21/8/125 31/46/132
f 6/112/133 27/113/134 21/8/125
f 6/112/133 21/8/125 69/114/135
f 6/115/133 69/116/135 22/35/136
f 6/115/133 22/35/136 26/117/134
f 11/36/110 66/98/116 65/93/112
f 9/118/137 873/66/138 8/119/139
f 72/111/131 31/46/132 4/120/140
f 4/121/140 20/122/141 30/54/124
f 72/123/131 4/121/140 30/54/124
f 71/105/123 28/4/125 2/124/142
f 4/120/140 31/46/132 17/125/141
f 8/119/139 873/66/138 70/126/143
f 2/124/142 28/4/125 13/127/144
f 873/66/138 78/128/145 70/126/143
f 906/129/146 73/130/147 978/131/146
f 975/132/148 55/68/148 977/3/148
f 76/133/149 980/130/150 981/134/151
f 22/35/136 982/135/152 77/2/152
f 908/84/153 987/136/153 991/97/153
f 986/136/154 984/137/154 82/97/154
f 983/137/115 65/110/112 990/97/115
f 85/83/155 988/136/156 81/84/156
f 83/138/157 80/136/158 992/139/159
f 52/44/160 79/137/161 994/138/162
f 83/138/157 992/139/159 1057/140/163
f 84/139/164 85/83/155 126/140/165
f 86/141/166 1004/142/167 995/143/168
f 88/90/169 1006/142/170 87/144/171
f 88/90/169 87/144/171 1009/88/172
f 1007/144/173 86/141/166 90/88/174
f 1028/57/175 1029/145/176 936/87/176
f 97/56/177 1017/146/177 1031/145/177
f 1035/147/178 967/34/179 37/29/32
f 1011/148/180 54/6/26 951/149/181
f 928/69/182 957/150/183 1034/70/182
f 1036/151/184 971/18/18 1023/152/184
f 1038/153/185 896/7/7 946/9/9
f 1033/70/186 897/1/1 955/68/187
f 945/154/188 63/18/189 50/1/38
f 961/50/190 1047/85/190 1014/155/190
f 92/50/191 1019/156/191 93/60/191
f 106/73/192 1043/157/192 101/69/192
f 1054/158/193 930/12/12 1012/148/193
f 953/149/194 934/5/5 1027/57/194
f 1051/159/195 51/9/196 61/34/36
f 1018/146/197 963/15/15 1030/145/198
f 107/156/199 959/32/200 35/24/27
f 969/45/201 1037/147/202 924/53/201
f 932/64/203 952/149/203 1044/65/203
f 1005/142/204 999/89/204 1002/160/204
f 973/39/205 99/151/206 1025/152/206
f 1056/140/207 1040/153/208 948/161/209
f 958/150/210 996/143/210 1003/160/211
f 956/150/212 998/141/213 997/143/214
f 116/155/215 938/86/216 57/32/34
f 110/143/217 120/142/217 89/160/217
f 1042/157/218 900/23/23 119/150/219
f 111/40/220 95/152/220 94/154/220
f 109/157/221 39/162/222 926/19/19
f 124/82/223 91/148/223 108/64/224
f 112/65/225 96/57/225 115/87/226
f 123/145/227 895/28/31 937/87/228
f 125/45/229 100/153/229 105/159/229
f 949/161/230 994/138/162 1058/140/231
f 104/49/232 1056/140/207 122/85/233
f 1119/1/234 1127/163/235 1201/3/236
f 1110/4/237 1156/5/238 1121/164/238
f 1118/165/239 1134/166/240 1168/167/241
f 159/10/242 1107/11/243 1152/168/244
f 1140/169/245 1098/14/246 1185/170/247
f 1144/171/248 1102/172/249 1193/18/250
f 1148/173/251 1096/174/252 1091/175/252
f 167/173/253 1092/22/254 1122/176/255
f 169/168/256 1109/4/257 180/164/258
f 161/24/259 1067/177/260 1069/178/260
f 185/170/261 1099/27/262 1117/28/263
f 163/179/264 1078/180/265 1080/181/265
f 183/32/266 1133/182/267 1068/177/267
f 187/183/268 1135/166/269 1079/180/269
f 176/1/270 1101/172/271 1103/184/271
f 1125/185/272 1139/186/273 1164/187/274
f 1164/187/274 1194/188/275 1243/189/276
f 1087/190/277 1138/191/278 1085/192/277
f 1120/193/279 1190/194/280 1138/191/278
f 1113/195/281 1123/196/282 1111/197/283
f 1123/196/282 1161/198/284 1182/199/284
f 1086/192/285 1073/51/286 1074/200/285
f 188/191/287 1145/201/288 1073/51/286
f 1136/202/289 1126/55/290 171/5/291
f 171/5/291 1186/56/292 1248/57/293
f 1112/197/294 1064/203/295 1065/204/296
f 184/196/297 1141/205/298 1064/203/295
f 1115/206/299 1105/62/300 1172/63/301
f 1172/63/301 1153/207/302 1267/208/302
f 1094/209/303 1089/210/304 1176/211/305
f 1176/211/305 1149/212/306 1254/213/307
f 1082/214/308 166/215/309 168/210/310
f 168/210/310 1275/216/311 1151/212/311
f 1076/217/312 164/218/313 190/186/314
f 190/186/314 1147/76/315 1196/188/316
f 1071/219/317 162/220/318 186/55/319
f 186/55/319 1143/221/320 1188/56/320
f 1061/80/321 160/81/322 170/62/323
f 170/62/323 1282/222/324 1155/207/325
f 1132/182/326 1215/83/327 1129/223/328
f 1270/224/329 1215/83/327 173/225/330
f 179/63/331 1100/27/332 1116/206/332
f 179/63/331 1157/226/333 172/28/334
f 1124/185/335 1230/227/336 1093/22/335
f 175/187/337 1222/89/338 1232/90/339
f 158/228/340 137/185/341 131/92/342
f 137/185/341 191/93/343 131/92/342
f 131/229/342 1088/190/344 155/230/340
f 194/231/345 1131/223/346 1211/232/346
f 192/233/347 140/22/348 133/234/349
f 151/100/350 144/182/351 129/235/352
f 129/102/352 145/27/353 149/236/350
f 194/104/345 145/27/353 129/102/352
f 197/237/354 156/202/136 154/4/355
f 141/106/356 142/206/357 127/238/358
f 133/234/349 140/22/348 136/239/359
f 129/235/352 144/182/351 194/231/345
f 127/238/358 142/206/357 193/240/360
f 145/27/353 193/240/360 142/206/357
f 191/241/343 1088/190/344 131/229/342
f 198/242/361 147/166/355 157/195/362
f 132/243/363 153/244/364 147/166/355
f 132/243/363 147/166/355 195/245/365
f 132/246/363 195/247/365 148/184/124
f 132/246/363 148/184/124 152/248/364
f 137/185/341 192/233/347 191/93/343
f 135/249/366 1095/209/367 134/250/368
f 198/242/361 157/195/362 130/251/369
f 130/252/369 146/253/370 156/202/136
f 198/254/361 130/252/369 156/202/136
f 197/237/354 154/4/355 128/124/371
f 130/251/369 157/195/362 143/255/370
f 134/250/368 1095/209/367 196/256/372
f 128/124/371 154/4/355 139/127/373
f 1095/209/367 204/128/374 196/256/372
f 1128/257/375 199/130/376 1200/258/377
f 1197/259/378 181/211/378 1199/3/378
f 202/133/379 1202/130/379 1203/134/380
f 148/184/124 1204/135/152 203/163/152
f 1130/223/381 1209/260/381 1213/232/381
f 1208/260/382 1206/261/382 208/232/382
f 1205/261/346 191/241/343 1212/232/346
f 211/83/383 1210/260/384 207/223/385
f 209/262/386 206/260/387 1214/263/388
f 178/193/389 205/261/390 1216/262/391
f 209/262/386 1214/263/388 1279/264/392
f 210/263/393 211/83/383 252/264/394
f 212/141/395 1226/265/396 1217/266/396
f 214/90/397 1228/265/398 213/267/399
f 214/90/397 213/267/399 1231/227/400
f 1229/267/401 212/141/395 216/227/402
f 1250/57/403 1251/268/404 1158/226/404
f 223/56/405 1239/269/405 1253/268/405
f 1257/270/406 1189/183/407 163/179/264
f 1233/271/408 180/164/258 1173/272/409
f 1150/212/410 1179/273/411 1256/213/410
f 1258/151/412 1193/18/250 1245/152/413
f 1260/274/414 1118/165/239 1168/167/241
f 1255/213/415 1119/1/234 1177/211/416
f 1167/275/417 189/18/418 176/1/270
f 1183/199/419 1269/224/419 1236/155/419
f 218/199/420 1241/276/420 219/205/420
f 232/216/421 1265/277/421 227/212/421
f 1276/158/422 1152/168/244 1234/271/422
f 1175/272/423 1156/5/238 1249/57/424
f 1273/159/425 177/167/426 187/183/268
f 1240/269/427 1185/170/247 1252/268/428
f 233/276/429 1181/32/430 161/24/259
f 1191/194/431 1259/270/432 1146/201/431
f 1154/207/433 1174/272/433 1266/208/433
f 1227/265/434 1221/89/434 1224/278/434
f 1195/188/435 225/151/436 1247/152/437
f 1278/264/438 1262/274/439 1170/279/440
f 1180/273/441 1218/266/441 1225/278/442
f 1178/273/443 1220/141/444 1219/266/445
f 242/155/446 1160/225/447 183/32/266
f 236/266/448 246/265/448 215/278/448
f 1264/277/449 1122/176/255 245/273/450
f 237/189/451 221/152/451 220/275/451
f 235/277/452 165/280/453 1148/173/251
f 250/222/454 217/271/454 234/207/455
f 238/208/456 222/57/456 241/226/457
f 249/268/458 1117/28/263 1159/226/459
f 251/194/460 226/274/460 231/159/460
f 1171/279/461 1216/262/391 1280/264/462
f 230/198/463 1278/264/438 248/224/464
f 1321/281/465 1317/282/466 1323/283/467
f 1313/284/468 1317/282/466 1321/281/465
f 1305/285/469 1286/286/470 259/287/470
f 1291/288/471 1293/289/471 1289/290/471
f 1296/291/472 1285/286/473 1283/292/473
f 1303/293/474 1287/294/475 1284/292/476
f 264/288/477 258/295/478 253/296/479
f 267/291/480 256/297/481 254/298/482
f 1298/299/483 1294/289/483 255/300/483
f 262/292/484 257/301/485 256/302/481
f 259/303/470 264/288/477 253/304/479
f 1299/305/486 267/291/480 254/306/482
f 1302/293/487 269/285/487 1300/307/487
f 268/293/488 270/307/489 1306/308/489
f 271/309/490 1322/281/491 279/310/491
f 1309/311/492 1307/312/492 1318/282/492
f 1312/313/493 1313/284/468 1321/281/465
f 1317/282/466 1308/312/493 1323/283/467
f 1315/314/494 277/282/494 1314/284/494
f 1319/315/495 276/314/495 278/284/495
f 282/281/496 1325/316/496 1320/317/496
f 272/318/497 281/283/498 274/312/498
f 1364/281/499 1360/282/500 1366/283/501
f 1356/284/502 1360/282/500 1364/281/499
f 1348/319/503 1329/320/504 289/287/505
f 1334/288/506 1336/321/506 1332/322/506
f 1339/323/507 1328/320/508 1326/324/508
f 1346/325/509 1330/326/510 1327/324/511
f 294/288/512 288/327/513 283/328/514
f 297/323/515 286/329/516 284/330/517
f 1341/331/518 1337/321/518 285/332/518
f 292/324/519 287/333/520 286/334/516
f 289/335/505 294/288/512 283/336/514
f 1342/337/521 297/323/515 284/338/517
f 1345/325/522 299/319/522 1343/339/522
f 298/325/523 300/339/523 1349/340/523
f 301/309/524 1365/281/525 309/310/525
f 1352/341/526 1350/312/526 1361/282/526
f 1355/342/527 1356/284/502 1364/281/499
f 1360/282/500 1351/312/527 1366/283/501
f 1358/343/528 307/282/528 1357/284/528
f 1362/344/529 306/343/529 308/284/529
f 312/281/530 1368/316/530 1363/317/530
f 302/345/531 311/283/532 304/312/532
f 1378/346/533 1381/347/533 1375/348/533
f 1398/349/534 1394/350/534 1382/347/534
f 1400/351/535 1404/352/535 1385/353/535
f 1388/354/536 1379/346/536 1370/355/536
f 1373/356/537 1376/348/537 1390/357/537
f 1412/358/538 1397/349/538 1396/359/538
f 317/352/539 1399/349/539 318/347/539
f 316/346/540 1384/353/540 1405/352/540
f 1377/348/541 1369/355/541 1380/346/541
f 1383/347/542 1391/357/542 315/348/542
f 1401/360/543 328/359/543 323/349/543
f 1409/361/544 1374/356/544 1392/357/544
f 1407/362/545 1389/354/545 1371/355/545
f 1386/353/546 332/363/546 324/351/546
f 322/364/547 327/361/547 321/357/547
f 320/365/152 326/366/152 319/353/152
f 313/355/548 329/367/548 325/362/548
f 1422/368/548 1425/369/548 1419/370/548
f 1442/371/549 1438/372/549 1426/369/549
f 1444/373/550 1448/374/550 1429/375/550
f 1432/376/551 1423/368/551 1414/377/551
f 1417/356/552 1420/370/552 1434/378/552
f 1439/372/542 1440/379/542 1456/380/542
f 337/374/541 1443/371/541 338/369/541
f 336/368/545 1428/375/545 1449/374/545
f 1421/370/553 1413/377/553 1424/368/553
f 1427/369/544 1435/378/544 335/370/544
f 1445/381/533 348/379/533 343/371/533
f 1453/382/554 1418/356/554 1436/378/554
f 1415/377/555 1455/383/555 1433/376/555
f 1430/375/540 352/384/540 344/373/540
f 342/385/547 347/382/547 341/378/547
f 340/386/152 346/387/152 339/375/152
f 333/377/556 349/388/556 345/389/556
f 1463/370/556 1491/374/556 1469/369/556
f 1486/371/557 1482/372/557 1470/369/557
f 1488/373/558 1492/374/558 1473/375/558
f 1476/376/559 1467/368/559 1458/377/559
f 1461/356/560 1464/370/560 1478/378/560
f 1483/372/544 1484/379/544 1500/380/544
f 357/374/553 1487/371/553 358/369/553
f 1493/374/555 1475/386/555 1472/375/555
f 1465/370/561 1457/377/561 1468/368/561
f 1471/369/554 1479/378/554 355/370/554
f 1489/381/548 368/379/548 363/371/548
f 1497/382/538 1462/356/538 1480/378/538
f 1495/389/546 1477/376/546 1459/377/546
f 1474/375/545 372/384/545 364/373/545
f 362/385/547 367/382/547 361/378/547
f 359/375/152 370/390/152 366/387/152
f 353/377/543 369/388/543 365/389/543
f 1510/368/543 1513/369/543 1507/370/543
f 1530/371/562 1526/372/562 1514/369/562
f 1532/373/563 1536/374/563 1517/375/563
f 1520/376/564 1511/368/564 1502/377/564
f 1505/356/565 1508/370/565 1522/378/565
f 1544/380/554 1529/371/554 1528/379/554
f 377/374/561 1531/371/561 378/369/561
f 376/368/546 1516/375/546 1537/374/546
f 1509/370/539 1501/377/539 1512/368/539
f 375/370/538 1525/385/538 1523/378/538
f 1533/381/556 388/379/556 383/371/556
f 1541/382/542 1506/356/542 1524/378/542
f 1539/389/540 1521/376/540 1503/377/540
f 1518/375/555 392/384/555 384/373/555
f 382/385/547 387/382/547 381/378/547
f 380/386/152 386/387/152 379/375/152
f 373/377/533 389/388/533 385/389/533
f 1561/391/566 2079/392/567 2082/393/568
f 2080/394/569 1552/395/570 2081/396/571
f 1597/397/572 776/398/573 779/399/574
f 1557/400/575 803/401/576 1560/402/577
f 396/403/152 406/404/152 403/405/152
f 403/406/152 1556/400/152 396/402/152
f 1550/407/547 402/408/547 405/409/547
f 1550/407/547 407/410/547 1548/411/547
f 1553/395/547 407/412/547 408/413/547
f 1558/414/152 404/415/152 412/416/152
f 1554/417/152 394/418/152 404/415/152
f 1573/419/547 408/413/547 455/420/547
f 1545/421/547 402/408/547 1546/422/547
f 1555/417/578 797/423/579 799/424/580
f 1569/425/578 797/423/579 410/414/578
f 1570/426/152 423/427/152 1572/428/152
f 1566/429/547 418/430/547 1563/431/547
f 1558/414/152 419/432/152 1568/425/152
f 1568/425/152 414/433/152 1570/426/152
f 418/430/547 1545/421/547 1563/431/547
f 798/434/581 1547/422/582 800/435/583
f 1565/436/547 420/437/547 1566/429/547
f 1571/426/584 791/438/585 795/439/586
f 454/440/152 406/404/152 1562/391/152
f 1590/441/587 2091/392/588 2094/442/589
f 2092/443/590 1581/444/591 2093/396/592
f 796/445/593 421/436/594 1567/429/595
f 1586/446/596 787/401/597 1589/402/598
f 429/447/152 439/448/152 436/449/152
f 436/450/152 1585/446/152 429/402/152
f 1579/407/547 435/451/547 438/409/547
f 1579/407/547 440/452/547 1577/453/547
f 1582/444/547 440/454/547 441/455/547
f 1587/414/152 437/456/152 445/457/152
f 1583/417/152 427/458/152 437/456/152
f 1565/459/547 441/455/547 456/460/547
f 1574/421/547 435/451/547 1575/422/547
f 1584/417/599 781/461/600 783/424/601
f 1595/425/599 781/461/600 443/414/599
f 1596/397/152 425/462/152 454/463/152
f 1598/429/547 451/430/547 1592/431/547
f 1587/414/152 452/464/152 1594/425/152
f 1594/425/152 447/465/152 1596/397/152
f 451/430/547 1574/421/547 1592/431/547
f 782/466/602 1576/422/603 784/435/604
f 1573/436/547 453/437/547 1598/429/547
f 775/467/605 401/395/606 424/419/607
f 1572/468/152 439/448/152 1591/441/152
f 517/440/608 2124/393/609 463/391/610
f 1607/407/611 814/435/612 2122/469/613
f 1617/391/614 809/392/615 1615/403/614
f 2121/470/616 1610/417/617 1612/400/617
f 1616/403/547 470/404/547 1618/391/547
f 1613/400/547 467/406/547 1616/402/547
f 1606/407/152 466/408/152 1602/422/152
f 1606/407/152 471/410/152 469/409/152
f 1608/395/152 471/412/152 1604/471/152
f 1614/414/547 468/415/547 1611/417/547
f 1611/417/547 458/418/547 1613/400/547
f 1628/419/152 472/413/152 1608/395/152
f 466/408/152 1601/421/152 1602/422/152
f 461/417/618 815/423/619 474/414/618
f 1645/441/620 823/392/621 1643/447/620
f 486/427/547 1626/426/547 1656/428/547
f 1623/429/152 482/430/152 484/437/152
f 1614/414/547 483/432/547 476/416/547
f 1624/425/547 478/433/547 483/432/547
f 1601/421/152 482/430/152 1619/431/152
f 2116/445/622 1621/436/623 836/472/624
f 484/437/152 485/436/152 1623/429/152
f 1625/425/625 817/439/626 1627/426/625
f 470/404/547 1655/440/547 1618/391/547
f 836/473/624 1637/444/627 2111/396/628
f 1641/446/629 2113/401/630 825/470/631
f 826/469/632 1632/453/633 1634/407/633
f 1639/417/634 829/461/635 1642/414/634
f 492/447/547 502/448/547 1646/441/547
f 1640/446/547 499/450/547 492/402/547
f 1635/407/152 498/451/152 1630/422/152
f 1635/407/152 503/452/152 501/409/152
f 1636/444/152 503/454/152 1633/474/152
f 506/414/547 500/456/547 1638/417/547
f 1638/417/547 490/458/547 1640/446/547
f 485/459/152 504/455/152 1636/444/152
f 498/451/152 1629/421/152 1630/422/152
f 830/466/636 1647/431/637 2105/475/638
f 488/462/547 1651/397/547 1655/463/547
f 1653/429/152 514/430/152 516/437/152
f 506/414/547 515/464/547 508/457/547
f 1649/425/547 510/465/547 515/464/547
f 1629/421/152 514/430/152 1648/431/152
f 1650/425/634 829/461/635 2106/476/639
f 516/437/152 1628/436/152 1653/429/152
f 1652/397/640 838/398/641 517/463/608
f 502/448/547 1656/468/547 1646/441/547
f 1667/477/642 1670/478/642 1672/479/642
f 1669/480/643 521/481/644 1746/482/645
f 1674/483/646 1663/484/647 1660/485/648
f 1668/486/649 1673/479/650 1658/487/651
f 1665/488/652 1675/483/653 1700/481/654
f 522/485/655 1662/489/655 1661/490/655
f 533/479/547 1676/491/547 1678/492/547
f 1745/482/547 1682/493/547 579/494/547
f 1699/481/547 1680/495/547 1682/493/547
f 1659/485/547 1680/495/547 532/483/547
f 1659/485/547 1684/496/547 1683/497/547
f 1657/487/547 1678/492/547 1684/496/547
f 538/497/656 1693/498/657 1681/495/657
f 538/497/656 1695/499/658 1694/500/659
f 539/496/660 1689/501/660 1696/499/660
f 534/492/661 1686/502/661 1688/501/661
f 1724/494/662 1690/503/663 1691/504/664
f 536/493/665 1692/498/666 1690/503/663
f 1687/502/547 542/504/547 545/500/547
f 547/490/667 525/489/667 548/505/667
f 1661/490/655 523/487/655 522/485/655
f 535/491/668 1739/506/669 541/502/668
f 1671/478/547 1726/507/547 1676/491/547
f 529/508/670 1698/509/671 531/478/670
f 540/501/547 1687/502/547 545/500/547
f 1687/502/547 572/506/547 542/504/547
f 542/504/547 543/503/547 545/500/547
f 543/503/547 544/498/547 545/500/547
f 545/500/547 546/499/547 540/501/547
f 1711/510/672 1714/511/672 1716/512/672
f 1713/513/673 550/514/674 549/509/675
f 1718/515/676 1707/516/677 1704/517/678
f 1712/518/679 1717/512/680 1702/519/681
f 1709/520/682 1719/515/683 1748/514/684
f 551/517/685 1706/521/685 1705/522/685
f 562/512/547 1720/523/547 1722/524/547
f 1697/509/547 1725/525/547 1726/507/547
f 1747/514/547 1728/526/547 1725/525/547
f 1703/517/547 1728/526/547 561/515/547
f 1703/517/547 1731/527/547 1730/528/547
f 1701/519/547 1722/524/547 1731/527/547
f 568/528/686 1741/529/687 1729/526/687
f 568/528/686 1743/530/688 1742/531/689
f 569/527/690 1736/532/690 1744/530/690
f 563/524/691 1733/533/691 1735/532/691
f 565/507/692 1737/534/693 1738/506/694
f 566/525/695 1740/529/696 1737/534/693
f 1734/533/547 572/506/547 575/531/547
f 577/522/697 554/521/697 578/535/697
f 1705/522/685 552/519/685 551/517/685
f 1721/523/698 1691/504/664 571/533/698
f 1715/511/547 579/494/547 1720/523/547
f 558/536/699 580/482/700 560/511/699
f 570/532/547 1734/533/547 575/531/547
f 1734/533/547 542/504/547 572/506/547
f 572/506/547 573/534/547 575/531/547
f 573/534/547 574/529/547 575/531/547
f 575/531/547 576/530/547 570/532/547
f 1762/537/701 1759/477/701 1764/479/701
f 581/481/702 1761/538/703 1838/482/704
f 1766/483/705 1755/484/706 586/539/707
f 1765/479/708 1760/486/709 1750/540/710
f 1767/483/711 1757/488/712 1792/481/713
f 582/485/714 1753/541/714 1754/542/714
f 593/479/152 1768/543/152 1763/537/152
f 1837/482/152 1774/544/152 1791/481/152
f 1791/481/152 1772/545/152 592/483/152
f 1772/545/152 1751/485/152 592/483/152
f 1751/485/152 1776/546/152 1749/540/152
f 1749/540/152 1770/547/152 593/479/152
f 1785/548/715 598/497/716 1773/545/715
f 598/497/716 1787/549/717 1777/546/717
f 599/546/718 1781/550/718 1771/547/718
f 594/547/719 1778/551/719 1769/543/719
f 1816/494/720 1782/503/721 596/544/722
f 596/544/722 1784/548/723 597/545/723
f 1779/551/152 605/552/152 602/553/152
f 607/541/724 608/554/724 585/542/724
f 1753/541/714 583/540/714 584/555/714
f 595/543/725 1831/556/726 1819/507/727
f 1763/537/152 1818/507/152 1789/557/152
f 1790/557/728 589/508/729 591/537/729
f 600/550/152 605/552/152 1779/551/152
f 1779/551/152 602/553/152 632/556/152
f 602/553/152 605/552/152 603/503/152
f 603/503/152 605/552/152 604/548/152
f 605/552/152 600/550/152 606/549/152
f 1806/558/730 1803/510/730 1808/512/730
f 610/514/731 1805/559/732 609/557/733
f 1810/560/734 1799/561/735 615/562/736
f 1809/512/737 1804/563/738 1794/519/739
f 1811/560/740 1801/564/741 1840/514/742
f 611/565/743 1797/522/743 1798/566/743
f 622/512/152 1812/523/152 1807/558/152
f 1789/557/152 1817/525/152 1839/514/152
f 1839/514/152 1820/567/152 621/560/152
f 1820/567/152 1795/565/152 621/560/152
f 1795/565/152 1823/568/152 1793/519/152
f 1793/519/152 1814/524/152 622/512/152
f 1833/569/744 628/570/745 1821/567/744
f 628/570/745 1835/530/746 1824/568/746
f 629/568/747 1828/532/747 1815/524/747
f 623/524/748 1825/571/748 624/523/748
f 625/507/749 1829/572/750 626/525/751
f 626/525/751 1832/569/752 627/567/752
f 1826/571/152 635/573/152 632/556/152
f 637/522/753 638/535/753 614/566/753
f 1797/522/743 612/519/743 613/574/743
f 1813/523/754 1783/553/755 1816/494/720
f 1807/558/152 639/494/152 1837/482/152
f 640/482/756 618/575/757 620/558/757
f 630/532/152 635/573/152 1826/571/152
f 1826/571/152 632/556/152 602/553/152
f 632/556/152 635/573/152 633/572/152
f 633/572/152 635/573/152 634/569/152
f 635/573/152 630/532/152 636/530/152
f 1851/576/758 1846/577/759 1848/578/760
f 648/579/761 1845/580/761 1847/577/761
f 1849/578/762 1844/580/762 1843/581/762
f 647/582/763 1842/581/763 1841/583/764
f 642/580/765 646/584/766 641/581/767
f 1871/585/768 1876/586/769 1875/587/768
f 1869/588/770 1864/589/771 1866/590/771
f 707/591/772 1863/592/772 1865/589/772
f 1867/590/773 1862/592/773 1861/593/773
f 706/594/774 1860/593/774 1859/595/774
f 650/596/775 1874/587/775 651/597/775
f 1858/598/776 1872/585/776 662/587/777
f 649/599/778 661/585/779 1854/600/779
f 1856/601/780 659/600/781 660/598/782
f 1887/602/783 1882/603/784 1884/604/785
f 670/605/786 1881/606/786 1883/603/786
f 1885/604/787 1880/606/787 1879/607/787
f 669/608/788 1878/607/788 1877/609/788
f 664/606/789 668/610/790 663/607/791
f 1895/611/792 1900/612/793 1899/613/794
f 672/614/795 1898/613/796 673/615/796
f 1894/616/797 1896/611/797 678/613/797
f 671/617/798 677/611/798 1890/618/798
f 1892/619/799 675/618/800 676/616/801
f 1904/620/802 1914/621/802 681/622/802
f 1901/623/803 1910/624/803 1902/625/803
f 679/626/804 1919/627/804 684/628/804
f 1959/629/547 1937/630/547 1935/631/547
f 1903/632/556 1908/633/556 680/634/556
f 1912/624/547 1938/630/547 689/627/547
f 1955/635/805 682/636/805 1956/637/805
f 1909/633/547 1928/638/547 1923/639/547
f 1906/640/533 1958/629/533 1957/641/533
f 1917/642/547 1929/638/547 687/621/547
f 685/624/547 1922/639/547 1925/643/547
f 1939/644/556 1949/645/556 1936/646/556
f 1930/647/804 1946/648/804 1945/649/804
f 1924/650/805 1942/651/805 1927/652/805
f 690/652/802 1951/653/802 695/644/802
f 1932/654/803 1948/655/803 1947/648/803
f 692/647/533 1941/656/533 691/650/533
f 700/657/547 701/658/547 696/659/547
f 1954/635/806 703/660/807 1952/661/807
f 702/635/547 694/631/547 693/662/547
f 654/592/808 658/663/809 653/593/810
f 1952/661/807 703/660/807 704/629/811
f 1970/664/812 1965/577/813 1971/665/814
f 715/666/815 1964/667/815 1969/668/815
f 1968/669/816 1963/667/816 711/577/816
f 1961/581/817 714/670/817 1960/671/818
f 713/672/819 709/667/820 708/581/821
f 1995/673/822 1990/674/823 1994/587/824
f 1988/675/825 1983/676/826 1989/677/826
f 774/591/827 1982/592/827 1987/678/827
f 1986/590/828 1981/592/828 723/676/828
f 1979/679/829 773/680/829 1978/681/829
f 1993/587/830 717/596/830 718/597/830
f 1977/682/831 1991/674/831 1974/600/831
f 716/683/832 728/674/832 719/684/832
f 1975/685/833 726/600/834 1972/686/833
f 2006/602/835 2001/603/836 2007/687/836
f 737/605/837 2000/688/837 2005/689/837
f 2004/690/838 1999/688/838 733/603/839
f 1997/607/840 736/608/840 1996/609/840
f 735/610/841 731/688/842 730/607/843
f 2019/612/844 2014/611/845 2018/691/845
f 2017/691/846 739/692/847 740/693/846
f 2013/616/848 2015/611/848 2010/694/848
f 738/695/849 744/611/849 741/696/849
f 2011/697/850 742/694/851 2008/698/852
f 748/699/802 2035/700/802 2023/701/802
f 2029/702/803 2020/703/803 2021/704/803
f 2038/705/804 746/626/804 751/628/804
f 2056/630/152 2039/705/152 2078/706/152
f 2027/707/556 2022/708/556 747/634/556
f 2057/630/152 2031/702/152 756/705/152
f 2075/709/805 749/636/805 2074/710/805
f 2028/707/152 2047/638/152 2034/711/152
f 2077/706/533 2040/705/533 2025/712/533
f 2048/638/152 2036/700/152 754/711/152
f 752/702/152 2041/639/152 753/707/152
f 2068/645/556 2058/644/556 2055/646/556
f 2049/647/804 2065/648/804 2052/654/804
f 2061/651/805 2043/650/805 2046/652/805
f 2070/653/802 757/652/802 762/644/802
f 2051/654/803 2067/655/803 2053/713/803
f 2060/656/533 759/647/533 758/650/533
f 766/714/152 765/715/152 763/716/152
f 2073/710/853 2071/661/854 770/660/854
f 761/631/152 772/661/152 769/710/152
f 725/663/855 721/592/856 720/679/857
f 2071/661/854 771/706/858 770/660/854
f 2099/399/859 449/425/860 446/397/860
f 1593/431/603 782/466/602 777/475/861
f 1599/429/862 2101/717/863 2100/445/864
f 430/417/865 785/470/866 426/446/865
f 2098/435/867 1580/407/868 786/469/869
f 792/473/870 434/444/871 421/459/594
f 2096/469/872 433/453/873 788/718/874
f 422/468/875 790/442/876 791/719/585
f 2087/439/877 416/425/878 413/426/878
f 1564/431/582 798/434/581 793/720/879
f 417/429/880 2089/720/881 2088/445/882
f 397/417/883 801/470/884 393/400/883
f 2086/435/885 1551/407/886 802/469/887
f 780/445/888 424/436/607 450/429/889
f 2084/469/890 400/411/891 804/721/892
f 837/467/893 1609/395/894 2123/396/895
f 833/717/896 1654/429/897 832/445/898
f 512/425/899 831/399/900 509/397/899
f 2104/445/901 487/436/902 837/722/893
f 1631/422/637 830/466/636 2108/435/903
f 494/407/904 828/435/905 2110/469/906
f 497/444/907 824/443/908 821/396/909
f 2109/470/910 493/417/911 489/446/911
f 519/468/912 2112/442/913 495/441/914
f 819/720/915 481/429/916 818/445/917
f 816/434/918 479/431/919 2117/720/920
f 477/426/921 835/438/922 519/428/912
f 480/425/618 815/423/619 2118/476/923
f 459/422/919 816/434/918 2120/435/924
f 457/400/925 2125/401/926 811/470/927
f 812/469/928 1605/411/929 462/407/929
f 465/395/930 810/394/931 807/396/932
f 2080/394/569 2082/393/568 2079/392/567
f 804/721/892 2083/470/933 2084/469/890
f 805/396/934 776/723/573 806/393/935
f 802/469/887 2085/424/936 2086/435/885
f 800/435/583 797/423/579 798/434/581
f 2088/445/882 2090/476/937 2087/439/877
f 793/720/879 797/423/579 794/476/938
f 792/472/870 795/439/586 791/438/585
f 2092/443/590 2094/442/589 2091/392/588
f 788/718/874 2095/470/939 2096/469/872
f 789/396/940 791/719/585 790/442/876
f 786/469/869 2097/424/941 2098/435/867
f 784/435/604 781/461/600 782/466/602
f 2100/445/864 2102/476/942 2099/399/859
f 777/475/861 781/461/600 778/476/943
f 775/722/605 779/399/574 776/398/573
f 837/722/893 2103/399/944 2104/445/901
f 2105/475/638 829/461/635 830/466/636
f 832/445/898 834/476/945 833/717/896
f 2108/435/903 829/461/635 2107/424/946
f 2110/469/906 827/424/947 2109/470/910
f 2111/396/628 835/719/922 836/473/624
f 2114/718/948 825/470/631 2113/401/630
f 824/443/908 822/442/949 821/396/909
f 836/472/624 2115/439/950 2116/445/622
f 2117/720/920 815/423/619 816/434/918
f 818/445/917 820/476/951 819/720/915
f 2120/435/924 815/423/619 2119/424/952
f 2122/469/613 813/424/953 2121/470/616
f 2123/396/895 838/723/641 837/467/893
f 2126/721/954 811/470/927 2125/401/926
f 810/394/931 808/393/955 807/396/932
f 1600/440/956 806/393/935 776/723/573
f 897/1/1 882/35/3 905/2/2
f 979/3/3 955/68/187 897/1/1
f 888/4/4 915/54/4 934/5/5
f 896/7/7 892/46/957 912/8/8
f 33/10/10 884/724/11 885/11/11
f 918/13/13 848/725/14 876/14/14
f 922/16/16 859/726/958 880/17/17
f 926/19/19 39/162/222 874/20/20
f 41/19/21 868/21/22 870/22/22
f 43/12/24 886/11/25 887/4/25
f 35/24/27 959/32/200 845/25/28
f 59/15/29 875/14/959 877/27/30
f 37/29/32 967/34/179 856/30/33
f 57/32/34 938/86/216 911/33/35
f 61/34/36 51/9/196 913/8/37
f 50/1/38 63/18/189 879/17/39
f 903/36/40 855/74/40 917/37/41
f 942/38/42 917/37/41 972/39/43
f 865/41/45 898/44/47 916/42/46
f 898/44/47 947/161/48 968/45/48
f 891/46/49 48/7/960 901/47/50
f 901/47/50 48/7/960 939/49/52
f 864/43/53 62/42/56 851/51/54
f 62/42/56 970/45/57 923/53/57
f 914/54/58 850/77/58 904/55/59
f 45/5/60 904/55/59 964/56/61
f 890/48/63 58/47/66 842/58/64
f 58/47/66 962/50/961 919/60/67
f 893/61/68 840/80/68 883/62/69
f 950/63/70 883/62/69 931/64/71
f 872/66/72 861/71/962 867/67/73
f 954/68/74 867/67/73 927/69/75
f 860/71/76 862/727/963 40/72/77
f 42/67/78 40/72/77 1053/73/79
f 854/74/80 853/728/964 38/75/81
f 64/37/82 38/75/81 925/76/83
f 849/77/85 844/729/965 36/78/86
f 60/55/87 36/78/86 921/79/88
f 839/80/90 841/730/90 34/81/91
f 44/62/92 34/81/91 1060/82/93
f 910/33/95 47/86/99 993/83/96
f 1048/85/98 1055/140/966 993/83/96
f 53/63/100 46/28/103 878/27/101
f 53/63/100 1046/65/102 935/87/102
f 902/36/104 49/38/106 1010/90/108
f 1008/88/105 998/141/213 871/22/104
f 998/141/213 56/23/967 871/22/104
f 902/36/104 1010/90/108 1008/88/105
f 49/38/106 1022/40/107 1000/89/107
f 68/96/114 18/33/120 909/84/115
f 71/105/123 72/123/131 30/54/124
f 19/27/122 68/104/114 67/109/130
f 72/111/131 69/114/135 21/8/125
f 11/36/110 14/22/117 66/98/116
f 873/66/138 976/132/968 78/128/145
f 906/129/146 75/731/147 73/130/147
f 975/132/148 24/66/148 55/68/148
f 76/133/149 74/131/151 980/130/150
f 22/35/136 69/116/135 982/135/152
f 983/137/115 866/41/113 65/110/112
f 85/83/155 84/139/164 988/136/156
f 83/138/157 985/137/158 80/136/158
f 52/44/160 12/41/969 79/137/161
f 86/141/166 1007/144/173 1004/142/167
f 88/90/169 1001/89/170 1006/142/170
f 1028/57/175 965/56/175 1029/145/176
f 97/56/177 920/79/177 1017/146/177
f 1035/147/178 1050/159/178 967/34/179
f 1011/148/180 43/12/24 54/6/26
f 928/69/182 1041/157/183 957/150/183
f 1036/151/184 922/16/16 971/18/18
f 1038/153/185 941/49/970 896/7/7
f 1033/70/186 943/154/186 897/1/1
f 945/154/188 1024/152/188 63/18/189
f 961/50/190 940/49/190 1047/85/190
f 92/50/191 1016/155/191 1019/156/191
f 106/73/192 1059/732/192 1043/157/192
f 1054/158/193 33/10/10 930/12/12
f 953/149/194 899/6/6 934/5/5
f 1051/159/195 1039/153/195 51/9/196
f 1018/146/197 918/13/13 963/15/15
f 107/156/199 1015/155/199 959/32/200
f 969/45/201 1052/159/202 1037/147/202
f 932/64/203 1013/148/203 952/149/203
f 973/39/205 118/76/205 99/151/206
f 1056/140/207 104/49/232 1040/153/208
f 1003/160/211 113/89/210 1020/40/971
f 1020/40/971 944/154/971 1003/160/211
f 944/154/971 98/70/210 1003/160/211
f 98/70/210 958/150/210 1003/160/211
f 956/150/212 56/23/967 998/141/213
f 116/155/215 1049/85/972 938/86/216
f 1042/157/218 41/19/21 900/23/23
f 111/40/220 114/39/220 95/152/220
f 109/157/221 117/732/973 39/162/222
f 124/82/223 103/158/224 91/148/223
f 112/65/225 102/149/974 96/57/225
f 123/145/227 59/15/29 895/28/31
f 125/45/229 121/161/229 100/153/229
f 949/161/230 52/44/160 994/138/162
f 1119/1/234 1104/184/236 1127/163/235
f 1201/3/236 1177/211/416 1119/1/234
f 1110/4/237 1137/202/237 1156/5/238
f 1118/165/239 1114/195/975 1134/166/240
f 159/10/242 1106/733/243 1107/11/243
f 1140/169/245 1070/734/246 1098/14/246
f 1144/171/248 1081/726/976 1102/172/249
f 1148/173/251 165/280/453 1096/174/252
f 167/173/253 1090/175/254 1092/22/254
f 169/168/256 1108/11/257 1109/4/257
f 161/24/259 1181/32/430 1067/177/260
f 185/170/261 1097/14/977 1099/27/262
f 163/179/264 1189/183/407 1078/180/265
f 183/32/266 1160/225/447 1133/182/267
f 187/183/268 177/167/426 1135/166/269
f 176/1/270 189/18/418 1101/172/271
f 1125/185/272 1077/217/272 1139/186/273
f 1164/187/274 1139/186/273 1194/188/275
f 1087/190/277 1120/193/279 1138/191/278
f 1120/193/279 1169/279/280 1190/194/280
f 1113/195/281 174/165/978 1123/196/282
f 1123/196/282 174/165/978 1161/198/284
f 1086/192/285 188/191/287 1073/51/286
f 188/191/287 1192/194/979 1145/201/288
f 1136/202/289 1072/219/289 1126/55/290
f 171/5/291 1126/55/290 1186/56/292
f 1112/197/294 184/196/297 1064/203/295
f 184/196/297 1184/199/980 1141/205/298
f 1115/206/299 1062/80/299 1105/62/300
f 1172/63/301 1105/62/300 1153/207/302
f 1094/209/303 1083/214/981 1089/210/304
f 1176/211/305 1089/210/304 1149/212/306
f 1082/214/308 1084/735/982 166/215/309
f 168/210/310 166/215/309 1275/216/311
f 1076/217/312 1075/728/983 164/218/313
f 190/186/314 164/218/313 1147/76/315
f 1071/219/317 1066/729/984 162/220/318
f 186/55/319 162/220/318 1143/221/320
f 1061/80/321 1063/736/321 160/81/322
f 170/62/323 160/81/322 1282/222/324
f 1132/182/326 173/225/330 1215/83/327
f 1270/224/329 1277/264/985 1215/83/327
f 179/63/331 172/28/334 1100/27/332
f 179/63/331 1268/208/333 1157/226/333
f 1124/185/335 175/187/337 1232/90/339
f 1230/227/336 1220/141/444 1093/22/335
f 1220/141/444 182/176/986 1093/22/335
f 1124/185/335 1232/90/339 1230/227/336
f 175/187/337 1244/189/987 1222/89/338
f 194/231/345 144/182/351 1131/223/346
f 197/237/354 198/254/361 156/202/136
f 145/27/353 194/104/345 193/240/360
f 198/242/361 195/245/365 147/166/355
f 137/185/341 140/22/348 192/233/347
f 1095/209/367 1198/259/988 204/128/374
f 1128/257/375 201/731/989 199/130/376
f 1197/259/378 150/209/378 181/211/378
f 202/133/379 200/258/380 1202/130/379
f 148/184/124 195/247/365 1204/135/152
f 1205/261/346 1088/190/344 191/241/343
f 211/83/383 210/263/393 1210/260/384
f 209/262/386 1207/261/387 206/260/387
f 178/193/389 138/190/990 205/261/390
f 212/141/395 1229/267/401 1226/265/396
f 214/90/397 1223/89/398 1228/265/398
f 1250/57/403 1187/56/403 1251/268/404
f 223/56/405 1142/221/405 1239/269/405
f 1257/270/406 1272/159/406 1189/183/407
f 1233/271/408 169/168/256 180/164/258
f 1150/212/410 1263/277/411 1179/273/411
f 1258/151/412 1144/171/248 1193/18/250
f 1260/274/414 1163/198/991 1118/165/239
f 1255/213/415 1165/275/415 1119/1/234
f 1167/275/417 1246/152/417 189/18/418
f 1183/199/419 1162/198/419 1269/224/419
f 218/199/420 1238/155/420 1241/276/420
f 232/216/421 1281/737/421 1265/277/421
f 1276/158/422 159/10/242 1152/168/244
f 1175/272/423 1121/164/238 1156/5/238
f 1273/159/425 1261/274/425 177/167/426
f 1240/269/427 1140/169/245 1185/170/247
f 233/276/429 1237/155/992 1181/32/430
f 1191/194/431 1274/159/432 1259/270/432
f 1154/207/433 1235/271/433 1174/272/433
f 1195/188/435 244/76/435 225/151/436
f 1278/264/438 230/198/463 1262/274/439
f 1225/278/442 239/89/441 1242/189/993
f 1242/189/993 1166/275/993 1225/278/442
f 1166/275/993 224/213/441 1225/278/442
f 224/213/441 1180/273/441 1225/278/442
f 1178/273/443 182/176/986 1220/141/444
f 242/155/446 1271/224/994 1160/225/447
f 1264/277/449 167/173/253 1122/176/255
f 237/189/451 240/188/451 221/152/451
f 235/277/452 243/737/452 165/280/453
f 250/222/454 229/158/455 217/271/454
f 238/208/456 228/272/995 222/57/456
f 249/268/458 185/170/261 1117/28/263
f 251/194/460 247/279/460 226/274/460
f 1171/279/461 178/193/389 1216/262/391
f 259/287/470 260/738/996 1305/285/469
f 260/738/996 1301/307/469 1305/285/469
f 1291/288/471 1295/291/471 1293/289/471
f 1296/291/472 1292/288/997 1285/286/473
f 1284/292/476 261/286/998 1303/293/474
f 261/286/998 1304/285/999 1303/293/474
f 264/288/477 1290/290/1000 258/295/478
f 267/291/480 262/292/484 256/297/481
f 1298/299/483 265/290/1001 1294/289/483
f 262/292/484 1288/294/485 257/301/485
f 259/303/470 1286/286/470 264/288/477
f 1299/305/486 266/289/1002 267/291/480
f 1306/308/489 1297/739/489 268/293/488
f 1297/739/489 263/294/489 268/293/488
f 271/309/490 1311/313/490 1322/281/491
f 1316/314/492 273/740/492 1318/282/492
f 273/740/492 1309/311/492 1318/282/492
f 275/313/495 1310/741/495 278/284/495
f 1310/741/495 1319/315/495 278/284/495
f 282/281/496 1324/283/496 1325/316/496
f 272/318/497 280/742/497 281/283/498
f 289/287/505 290/743/1003 1348/319/503
f 290/743/1003 1344/339/1004 1348/319/503
f 1334/288/506 1338/323/506 1336/321/506
f 1339/323/507 1335/288/1005 1328/320/508
f 1327/324/511 291/320/509 1346/325/509
f 291/320/509 1347/319/509 1346/325/509
f 294/288/512 1333/322/1006 288/327/513
f 297/323/515 292/324/519 286/329/516
f 1341/331/518 295/322/1007 1337/321/518
f 292/324/519 1331/326/520 287/333/520
f 289/335/505 1329/320/504 294/288/512
f 1342/337/521 296/321/1008 297/323/515
f 1349/340/523 1340/744/523 298/325/523
f 1340/744/523 293/326/523 298/325/523
f 301/309/524 1354/342/524 1365/281/525
f 1359/343/526 303/745/526 1361/282/526
f 303/745/526 1352/341/526 1361/282/526
f 305/342/529 1353/746/529 308/284/529
f 1353/746/529 1362/344/529 308/284/529
f 312/281/530 1367/283/530 1368/316/530
f 302/345/531 310/747/531 311/283/532
f 1378/346/533 1403/352/533 1381/347/533
f 1412/358/538 1395/350/538 1397/349/538
f 317/352/539 1402/360/539 1399/349/539
f 316/346/540 1387/365/540 1384/353/540
f 1377/348/541 1372/748/541 1369/355/541
f 1383/347/542 1393/364/542 1391/357/542
f 1401/360/543 1406/749/543 328/359/543
f 1409/361/544 1410/750/544 1374/356/544
f 1407/362/545 1411/751/545 1389/354/545
f 1386/353/546 1408/366/546 332/363/546
f 322/364/547 331/752/547 327/361/547
f 320/365/152 330/753/152 326/366/152
f 313/355/548 314/748/548 329/367/548
f 1422/368/548 1447/374/548 1425/369/548
f 1439/372/542 1441/371/542 1440/379/542
f 337/374/541 1446/381/541 1443/371/541
f 336/368/545 1431/386/545 1428/375/545
f 1421/370/553 1416/754/553 1413/377/553
f 1427/369/544 1437/385/544 1435/378/544
f 1445/381/533 1450/755/533 348/379/533
f 1453/382/554 1454/756/554 1418/356/554
f 1415/377/555 1451/389/555 1455/383/555
f 1430/375/540 1452/387/540 352/384/540
f 342/385/547 351/757/547 347/382/547
f 340/386/152 350/390/152 346/387/152
f 333/377/556 334/754/556 349/388/556
f 1463/370/556 1466/368/556 1491/374/556
f 1483/372/544 1485/371/544 1484/379/544
f 357/374/553 1490/381/553 1487/371/553
f 1493/374/555 356/368/555 1475/386/555
f 1465/370/561 1460/754/561 1457/377/561
f 1471/369/554 1481/385/554 1479/378/554
f 1489/381/548 1494/755/548 368/379/548
f 1497/382/538 1498/756/538 1462/356/538
f 1495/389/546 1499/383/546 1477/376/546
f 1474/375/545 1496/387/545 372/384/545
f 362/385/547 371/757/547 367/382/547
f 359/375/152 360/386/152 370/390/152
f 353/377/543 354/754/543 369/388/543
f 1510/368/543 1535/374/543 1513/369/543
f 1544/380/554 1527/372/554 1529/371/554
f 377/374/561 1534/381/561 1531/371/561
f 376/368/546 1519/386/546 1516/375/546
f 1509/370/539 1504/754/539 1501/377/539
f 375/370/538 1515/369/538 1525/385/538
f 1533/381/556 1538/755/556 388/379/556
f 1541/382/542 1542/756/542 1506/356/542
f 1539/389/540 1543/383/540 1521/376/540
f 1518/375/555 1540/387/555 392/384/555
f 382/385/547 391/757/547 387/382/547
f 380/386/152 390/390/152 386/387/152
f 373/377/533 374/754/533 389/388/533
f 1561/391/566 1559/403/566 2079/392/567
f 2080/394/569 1549/471/1009 1552/395/570
f 1597/397/572 1600/463/956 776/398/573
f 1557/400/575 2083/470/933 803/401/576
f 396/403/152 1562/391/152 406/404/152
f 403/406/152 394/418/152 1556/400/152
f 1550/407/547 1546/422/547 402/408/547
f 1550/407/547 405/409/547 407/410/547
f 1553/395/547 1548/471/547 407/412/547
f 1558/414/152 1554/417/152 404/415/152
f 1554/417/152 1556/400/152 394/418/152
f 1573/419/547 1553/395/547 408/413/547
f 1545/421/547 411/758/547 402/408/547
f 1555/417/578 410/414/578 797/423/579
f 1569/425/578 794/476/938 797/423/579
f 1570/426/152 414/433/152 423/427/152
f 1566/429/547 420/437/547 418/430/547
f 1558/414/152 412/416/152 419/432/152
f 1568/425/152 419/432/152 414/433/152
f 418/430/547 411/758/547 1545/421/547
f 798/434/581 409/421/582 1547/422/582
f 1565/436/547 456/759/547 420/437/547
f 1571/426/584 422/428/875 791/438/585
f 454/440/152 425/760/152 406/404/152
f 1590/441/587 1588/447/587 2091/392/588
f 2092/443/590 1578/474/591 1581/444/591
f 796/445/593 792/472/870 421/436/594
f 1586/446/596 2095/470/939 787/401/597
f 429/447/152 1591/441/152 439/448/152
f 436/450/152 427/458/152 1585/446/152
f 1579/407/547 1575/422/547 435/451/547
f 1579/407/547 438/409/547 440/452/547
f 1582/444/547 1577/474/547 440/454/547
f 1587/414/152 1583/417/152 437/456/152
f 1583/417/152 1585/446/152 427/458/152
f 1565/459/547 1582/444/547 441/455/547
f 1574/421/547 444/761/547 435/451/547
f 1584/417/599 443/414/599 781/461/600
f 1595/425/599 778/476/943 781/461/600
f 1596/397/152 447/465/152 425/462/152
f 1598/429/547 453/437/547 451/430/547
f 1587/414/152 445/457/152 452/464/152
f 1594/425/152 452/464/152 447/465/152
f 451/430/547 444/761/547 1574/421/547
f 782/466/602 442/421/603 1576/422/603
f 1573/436/547 455/762/547 453/437/547
f 775/467/605 805/396/934 401/395/606
f 1572/468/152 423/763/152 439/448/152
f 517/440/608 838/723/641 2124/393/609
f 1607/407/611 1603/422/611 814/435/612
f 1617/391/614 808/393/955 809/392/615
f 2121/470/616 813/424/953 1610/417/617
f 1616/403/547 467/405/547 470/404/547
f 1613/400/547 458/418/547 467/406/547
f 1606/407/152 469/409/152 466/408/152
f 1606/407/152 1604/411/152 471/410/152
f 1608/395/152 472/413/152 471/412/152
f 1614/414/547 476/416/547 468/415/547
f 1611/417/547 468/415/547 458/418/547
f 1628/419/152 518/420/152 472/413/152
f 466/408/152 475/758/152 1601/421/152
f 461/417/618 2119/424/952 815/423/619
f 1645/441/620 822/442/949 823/392/621
f 486/427/547 478/433/547 1626/426/547
f 1623/429/152 1619/431/152 482/430/152
f 1614/414/547 1624/425/547 483/432/547
f 1624/425/547 1626/426/547 478/433/547
f 1601/421/152 475/758/152 482/430/152
f 2116/445/622 1622/429/1010 1621/436/623
f 484/437/152 520/759/152 485/436/152
f 1625/425/625 820/476/951 817/439/626
f 470/404/547 488/760/547 1655/440/547
f 836/473/624 1621/459/623 1637/444/627
f 1641/446/629 1644/402/1011 2113/401/630
f 826/469/632 2114/718/948 1632/453/633
f 1639/417/634 2107/424/946 829/461/635
f 492/447/547 499/449/547 502/448/547
f 1640/446/547 490/458/547 499/450/547
f 1635/407/152 501/409/152 498/451/152
f 1635/407/152 1633/453/152 503/452/152
f 1636/444/152 504/455/152 503/454/152
f 506/414/547 508/457/547 500/456/547
f 1638/417/547 500/456/547 490/458/547
f 485/459/152 520/460/152 504/455/152
f 498/451/152 507/761/152 1629/421/152
f 830/466/636 505/421/637 1647/431/637
f 488/462/547 510/465/547 1651/397/547
f 1653/429/152 1648/431/152 514/430/152
f 506/414/547 1649/425/547 515/464/547
f 1649/425/547 1651/397/547 510/465/547
f 1629/421/152 507/761/152 514/430/152
f 1650/425/634 1642/414/634 829/461/635
f 516/437/152 518/762/152 1628/436/152
f 1652/397/640 2103/399/944 838/398/641
f 502/448/547 486/763/547 1656/468/547
f 1667/477/642 1666/764/642 1670/478/642
f 1669/480/643 527/765/644 521/481/644
f 1674/483/646 526/539/1012 1663/484/647
f 1668/486/649 530/477/1013 1673/479/650
f 1665/488/652 1664/539/1014 1675/483/653
f 533/479/547 1671/478/547 1676/491/547
f 1745/482/547 1699/481/547 1682/493/547
f 1699/481/547 532/483/547 1680/495/547
f 1659/485/547 1683/497/547 1680/495/547
f 1659/485/547 1657/487/547 1684/496/547
f 1657/487/547 533/479/547 1678/492/547
f 538/497/656 1694/500/659 1693/498/657
f 538/497/656 1685/496/658 1695/499/658
f 539/496/660 1679/492/660 1689/501/660
f 534/492/661 1677/491/661 1686/502/661
f 1724/494/662 536/493/665 1690/503/663
f 536/493/665 537/495/666 1692/498/666
f 1661/490/655 524/555/655 523/487/655
f 535/491/668 1727/507/1015 1739/506/669
f 1671/478/547 1697/509/547 1726/507/547
f 529/508/670 557/513/1016 1698/509/671
f 1711/510/672 1710/766/672 1714/511/672
f 1713/513/673 556/767/674 550/514/674
f 1718/515/676 555/768/1017 1707/516/677
f 1712/518/679 559/510/1018 1717/512/680
f 1709/520/682 1708/768/1019 1719/515/683
f 562/512/547 1715/511/547 1720/523/547
f 1697/509/547 1747/514/547 1725/525/547
f 1747/514/547 561/515/547 1728/526/547
f 1703/517/547 1730/528/547 1728/526/547
f 1703/517/547 1701/519/547 1731/527/547
f 1701/519/547 562/512/547 1722/524/547
f 568/528/686 1742/531/689 1741/529/687
f 568/528/686 1732/527/688 1743/530/688
f 569/527/690 1723/524/690 1736/532/690
f 563/524/691 564/523/691 1733/533/691
f 565/507/692 566/525/695 1737/534/693
f 566/525/695 567/526/696 1740/529/696
f 1705/522/685 553/769/685 552/519/685
f 1721/523/698 1724/494/662 1691/504/664
f 1715/511/547 1745/482/547 579/494/547
f 558/536/699 528/480/1020 580/482/700
f 1762/537/701 1758/770/701 1759/477/701
f 581/481/702 587/771/702 1761/538/703
f 1766/483/705 1752/485/1021 1755/484/706
f 1765/479/708 590/477/1022 1760/486/709
f 1767/483/711 1756/539/1023 1757/488/712
f 593/479/152 1770/547/152 1768/543/152
f 1837/482/152 639/494/152 1774/544/152
f 1791/481/152 1774/544/152 1772/545/152
f 1772/545/152 1775/497/152 1751/485/152
f 1751/485/152 1775/497/152 1776/546/152
f 1749/540/152 1776/546/152 1770/547/152
f 1785/548/715 1786/552/1024 598/497/716
f 598/497/716 1786/552/1024 1787/549/717
f 599/546/718 1788/549/718 1781/550/718
f 594/547/719 1780/550/719 1778/551/719
f 1816/494/720 1783/553/755 1782/503/721
f 596/544/722 1782/503/721 1784/548/723
f 1753/541/714 582/485/714 583/540/714
f 595/543/725 601/551/725 1831/556/726
f 1763/537/152 1768/543/152 1818/507/152
f 1790/557/728 617/559/1025 589/508/729
f 1806/558/730 1802/766/730 1803/510/730
f 610/514/731 616/767/731 1805/559/732
f 1810/560/734 1796/565/1026 1799/561/735
f 1809/512/737 619/510/1027 1804/563/738
f 1811/560/740 1800/562/1028 1801/564/741
f 622/512/152 1814/524/152 1812/523/152
f 1789/557/152 1818/507/152 1817/525/152
f 1839/514/152 1817/525/152 1820/567/152
f 1820/567/152 1822/570/152 1795/565/152
f 1795/565/152 1822/570/152 1823/568/152
f 1793/519/152 1823/568/152 1814/524/152
f 1833/569/744 1834/573/1029 628/570/745
f 628/570/745 1834/573/1029 1835/530/746
f 629/568/747 1836/530/747 1828/532/747
f 623/524/748 1827/532/748 1825/571/748
f 625/507/749 1830/556/1030 1829/572/750
f 626/525/751 1829/572/750 1832/569/752
f 1797/522/743 611/565/743 612/519/743
f 1813/523/754 631/571/754 1783/553/755
f 1807/558/152 1812/523/152 639/494/152
f 640/482/756 588/538/1031 618/575/757
f 1851/576/758 1852/772/1032 1846/577/759
f 648/579/761 1850/773/761 1845/580/761
f 1849/578/762 644/577/762 1844/580/762
f 647/582/763 643/578/764 1842/581/763
f 642/580/765 645/774/1033 646/584/766
f 1871/585/768 1873/775/1034 1876/586/769
f 1869/588/770 1870/677/771 1864/589/771
f 707/591/772 1868/776/772 1863/592/772
f 1867/590/773 656/589/773 1862/592/773
f 706/594/774 655/590/774 1860/593/774
f 650/596/775 1857/598/775 1874/587/775
f 1858/598/776 1855/600/776 1872/585/776
f 649/599/778 652/684/778 661/585/779
f 1856/601/780 1853/686/1035 659/600/781
f 1887/602/783 1888/687/784 1882/603/784
f 670/605/786 1886/777/786 1881/606/786
f 1885/604/787 666/603/787 1880/606/787
f 669/608/788 665/604/788 1878/607/788
f 664/606/789 667/778/1036 668/610/790
f 1895/611/792 1897/779/1037 1900/612/793
f 672/614/795 1893/616/796 1898/613/796
f 1894/616/797 1891/618/797 1896/611/797
f 671/617/798 674/696/798 677/611/798
f 1892/619/799 1889/780/801 675/618/800
f 1904/620/802 1916/642/802 1914/621/802
f 1901/623/803 1907/633/803 1910/624/803
f 679/626/804 1911/624/804 1919/627/804
f 1935/631/547 1953/661/547 1959/629/547
f 1959/629/547 1920/627/547 1937/630/547
f 1903/632/556 1913/621/556 1908/633/556
f 1912/624/547 1926/643/547 1938/630/547
f 1918/642/805 682/636/805 1955/635/805
f 682/636/805 1905/781/805 1956/637/805
f 1909/633/547 1915/621/547 1928/638/547
f 1957/641/533 683/782/533 1906/640/533
f 1906/640/533 1921/627/533 1958/629/533
f 1917/642/547 1931/662/547 1929/638/547
f 685/624/547 686/633/547 1922/639/547
f 1939/644/556 1950/653/556 1949/645/556
f 1930/647/804 1933/654/804 1946/648/804
f 1924/650/805 1940/656/805 1942/651/805
f 690/652/802 1943/651/802 1951/653/802
f 1932/654/803 1934/713/803 1948/655/803
f 692/647/533 1944/649/533 1941/656/533
f 696/659/547 697/783/547 698/784/547
f 698/784/547 699/785/547 696/659/547
f 699/785/547 700/657/547 696/659/547
f 693/662/547 688/642/547 702/635/547
f 702/635/547 705/661/547 694/631/547
f 654/592/808 657/786/808 658/663/809
f 1970/664/812 1967/669/1038 1965/577/813
f 715/666/815 1966/577/815 1964/667/815
f 1968/669/816 1962/581/816 1963/667/816
f 1961/581/817 710/669/818 714/670/817
f 713/672/819 712/774/1039 709/667/820
f 1995/673/822 1992/787/1040 1990/674/823
f 1988/675/825 1985/590/826 1983/676/826
f 774/591/827 1984/676/827 1982/592/827
f 1986/590/828 1980/679/828 1981/592/828
f 1979/679/829 722/590/829 773/680/829
f 1993/587/830 1976/682/830 717/596/830
f 1977/682/831 729/587/831 1991/674/831
f 716/683/832 1973/600/1041 728/674/832
f 1975/685/833 727/682/1042 726/600/834
f 2006/602/835 2003/690/1043 2001/603/836
f 737/605/837 2002/603/837 2000/688/837
f 2004/690/838 1998/607/838 1999/688/838
f 1997/607/840 732/690/840 736/608/840
f 735/610/841 734/778/1044 731/688/842
f 2019/612/844 2016/788/1045 2014/611/845
f 2017/691/846 2012/616/846 739/692/847
f 2013/616/848 745/691/848 2015/611/848
f 738/695/849 2009/694/849 744/611/849
f 2011/697/850 743/616/1046 742/694/851
f 748/699/802 2033/711/802 2035/700/802
f 2029/702/803 2026/707/803 2020/703/803
f 2038/705/804 2030/702/804 746/626/804
f 2078/706/152 2072/661/152 2054/631/152
f 2054/631/152 2056/630/152 2078/706/152
f 2027/707/556 2032/711/556 2022/708/556
f 2057/630/152 2045/643/152 2031/702/152
f 2024/789/805 749/636/805 2075/709/805
f 749/636/805 2037/700/805 2074/710/805
f 2028/707/152 2042/639/152 2047/638/152
f 2025/712/533 750/790/533 2076/791/533
f 2076/791/533 2077/706/533 2025/712/533
f 2048/638/152 2050/792/152 2036/700/152
f 752/702/152 2044/643/152 2041/639/152
f 2068/645/556 2069/653/556 2058/644/556
f 2049/647/804 2064/649/804 2065/648/804
f 2061/651/805 2059/656/805 2043/650/805
f 2070/653/802 2062/651/802 757/652/802
f 2051/654/803 2066/648/803 2067/655/803
f 2060/656/533 2063/649/533 759/647/533
f 765/715/152 764/793/152 763/716/152
f 763/716/152 768/794/152 767/795/152
f 767/795/152 766/714/152 763/716/152
f 769/710/152 755/700/152 760/792/152
f 760/792/152 761/631/152 769/710/152
f 725/663/855 724/786/857 721/592/856
f 2099/399/859 2102/476/942 449/425/860
f 1593/431/603 442/421/603 782/466/602
f 1599/429/862 448/431/1047 2101/717/863
f 430/417/865 2097/424/941 785/470/866
f 2098/435/867 428/422/868 1580/407/868
f 792/473/870 789/396/940 434/444/871
f 2096/469/872 431/407/873 433/453/873
f 422/468/875 432/441/1048 790/442/876
f 2087/439/877 2090/476/937 416/425/878
f 1564/431/582 409/421/582 798/434/581
f 417/429/880 415/431/1049 2089/720/881
f 397/417/883 2085/424/936 801/470/884
f 2086/435/885 395/422/886 1551/407/886
f 780/445/888 775/722/605 424/436/607
f 2084/469/890 398/407/891 400/411/891
f 837/467/893 487/419/902 1609/395/894
f 833/717/896 511/431/1050 1654/429/897
f 512/425/899 834/476/945 831/399/900
f 2104/445/901 513/429/1051 487/436/902
f 1631/422/637 505/421/637 830/466/636
f 494/407/904 491/422/904 828/435/905
f 497/444/907 496/474/1052 824/443/908
f 2109/470/910 827/424/947 493/417/911
f 519/468/912 835/719/922 2112/442/913
f 819/720/915 1620/431/1053 481/429/916
f 816/434/918 473/421/919 479/431/919
f 477/426/921 2115/439/950 835/438/922
f 480/425/618 474/414/618 815/423/619
f 459/422/919 473/421/919 816/434/918
f 457/400/925 460/402/1054 2125/401/926
f 812/469/928 2126/721/954 1605/411/929
f 465/395/930 464/471/1055 810/394/931
f 2080/394/569 2081/396/571 2082/393/568
f 804/721/892 803/401/576 2083/470/933
f 805/396/934 775/467/605 776/723/573
f 802/469/887 801/470/884 2085/424/936
f 800/435/583 799/424/580 797/423/579
f 2088/445/882 2089/720/881 2090/476/937
f 793/720/879 798/434/581 797/423/579
f 792/472/870 796/445/593 795/439/586
f 2092/443/590 2093/396/592 2094/442/589
f 788/718/874 787/401/597 2095/470/939
f 789/396/940 792/473/870 791/719/585
f 786/469/869 785/470/866 2097/424/941
f 784/435/604 783/424/601 781/461/600
f 2100/445/864 2101/717/863 2102/476/942
f 777/475/861 782/466/602 781/461/600
f 775/722/605 780/445/888 779/399/574
f 837/722/893 838/398/641 2103/399/944
f 2105/475/638 2106/476/639 829/461/635
f 832/445/898 831/399/900 834/476/945
f 2108/435/903 830/466/636 829/461/635
f 2110/469/906 828/435/905 827/424/947
f 2111/396/628 2112/442/913 835/719/922
f 2114/718/948 826/469/632 825/470/631
f 824/443/908 823/392/621 822/442/949
f 836/472/624 835/438/922 2115/439/950
f 2117/720/920 2118/476/923 815/423/619
f 818/445/917 817/439/626 820/476/951
f 2120/435/924 816/434/918 815/423/619
f 2122/469/613 814/435/612 813/424/953
f 2123/396/895 2124/393/609 838/723/641
f 2126/721/954 812/469/928 811/470/927
f 810/394/931 809/392/615 808/393/955
f 1600/440/956 399/391/1056 806/393/935
