# Blender 5.0.1
# www.blender.org
mtllib 94.mtl
o 94
v -0.049115 -0.088691 0.282435
v -0.190302 -0.082350 0.334215
v -0.160429 -0.091327 0.247288
v 0.000000 -0.042258 0.282435
v -0.093129 0.050239 0.450545
v -0.093129 -0.077972 0.450545
v -0.160429 0.091327 0.247288
v 0.000000 0.050239 0.098321
v 0.000000 -0.042258 0.098321
v -0.049115 -0.091327 0.098321
v -0.037165 0.091327 0.282435
v -0.190302 0.082350 0.334424
v -0.108738 0.077972 0.431875
v -0.271118 -0.072248 0.557324
v -0.292034 0.072248 0.405209
v -0.285551 0.072248 0.536311
v -0.273819 -0.072248 0.410619
v -0.340964 -0.115686 0.469473
v -0.364168 0.036975 0.457054
v -0.373208 0.020421 0.601415
v -0.312726 -0.103032 0.601397
v -0.313132 -0.086059 0.780112
v -0.306101 -0.134270 1.388082
v -0.430688 -0.200177 1.388497
v -0.450558 -0.184719 0.484906
v -0.375950 -0.172910 1.520139
v -0.268105 -0.114446 1.417180
v -0.265904 -0.106188 1.557181
v -0.361615 -0.005542 1.388076
v -0.296891 -0.129479 1.396726
v -0.196037 -0.072248 1.416151
v -0.000208 0.072248 1.416151
v -0.000208 -0.072248 1.416151
v -0.352342 -0.000879 1.396719
v -0.294851 -0.047444 1.557174
v -0.417314 -0.092759 1.536533
v -0.194362 -0.072248 1.556157
v -0.000208 -0.072248 1.556157
v -0.099336 -0.032435 1.556157
v -0.038928 0.072248 1.490072
v -0.000208 0.072248 1.556157
v -0.273354 0.047778 0.557384
v 0.000000 0.050239 0.282435
v -0.037131 0.091327 0.098321
v -0.321405 0.013422 1.536145
v -0.204985 0.072248 1.556157
v -0.262840 0.042897 1.556661
v -0.323365 0.013766 1.417171
v -0.495172 -0.091696 0.532297
v -0.479255 -0.086885 1.372746
v -0.206561 0.072248 1.416151
v -0.429254 -0.044104 1.524029
v -0.475710 -0.095981 1.388504
v -0.462821 -0.057506 1.388422
v -0.464003 -0.027817 0.516282
v -0.399835 0.015190 0.470008
v -0.474674 -0.133098 0.484919
v -0.474147 -0.063064 1.365842
v -0.415505 -0.019756 0.909034
v 0.190302 -0.082350 0.334215
v 0.049115 -0.088691 0.282435
v 0.160429 -0.091327 0.247288
v 0.093129 0.050239 0.450545
v 0.093129 -0.077972 0.450545
v 0.160429 0.091327 0.247288
v 0.049115 -0.091327 0.098321
v 0.037165 0.091327 0.282435
v 0.190302 0.082350 0.334424
v 0.271118 -0.072248 0.557324
v 0.108738 0.077972 0.431875
v 0.292034 0.072248 0.405209
v 0.273819 -0.072248 0.410619
v 0.340964 -0.115686 0.469473
v 0.285551 0.072248 0.536311
v 0.364168 0.036975 0.457054
v 0.373208 0.020421 0.601415
v 0.273354 0.047778 0.557384
v 0.312726 -0.103032 0.601397
v 0.361198 -0.003102 1.386921
v 0.430271 -0.200177 1.388497
v 0.450558 -0.184719 0.484906
v 0.375534 -0.172910 1.520139
v 0.267689 -0.114446 1.417180
v 0.296474 -0.129479 1.396726
v 0.305685 -0.131830 1.386927
v 0.195620 -0.072248 1.416151
v 0.206144 0.072248 1.416151
v 0.351925 -0.000879 1.396719
v 0.294434 -0.047444 1.557174
v 0.416897 -0.092759 1.536533
v 0.193945 -0.072248 1.556157
v 0.204568 0.072248 1.556157
v 0.037131 0.091327 0.098321
v 0.437251 -0.068120 1.524428
v 0.265487 -0.106188 1.557181
v 0.262423 0.042897 1.556661
v 0.322948 0.013766 1.417171
v 0.495172 -0.091696 0.532297
v 0.428837 -0.044104 1.524029
v 0.462404 -0.057506 1.388422
v 0.474674 -0.133098 0.484919
v 0.399835 0.015190 0.470008
v 0.464003 -0.027817 0.516282
v 0.473730 -0.063064 1.365842
v 0.478838 -0.086885 1.372746
v 0.483509 -0.038552 0.539221
v -0.360679 0.013217 0.814956
v -0.368374 -0.012483 0.860317
v -0.362328 0.009914 0.915550
v -0.121960 0.072248 1.556157
v -0.075408 0.042731 1.539667
v -0.037006 0.072248 1.556157
v -0.437667 -0.068120 1.524428
v -0.483509 -0.038552 0.539221
v 0.320989 0.013422 1.536145
v 0.475293 -0.095981 1.388504
v -0.060272 0.063704 -0.196566
v 0.062131 0.063704 -0.196566
v -0.060272 0.170054 -0.000000
v 0.062131 0.170054 -0.092110
v 0.062131 0.170054 -0.000000
v -0.060272 0.063704 0.196566
v 0.062131 0.063704 0.196566
v 0.062131 0.170054 0.092110
v -0.060272 0.170054 -0.092110
v -0.060272 0.170054 0.092110
v 0.062131 0.043263 -0.123977
v 0.062131 0.090278 -0.095351
v 0.159806 0.090278 -0.095351
v 0.159806 0.043263 -0.123977
v 0.062131 0.146242 -0.102760
v 0.062131 0.165375 -0.067760
v 0.130975 0.165375 -0.067760
v 0.130975 0.146242 -0.102760
v 0.062131 0.128998 -0.024522
v 0.062131 0.127715 0.030507
v 0.159806 0.127715 0.030507
v 0.159806 0.128998 -0.024522
v 0.062131 0.161495 0.076286
v 0.062131 0.141913 0.108448
v 0.130975 0.141913 0.108448
v 0.130975 0.161495 0.076286
v 0.062131 0.085735 0.099455
v 0.062131 0.037437 0.125858
v 0.159806 0.037437 0.125858
v 0.159806 0.085735 0.099455
v 0.062131 0.015949 0.178031
v 0.130975 0.015949 0.178031
v 0.062131 0.024947 -0.177077
v 0.130975 0.024947 -0.177077
v 0.167357 0.000000 0.000000
v 0.159806 0.000000 0.124917
v 0.159806 -0.000000 -0.124917
v 0.130975 -0.000000 -0.177561
v 0.062131 -0.000000 -0.177561
v 0.062131 0.000000 0.177564
v 0.130975 0.000000 0.177564
v 0.062131 0.000000 0.196566
v 0.062131 -0.000000 -0.196566
v -0.060272 -0.000000 -0.196566
v -0.060272 0.000000 0.196566
v -0.060272 -0.063704 -0.196566
v 0.062131 -0.063704 -0.196566
v -0.060272 -0.170054 0.000000
v 0.062131 -0.170054 -0.092110
v 0.062131 -0.170054 0.000000
v -0.060272 -0.063704 0.196566
v 0.062131 -0.063704 0.196566
v 0.062131 -0.170054 0.092110
v -0.060272 -0.170054 -0.092110
v -0.060272 -0.170054 0.092110
v 0.062131 -0.043263 -0.123977
v 0.062131 -0.090278 -0.095351
v 0.159806 -0.090278 -0.095351
v 0.159806 -0.043263 -0.123977
v 0.062131 -0.146242 -0.102760
v 0.062131 -0.165375 -0.067760
v 0.130975 -0.165375 -0.067760
v 0.130975 -0.146242 -0.102760
v 0.062131 -0.128998 -0.024522
v 0.062131 -0.127715 0.030507
v 0.159806 -0.127715 0.030507
v 0.159806 -0.128998 -0.024522
v 0.062131 -0.161495 0.076286
v 0.062131 -0.141913 0.108448
v 0.130975 -0.141913 0.108448
v 0.130975 -0.161495 0.076286
v 0.062131 -0.085735 0.099455
v 0.062131 -0.037437 0.125858
v 0.159806 -0.037437 0.125858
v 0.159806 -0.085735 0.099455
v 0.062131 -0.015949 0.178031
v 0.130975 -0.015949 0.178031
v 0.062131 -0.024947 -0.177077
v 0.130975 -0.024947 -0.177077
v -0.331554 -0.011246 0.526712
v -0.303612 -0.149450 0.521735
v -0.332964 -0.196275 0.566794
v -0.271391 -0.133623 0.555621
v -0.282268 0.007210 0.566532
v -0.288389 -0.178650 0.611369
v -0.200581 -0.153806 0.523560
v -0.245156 -0.168781 0.478985
v -0.306806 -0.011010 0.897289
v -0.291965 -0.150378 0.882393
v -0.335869 -0.197167 0.926297
v -0.247390 -0.134155 0.926967
v -0.271716 0.003680 0.951298
v -0.291294 -0.178650 0.970872
v -0.140513 0.029574 0.731011
v -0.165653 0.021287 0.845132
v -0.055904 0.037326 0.735491
v -0.110761 -0.107673 0.701189
v -0.154665 -0.143051 0.745093
v -0.248061 -0.169776 0.838488
v 0.051211 0.039097 0.539220
v 0.070443 -0.105579 0.519985
v 0.026539 -0.132752 0.563889
v 0.115018 -0.107673 0.564559
v 0.092704 0.036864 0.586869
v 0.071114 -0.133680 0.608464
v -0.066186 -0.105579 0.745763
v -0.022282 -0.132752 0.701859
v 0.207497 0.017527 0.471961
v 0.161045 0.027048 0.429383
v 0.114347 -0.140899 0.476080
v -0.309794 -0.020143 1.256861
v -0.294870 -0.151338 1.241896
v -0.338774 -0.198093 1.285800
v -0.250295 -0.134713 1.286470
v -0.271302 -0.004320 1.307480
v -0.294199 -0.178650 1.330375
v -0.150554 0.028394 1.097654
v -0.113666 -0.107673 1.060692
v -0.157570 -0.143051 1.104596
v -0.069091 -0.105579 1.105267
v -0.071730 0.036746 1.107915
v -0.112995 -0.140899 1.149171
v -0.171202 0.020087 1.207213
v -0.250966 -0.170802 1.197991
v 0.048718 0.039090 0.898311
v 0.067538 -0.105579 0.879488
v 0.023634 -0.132752 0.923392
v 0.112113 -0.107673 0.924062
v 0.089632 0.036888 0.946539
v 0.068209 -0.133658 0.967967
v -0.025187 -0.132752 1.061362
v 0.217279 0.019021 0.729839
v 0.248742 -0.127624 0.698284
v 0.204838 -0.148634 0.742188
v 0.293317 -0.140934 0.742858
v 0.304752 -0.001904 0.731483
v 0.249413 -0.161317 0.786763
v 0.189139 0.020105 0.846913
v 0.111442 -0.140899 0.835583
v 0.337221 -0.186162 0.698954
v 0.045320 0.039090 1.258308
v 0.064633 -0.105579 1.238991
v 0.020729 -0.132752 1.282895
v 0.109208 -0.107673 1.283566
v 0.086710 0.036891 1.306058
v 0.065304 -0.133656 1.327470
v -0.065557 0.037265 1.456002
v -0.073669 -0.105582 1.463096
v -0.028092 -0.132752 1.420865
v 0.210007 0.020411 1.093688
v 0.245837 -0.127236 1.057787
v 0.201933 -0.148154 1.101691
v 0.290412 -0.140191 1.102362
v 0.298886 -0.000234 1.093951
v 0.246508 -0.160496 1.146266
v 0.188762 0.019656 1.203885
v 0.108537 -0.140898 1.195087
v 0.334316 -0.185481 1.058457
v 0.331544 -0.014060 0.972072
v 0.411911 -0.057034 0.981427
v 0.383137 -0.042081 0.920487
v 0.088145 0.067807 1.487402
v -0.033656 0.068855 1.276259
v -0.092994 0.065607 1.306088
v 0.036221 -0.110430 1.435317
v -0.077089 -0.112854 1.232863
v 0.080333 -0.112962 1.390262
v -0.169249 0.052579 1.140813
v -0.196757 0.045511 1.202259
v -0.118414 -0.116894 1.280582
v 0.262178 0.032377 1.207564
v 0.300894 0.019288 1.335313
v 0.350452 -0.003092 1.295759
v 0.144082 -0.117900 1.089433
v 0.341626 -0.169866 1.286997
v 0.142362 0.063039 1.087654
v -0.069494 0.066170 0.927238
v -0.039696 0.068390 0.905560
v -0.130046 0.059235 0.904419
v -0.016893 -0.110216 0.928394
v -0.103587 0.028994 0.930843
v 0.071132 -0.110858 1.105612
v 0.077205 0.064560 1.110453
v 0.047617 0.067957 1.060464
v -0.146254 -0.124839 0.799122
v -0.265358 0.034349 0.769051
v -0.116944 -0.116830 0.917436
v 0.261594 0.032948 0.842357
v 0.296287 0.029078 0.966127
v 0.398925 -0.016351 0.978440
v 0.368623 -0.000832 1.041514
v 0.146816 -0.118436 0.727546
v 0.340210 -0.168855 0.920901
v 0.190072 -0.128151 0.859832
v 0.038503 -0.110418 0.708349
v 0.132313 0.061764 0.802076
v 0.170355 0.058057 0.751041
v 0.299379 -0.150953 0.969111
v -0.015786 -0.110216 0.564880
v -0.041222 0.067601 0.539459
v 0.081622 0.067021 0.662320
v -0.145320 0.055088 0.435389
v -0.088318 0.065397 0.581516
v -0.189930 0.046415 0.479905
v 0.132692 0.065705 1.442856
v 0.132613 -0.070179 1.442935
v -0.157159 0.026623 1.461022
v -0.116571 -0.107673 1.420195
v -0.165951 -0.219105 1.469896
v -0.164544 0.023232 1.554400
v -0.165574 -0.069650 1.555322
v -0.123049 -0.217014 1.512798
v -0.335087 -0.021879 0.658066
v -0.335087 -0.294144 0.658066
v -0.379662 -0.316024 0.613492
v -0.379662 -0.044971 0.613492
v -0.387652 -0.149546 0.711118
v -0.387652 -0.021879 0.711118
v -0.151670 0.027816 0.385545
v -0.107142 0.030667 0.430142
v -0.153883 -0.252105 0.476862
v -0.198458 -0.259047 0.432288
v -0.151760 -0.068916 0.385590
v -0.107185 -0.066776 0.430165
v -0.382567 -0.044972 0.972995
v -0.337992 -0.294144 1.017569
v -0.382567 -0.316024 0.972995
v -0.337992 -0.021879 1.017569
v -0.203486 -0.154424 0.883063
v -0.110090 -0.140899 0.789668
v -0.156788 -0.252105 0.836365
v -0.201363 -0.260489 0.791791
v 0.024416 -0.232686 0.655161
v -0.066857 -0.134768 0.657284
v -0.020159 -0.232686 0.610587
v 0.158922 -0.143051 0.520655
v 0.161045 -0.251782 0.429383
v 0.205620 -0.260489 0.473957
v -0.340897 -0.021879 1.377073
v -0.374723 -0.288879 1.321749
v -0.409124 -0.261609 1.355942
v -0.340897 -0.294144 1.377073
v -0.439246 -0.192308 1.385800
v -0.385472 -0.044971 1.332498
v -0.364689 -0.305822 1.353281
v -0.206391 -0.155066 1.242566
v -0.142523 -0.211217 1.178699
v -0.187783 -0.219031 1.134808
v -0.178603 -0.212810 1.214778
v -0.224190 -0.222226 1.171216
v 0.021511 -0.232686 1.014664
v -0.069762 -0.134821 1.016787
v -0.023064 -0.232686 0.970090
v 0.156017 -0.143051 0.880158
v 0.158140 -0.252105 0.788886
v 0.202715 -0.260489 0.833460
v 0.292646 -0.171437 0.654379
v 0.337512 -0.016517 0.609467
v 0.396330 -0.276511 0.640009
v 0.339344 -0.294144 0.607682
v 0.383732 -0.152825 0.563878
v 0.383919 -0.040013 0.652256
v 0.370076 -0.277527 0.666100
v 0.428307 -0.174704 0.608452
v 0.383732 -0.017122 0.563878
v 0.428307 -0.040013 0.608452
v -0.072667 -0.134821 1.376291
v 0.018606 -0.232686 1.374168
v -0.025969 -0.232686 1.329593
v 0.153112 -0.143051 1.239661
v 0.155235 -0.251547 1.148389
v 0.199810 -0.260489 1.192964
v 0.289742 -0.170673 1.013882
v 0.336439 -0.294144 0.967185
v 0.426327 -0.181745 0.967579
v 0.383137 -0.161239 0.920487
v 0.381014 -0.316024 1.011759
v 0.322818 -0.018197 1.325752
v 0.327569 -0.090253 1.418393
v 0.378109 -0.037570 1.371263
v 0.380232 -0.041452 1.279990
v 0.425938 -0.059815 1.326692
v 0.310000 -0.296591 1.312739
v 0.332717 -0.141645 1.411690
v 0.310226 -0.126753 1.391982
v 0.423842 -0.190002 1.322507
v 0.371609 -0.167895 1.273432
v 0.369013 -0.316024 1.362778
v 0.088038 -0.068110 1.487510
v -0.299104 0.023702 1.099983
v -0.303901 -0.155512 1.095185
v -0.251575 0.039822 1.058355
v -0.258899 -0.140458 1.051022
v -0.328773 0.011888 0.981156
v -0.328773 -0.170640 0.981156
v -0.373348 -0.188972 1.025731
v -0.373348 -0.010069 1.025731
v 0.368951 -0.018360 1.401904
v 0.413526 -0.041837 1.357329
v 0.352575 -0.173247 1.387032
v 0.278943 -0.145052 1.313513
v 0.397150 -0.196724 1.342457
v -0.302433 -0.155821 0.732032
v -0.257237 -0.140788 0.688062
v 0.202459 0.047802 1.236828
v -0.233350 0.044468 0.711924
v -0.372241 -0.011356 0.662216
v -0.327666 0.011159 0.617641
v -0.327666 -0.171911 0.617641
v -0.372241 -0.190255 0.662216
v 0.353682 -0.173247 1.023517
v 0.398257 -0.196724 0.978942
v 0.063326 0.030394 0.733162
v 0.110398 0.042476 0.691084
v 0.038012 0.068296 0.707850
v -0.113925 -0.116143 0.555938
v -0.145347 -0.124018 0.435478
v -0.189930 -0.132834 0.479905
v -0.208476 -0.071741 1.512421
v -0.432227 -0.044971 0.666543
v 0.256433 -0.066894 0.423145
v 0.211858 -0.058187 0.378570
v -0.432227 -0.171426 0.666543
v 0.211858 0.027048 0.378570
v 0.256433 0.016425 0.423145
v -0.394671 -0.166480 1.430375
v -0.394671 -0.024118 1.430375
v -0.439246 -0.047210 1.385800
v -0.208476 0.024410 1.512421
v -0.431624 -0.183179 1.023467
v -0.387049 -0.161299 1.068041
v -0.431624 -0.044972 1.023467
v -0.387049 -0.021879 1.068041
v 0.355068 -0.301862 0.623406
v -0.062131 0.043263 -0.123977
v -0.062131 0.090278 -0.095351
v -0.159806 0.090278 -0.095351
v -0.159806 0.043263 -0.123977
v -0.062131 0.146242 -0.102760
v -0.062131 0.165375 -0.067760
v -0.130975 0.165375 -0.067760
v -0.130975 0.146242 -0.102760
v -0.062131 0.128998 -0.024522
v -0.062131 0.127715 0.030507
v -0.159806 0.127715 0.030507
v -0.159806 0.128998 -0.024522
v -0.062131 0.161495 0.076286
v -0.062131 0.141913 0.108448
v -0.130975 0.141913 0.108448
v -0.130975 0.161495 0.076286
v -0.062131 0.085735 0.099455
v -0.062131 0.037437 0.125858
v -0.159806 0.037437 0.125858
v -0.159806 0.085735 0.099455
v -0.062131 0.015949 0.178031
v -0.130975 0.015949 0.178031
v -0.062131 0.024947 -0.177077
v -0.130975 0.024947 -0.177077
v -0.167357 0.000000 0.000000
v -0.159806 0.000000 0.124917
v -0.159806 -0.000000 -0.124917
v -0.130975 -0.000000 -0.177561
v -0.062131 -0.000000 -0.177561
v -0.062131 0.000000 0.177564
v -0.130975 0.000000 0.177564
v -0.062131 -0.043263 -0.123977
v -0.062131 -0.090278 -0.095351
v -0.159806 -0.090278 -0.095351
v -0.159806 -0.043263 -0.123977
v -0.062131 -0.146242 -0.102760
v -0.062131 -0.165375 -0.067760
v -0.130975 -0.165375 -0.067760
v -0.130975 -0.146242 -0.102760
v -0.062131 -0.128998 -0.024522
v -0.062131 -0.127715 0.030507
v -0.159806 -0.127715 0.030507
v -0.159806 -0.128998 -0.024522
v -0.062131 -0.161495 0.076286
v -0.062131 -0.141913 0.108448
v -0.130975 -0.141913 0.108448
v -0.130975 -0.161495 0.076286
v -0.062131 -0.085735 0.099455
v -0.062131 -0.037437 0.125858
v -0.159806 -0.037437 0.125858
v -0.159806 -0.085735 0.099455
v -0.062131 -0.015949 0.178031
v -0.130975 -0.015949 0.178031
v -0.062131 -0.024947 -0.177077
v -0.130975 -0.024947 -0.177077
v 0.109386 -0.091327 0.098321
v 0.160429 -0.091327 0.219268
v 0.160429 0.091327 0.219268
v 0.109386 0.091327 0.098321
v -0.160429 -0.091327 0.220784
v -0.107870 -0.091327 0.098321
v -0.107870 0.091327 0.098321
v -0.160429 0.091327 0.220784
v -0.049115 -0.088691 0.282435
v -0.093129 -0.077972 0.450545
v -0.093129 -0.077972 0.450545
v -0.093129 -0.077972 0.450545
v -0.049115 -0.091327 0.098321
v -0.049115 -0.091327 0.098321
v -0.292034 0.072248 0.405209
v -0.364168 0.036975 0.457054
v -0.196037 -0.072248 1.416151
v -0.196037 -0.072248 1.416151
v -0.000208 -0.072248 1.416151
v -0.194362 -0.072248 1.556157
v -0.194362 -0.072248 1.556157
v 0.375534 -0.172910 1.520139
v 0.375534 -0.172910 1.520139
v 0.416897 -0.092759 1.536533
v 0.416897 -0.092759 1.536533
v 0.265487 -0.106188 1.557181
v -0.190302 -0.082350 0.334215
v -0.160429 -0.091327 0.247288
v -0.273819 -0.072248 0.410619
v -0.273819 -0.072248 0.410619
v -0.285551 0.072248 0.536311
v -0.373208 0.020421 0.601415
v -0.373208 0.020421 0.601415
v -0.373208 0.020421 0.601415
v -0.000208 0.072248 1.416151
v -0.206561 0.072248 1.416151
v 0.037165 0.091327 0.282435
v 0.108738 0.077972 0.431875
v 0.267689 -0.114446 1.417180
v 0.267689 -0.114446 1.417180
v 0.296474 -0.129479 1.396726
v 0.206144 0.072248 1.416151
v 0.037131 0.091327 0.098321
v 0.037131 0.091327 0.098321
v 0.322948 0.013766 1.417171
v 0.322948 0.013766 1.417171
v 0.495172 -0.091696 0.532297
v 0.495172 -0.091696 0.532297
v 0.474674 -0.133098 0.484919
v 0.474674 -0.133098 0.484919
v 0.478838 -0.086885 1.372746
v 0.483509 -0.038552 0.539221
v 0.483509 -0.038552 0.539221
v -0.340964 -0.115686 0.469473
v -0.495172 -0.091696 0.532297
v -0.495172 -0.091696 0.532297
v -0.479255 -0.086885 1.372746
v -0.474674 -0.133098 0.484919
v -0.474674 -0.133098 0.484919
v 0.190302 0.082350 0.334424
v 0.292034 0.072248 0.405209
v 0.305685 -0.131830 1.386927
v 0.305685 -0.131830 1.386927
v 0.195620 -0.072248 1.416151
v 0.195620 -0.072248 1.416151
v 0.428837 -0.044104 1.524029
v 0.428837 -0.044104 1.524029
v 0.462404 -0.057506 1.388422
v 0.000000 -0.042258 0.282435
v 0.000000 -0.042258 0.282435
v 0.000000 -0.042258 0.282435
v 0.000000 -0.042258 0.282435
v 0.000000 -0.042258 0.098321
v 0.000000 -0.042258 0.098321
v -0.450558 -0.184719 0.484906
v -0.450558 -0.184719 0.484906
v 0.000000 0.050239 0.282435
v 0.000000 0.050239 0.282435
v 0.000000 0.050239 0.282435
v 0.000000 0.050239 0.282435
v -0.352342 -0.000879 1.396719
v -0.323365 0.013766 1.417171
v -0.323365 0.013766 1.417171
v -0.475710 -0.095981 1.388504
v 0.093129 -0.077972 0.450545
v 0.093129 -0.077972 0.450545
v 0.093129 -0.077972 0.450545
v 0.271118 -0.072248 0.557324
v 0.271118 -0.072248 0.557324
v 0.273819 -0.072248 0.410619
v 0.273819 -0.072248 0.410619
v 0.312726 -0.103032 0.601397
v 0.312726 -0.103032 0.601397
v 0.473730 -0.063064 1.365842
v -0.483509 -0.038552 0.539221
v -0.483509 -0.038552 0.539221
v 0.049115 -0.091327 0.098321
v 0.049115 -0.091327 0.098321
v -0.093129 0.050239 0.450545
v -0.093129 0.050239 0.450545
v -0.273354 0.047778 0.557384
v -0.399835 0.015190 0.470008
v -0.399835 0.015190 0.470008
v 0.285551 0.072248 0.536311
v 0.193945 -0.072248 1.556157
v 0.193945 -0.072248 1.556157
v 0.399835 0.015190 0.470008
v 0.399835 0.015190 0.470008
v -0.417314 -0.092759 1.536533
v -0.437667 -0.068120 1.524428
v -0.437667 -0.068120 1.524428
v -0.271118 -0.072248 0.557324
v -0.271118 -0.072248 0.557324
v -0.312726 -0.103032 0.601397
v -0.312726 -0.103032 0.601397
v 0.364168 0.036975 0.457054
v 0.464003 -0.027817 0.516282
v -0.360679 0.013217 0.814956
v -0.306101 -0.134270 1.388082
v -0.306101 -0.134270 1.388082
v -0.000208 -0.072248 1.556157
v 0.340964 -0.115686 0.469473
v 0.351925 -0.000879 1.396719
v -0.160429 0.091327 0.247288
v -0.190302 0.082350 0.334424
v -0.429254 -0.044104 1.524029
v -0.429254 -0.044104 1.524029
v 0.450558 -0.184719 0.484906
v 0.450558 -0.184719 0.484906
v 0.294434 -0.047444 1.557174
v 0.262423 0.042897 1.556661
v 0.262423 0.042897 1.556661
v -0.313132 -0.086059 0.780112
v -0.368374 -0.012483 0.860317
v -0.362328 0.009914 0.915550
v -0.362328 0.009914 0.915550
v -0.361615 -0.005542 1.388076
v -0.361615 -0.005542 1.388076
v -0.296891 -0.129479 1.396726
v 0.190302 -0.082350 0.334215
v 0.160429 -0.091327 0.247288
v 0.373208 0.020421 0.601415
v 0.373208 0.020421 0.601415
v 0.373208 0.020421 0.601415
v -0.321405 0.013422 1.536145
v -0.262840 0.042897 1.556661
v 0.437251 -0.068120 1.524428
v 0.437251 -0.068120 1.524428
v -0.099336 -0.032435 1.556157
v -0.099336 -0.032435 1.556157
v -0.121960 0.072248 1.556157
v -0.121960 0.072248 1.556157
v -0.075408 0.042731 1.539667
v -0.037006 0.072248 1.556157
v -0.037006 0.072248 1.556157
v -0.464003 -0.027817 0.516282
v -0.430688 -0.200177 1.388497
v -0.375950 -0.172910 1.520139
v -0.375950 -0.172910 1.520139
v 0.000000 0.050239 0.098321
v 0.000000 0.050239 0.098321
v -0.037131 0.091327 0.098321
v -0.037131 0.091327 0.098321
v 0.049115 -0.088691 0.282435
v -0.038928 0.072248 1.490072
v -0.038928 0.072248 1.490072
v 0.475293 -0.095981 1.388504
v 0.273354 0.047778 0.557384
v 0.361198 -0.003102 1.386921
v 0.361198 -0.003102 1.386921
v -0.000208 0.072248 1.556157
v 0.204568 0.072248 1.556157
v -0.462821 -0.057506 1.388422
v -0.474147 -0.063064 1.365842
v -0.265904 -0.106188 1.557181
v 0.093129 0.050239 0.450545
v 0.093129 0.050239 0.450545
v -0.037165 0.091327 0.282435
v -0.108738 0.077972 0.431875
v -0.268105 -0.114446 1.417180
v -0.268105 -0.114446 1.417180
v 0.320989 0.013422 1.536145
v 0.160429 0.091327 0.247288
v -0.415505 -0.019756 0.909034
v -0.415505 -0.019756 0.909034
v 0.430271 -0.200177 1.388497
v -0.204985 0.072248 1.556157
v 0.062131 0.063704 -0.196566
v 0.062131 0.063704 -0.196566
v 0.062131 0.170054 -0.092110
v 0.062131 0.170054 -0.092110
v 0.159806 0.127715 0.030507
v 0.159806 0.127715 0.030507
v 0.159806 0.128998 -0.024522
v 0.159806 0.128998 -0.024522
v 0.130975 0.161495 0.076286
v 0.130975 0.161495 0.076286
v 0.062131 0.170054 0.092110
v 0.062131 0.170054 0.092110
v -0.060272 0.170054 0.092110
v -0.060272 0.170054 0.092110
v 0.062131 0.127715 0.030507
v 0.062131 0.161495 0.076286
v 0.062131 0.141913 0.108448
v 0.062131 0.024947 -0.177077
v -0.060272 0.000000 0.196566
v -0.060272 0.063704 0.196566
v -0.060272 0.063704 0.196566
v -0.060272 0.170054 -0.000000
v -0.060272 0.170054 -0.092110
v -0.060272 0.170054 -0.092110
v 0.130975 0.141913 0.108448
v 0.130975 0.141913 0.108448
v 0.159806 0.085735 0.099455
v 0.159806 0.085735 0.099455
v 0.062131 0.085735 0.099455
v 0.130975 0.024947 -0.177077
v 0.130975 0.024947 -0.177077
v 0.062131 0.128998 -0.024522
v 0.062131 0.170054 -0.000000
v 0.062131 0.043263 -0.123977
v 0.062131 0.090278 -0.095351
v 0.159806 0.043263 -0.123977
v 0.159806 0.043263 -0.123977
v 0.159806 0.090278 -0.095351
v 0.159806 0.090278 -0.095351
v 0.130975 0.146242 -0.102760
v 0.130975 0.146242 -0.102760
v 0.159806 0.037437 0.125858
v 0.159806 0.037437 0.125858
v 0.130975 0.015949 0.178031
v 0.130975 0.015949 0.178031
v 0.062131 0.037437 0.125858
v 0.062131 0.146242 -0.102760
v 0.062131 0.063704 0.196566
v 0.062131 0.063704 0.196566
v 0.062131 0.165375 -0.067760
v 0.062131 0.015949 0.178031
v 0.130975 0.165375 -0.067760
v 0.130975 0.165375 -0.067760
v 0.130975 0.000000 0.177564
v -0.060272 0.063704 -0.196566
v -0.060272 0.063704 -0.196566
v 0.130975 -0.000000 -0.177561
v -0.060272 -0.000000 -0.196566
v 0.062131 0.000000 0.196566
v 0.062131 -0.000000 -0.196566
v 0.062131 -0.063704 -0.196566
v 0.062131 -0.063704 -0.196566
v 0.062131 -0.170054 -0.092110
v 0.062131 -0.170054 -0.092110
v 0.159806 -0.127715 0.030507
v 0.159806 -0.127715 0.030507
v 0.159806 -0.128998 -0.024522
v 0.159806 -0.128998 -0.024522
v 0.130975 -0.161495 0.076286
v 0.130975 -0.161495 0.076286
v 0.062131 -0.170054 0.092110
v 0.062131 -0.170054 0.092110
v -0.060272 -0.170054 0.092110
v -0.060272 -0.170054 0.092110
v 0.062131 -0.127715 0.030507
v 0.062131 -0.161495 0.076286
v 0.062131 -0.141913 0.108448
v 0.062131 -0.024947 -0.177077
v -0.060272 -0.063704 0.196566
v -0.060272 -0.063704 0.196566
v -0.060272 -0.170054 0.000000
v -0.060272 -0.170054 -0.092110
v -0.060272 -0.170054 -0.092110
v 0.130975 -0.141913 0.108448
v 0.130975 -0.141913 0.108448
v 0.159806 -0.085735 0.099455
v 0.159806 -0.085735 0.099455
v 0.062131 -0.085735 0.099455
v 0.130975 -0.024947 -0.177077
v 0.130975 -0.024947 -0.177077
v 0.062131 -0.128998 -0.024522
v 0.062131 -0.170054 0.000000
v 0.062131 -0.043263 -0.123977
v 0.062131 -0.090278 -0.095351
v 0.159806 -0.043263 -0.123977
v 0.159806 -0.043263 -0.123977
v 0.159806 -0.090278 -0.095351
v 0.159806 -0.090278 -0.095351
v 0.130975 -0.146242 -0.102760
v 0.130975 -0.146242 -0.102760
v 0.159806 -0.037437 0.125858
v 0.159806 -0.037437 0.125858
v 0.130975 -0.015949 0.178031
v 0.130975 -0.015949 0.178031
v 0.062131 -0.037437 0.125858
v 0.062131 -0.146242 -0.102760
v 0.062131 -0.063704 0.196566
v 0.062131 -0.063704 0.196566
v 0.062131 -0.165375 -0.067760
v 0.062131 -0.015949 0.178031
v 0.130975 -0.165375 -0.067760
v 0.130975 -0.165375 -0.067760
v -0.060272 -0.063704 -0.196566
v -0.060272 -0.063704 -0.196566
v -0.335869 -0.197167 0.926297
v -0.382567 -0.316024 0.972995
v -0.382567 -0.316024 0.972995
v -0.066186 -0.105579 0.745763
v -0.066186 -0.105579 0.745763
v -0.110090 -0.140899 0.789668
v -0.112995 -0.140899 1.149171
v -0.142523 -0.211217 1.178699
v -0.142523 -0.211217 1.178699
v 0.211858 0.027048 0.378570
v 0.256433 0.016425 0.423145
v 0.425938 -0.059815 1.326692
v 0.425938 -0.059815 1.326692
v 0.423842 -0.190002 1.322507
v -0.118414 -0.116894 1.280582
v -0.303901 -0.155512 1.095185
v -0.265358 0.034349 0.769051
v -0.372241 -0.011356 0.662216
v -0.145320 0.055088 0.435389
v -0.145347 -0.124018 0.435478
v -0.145347 -0.124018 0.435478
v -0.387652 -0.021879 0.711118
v -0.432227 -0.044971 0.666543
v -0.431624 -0.183179 1.023467
v -0.387049 -0.161299 1.068041
v -0.387049 -0.161299 1.068041
v -0.431624 -0.044972 1.023467
v 0.161045 0.027048 0.429383
v 0.161045 0.027048 0.429383
v 0.211858 -0.058187 0.378570
v 0.211858 -0.058187 0.378570
v -0.291965 -0.150378 0.882393
v -0.291965 -0.150378 0.882393
v -0.247390 -0.134155 0.926967
v -0.247390 -0.134155 0.926967
v -0.248061 -0.169776 0.838488
v -0.248061 -0.169776 0.838488
v 0.115018 -0.107673 0.564559
v 0.115018 -0.107673 0.564559
v 0.158922 -0.143051 0.520655
v -0.071730 0.036746 1.107915
v -0.171202 0.020087 1.207213
v 0.089632 0.036888 0.946539
v 0.290412 -0.140191 1.102362
v 0.290412 -0.140191 1.102362
v 0.246508 -0.160496 1.146266
v 0.246508 -0.160496 1.146266
v 0.334316 -0.185481 1.058457
v 0.368951 -0.018360 1.401904
v 0.413526 -0.041837 1.357329
v 0.108537 -0.140898 1.195087
v 0.155235 -0.251547 1.148389
v 0.155235 -0.251547 1.148389
v -0.387652 -0.149546 0.711118
v -0.387652 -0.149546 0.711118
v 0.352575 -0.173247 1.387032
v 0.071114 -0.133680 0.608464
v 0.071114 -0.133680 0.608464
v 0.024416 -0.232686 0.655161
v 0.024416 -0.232686 0.655161
v -0.178603 -0.212810 1.214778
v -0.178603 -0.212810 1.214778
v -0.224190 -0.222226 1.171216
v -0.224190 -0.222226 1.171216
v 0.249413 -0.161317 0.786763
v 0.249413 -0.161317 0.786763
v 0.202715 -0.260489 0.833460
v 0.202715 -0.260489 0.833460
v 0.428307 -0.174704 0.608452
v 0.428307 -0.040013 0.608452
v -0.208476 -0.071741 1.512421
v -0.208476 0.024410 1.512421
v 0.383732 -0.017122 0.563878
v 0.380232 -0.041452 1.279990
v 0.380232 -0.041452 1.279990
v 0.371609 -0.167895 1.273432
v -0.196757 0.045511 1.202259
v -0.299104 0.023702 1.099983
v -0.146254 -0.124839 0.799122
v -0.257237 -0.140788 0.688062
v 0.081622 0.067021 0.662320
v 0.081622 0.067021 0.662320
v 0.110398 0.042476 0.691084
v 0.110398 0.042476 0.691084
v 0.063326 0.030394 0.733162
v 0.063326 0.030394 0.733162
v 0.038012 0.068296 0.707850
v 0.038012 0.068296 0.707850
v -0.432227 -0.171426 0.666543
v -0.022282 -0.132752 0.701859
v -0.022282 -0.132752 0.701859
v 0.298886 -0.000234 1.093951
v 0.188762 0.019656 1.203885
v 0.411911 -0.057034 0.981427
v 0.411911 -0.057034 0.981427
v -0.271716 0.003680 0.951298
v -0.337992 -0.021879 1.017569
v -0.337992 -0.021879 1.017569
v -0.340897 -0.294144 1.377073
v -0.340897 -0.294144 1.377073
v -0.364689 -0.305822 1.353281
v -0.364689 -0.305822 1.353281
v 0.205620 -0.260489 0.473957
v 0.205620 -0.260489 0.473957
v -0.250966 -0.170802 1.197991
v -0.250966 -0.170802 1.197991
v -0.206391 -0.155066 1.242566
v -0.206391 -0.155066 1.242566
v -0.069762 -0.134821 1.016787
v -0.069762 -0.134821 1.016787
v -0.023064 -0.232686 0.970090
v -0.023064 -0.232686 0.970090
v 0.337221 -0.186162 0.698954
v 0.370076 -0.277527 0.666100
v 0.370076 -0.277527 0.666100
v 0.018606 -0.232686 1.374168
v 0.018606 -0.232686 1.374168
v -0.025969 -0.232686 1.329593
v -0.025969 -0.232686 1.329593
v -0.187783 -0.219031 1.134808
v -0.187783 -0.219031 1.134808
v 0.332717 -0.141645 1.411690
v 0.369013 -0.316024 1.362778
v 0.369013 -0.316024 1.362778
v 0.300894 0.019288 1.335313
v 0.397150 -0.196724 1.342457
v 0.202459 0.047802 1.236828
v -0.113925 -0.116143 0.555938
v -0.113925 -0.116143 0.555938
v -0.189930 -0.132834 0.479905
v 0.207497 0.017527 0.471961
v -0.387049 -0.021879 1.068041
v -0.291294 -0.178650 0.970872
v -0.439246 -0.192308 1.385800
v -0.394671 -0.166480 1.430375
v -0.394671 -0.166480 1.430375
v -0.373348 -0.188972 1.025731
v -0.373348 -0.010069 1.025731
v 0.426327 -0.181745 0.967579
v 0.381014 -0.316024 1.011759
v 0.381014 -0.316024 1.011759
v 0.381014 -0.316024 1.011759
v 0.262178 0.032377 1.207564
v 0.350452 -0.003092 1.295759
v 0.142362 0.063039 1.087654
v -0.107142 0.030667 0.430142
v -0.107142 0.030667 0.430142
v -0.153883 -0.252105 0.476862
v -0.153883 -0.252105 0.476862
v -0.153883 -0.252105 0.476862
v -0.088318 0.065397 0.581516
v -0.189930 0.046415 0.479905
v 0.336439 -0.294144 0.967185
v 0.336439 -0.294144 0.967185
v -0.151670 0.027816 0.385545
v -0.203486 -0.154424 0.883063
v -0.203486 -0.154424 0.883063
v -0.066857 -0.134768 0.657284
v -0.066857 -0.134768 0.657284
v 0.111442 -0.140899 0.835583
v 0.158140 -0.252105 0.788886
v 0.158140 -0.252105 0.788886
v -0.072667 -0.134821 1.376291
v -0.072667 -0.134821 1.376291
v 0.199810 -0.260489 1.192964
v 0.199810 -0.260489 1.192964
v 0.310000 -0.296591 1.312739
v 0.310000 -0.296591 1.312739
v 0.310000 -0.296591 1.312739
v 0.310226 -0.126753 1.391982
v -0.116944 -0.116830 0.917436
v -0.302433 -0.155821 0.732032
v 0.278943 -0.145052 1.313513
v -0.165653 0.021287 0.845132
v -0.409124 -0.261609 1.355942
v -0.409124 -0.261609 1.355942
v 0.261594 0.032948 0.842357
v 0.398925 -0.016351 0.978440
v 0.398925 -0.016351 0.978440
v 0.170355 0.058057 0.751041
v -0.198458 -0.259047 0.432288
v -0.198458 -0.259047 0.432288
v -0.151760 -0.068916 0.385590
v 0.114347 -0.140899 0.476080
v 0.161045 -0.251782 0.429383
v 0.161045 -0.251782 0.429383
v 0.156017 -0.143051 0.880158
v 0.153112 -0.143051 1.239661
v 0.398257 -0.196724 0.978942
v 0.256433 -0.066894 0.423145
v -0.335087 -0.294144 0.658066
v -0.335087 -0.294144 0.658066
v -0.379662 -0.316024 0.613492
v -0.379662 -0.316024 0.613492
v 0.048718 0.039090 0.898311
v 0.217279 0.019021 0.729839
v 0.045320 0.039090 1.258308
v 0.210007 0.020411 1.093688
v 0.296287 0.029078 0.966127
v 0.296287 0.029078 0.966127
v 0.368623 -0.000832 1.041514
v 0.132313 0.061764 0.802076
v 0.132692 0.065705 1.442856
v 0.132613 -0.070179 1.442935
v -0.157159 0.026623 1.461022
v -0.107185 -0.066776 0.430165
v -0.337992 -0.294144 1.017569
v -0.337992 -0.294144 1.017569
v -0.015786 -0.110216 0.564880
v -0.140513 0.029574 0.731011
v 0.051211 0.039097 0.539220
v 0.067538 -0.105579 0.879488
v 0.067538 -0.105579 0.879488
v 0.023634 -0.132752 0.923392
v 0.023634 -0.132752 0.923392
v 0.112113 -0.107673 0.924062
v 0.112113 -0.107673 0.924062
v 0.064633 -0.105579 1.238991
v 0.064633 -0.105579 1.238991
v 0.020729 -0.132752 1.282895
v 0.020729 -0.132752 1.282895
v 0.109208 -0.107673 1.283566
v 0.109208 -0.107673 1.283566
v 0.144082 -0.117900 1.089433
v 0.341626 -0.169866 1.286997
v -0.016893 -0.110216 0.928394
v -0.331554 -0.011246 0.526712
v -0.379662 -0.044971 0.613492
v -0.374723 -0.288879 1.321749
v -0.374723 -0.288879 1.321749
v -0.116571 -0.107673 1.420195
v -0.116571 -0.107673 1.420195
v -0.327666 -0.171911 0.617641
v -0.055904 0.037326 0.735491
v -0.309794 -0.020143 1.256861
v -0.150554 0.028394 1.097654
v 0.068209 -0.133658 0.967967
v 0.068209 -0.133658 0.967967
v 0.065304 -0.133656 1.327470
v 0.065304 -0.133656 1.327470
v 0.331544 -0.014060 0.972072
v 0.331544 -0.014060 0.972072
v 0.383137 -0.042081 0.920487
v -0.250295 -0.134713 1.286470
v -0.250295 -0.134713 1.286470
v 0.340210 -0.168855 0.920901
v -0.385472 -0.044971 1.332498
v 0.383137 -0.161239 0.920487
v 0.383137 -0.161239 0.920487
v -0.372241 -0.190255 0.662216
v 0.353682 -0.173247 1.023517
v -0.340897 -0.021879 1.377073
v -0.340897 -0.021879 1.377073
v -0.394671 -0.024118 1.430375
v 0.092704 0.036864 0.586869
v -0.294870 -0.151338 1.241896
v -0.294870 -0.151338 1.241896
v -0.338774 -0.198093 1.285800
v -0.039696 0.068390 0.905560
v 0.292646 -0.171437 0.654379
v 0.339344 -0.294144 0.607682
v 0.339344 -0.294144 0.607682
v 0.146816 -0.118436 0.727546
v 0.088145 0.067807 1.487402
v 0.088145 0.067807 1.487402
v -0.164544 0.023232 1.554400
v -0.165574 -0.069650 1.555322
v -0.332964 -0.196275 0.566794
v 0.021511 -0.232686 1.014664
v 0.021511 -0.232686 1.014664
v 0.337512 -0.016517 0.609467
v 0.337512 -0.016517 0.609467
v 0.383732 -0.152825 0.563878
v 0.383732 -0.152825 0.563878
v 0.088038 -0.068110 1.487510
v -0.233350 0.044468 0.711924
v -0.327666 0.011159 0.617641
v 0.322818 -0.018197 1.325752
v 0.322818 -0.018197 1.325752
v 0.322818 -0.018197 1.325752
v 0.322818 -0.018197 1.325752
v -0.073669 -0.105582 1.463096
v -0.073669 -0.105582 1.463096
v -0.123049 -0.217014 1.512798
v -0.123049 -0.217014 1.512798
v -0.303612 -0.149450 0.521735
v -0.303612 -0.149450 0.521735
v -0.271391 -0.133623 0.555621
v -0.271391 -0.133623 0.555621
v -0.271391 -0.133623 0.555621
v -0.245156 -0.168781 0.478985
v -0.245156 -0.168781 0.478985
v -0.110761 -0.107673 0.701189
v -0.110761 -0.107673 0.701189
v -0.154665 -0.143051 0.745093
v 0.189139 0.020105 0.846913
v 0.086710 0.036891 1.306058
v -0.065557 0.037265 1.456002
v -0.069494 0.066170 0.927238
v -0.069494 0.066170 0.927238
v -0.130046 0.059235 0.904419
v -0.130046 0.059235 0.904419
v -0.103587 0.028994 0.930843
v -0.103587 0.028994 0.930843
v 0.047617 0.067957 1.060464
v -0.165951 -0.219105 1.469896
v -0.165951 -0.219105 1.469896
v 0.289742 -0.170673 1.013882
v -0.382567 -0.044972 0.972995
v -0.294199 -0.178650 1.330375
v -0.020159 -0.232686 0.610587
v -0.020159 -0.232686 0.610587
v -0.335087 -0.021879 0.658066
v -0.335087 -0.021879 0.658066
v -0.092994 0.065607 1.306088
v 0.036221 -0.110430 1.435317
v 0.036221 -0.110430 1.435317
v 0.190072 -0.128151 0.859832
v 0.038503 -0.110418 0.708349
v 0.299379 -0.150953 0.969111
v -0.282268 0.007210 0.566532
v -0.282268 0.007210 0.566532
v 0.355068 -0.301862 0.623406
v 0.355068 -0.301862 0.623406
v -0.288389 -0.178650 0.611369
v -0.200581 -0.153806 0.523560
v -0.200581 -0.153806 0.523560
v -0.439246 -0.047210 1.385800
v -0.271302 -0.004320 1.307480
v -0.033656 0.068855 1.276259
v -0.169249 0.052579 1.140813
v -0.201363 -0.260489 0.791791
v -0.201363 -0.260489 0.791791
v -0.025187 -0.132752 1.061362
v -0.025187 -0.132752 1.061362
v 0.396330 -0.276511 0.640009
v 0.396330 -0.276511 0.640009
v -0.028092 -0.132752 1.420865
v -0.028092 -0.132752 1.420865
v -0.328773 0.011888 0.981156
v -0.328773 -0.170640 0.981156
v -0.156788 -0.252105 0.836365
v -0.156788 -0.252105 0.836365
v 0.026539 -0.132752 0.563889
v 0.026539 -0.132752 0.563889
v -0.113666 -0.107673 1.060692
v -0.113666 -0.107673 1.060692
v 0.204838 -0.148634 0.742188
v 0.204838 -0.148634 0.742188
v 0.383919 -0.040013 0.652256
v 0.327569 -0.090253 1.418393
v 0.327569 -0.090253 1.418393
v 0.378109 -0.037570 1.371263
v 0.378109 -0.037570 1.371263
v -0.077089 -0.112854 1.232863
v -0.258899 -0.140458 1.051022
v 0.071132 -0.110858 1.105612
v 0.070443 -0.105579 0.519985
v 0.070443 -0.105579 0.519985
v 0.248742 -0.127624 0.698284
v 0.248742 -0.127624 0.698284
v 0.293317 -0.140934 0.742858
v 0.293317 -0.140934 0.742858
v 0.077205 0.064560 1.110453
v 0.077205 0.064560 1.110453
v 0.304752 -0.001904 0.731483
v -0.157570 -0.143051 1.104596
v -0.069091 -0.105579 1.105267
v -0.069091 -0.105579 1.105267
v 0.080333 -0.112962 1.390262
v -0.041222 0.067601 0.539459
v -0.306806 -0.011010 0.897289
v 0.201933 -0.148154 1.101691
v 0.201933 -0.148154 1.101691
v -0.251575 0.039822 1.058355
v 0.245837 -0.127236 1.057787
v 0.245837 -0.127236 1.057787
v -0.159806 0.127715 0.030507
v -0.159806 0.127715 0.030507
v -0.159806 0.128998 -0.024522
v -0.159806 0.128998 -0.024522
v -0.130975 0.161495 0.076286
v -0.130975 0.161495 0.076286
v -0.062131 0.127715 0.030507
v -0.062131 0.161495 0.076286
v -0.062131 0.141913 0.108448
v -0.062131 0.024947 -0.177077
v -0.130975 0.141913 0.108448
v -0.130975 0.141913 0.108448
v -0.159806 0.085735 0.099455
v -0.159806 0.085735 0.099455
v -0.062131 0.085735 0.099455
v -0.130975 0.024947 -0.177077
v -0.130975 0.024947 -0.177077
v -0.062131 0.128998 -0.024522
v -0.062131 0.090278 -0.095351
v -0.062131 0.043263 -0.123977
v -0.159806 0.043263 -0.123977
v -0.159806 0.043263 -0.123977
v -0.159806 0.090278 -0.095351
v -0.159806 0.090278 -0.095351
v -0.130975 0.146242 -0.102760
v -0.130975 0.146242 -0.102760
v -0.159806 0.037437 0.125858
v -0.159806 0.037437 0.125858
v -0.130975 0.015949 0.178031
v -0.130975 0.015949 0.178031
v -0.062131 0.037437 0.125858
v -0.062131 0.146242 -0.102760
v -0.062131 0.165375 -0.067760
v -0.062131 0.015949 0.178031
v -0.130975 0.165375 -0.067760
v -0.130975 0.165375 -0.067760
v -0.130975 0.000000 0.177564
v -0.130975 -0.000000 -0.177561
v -0.159806 -0.127715 0.030507
v -0.159806 -0.127715 0.030507
v -0.159806 -0.128998 -0.024522
v -0.159806 -0.128998 -0.024522
v -0.130975 -0.161495 0.076286
v -0.130975 -0.161495 0.076286
v -0.062131 -0.127715 0.030507
v -0.062131 -0.161495 0.076286
v -0.062131 -0.141913 0.108448
v -0.062131 -0.024947 -0.177077
v -0.130975 -0.141913 0.108448
v -0.130975 -0.141913 0.108448
v -0.159806 -0.085735 0.099455
v -0.159806 -0.085735 0.099455
v -0.062131 -0.085735 0.099455
v -0.130975 -0.024947 -0.177077
v -0.130975 -0.024947 -0.177077
v -0.062131 -0.128998 -0.024522
v -0.062131 -0.043263 -0.123977
v -0.062131 -0.090278 -0.095351
v -0.159806 -0.043263 -0.123977
v -0.159806 -0.043263 -0.123977
v -0.159806 -0.090278 -0.095351
v -0.159806 -0.090278 -0.095351
v -0.130975 -0.146242 -0.102760
v -0.130975 -0.146242 -0.102760
v -0.159806 -0.037437 0.125858
v -0.159806 -0.037437 0.125858
v -0.130975 -0.015949 0.178031
v -0.130975 -0.015949 0.178031
v -0.062131 -0.037437 0.125858
v -0.062131 -0.146242 -0.102760
v -0.062131 -0.165375 -0.067760
v -0.062131 -0.015949 0.178031
v -0.130975 -0.165375 -0.067760
v -0.130975 -0.165375 -0.067760
v 0.160429 -0.091327 0.219268
v 0.160429 -0.091327 0.219268
v 0.109386 -0.091327 0.098321
v 0.109386 -0.091327 0.098321
v 0.109386 0.091327 0.098321
v 0.109386 0.091327 0.098321
v 0.160429 0.091327 0.219268
v 0.160429 0.091327 0.219268
v -0.107870 -0.091327 0.098321
v -0.107870 -0.091327 0.098321
v -0.160429 -0.091327 0.220784
v -0.160429 -0.091327 0.220784
v -0.160429 0.091327 0.220784
v -0.160429 0.091327 0.220784
v -0.107870 0.091327 0.098321
v -0.107870 0.091327 0.098321
vn 0.0304 -0.9966 0.0766
vn 0.0024 -0.9989 0.0473
vn -0.0091 -0.9989 0.0460
vn -0.8747 -0.0000 0.4846
vn -0.0000 -0.0000 -1.0000
vn 0.9252 0.3247 0.1964
vn 0.9128 0.3074 0.2687
vn 0.9243 0.3271 0.1965
vn 0.0357 0.9978 0.0562
vn 0.1672 0.9856 0.0272
vn 0.0360 0.9960 0.0812
vn 0.8445 0.0005 -0.5355
vn 0.9872 0.0001 -0.1592
vn 0.8228 -0.0286 -0.5677
vn -0.0333 -0.9984 0.0451
vn -0.0389 -0.9987 0.0331
vn -0.0304 -0.9966 0.0766
vn 0.4875 0.8718 0.0483
vn 0.4640 0.8844 0.0508
vn 0.3158 0.9481 0.0362
vn 0.9105 0.4118 -0.0370
vn 0.9654 0.2604 0.0121
vn 0.9192 0.3936 0.0130
vn 0.4680 -0.8835 -0.0219
vn 0.4851 -0.8744 0.0120
vn 0.4717 -0.8813 -0.0265
vn 0.5389 0.2323 -0.8097
vn 0.4903 0.2114 -0.8455
vn 0.5425 0.2339 -0.8069
vn 0.0056 -0.0017 -1.0000
vn 0.0037 -0.0003 -1.0000
vn -0.4903 0.2114 -0.8455
vn -0.5826 0.2511 -0.7730
vn -0.5796 0.2499 -0.7756
vn -0.9489 0.2567 0.1838
vn -0.9771 0.2122 0.0174
vn -0.9309 0.2707 0.2452
vn 0.0056 0.0016 1.0000
vn -0.0000 -0.0000 1.0000
vn -0.0000 -1.0000 -0.0000
vn -0.0000 1.0000 -0.0000
vn 0.2364 0.6962 0.6778
vn 0.2541 0.7007 0.6666
vn 0.1296 0.6834 0.7185
vn -0.7299 0.6616 0.1719
vn -0.7419 0.6705 -0.0000
vn -0.5492 0.6582 0.5149
vn -0.5316 0.6581 0.5331
vn 0.0037 0.0003 1.0000
vn -0.0943 0.0381 0.9948
vn 0.0095 -0.0021 -1.0000
vn 0.0114 -0.0050 -0.9999
vn -0.6039 -0.0916 -0.7918
vn -0.4583 -0.1209 -0.8806
vn -0.5554 -0.1009 -0.8255
vn 0.5377 -0.8428 -0.0247
vn 0.5349 -0.8443 -0.0321
vn 0.5275 -0.8491 -0.0287
vn 0.6845 -0.7196 0.1166
vn 0.6842 -0.7237 0.0904
vn 0.6701 -0.7088 0.2206
vn 0.9015 -0.4327 0.0077
vn 0.8950 -0.3861 0.2234
vn 0.9010 -0.4338 0.0033
vn -0.4603 0.8874 0.0244
vn -0.4641 0.8856 0.0181
vn -0.4635 0.8858 0.0207
vn -0.4509 0.8925 0.0073
vn -0.2316 0.9728 0.0026
vn -0.2317 0.9728 0.0035
vn -0.4607 0.8875 0.0102
vn -0.4590 0.8883 0.0132
vn -0.9105 0.3056 0.2785
vn -0.9128 0.3074 0.2688
vn -0.7271 0.2627 -0.6343
vn -0.6762 0.2724 -0.6845
vn -0.7450 0.2587 -0.6149
vn 0.9771 0.2122 0.0178
vn 0.9488 0.2568 0.1841
vn 0.9309 0.2707 0.2454
vn 0.7299 0.6616 0.1719
vn 0.5492 0.6582 0.5149
vn 0.5316 0.6581 0.5331
vn -0.2364 0.6962 0.6778
vn -0.9872 -0.0000 -0.1595
vn -1.0000 -0.0000 -0.0000
vn -0.0159 0.9990 0.0426
vn -0.0360 0.9960 0.0812
vn -0.0357 0.9978 0.0562
vn 0.5129 0.0030 0.8584
vn 0.5181 0.1009 0.8494
vn 0.5144 -0.0000 0.8575
vn 0.4583 -0.1209 -0.8806
vn 0.3140 -0.0962 -0.9445
vn 0.6039 -0.0916 -0.7918
vn -0.8228 -0.0286 -0.5677
vn 0.0389 -0.9987 0.0331
vn 0.0333 -0.9984 0.0451
vn 0.5561 -0.8305 -0.0315
vn 0.5370 -0.8435 -0.0099
vn 0.4724 0.1041 0.8752
vn 0.5878 0.2879 0.7560
vn -0.4807 -0.8765 0.0272
vn -0.4784 -0.8778 0.0251
vn -0.4286 -0.9035 -0.0051
vn 0.4937 -0.8693 0.0248
vn 0.4784 -0.8778 0.0251
vn -0.4865 -0.8737 0.0054
vn -0.4378 -0.8974 -0.0545
vn -0.4839 -0.8747 -0.0280
vn -0.0056 0.0016 1.0000
vn -0.0037 0.0003 1.0000
vn -0.9004 0.4352 0.0002
vn -0.9161 0.4008 0.0055
vn -0.8980 0.4400 -0.0006
vn -0.0696 -0.0732 0.9949
vn -0.2190 0.0089 0.9757
vn -0.1537 -0.2736 0.9495
vn -0.1296 0.6834 0.7185
vn -0.2541 0.7007 0.6666
vn 0.2631 0.1791 0.9480
vn 0.3702 0.1449 0.9176
vn 0.2665 0.1865 0.9456
vn 0.4807 -0.8765 0.0272
vn -0.0092 0.0011 1.0000
vn 0.5554 -0.1009 -0.8255
vn -0.5377 -0.8428 -0.0247
vn -0.5276 -0.8490 -0.0289
vn -0.5355 -0.8439 -0.0321
vn -0.6845 -0.7196 0.1166
vn -0.6701 -0.7088 0.2206
vn -0.6842 -0.7237 0.0904
vn 0.7024 -0.7118 0.0079
vn 0.4317 0.9002 0.0576
vn 0.4656 0.8847 0.0241
vn 0.4731 0.8807 0.0242
vn 0.2317 0.9728 0.0035
vn 0.2316 0.9728 0.0026
vn 0.4509 0.8925 0.0073
vn -0.8961 -0.4151 0.1572
vn -0.8210 -0.4380 0.3662
vn -0.8064 -0.4916 0.3288
vn -0.9252 0.3247 0.1965
vn 0.7450 0.2587 -0.6149
vn 0.6762 0.2724 -0.6845
vn 0.7271 0.2627 -0.6343
vn -0.3140 -0.0962 -0.9445
vn -0.1085 -0.0479 -0.9929
vn -0.2176 -0.0939 -0.9715
vn -0.0023 -0.9989 0.0473
vn 0.0091 -0.9989 0.0460
vn 1.0000 -0.0000 -0.0000
vn 0.3163 -0.0000 -0.9486
vn 0.3102 -0.0000 -0.9507
vn 0.7419 0.6705 -0.0000
vn 0.7253 0.6560 0.2089
vn 0.8725 0.4423 0.2074
vn 0.4008 0.7663 0.5021
vn 0.5973 0.6501 0.4697
vn 0.2576 0.8853 -0.3872
vn -0.4374 0.8490 -0.2964
vn -0.1985 0.9156 -0.3496
vn 0.5011 0.7815 -0.3717
vn 0.4644 0.2594 0.8467
vn 0.3785 0.0818 0.9220
vn 0.4830 0.3027 0.8217
vn -0.6455 0.5355 0.5446
vn -0.5822 0.3467 0.7354
vn -0.6547 0.7156 0.2437
vn -0.6141 0.7890 0.0179
vn 0.5468 0.4786 0.6870
vn 0.1085 -0.0479 -0.9929
vn 0.2176 -0.0939 -0.9715
vn 0.8969 0.4406 -0.0390
vn 0.4590 0.8883 0.0132
vn 0.4607 0.8875 0.0102
vn -0.0095 -0.0021 -1.0000
vn -0.0056 -0.0017 -1.0000
vn -0.0114 -0.0050 -0.9999
vn -0.8445 0.0005 -0.5355
vn -0.9872 0.0001 -0.1592
vn -0.5561 -0.8305 -0.0315
vn -0.5370 -0.8435 -0.0099
vn 0.4749 0.8795 0.0290
vn 0.4797 0.8772 0.0191
vn 0.0159 0.9990 0.0426
vn 0.0125 0.9990 0.0437
vn 0.8747 -0.0000 0.4846
vn 0.8961 -0.4151 0.1572
vn 0.8210 -0.4380 0.3662
vn -0.7024 -0.7118 0.0079
vn -0.7067 -0.7074 0.0101
vn -0.5181 0.1009 0.8494
vn -0.5129 0.0030 0.8584
vn -0.5144 -0.0000 0.8575
vn -0.6630 0.2859 -0.6919
vn -0.8950 -0.3862 0.2232
vn -0.9016 -0.4326 0.0074
vn -0.9011 -0.4337 0.0030
vn -0.4932 0.8677 0.0612
vn -0.4640 0.8844 0.0508
vn -0.5094 0.8578 0.0691
vn -0.1672 0.9856 0.0272
vn -0.3158 0.9481 0.0362
vn -0.4724 0.1041 0.8752
vn -0.4608 0.0081 0.8874
vn 0.2868 0.1923 0.9385
vn 0.3108 0.1864 0.9320
vn 0.5882 0.2536 -0.7679
vn 0.5885 0.2538 -0.7677
vn -0.0318 -0.9995 0.0006
vn 0.9047 0.4256 0.0222
vn 0.9182 0.3960 0.0116
vn 0.4689 -0.8832 -0.0104
vn 0.0696 -0.0732 0.9949
vn 0.1506 -0.2143 0.9651
vn 0.0525 -0.0270 0.9983
vn -0.3108 0.1864 0.9320
vn -0.1387 0.0528 0.9889
vn -0.2665 0.1865 0.9456
vn -0.3702 0.1449 0.9176
vn -0.4937 -0.8693 0.0248
vn -0.4080 -0.9110 -0.0592
vn -0.9058 -0.4232 -0.0221
vn -0.9194 -0.3934 0.0052
vn -0.4567 0.8895 0.0159
vn 0.4002 0.9139 0.0685
vn -0.8012 -0.5012 0.3270
vn -0.7922 0.2466 -0.5582
vn -0.4688 0.8822 0.0432
vn -0.4756 0.8792 0.0275
vn -0.4944 0.8685 0.0351
vn -0.4580 0.8887 0.0227
vn -0.4496 0.8927 0.0293
vn 0.0318 -0.9995 0.0006
vn 0.3908 0.1436 0.9092
vn 0.9058 -0.4232 -0.0221
vn 0.9194 -0.3934 0.0055
vn 0.8012 -0.5012 0.3270
vn 0.8064 -0.4916 0.3288
vn 0.9105 0.3056 0.2785
vn 0.7922 0.2466 -0.5582
vn 0.4944 0.8685 0.0351
vn 0.5094 0.8578 0.0691
vn -0.4842 0.8747 0.0215
vn 0.3162 -0.0000 -0.9487
vn -0.0000 0.7007 -0.7134
vn -0.0000 0.7007 0.7134
vn -0.0000 0.5201 -0.8541
vn -0.0000 0.8775 -0.4797
vn -0.0000 0.9997 0.0233
vn -0.0000 0.8541 0.5200
vn -0.0000 0.4797 0.8774
vn -0.0000 0.0194 -0.9998
vn -0.0000 0.7652 0.6438
vn 0.9805 0.1673 -0.1035
vn 0.8771 0.4214 -0.2304
vn 0.9805 0.1773 -0.0849
vn -0.0000 -0.1312 -0.9914
vn -0.0000 -0.1581 0.9874
vn 0.9807 0.1611 0.1105
vn 0.8771 0.4102 0.2497
vn -0.0000 0.8047 -0.5937
vn 0.9618 -0.0000 0.2736
vn 0.8771 -0.0134 0.4801
vn 0.8771 -0.0000 0.4803
vn -0.0000 0.9246 0.3808
vn -0.0000 0.9453 -0.3261
vn 0.9803 0.0148 -0.1972
vn 0.9807 0.1722 0.0924
vn 0.9804 0.0056 0.1969
vn -0.0000 -0.0293 0.9996
vn 0.9601 -0.0000 -0.2796
vn 0.8771 0.0097 -0.4802
vn -0.0000 -0.7007 -0.7134
vn -0.0000 -0.7007 0.7134
vn -0.0000 -0.5201 -0.8541
vn -0.0000 -0.8775 -0.4797
vn -0.0000 -0.9997 0.0233
vn -0.0000 -0.8541 0.5200
vn -0.0000 -0.4797 0.8774
vn -0.0000 -0.0194 -0.9998
vn -0.0000 -0.7652 0.6438
vn 0.8771 -0.4214 -0.2304
vn 0.9805 -0.1673 -0.1035
vn 0.9805 -0.1773 -0.0849
vn -0.0000 0.1312 -0.9914
vn -0.0000 0.1581 0.9874
vn 0.9807 -0.1611 0.1105
vn 0.8771 -0.4102 0.2497
vn 0.9807 -0.1722 0.0924
vn -0.0000 -0.8047 -0.5937
vn 0.8771 0.0134 0.4801
vn 0.9804 -0.0056 0.1969
vn -0.0000 -0.9246 0.3808
vn -0.0000 -0.9453 -0.3261
vn 0.9803 -0.0148 -0.1972
vn -0.0000 0.0293 0.9996
vn 0.8771 -0.0097 -0.4802
vn 0.7056 -0.0009 0.7086
vn 0.7065 -0.0007 0.7077
vn 0.7058 -0.0015 0.7084
vn 0.6115 -0.5322 -0.5856
vn 0.6402 -0.6725 -0.3714
vn 0.5605 -0.7876 -0.2559
vn 0.5479 -0.7956 -0.2584
vn -0.7071 -0.0000 -0.7071
vn -0.4524 -0.5059 0.7344
vn -0.4606 -0.5049 0.7300
vn -0.4663 -0.5068 0.7251
vn -0.7071 -0.0001 0.7071
vn -0.7134 -0.0005 0.7008
vn -0.7070 0.0001 0.7072
vn 0.7071 -0.0001 -0.7071
vn 0.7048 -0.0023 -0.7094
vn 0.7072 -0.0001 -0.7070
vn 0.0932 -0.9956 0.0089
vn 0.1700 -0.9634 0.2070
vn 0.1700 -0.9606 0.2201
vn -0.5280 -0.8017 0.2802
vn -0.6211 -0.6698 0.4070
vn -0.6494 -0.6267 0.4307
vn 0.1090 -0.9940 -0.0062
vn 0.3040 -0.9526 -0.0112
vn 0.2957 -0.9550 -0.0242
vn -0.0518 0.9985 -0.0148
vn 0.0051 1.0000 -0.0065
vn 0.0167 0.9998 -0.0120
vn 0.2628 -0.9192 -0.2934
vn 0.2627 -0.9189 -0.2943
vn 0.2636 -0.9223 -0.2828
vn -0.3599 0.9283 -0.0939
vn -0.3462 0.9382 -0.0029
vn -0.3621 0.9320 0.0162
vn -0.7187 -0.0038 0.6953
vn -0.7110 -0.0050 0.7031
vn -0.7102 -0.0119 0.7039
vn -0.1774 0.9840 0.0155
vn -0.0652 0.9978 -0.0077
vn -0.2012 0.9789 0.0369
vn -0.7070 -0.0000 0.7072
vn -0.7071 -0.0000 0.7071
vn 0.5212 -0.7079 -0.4767
vn 0.6501 -0.4951 -0.5764
vn 0.6610 -0.4891 -0.5690
vn 0.7062 -0.0007 -0.7080
vn 0.7055 -0.0027 -0.7087
vn 0.1311 0.9891 0.0664
vn 0.0672 0.9977 -0.0098
vn 0.0687 0.9976 -0.0131
vn 0.5855 -0.5524 -0.5933
vn 0.5871 -0.5537 -0.5905
vn 0.5843 -0.5513 -0.5955
vn -0.2443 0.9390 -0.2421
vn -0.3560 0.9262 -0.1238
vn -0.7072 -0.0002 0.7071
vn -0.7071 -0.0003 0.7071
vn -0.3057 0.9516 0.0307
vn -0.6275 -0.6647 0.4055
vn -0.7174 -0.4621 0.5214
vn -0.6470 -0.6215 0.4417
vn -0.7056 0.0003 -0.7086
vn -0.7071 0.0002 -0.7072
vn -0.7061 -0.0001 -0.7081
vn 0.0208 0.9998 -0.0070
vn -0.0766 0.9961 -0.0440
vn -0.7071 -0.0001 0.7072
vn -0.7052 -0.0000 -0.7090
vn 0.5546 0.0599 0.8299
vn 0.4027 -0.0397 0.9145
vn 0.6209 0.0198 0.7836
vn -0.7236 -0.0951 -0.6836
vn -0.7257 -0.1211 -0.6773
vn -0.6583 -0.0458 -0.7513
vn 0.6265 -0.2094 -0.7507
vn 0.7044 -0.0043 -0.7098
vn 0.5952 -0.2659 -0.7583
vn -0.1148 0.9931 0.0222
vn -0.1990 0.9799 0.0121
vn -0.0799 0.9968 -0.0096
vn -0.7072 0.0002 -0.7070
vn -0.7071 0.0004 -0.7071
vn -0.7075 0.0003 -0.7067
vn -0.3173 0.9478 -0.0316
vn -0.3386 0.9396 -0.0504
vn -0.7070 0.0002 -0.7072
vn -0.7070 0.0003 -0.7072
vn -0.7071 0.0001 -0.7071
vn 0.7073 0.0002 0.7070
vn 0.7073 0.0001 0.7069
vn 0.7071 -0.0000 0.7071
vn 0.7070 -0.0000 0.7073
vn 0.7070 0.0001 0.7072
vn 0.3939 -0.9182 0.0423
vn 0.3046 -0.9525 -0.0068
vn 0.4119 -0.9105 0.0372
vn 0.7071 0.0003 0.7072
vn 0.7069 0.0001 0.7073
vn 0.7068 -0.0000 0.7074
vn -0.7072 0.0002 -0.7071
vn -0.7074 0.0003 -0.7068
vn -0.7116 -0.0008 -0.7026
vn -0.7103 0.0003 -0.7039
vn -0.3165 0.9478 -0.0396
vn -0.3254 0.9432 -0.0665
vn -0.2460 0.9692 0.0153
vn -0.1396 0.9900 0.0189
vn 0.7073 0.0002 0.7069
vn -0.7072 0.0003 -0.7070
vn -0.7073 0.0002 -0.7069
vn -0.7075 0.0004 -0.7067
vn 0.0656 0.9978 -0.0109
vn 0.0674 0.9977 -0.0116
vn 0.1552 0.9877 0.0184
vn 0.2166 0.9761 0.0177
vn -0.7069 0.0001 -0.7073
vn -0.7071 0.0002 -0.7071
vn 0.7058 0.0020 0.7084
vn 0.7006 0.0006 0.7135
vn 0.6959 -0.0017 0.7181
vn 0.6991 0.0016 0.7150
vn -0.7242 -0.4517 0.5210
vn 0.0640 0.9979 -0.0118
vn 0.0683 0.9976 -0.0132
vn 0.1582 0.9871 0.0263
vn 0.2111 0.9772 0.0227
vn -0.7070 0.0001 -0.7072
vn -0.7074 -0.0004 0.7068
vn -0.7073 -0.0003 0.7069
vn -0.7072 -0.0002 0.7070
vn 0.4310 0.9023 0.0043
vn 0.4708 0.8822 0.0081
vn 0.4721 0.8815 -0.0066
vn -0.0518 -0.9143 0.4017
vn -0.0333 -0.9127 0.4073
vn 0.0058 -0.9081 0.4186
vn -0.1598 0.9871 -0.0073
vn -0.0733 0.9973 -0.0084
vn 0.7070 0.0001 -0.7072
vn 0.7072 0.0002 -0.7071
vn 0.7071 0.0001 -0.7071
vn 0.7072 0.0001 -0.7070
vn 0.8204 0.0406 0.5704
vn 0.8934 0.1100 0.4356
vn 0.8620 0.0274 0.5061
vn 0.7073 -0.0002 -0.7069
vn -0.7067 0.0006 0.7075
vn -0.7072 0.0030 0.7070
vn -0.7077 0.0050 0.7065
vn 0.6282 -0.3476 -0.6961
vn 0.0489 0.9988 -0.0102
vn -0.0637 0.9980 -0.0009
vn -0.0804 0.9967 -0.0085
vn 0.5500 -0.4374 -0.7115
vn 0.5364 -0.4264 -0.7283
vn 0.5565 -0.4426 -0.7031
vn 0.2288 0.9733 0.0174
vn 0.0764 0.9961 0.0452
vn 0.0439 0.9973 0.0588
vn -0.5090 -0.4535 0.7316
vn 0.2559 0.9663 -0.0267
vn 0.3741 0.9243 -0.0760
vn 0.4119 0.9070 -0.0871
vn 0.4075 0.9128 -0.0288
vn 0.7081 -0.0000 -0.7061
vn -0.0985 -0.9948 -0.0261
vn -0.2424 -0.9700 0.0174
vn -0.0570 -0.9984 0.0056
vn 0.0176 0.9966 -0.0802
vn 0.2780 0.9606 0.0045
vn 0.3957 0.9183 0.0152
vn 0.4342 0.9007 0.0155
vn 0.7070 -0.0000 -0.7073
vn 0.7070 -0.0001 -0.7072
vn 0.7071 0.0002 -0.7071
vn 0.7082 0.0003 -0.7060
vn 0.7101 -0.0008 -0.7041
vn 0.7066 -0.0026 0.7076
vn 0.7057 -0.0008 0.7085
vn 0.7085 0.0002 0.7057
vn -0.3622 0.4132 0.8355
vn -0.7017 0.0015 0.7124
vn -0.7052 0.0022 0.7090
vn -0.7053 0.0065 0.7089
vn 0.6678 -0.6267 -0.4017
vn 0.7224 -0.4823 -0.4956
vn 0.7270 -0.4789 -0.4920
vn -0.7131 -0.0001 -0.7010
vn -0.7120 0.0039 -0.7022
vn 0.7089 0.0001 0.7054
vn 0.7947 0.0559 0.6044
vn 0.7104 -0.0000 0.7038
vn -0.3846 0.9222 0.0390
vn -0.2981 0.9545 0.0066
vn -0.3934 0.9167 0.0697
vn 0.6439 -0.6733 -0.3632
vn 0.5636 -0.7881 -0.2475
vn 0.5481 -0.7980 -0.2505
vn -0.0452 -0.9266 0.3734
vn -0.0451 -0.9234 0.3812
vn 0.6382 0.0652 0.7671
vn -0.6487 -0.0524 -0.7592
vn 0.7074 -0.0001 0.7068
vn -0.7078 0.0003 -0.7064
vn -0.4859 -0.5735 0.6595
vn -0.4857 -0.5727 0.6604
vn -0.4910 -0.5896 0.6413
vn 0.5229 -0.5396 -0.6599
vn 0.5287 -0.5452 -0.6505
vn 0.5185 -0.5353 -0.6667
vn 0.7070 -0.0001 0.7072
vn 0.7068 0.0001 0.7074
vn 0.7072 -0.0002 0.7070
vn 0.7091 -0.0000 0.7051
vn 0.7120 -0.0000 0.7022
vn -0.3290 -0.9431 0.0479
vn -0.1201 -0.9927 -0.0136
vn -0.3742 -0.9265 0.0395
vn -0.0418 -0.9250 0.3776
vn -0.0418 -0.9217 0.3855
vn 0.6853 -0.5862 -0.4322
vn 0.7217 -0.4804 -0.4984
vn 0.7276 -0.4763 -0.4938
vn -0.3703 -0.8687 0.3290
vn -0.5101 -0.7165 0.4758
vn -0.5212 -0.7082 0.4762
vn 0.7072 0.0001 0.7070
vn 0.7073 -0.0000 0.7070
vn -0.6501 -0.4951 0.5764
vn -0.5212 -0.7079 0.4767
vn -0.5104 -0.7160 0.4762
vn 0.7073 0.0003 0.7069
vn 0.7071 0.0003 0.7071
vn 0.7071 0.0002 0.7071
vn 0.7069 0.0003 0.7073
vn -0.2617 0.9387 -0.2246
vn -0.3063 0.9384 -0.1598
vn 0.2628 -0.9192 -0.2932
vn 0.2627 -0.9189 -0.2941
vn 0.2636 -0.9224 -0.2823
vn -0.5833 -0.5569 0.5913
vn -0.5799 -0.5538 0.5976
vn -0.5861 -0.5594 0.5861
vn 0.3912 0.7886 0.4745
vn 0.3913 0.7597 0.5194
vn 0.3865 0.6767 0.6267
vn -0.5099 -0.7168 0.4756
vn -0.5213 -0.7085 0.4758
vn 0.7069 0.0002 0.7073
vn -0.6520 -0.4955 0.5739
vn 0.7054 -0.0000 0.7088
vn 0.7061 0.0001 0.7081
vn 0.7064 -0.0004 0.7078
vn 0.7074 0.0003 0.7068
vn -0.5053 -0.5768 0.6419
vn -0.4942 -0.5650 0.6607
vn -0.5147 -0.5868 0.6251
vn 0.7071 -0.0002 -0.7072
vn -0.7055 -0.0013 -0.7087
vn -0.7091 -0.0001 -0.7051
vn -0.7453 -0.0236 -0.6663
vn -0.7087 0.0012 -0.7055
vn 0.7231 -0.4842 -0.4927
vn 0.7265 -0.4817 -0.4900
vn -0.3543 -0.9339 0.0480
vn -0.4252 -0.9049 0.0171
vn -0.3453 -0.9369 0.0555
vn 0.7061 -0.0000 0.7081
vn -0.0928 0.9956 -0.0110
vn 0.7067 0.0005 0.7075
vn 0.7069 0.0005 0.7073
vn -0.5127 -0.5778 0.6351
vn -0.4999 -0.5643 0.6571
vn -0.5236 -0.5892 0.6154
vn 0.7075 0.0005 0.7068
vn 0.7072 0.0005 0.7070
vn -0.2619 -0.9159 0.3042
vn -0.2619 -0.9159 0.3041
vn -0.2619 -0.9157 0.3049
vn 0.2628 -0.9192 -0.2931
vn 0.2627 -0.9190 -0.2941
vn 0.5854 -0.5524 -0.5934
vn 0.5870 -0.5538 -0.5906
vn 0.5842 -0.5513 -0.5956
vn 0.5104 -0.7160 -0.4762
vn 0.3703 -0.8687 -0.3290
vn 0.3699 -0.8688 -0.3291
vn -0.0347 0.9982 -0.0480
vn -0.2346 0.9677 -0.0927
vn 0.7068 -0.0002 -0.7074
vn 0.2705 0.9626 -0.0173
vn 0.7075 0.0004 0.7068
vn 0.3222 0.9401 0.1117
vn -0.4149 -0.9098 0.0147
vn 0.3420 0.9298 0.1360
vn 0.7050 -0.0005 0.7092
vn 0.7032 0.0002 0.7110
vn 0.7050 -0.0000 0.7092
vn 0.1177 0.9874 0.1062
vn 0.1285 0.9860 0.1065
vn -0.7064 0.0001 -0.7078
vn -0.7050 -0.0001 -0.7093
vn -0.7072 -0.0001 -0.7070
vn -0.0548 0.9980 0.0319
vn -0.1045 0.9941 -0.0306
vn -0.0912 0.9958 0.0094
vn -0.5835 -0.5567 0.5913
vn -0.5801 -0.5537 0.5974
vn -0.5862 -0.5592 0.5862
vn 0.3322 -0.8663 0.3731
vn -0.7079 0.0002 -0.7064
vn -0.7078 0.0006 -0.7064
vn -0.2618 -0.9156 0.3054
vn -0.2619 -0.9155 0.3054
vn -0.2628 -0.9153 0.3053
vn 0.0837 -0.9311 -0.3551
vn 0.0837 -0.9310 -0.3552
vn 0.0839 -0.9332 -0.3494
vn 0.3899 -0.9201 0.0370
vn 0.4075 -0.9126 0.0322
vn 0.2704 0.9627 -0.0121
vn 0.5220 -0.5403 -0.6600
vn 0.5294 -0.5474 -0.6482
vn 0.5165 -0.5349 -0.6687
vn 0.6442 -0.6914 -0.3269
vn 0.6736 -0.5950 -0.4384
vn -0.7069 0.0001 0.7073
vn 0.7055 -0.0012 0.7087
vn -0.7072 0.0001 -0.7070
vn 0.6967 0.0009 0.7173
vn -0.2307 0.7623 0.6047
vn 0.7074 0.0001 0.7068
vn -0.5302 -0.8003 0.2799
vn 0.6852 -0.0370 0.7274
vn 0.7140 -0.0399 0.6990
vn 0.6822 -0.0445 0.7298
vn 0.6583 -0.0429 0.7516
vn -0.6110 0.0762 -0.7879
vn -0.6249 0.0682 -0.7777
vn -0.6299 0.0652 -0.7739
vn -0.9931 0.0507 -0.1058
vn -0.7101 0.0011 0.7041
vn -0.7666 -0.0549 -0.6398
vn -0.1335 0.9909 0.0165
vn -0.1027 0.9939 0.0390
vn 0.7071 -0.0002 -0.7071
vn 0.7071 -0.0003 -0.7071
vn 0.7070 -0.0000 -0.7072
vn 0.7071 -0.0000 -0.7071
vn 0.4891 -0.4542 -0.7447
vn -0.7079 0.0018 0.7063
vn 0.6727 -0.6252 -0.3958
vn 0.1704 -0.9853 0.0121
vn 0.2949 -0.9552 -0.0234
vn -0.7082 -0.0000 -0.7060
vn -0.7085 -0.0008 -0.7057
vn -0.7037 -0.0002 0.7105
vn 0.0517 -0.9986 -0.0108
vn -0.0778 -0.9970 0.0014
vn 0.0843 -0.9961 0.0275
vn -0.3273 0.9344 -0.1408
vn 0.3756 0.9263 -0.0307
vn 0.3747 0.9266 -0.0307
vn 0.3986 0.9166 -0.0297
vn -0.7071 0.0001 0.7071
vn 0.5215 -0.7068 -0.4779
vn 0.6378 -0.4980 -0.5876
vn 0.6491 -0.4896 -0.5822
vn 0.7041 -0.0032 -0.7101
vn -0.7072 0.0001 0.7071
vn -0.7072 -0.0000 0.7070
vn 0.7060 -0.0046 -0.7082
vn 0.6778 -0.3341 -0.6549
vn 0.6895 -0.3294 -0.6450
vn 0.6931 -0.3279 -0.6420
vn 0.5427 -0.3995 -0.7388
vn -0.2467 0.9390 -0.2398
vn -0.3333 0.9310 -0.1490
vn 0.0420 -0.9991 -0.0011
vn 0.0866 -0.9323 -0.3511
vn 0.0866 -0.9323 -0.3512
vn 0.0867 -0.9344 -0.3454
vn 0.0575 -0.9979 0.0306
vn -0.6512 -0.4953 0.5750
vn 0.0556 -0.9972 0.0507
vn 0.2042 -0.9789 0.0107
vn -0.5027 -0.4630 0.7300
vn -0.6454 -0.3778 0.6638
vn 0.7064 0.0002 0.7078
vn -0.9060 0.1418 0.3989
vn -0.8239 -0.0852 0.5602
vn -0.7170 -0.2476 0.6516
vn 0.7040 -0.0000 0.7102
vn -0.6789 -0.3219 0.6599
vn -0.7022 -0.0000 -0.7119
vn 0.1303 -0.9895 0.0620
vn 0.1251 -0.9902 0.0627
vn 0.1466 -0.9874 0.0600
vn -0.0073 0.9993 0.0357
vn -0.2619 -0.9158 0.3046
vn 0.7171 -0.0000 0.6970
vn 0.3830 -0.8540 0.3521
vn -0.7018 -0.6962 -0.1508
vn 0.7005 -0.0014 -0.7136
vn 0.7051 -0.0065 -0.7091
vn 0.2457 0.9385 0.2426
vn 0.2398 0.9399 0.2429
vn 0.4765 0.8781 0.0433
vn 0.4955 0.8678 0.0385
vn -0.3958 0.9183 0.0075
vn -0.2850 0.9575 0.0454
vn -0.7040 -0.0000 -0.7102
vn 0.7049 -0.0016 0.7093
vn 0.7024 -0.0000 0.7118
vn -0.7071 -0.0000 -0.7072
vn 0.6951 -0.0241 0.7185
vn 0.6727 -0.0346 0.7391
vn -0.6006 0.0822 -0.7953
vn -0.9321 0.2613 0.2510
vn -0.7077 -0.0000 -0.7065
vn -0.7243 -0.4615 0.5123
vn -0.7325 -0.4478 0.5127
vn 0.7062 -0.0000 0.7080
vn -0.7023 -0.0001 -0.7119
vn -0.7104 -0.0000 -0.7038
vn -0.7171 -0.0000 -0.6970
vn -0.4676 -0.5133 0.7196
vn -0.1142 0.9933 -0.0166
vn -0.2842 0.9587 0.0106
vn -0.5141 0.7754 0.3667
vn -0.5959 0.6217 0.5083
vn -0.5052 0.7877 0.3526
vn -0.8771 0.4214 -0.2304
vn -0.9805 0.1673 -0.1035
vn -0.9805 0.1773 -0.0849
vn -0.9807 0.1611 0.1105
vn -0.8771 0.4102 0.2497
vn -0.9807 0.1722 0.0924
vn -0.9618 -0.0000 0.2736
vn -0.8771 -0.0134 0.4801
vn -0.9804 0.0056 0.1969
vn -0.9803 0.0148 -0.1972
vn -0.8771 0.0097 -0.4802
vn -0.9601 -0.0000 -0.2796
vn -0.9805 -0.1673 -0.1035
vn -0.8771 -0.4214 -0.2304
vn -0.9805 -0.1773 -0.0849
vn -0.9807 -0.1611 0.1105
vn -0.8771 -0.4102 0.2497
vn -0.8771 0.0134 0.4801
vn -0.8771 -0.0000 0.4803
vn -0.9803 -0.0148 -0.1972
vn -0.9807 -0.1722 0.0924
vn -0.9804 -0.0056 0.1969
vn -0.8771 -0.0097 -0.4802
vn -0.0074 -0.9999 0.0068
vn -0.0167 -0.9998 0.0070
vn 0.9213 -0.0000 -0.3888
vn 0.9872 -0.0000 -0.1595
vn -0.9189 -0.0000 -0.3944
vn 0.0169 -0.9998 0.0070
vn 0.4901 0.2112 -0.8457
vn -0.4901 0.2112 -0.8457
vn -0.7253 0.6560 0.2089
vn 0.9771 0.2121 0.0178
vn -0.0125 0.9990 0.0437
vn 0.4608 0.0081 0.8874
vn -0.9182 0.3960 0.0063
vn 0.4286 -0.9035 -0.0051
vn 0.7067 -0.7074 0.0101
vn -0.9243 0.3271 0.1965
vn -0.1081 -0.0503 -0.9929
vn 0.1081 -0.0503 -0.9929
vn -0.0037 -0.0003 -1.0000
vn -0.6628 0.2858 -0.6921
vn -0.5878 0.2879 0.7560
vn 0.1537 -0.2736 0.9495
vn 0.3101 -0.0000 -0.9507
vn 0.8771 -0.0000 -0.4803
vn -0.4422 -0.5101 0.7378
vn 0.7035 0.0001 -0.7107
vn -0.5171 -0.8080 0.2823
vn 0.2619 -0.9157 -0.3049
vn 0.1324 0.9882 0.0766
vn 0.5883 -0.5548 -0.5883
vn 0.0331 0.9994 -0.0141
vn 0.7122 -0.0122 -0.7018
vn -0.7328 -0.4460 0.5139
vn -0.0838 -0.9163 0.3917
vn -0.1872 0.9823 0.0037
vn 0.7074 -0.0000 -0.7068
vn 0.5297 -0.4210 -0.7363
vn 0.7086 -0.0013 0.7056
vn -0.0453 -0.9297 0.3655
vn -0.4805 -0.5572 0.6772
vn 0.5331 -0.5494 -0.6433
vn -0.0419 -0.9282 0.3696
vn -0.3699 -0.8688 0.3291
vn -0.6610 -0.4891 0.5690
vn -0.3111 0.9345 -0.1730
vn -0.5770 -0.5512 0.6026
vn 0.3852 0.8559 0.3450
vn -0.6639 -0.4890 0.5658
vn 0.7055 0.0013 0.7087
vn -0.4848 -0.5550 0.6760
vn -0.4495 -0.8930 0.0208
vn -0.4890 -0.5528 0.6747
vn -0.2620 -0.9161 0.3034
vn 0.5882 -0.5549 -0.5883
vn -0.2500 0.9682 -0.0016
vn 0.7070 -0.0005 -0.7072
vn -0.4508 -0.8924 0.0192
vn -0.5774 -0.5512 0.6023
vn 0.3324 -0.8664 0.3726
vn -0.2608 -0.9158 0.3055
vn 0.0836 -0.9288 -0.3609
vn 0.5350 -0.5528 -0.6390
vn 0.6540 -0.6957 -0.2970
vn -0.5220 -0.8052 0.2815
vn 0.4863 -0.4508 -0.7486
vn 0.3535 0.9349 -0.0315
vn 0.6741 -0.3356 -0.6580
vn 0.0864 -0.9302 -0.3568
vn -0.6627 -0.4890 0.5672
vn -0.6715 -0.3264 0.6652
vn 0.1085 -0.9920 0.0647
vn -0.2619 -0.9158 0.3044
vn -0.4281 0.9036 0.0170
vn -0.6029 0.6035 0.5219
vn -0.8771 -0.0000 -0.4803
vn 0.0074 -1.0000 0.0067
vt 0.055526 0.578141
vt 0.034584 0.533375
vt 0.068874 0.550361
vt 0.112495 0.839979
vt 0.171867 0.878538
vt 0.107088 0.882190
vt 0.227984 0.132895
vt 0.252669 0.160659
vt 0.228933 0.152886
vt 0.247420 0.050720
vt 0.256881 0.007522
vt 0.255237 0.054505
vt 0.817433 0.354624
vt 0.865655 0.318719
vt 0.862122 0.362125
vt 0.919805 0.350509
vt 0.867554 0.396451
vt 0.838033 0.106513
vt 0.889790 0.072802
vt 0.888452 0.110693
vt 0.838422 0.254027
vt 0.871639 0.288757
vt 0.835095 0.292580
vt 0.284500 0.896726
vt 0.224894 0.904135
vt 0.022222 0.893841
vt 0.162716 0.363833
vt 0.207680 0.338956
vt 0.203475 0.387111
vt 0.019012 0.940552
vt 0.005112 0.895347
vt 0.017766 0.894210
vt 0.933112 0.180709
vt 0.981074 0.115709
vt 0.981074 0.184202
vt 0.628620 0.980528
vt 0.642690 0.935242
vt 0.641304 0.981706
vt 0.632510 0.295903
vt 0.640178 0.020712
vt 0.640409 0.298130
vt 0.221174 0.267742
vt 0.218820 0.196946
vt 0.234080 0.232853
vt 0.220605 0.128752
vt 0.170898 0.197299
vt 0.170456 0.129362
vt 0.284739 0.209859
vt 0.265568 0.195299
vt 0.311073 0.198596
vt 0.427587 0.877531
vt 0.423402 0.867283
vt 0.461955 0.863954
vt 0.809815 0.412777
vt 0.840854 0.438307
vt 0.824922 0.445632
vt 0.805956 0.352494
vt 0.265940 0.263312
vt 0.262418 0.281035
vt 0.961662 0.222974
vt 0.919105 0.204633
vt 0.399776 0.790661
vt 0.427223 0.830739
vt 0.397262 0.836724
vt 0.894372 0.039993
vt 0.855731 0.016527
vt 0.920892 0.005489
vt 0.867505 0.155457
vt 0.850528 0.169780
vt 0.642741 0.329930
vt 0.609025 0.615016
vt 0.608091 0.315184
vt 0.291124 0.376666
vt 0.253946 0.341096
vt 0.293586 0.372976
vt 0.308203 0.268348
vt 0.261757 0.301464
vt 0.299073 0.312110
vt 0.643191 0.303570
vt 0.629586 0.303871
vt 0.468931 0.820421
vt 0.440559 0.825623
vt 0.476130 0.784418
vt 0.657617 0.604221
vt 0.649781 0.606663
vt 0.303207 0.892569
vt 0.361359 0.884948
vt 0.363490 0.896425
vt 0.824846 0.288396
vt 0.336527 0.772384
vt 0.310904 0.831647
vt 0.327796 0.769963
vt 0.310184 0.876419
vt 0.353856 0.840259
vt 0.593102 0.632248
vt 0.666605 0.663818
vt 0.598511 0.674459
vt 0.922201 0.285517
vt 0.911719 0.316202
vt 0.056861 0.616032
vt 0.005108 0.582317
vt 0.854230 0.039158
vt 0.699272 0.628583
vt 0.687375 0.672636
vt 0.218713 0.100865
vt 0.170438 0.296721
vt 0.218606 0.295270
vt 0.208046 0.056391
vt 0.161803 0.030579
vt 0.204059 0.007252
vt 0.267709 0.134870
vt 0.906736 0.979415
vt 0.647209 0.934835
vt 0.908083 0.933804
vt 0.237293 0.339369
vt 0.238237 0.056155
vt 0.170684 0.266519
vt 0.263785 0.116231
vt 0.061441 0.648841
vt 0.087957 0.683348
vt 0.022797 0.672304
vt 0.017608 0.519051
vt 0.875573 0.198394
vt 0.293868 0.018185
vt 0.310589 0.128196
vt 0.241197 0.389536
vt 0.246260 0.344755
vt 0.255267 0.387167
vt 0.917957 0.239848
vt 0.876754 0.275421
vt 0.881955 0.247049
vt 0.430461 0.780177
vt 0.901797 0.138475
vt 0.134751 0.042899
vt 0.104049 0.004990
vt 0.134751 0.004990
vt 0.277675 0.861532
vt 0.581455 0.114336
vt 0.602742 0.146319
vt 0.584822 0.131420
vt 0.582347 0.150771
vt 0.179972 0.940815
vt 0.199349 0.936199
vt 0.215849 0.941840
vt 0.266584 0.240378
vt 0.261663 0.222091
vt 0.265178 0.206045
vt 0.286663 0.941944
vt 0.301085 0.084065
vt 0.263088 0.095056
vt 0.961662 0.008444
vt 0.933112 0.050709
vt 0.919105 0.026785
vt 0.365469 0.782577
vt 0.319529 0.834830
vt 0.021298 0.649673
vt 0.703426 0.353456
vt 0.661197 0.331993
vt 0.825965 0.405799
vt 0.728257 0.043048
vt 0.681413 0.305408
vt 0.674500 0.005027
vt 0.533732 0.670808
vt 0.242547 0.005016
vt 0.042656 0.490439
vt 0.060079 0.505852
vt 0.038993 0.871551
vt 0.645821 0.981346
vt 0.870920 0.405570
vt 0.862066 0.428856
vt 0.555472 0.354535
vt 0.006326 0.836317
vt 0.043413 0.831950
vt 0.302692 0.324355
vt 0.240398 0.098076
vt 0.933112 0.115709
vt 0.023472 0.940230
vt 0.161154 0.359614
vt 0.239748 0.298329
vt 0.170284 0.099048
vt 0.163314 0.087309
vt 0.655562 0.004992
vt 0.304787 0.071617
vt 0.486724 0.804059
vt 0.479473 0.820951
vt 0.581720 0.044739
vt 0.621743 0.023260
vt 0.591545 0.308005
vt 0.160700 0.035083
vt 0.626982 0.314652
vt 0.647138 0.612177
vt 0.295908 0.022286
vt 0.660773 0.612142
vt 0.881424 0.236506
vt 0.898315 0.229255
vt 0.699623 0.614863
vt 0.251190 0.121509
vt 0.253064 0.160987
vt 0.228919 0.151504
vt 0.935601 0.816774
vt 0.974637 0.787398
vt 0.974637 0.816774
vt 0.935601 0.758023
vt 0.935601 0.787398
vt 0.935601 0.884696
vt 0.974637 0.864313
vt 0.974637 0.884696
vt 0.935601 0.864313
vt 0.974637 0.710483
vt 0.974637 0.758023
vt 0.348489 0.935747
vt 0.381801 0.901831
vt 0.411176 0.901831
vt 0.555297 0.937781
vt 0.584672 0.937781
vt 0.617984 0.971698
vt 0.440551 0.901831
vt 0.473864 0.935747
vt 0.473864 0.956130
vt 0.492609 0.971698
vt 0.525922 0.937781
vt 0.947948 0.389996
vt 0.979098 0.407550
vt 0.947948 0.407550
vt 0.947948 0.359271
vt 0.969903 0.371992
vt 0.947948 0.371992
vt 0.947948 0.341251
vt 0.979098 0.323697
vt 0.979098 0.341251
vt 0.947948 0.305553
vt 0.969903 0.293544
vt 0.969903 0.305553
vt 0.947948 0.257846
vt 0.979098 0.275400
vt 0.947948 0.275400
vt 0.947948 0.425463
vt 0.969903 0.433487
vt 0.947948 0.433487
vt 0.969903 0.359271
vt 0.966165 0.965633
vt 0.940131 0.958032
vt 0.953757 0.943078
vt 0.979098 0.389996
vt 0.947948 0.293544
vt 0.967394 0.903479
vt 0.941251 0.909761
vt 0.947451 0.899476
vt 0.947948 0.323697
vt 0.994759 0.895202
vt 0.989545 0.875946
vt 0.994698 0.876060
vt 0.969903 0.239852
vt 0.979098 0.257846
vt 0.969903 0.425463
vt 0.981175 0.974735
vt 0.995005 0.935112
vt 0.954103 0.925527
vt 0.982751 0.894977
vt 0.947948 0.239852
vt 0.969903 0.234697
vt 0.995039 0.975023
vt 0.986983 0.994015
vt 0.935601 0.690101
vt 0.935601 0.710483
vt 0.348489 0.956130
vt 0.492609 0.992080
vt 0.974637 0.787398
vt 0.974637 0.816774
vt 0.974637 0.864313
vt 0.974637 0.884696
vt 0.974637 0.710483
vt 0.974637 0.758023
vt 0.348489 0.935747
vt 0.411176 0.901831
vt 0.617984 0.971698
vt 0.440551 0.901831
vt 0.473864 0.935747
vt 0.473864 0.956130
vt 0.492609 0.971698
vt 0.525922 0.937781
vt 0.979098 0.389996
vt 0.979098 0.323697
vt 0.979098 0.275400
vt 0.979098 0.341251
vt 0.940131 0.958032
vt 0.966165 0.965633
vt 0.953757 0.943078
vt 0.941251 0.909761
vt 0.994759 0.895202
vt 0.979098 0.257846
vt 0.979098 0.407550
vt 0.981175 0.974735
vt 0.947948 0.234697
vt 0.986983 0.994015
vt 0.348489 0.956130
vt 0.492609 0.992080
vt 0.551397 0.738555
vt 0.604138 0.777531
vt 0.580267 0.788927
vt 0.128663 0.398151
vt 0.149667 0.447750
vt 0.126853 0.440761
vt 0.532359 0.323618
vt 0.515944 0.291379
vt 0.540355 0.302374
vt 0.462484 0.036365
vt 0.509379 0.063414
vt 0.448357 0.066025
vt 0.024055 0.469059
vt 0.059915 0.462435
vt 0.065481 0.485294
vt 0.766138 0.086876
vt 0.825627 0.041661
vt 0.828602 0.120640
vt 0.461228 0.470010
vt 0.525285 0.424887
vt 0.516728 0.522021
vt 0.901963 0.815511
vt 0.925628 0.887290
vt 0.905495 0.886528
vt 0.139112 0.658072
vt 0.160197 0.677341
vt 0.139891 0.678265
vt 0.923216 0.813643
vt 0.900862 0.721067
vt 0.923910 0.723039
vt 0.231449 0.801349
vt 0.175928 0.829086
vt 0.175421 0.808249
vt 0.519441 0.112455
vt 0.525932 0.084460
vt 0.534616 0.097884
vt 0.423272 0.631097
vt 0.404919 0.593472
vt 0.427836 0.595755
vt 0.820440 0.005658
vt 0.764637 0.032295
vt 0.761598 0.004998
vt 0.848324 0.582616
vt 0.871442 0.525745
vt 0.870131 0.590714
vt 0.842581 0.698535
vt 0.903229 0.684197
vt 0.531468 0.216301
vt 0.575966 0.231707
vt 0.566274 0.245335
vt 0.136006 0.749092
vt 0.083962 0.802736
vt 0.041955 0.737230
vt 0.251399 0.690501
vt 0.225815 0.637035
vt 0.247144 0.634677
vt 0.115066 0.540785
vt 0.101517 0.503122
vt 0.134319 0.529698
vt 0.424918 0.656043
vt 0.400235 0.632140
vt 0.799005 0.615361
vt 0.742638 0.545504
vt 0.804349 0.550809
vt 0.848305 0.633236
vt 0.068752 0.070440
vt 0.093960 0.040052
vt 0.088882 0.067203
vt 0.023076 0.405387
vt 0.084834 0.394396
vt 0.076533 0.425873
vt 0.855240 0.444742
vt 0.849786 0.531863
vt 0.840271 0.786053
vt 0.838825 0.736075
vt 0.037263 0.453484
vt 0.355755 0.596462
vt 0.344466 0.571941
vt 0.560237 0.891670
vt 0.552674 0.838927
vt 0.590843 0.898847
vt 0.764304 0.909197
vt 0.723666 0.883140
vt 0.765904 0.883732
vt 0.224546 0.545989
vt 0.247077 0.512850
vt 0.245702 0.565200
vt 0.468061 0.198774
vt 0.520371 0.186615
vt 0.226844 0.464212
vt 0.249386 0.461901
vt 0.462695 0.276338
vt 0.534233 0.269291
vt 0.459338 0.110833
vt 0.505804 0.089032
vt 0.295760 0.645927
vt 0.304832 0.624554
vt 0.293771 0.557824
vt 0.304115 0.578971
vt 0.707960 0.670693
vt 0.735303 0.639642
vt 0.729425 0.675793
vt 0.343457 0.118416
vt 0.390092 0.164037
vt 0.341888 0.165689
vt 0.044346 0.301577
vt 0.100703 0.291511
vt 0.107432 0.323568
vt 0.454530 0.307136
vt 0.510225 0.324172
vt 0.323548 0.070267
vt 0.346363 0.069375
vt 0.320707 0.149078
vt 0.035929 0.376858
vt 0.104548 0.374087
vt 0.047549 0.203590
vt 0.099466 0.187555
vt 0.110340 0.214018
vt 0.392354 0.252452
vt 0.343601 0.241051
vt 0.401464 0.230964
vt 0.400662 0.185161
vt 0.036032 0.129975
vt 0.074382 0.097025
vt 0.090354 0.115595
vt 0.322241 0.243868
vt 0.347580 0.288451
vt 0.329218 0.325196
vt 0.107047 0.161168
vt 0.195687 0.546572
vt 0.142284 0.557218
vt 0.693361 0.777751
vt 0.709036 0.729979
vt 0.714082 0.788743
vt 0.780116 0.734299
vt 0.782180 0.783263
vt 0.760011 0.791900
vt 0.199269 0.619217
vt 0.157551 0.650203
vt 0.143679 0.629883
vt 0.144452 0.717758
vt 0.708365 0.708368
vt 0.660041 0.729752
vt 0.628265 0.708084
vt 0.131880 0.582683
vt 0.840372 0.836784
vt 0.569369 0.712445
vt 0.542611 0.716346
vt 0.561354 0.908928
vt 0.281253 0.792313
vt 0.235859 0.822219
vt 0.931141 0.552270
vt 0.930571 0.641730
vt 0.455752 0.526622
vt 0.793993 0.537933
vt 0.742962 0.452396
vt 0.802381 0.450048
vt 0.461556 0.016970
vt 0.524512 0.025306
vt 0.439030 0.555185
vt 0.455174 0.613009
vt 0.442905 0.615330
vt 0.187167 0.729033
vt 0.189061 0.708521
vt 0.438734 0.475603
vt 0.434577 0.535674
vt 0.493024 0.871896
vt 0.472503 0.913976
vt 0.474183 0.865394
vt 0.043861 0.819278
vt 0.017499 0.791252
vt 0.007292 0.813441
vt 0.937020 0.475598
vt 0.744918 0.130148
vt 0.766386 0.161895
vt 0.122613 0.829348
vt 0.445434 0.427390
vt 0.468365 0.427194
vt 0.210105 0.741518
vt 0.876943 0.446160
vt 0.923843 0.449068
vt 0.827856 0.739168
vt 0.827768 0.771541
vt 0.805910 0.822520
vt 0.809467 0.529508
vt 0.782311 0.312770
vt 0.736052 0.351130
vt 0.730570 0.315184
vt 0.530425 0.364801
vt 0.511588 0.370638
vt 0.470871 0.351258
vt 0.359671 0.663150
vt 0.343144 0.617755
vt 0.402594 0.657841
vt 0.444349 0.756756
vt 0.461162 0.705786
vt 0.467364 0.752053
vt 0.098297 0.427463
vt 0.108051 0.407152
vt 0.550177 0.285632
vt 0.396861 0.516338
vt 0.307710 0.556486
vt 0.621664 0.815405
vt 0.625152 0.919478
vt 0.364668 0.522664
vt 0.630431 0.848479
vt 0.133509 0.377334
vt 0.123754 0.362009
vt 0.128351 0.644971
vt 0.105666 0.616157
vt 0.353350 0.343429
vt 0.408502 0.319899
vt 0.400243 0.340994
vt 0.310008 0.447301
vt 0.252800 0.427739
vt 0.347535 0.423513
vt 0.720905 0.439280
vt 0.712781 0.343502
vt 0.119041 0.391209
vt 0.532864 0.899623
vt 0.504325 0.935142
vt 0.491343 0.920478
vt 0.527925 0.066869
vt 0.296922 0.469180
vt 0.129510 0.124973
vt 0.125750 0.167813
vt 0.305569 0.489922
vt 0.340836 0.510052
vt 0.304378 0.535613
vt 0.349087 0.006944
vt 0.324608 0.031967
vt 0.325741 0.005606
vt 0.121098 0.185702
vt 0.128260 0.200932
vt 0.159270 0.249526
vt 0.116516 0.266248
vt 0.145784 0.236872
vt 0.157804 0.805930
vt 0.158736 0.830153
vt 0.338912 0.601820
vt 0.531932 0.160742
vt 0.555607 0.129424
vt 0.120547 0.556723
vt 0.113963 0.574028
vt 0.398191 0.005042
vt 0.405261 0.052937
vt 0.348297 0.033845
vt 0.307493 0.667405
vt 0.347447 0.690350
vt 0.576376 0.260615
vt 0.516953 0.601536
vt 0.074564 0.458199
vt 0.090990 0.468042
vt 0.078966 0.467300
vt 0.742226 0.034290
vt 0.607589 0.730475
vt 0.624478 0.787709
vt 0.124247 0.344794
vt 0.400489 0.141652
vt 0.423368 0.125152
vt 0.615443 0.934811
vt 0.401249 0.095879
vt 0.422324 0.107546
vt 0.550612 0.169046
vt 0.546410 0.186868
vt 0.789603 0.667082
vt 0.088088 0.488161
vt 0.136833 0.475269
vt 0.435685 0.208117
vt 0.550711 0.205804
vt 0.127235 0.808211
vt 0.274279 0.729001
vt 0.443474 0.298355
vt 0.403875 0.274226
vt 0.338098 0.383579
vt 0.361835 0.383119
vt 0.444264 0.379853
vt 0.408464 0.406068
vt 0.230124 0.715163
vt 0.252040 0.714516
vt 0.020385 0.088429
vt 0.079343 0.030209
vt 0.805230 0.715460
vt 0.569836 0.139528
vt 0.921330 0.916179
vt 0.733979 0.824988
vt 0.207251 0.448588
vt 0.116080 0.460528
vt 0.091824 0.087194
vt 0.103927 0.098996
vt 0.925443 0.687298
vt 0.642923 0.824873
vt 0.670558 0.787362
vt 0.542689 0.919978
vt 0.815310 0.152514
vt 0.549668 0.828918
vt 0.210778 0.663014
vt 0.536747 0.779485
vt 0.698584 0.852377
vt 0.735116 0.838034
vt 0.720803 0.860853
vt 0.392170 0.075234
vt 0.414140 0.362864
vt 0.752393 0.841181
vt 0.811540 0.863234
vt 0.398848 0.668440
vt 0.399572 0.725204
vt 0.358641 0.755018
vt 0.361365 0.690951
vt 0.854739 0.923785
vt 0.899683 0.912735
vt 0.525713 0.844459
vt 0.418044 0.516673
vt 0.521361 0.666320
vt 0.523434 0.722186
vt 0.531116 0.757855
vt 0.819385 0.894672
vt 0.798316 0.391321
vt 0.718259 0.581021
vt 0.712730 0.635475
vt 0.192084 0.415856
vt 0.145800 0.397370
vt 0.791964 0.345036
vt 0.721387 0.517242
vt 0.228734 0.424660
vt 0.698586 0.880816
vt 0.824792 0.224621
vt 0.763062 0.237047
vt 0.140508 0.337186
vt 0.819402 0.272197
vt 0.759597 0.274239
vt 0.013265 0.729658
vt 0.647575 0.918819
vt 0.036107 0.046203
vt 0.066213 0.014794
vt 0.231167 0.400794
vt 0.742974 0.209581
vt 0.827441 0.165153
vt 0.738516 0.272073
vt 0.498022 0.385354
vt 0.457305 0.365974
vt 0.153410 0.379950
vt 0.199694 0.398436
vt 0.280716 0.714477
vt 0.750341 0.830007
vt 0.439609 0.046740
vt 0.815194 0.834572
vt 0.007029 0.074392
vt 0.129091 0.316409
vt 0.127691 0.295830
vt 0.147051 0.355572
vt 0.830501 0.718083
vt 0.872926 0.668399
vt 0.936128 0.677440
vt 0.134831 0.277690
vt 0.302137 0.401898
vt 0.253951 0.402363
vt 0.075181 0.008337
vt 0.078976 0.023194
vt 0.477249 0.395621
vt 0.531289 0.396866
vt 0.339139 0.405693
vt 0.362045 0.405095
vt 0.453981 0.392958
vt 0.870399 0.630164
vt 0.006955 0.421693
vt 0.443412 0.392321
vt 0.217836 0.685942
vt 0.418418 0.686086
vt 0.359131 0.674585
vt 0.216968 0.429478
vt 0.085426 0.029848
vt 0.505247 0.837241
vt 0.440053 0.322831
vt 0.072004 0.476842
vt 0.434518 0.636270
vt 0.438995 0.702524
vt 0.806766 0.469203
vt 0.994699 0.876060
vt 0.074621 0.519622
vt 0.075276 0.543599
vt 0.229350 0.122432
vt 0.268666 0.160246
vt 0.231225 0.161909
vt 0.929999 0.379450
vt 0.266859 0.120419
vt 0.230829 0.161582
vt 0.228955 0.122105
vt 0.907852 0.144870
vt 0.175768 0.848085
vt 0.238095 0.121785
vt 0.250794 0.121182
vt 0.237380 0.161385
vt 0.006349 0.941546
vt 0.629995 0.934208
vt 0.662184 0.624217
vt 0.163526 0.308311
vt 0.892997 0.182983
vt 0.472061 0.765598
vt 0.104049 0.042899
vt 0.270350 0.877464
vt 0.936777 0.243916
vt 0.981074 0.047216
vt 0.728257 0.304750
vt 0.529830 0.640355
vt 0.286926 0.840765
vt 0.561889 0.615195
vt 0.018223 0.880369
vt 0.240038 0.161605
vt 0.227969 0.131512
vt 0.235573 0.122251
vt 0.946263 0.969177
vt 0.995005 0.994164
vt 0.974637 0.690101
vt 0.617984 0.992080
vt 0.946263 0.969177
vt 0.974637 0.690101
vt 0.617984 0.992080
vt 0.229294 0.690495
vt 0.088907 0.516975
vt 0.717993 0.907274
vt 0.125789 0.716742
vt 0.581922 0.920556
vt 0.285297 0.813938
vt 0.523585 0.005912
vt 0.142522 0.738149
vt 0.307938 0.645341
vt 0.096845 0.631972
vt 0.146968 0.133035
vt 0.089066 0.606350
vt 0.443119 0.028114
vt 0.738793 0.005102
vt 0.564054 0.113831
vt 0.708257 0.316327
vt 0.156810 0.221752
vt 0.136354 0.108317
vt 0.652722 0.849417
vt 0.035066 0.026316
vt 0.542577 0.030107
vt 0.849871 0.671684
vt 0.266791 0.120768
vt 0.932559 0.388680
vt 0.268734 0.159897
vt 0.907175 0.169560
s 1
usemtl None.009
f 645/1/1 61/2/2 646/3/3
f 681/4/4 577/5/4 590/6/4
f 578/7/5 1273/8/5 665/9/5
f 653/10/6 573/11/7 571/12/8
f 70/13/9 566/14/10 565/15/11
f 60/16/12 688/17/13 68/15/14
f 516/18/15 535/19/16 532/20/17
f 647/21/18 621/22/19 609/23/20
f 21/24/21 638/25/22 624/26/23
f 625/27/24 663/28/25 662/29/26
f 586/30/27 686/31/28 644/32/29
f 569/33/30 540/34/5 547/35/31
f 544/36/32 628/37/33 84/38/34
f 679/39/35 560/40/36 562/41/37
f 526/42/38 38/43/39 654/44/39
f 610/45/40 524/46/40 570/47/40
f 670/48/41 676/49/41 32/50/41
f 606/51/42 16/52/43 537/53/44
f 585/54/45 548/55/46 666/56/46
f 543/13/47 585/54/45 682/57/48
f 526/42/38 692/58/49 47/59/50
f 569/33/30 97/60/51 83/61/52
f 534/62/53 521/63/54 15/64/55
f 559/65/56 619/66/57 580/67/58
f 1/68/59 574/69/60 515/18/61
f 552/70/62 691/71/63 634/72/64
f 643/73/65 631/74/66 34/75/67
f 651/59/68 46/58/69 541/76/70
f 631/74/66 45/77/71 587/78/72
f 562/41/37 589/79/73 678/80/74
f 661/81/75 56/82/76 57/83/77
f 98/70/78 599/84/79 105/85/80
f 583/86/81 684/87/82 605/88/83
f 77/89/84 543/13/47 682/57/48
f 3/90/85 1270/91/86 1269/92/86
f 683/93/87 12/94/88 13/87/89
f 604/95/90 617/96/91 517/97/92
f 75/22/93 627/98/94 596/99/95
f 630/94/96 534/62/53 15/64/55
f 72/100/97 591/101/98 645/1/1
f 618/102/99 559/65/56 17/19/100
f 609/23/20 621/22/19 566/14/10
f 617/96/91 539/103/101 620/104/102
f 86/47/103 95/105/104 91/45/105
f 663/28/25 685/106/106 680/107/107
f 527/108/108 567/109/109 80/110/110
f 41/49/39 611/45/111 92/111/112
f 598/112/113 675/113/114 649/114/115
f 28/107/116 614/115/117 664/28/118
f 525/42/40 524/46/40 626/43/40
f 77/89/84 648/21/119 74/23/120
f 606/51/42 684/87/82 16/52/43
f 530/116/121 652/10/122 99/12/123
f 31/117/124 680/107/107 685/106/106
f 96/118/125 92/111/112 611/45/111
f 75/22/93 596/99/95 71/14/126
f 73/119/127 633/120/128 597/121/129
f 669/2/130 64/101/131 576/122/132
f 1/68/59 9/123/133 574/69/60
f 674/124/134 572/12/135 100/11/136
f 87/125/137 677/111/138 636/118/139
f 53/126/140 26/28/141 36/115/142
f 616/127/143 678/128/74 589/126/73
f 555/129/144 612/130/145 622/131/146
f 18/132/147 564/83/148 607/82/149
f 514/68/150 532/20/17 533/133/151
f 582/134/152 578/135/153 665/136/154
f 583/86/81 668/137/155 11/93/156
f 107/138/157 690/139/158 639/140/159
f 108/140/160 59/139/161 640/141/162
f 640/142/162 22/25/163 108/143/160
f 639/143/159 638/25/22 107/144/157
f 656/145/164 655/44/165 658/146/166
f 111/146/167 39/44/168 659/147/169
f 659/147/169 40/48/170 111/146/167
f 658/146/166 671/48/171 656/145/164
f 101/129/172 627/98/94 613/130/173
f 20/148/174 638/25/22 21/24/21
f 551/149/175 636/118/139 687/150/176
f 48/151/177 523/152/178 27/153/179
f 2/154/180 629/155/181 3/90/85
f 73/119/127 593/156/182 595/100/183
f 647/157/18 104/84/184 106/158/185
f 67/159/186 565/15/11 65/17/187
f 619/160/57 662/161/26 580/162/58
f 4/163/188 5/95/188 6/97/188
f 116/164/189 528/108/190 691/110/63
f 1271/91/41 683/93/87 44/137/41
f 669/2/130 579/165/191 602/166/192
f 594/167/193 63/4/194 592/6/195
f 660/147/39 38/43/39 41/49/39
f 68/15/14 596/99/95 60/16/12
f 628/37/33 568/168/196 84/38/34
f 24/161/197 49/40/198 25/162/199
f 538/53/200 19/63/201 608/82/202
f 1264/169/41 1263/170/41 549/55/41
f 80/71/110 597/171/129 633/72/128
f 13/87/89 520/64/203 536/52/204
f 594/167/193 76/172/205 673/173/206
f 631/74/66 587/78/72 34/174/67
f 32/50/41 677/111/138 87/125/137
f 635/175/207 99/12/123 115/150/208
f 523/152/178 540/34/5 33/176/5
f 642/177/209 644/32/29 23/26/210
f 516/18/15 14/102/211 535/19/16
f 536/52/204 520/64/203 19/63/201
f 692/58/49 654/44/39 110/145/39
f 638/25/22 641/142/212 624/26/23
f 641/142/212 29/177/213 624/26/23
f 625/27/24 30/178/214 663/28/25
f 531/105/215 90/116/216 89/175/217
f 32/50/41 541/76/70 670/48/41
f 541/76/70 46/58/69 657/145/41
f 670/48/41 541/76/70 657/145/41
f 670/48/41 112/147/41 676/49/41
f 47/59/50 650/77/218 35/179/219
f 632/74/220 615/127/221 614/115/117
f 47/59/50 35/179/219 526/42/38
f 35/179/219 28/107/116 526/42/38
f 527/108/108 545/180/222 546/181/223
f 49/40/198 563/182/224 25/162/199
f 24/161/197 53/79/140 50/41/225
f 643/73/65 54/128/226 631/74/66
f 572/12/135 88/183/227 551/149/175
f 113/127/228 53/126/140 36/115/142
f 678/80/74 679/39/35 562/41/37
f 57/83/77 561/184/229 661/81/75
f 561/184/229 114/185/229 661/81/75
f 623/138/230 538/186/200 600/187/231
f 538/53/200 55/81/232 600/185/231
f 600/187/231 58/39/233 689/139/234
f 58/39/233 54/80/226 643/188/65
f 689/139/234 623/138/230 600/187/231
f 608/82/202 55/81/232 538/53/200
f 72/100/97 69/156/235 591/101/98
f 527/108/108 546/189/223 567/109/109
f 632/74/220 35/179/219 650/77/218
f 115/150/208 637/118/236 635/175/207
f 531/105/215 89/175/217 611/45/111
f 89/175/217 96/118/125 611/45/111
f 521/63/54 18/132/147 607/82/149
f 634/72/64 554/190/237 552/70/62
f 556/85/238 116/191/189 691/71/63
f 674/124/134 88/192/227 572/12/135
f 587/78/72 651/59/68 541/76/70
f 551/149/175 687/150/176 572/12/135
f 116/164/189 94/10/239 529/116/240
f 672/191/241 105/85/80 573/193/7
f 105/85/80 599/84/79 573/193/7
f 558/194/242 553/195/242 622/131/146
f 553/195/242 555/129/144 622/131/146
f 103/131/243 647/21/18 106/194/185
f 674/196/134 100/193/136 104/84/184
f 647/21/18 103/131/243 102/130/244
f 109/141/245 58/39/233 643/188/65
f 1262/197/5 1261/198/5 578/199/246
f 715/200/41 121/201/41 696/202/41
f 705/203/41 121/201/41 714/204/41
f 750/205/5 118/206/5 159/207/5
f 716/200/247 693/206/247 747/208/247
f 706/203/248 741/209/248 704/210/248
f 694/211/152 120/212/152 725/213/152
f 119/214/86 125/215/86 117/216/86
f 124/217/152 740/218/152 725/213/152
f 740/218/152 751/219/152 725/213/152
f 713/220/86 126/221/86 119/214/86
f 727/222/249 728/223/249 726/224/249
f 742/225/250 733/226/250 131/227/250
f 724/228/251 697/229/251 699/230/251
f 139/231/252 717/232/252 702/233/252
f 738/234/253 146/235/253 143/236/253
f 710/237/254 749/238/5 155/239/5
f 135/228/255 745/240/255 132/225/255
f 730/241/256 133/242/257 700/243/258
f 128/222/259 134/226/259 129/244/259
f 721/236/260 718/232/260 140/245/260
f 719/246/261 701/247/262 141/248/262
f 136/249/263 142/233/263 137/229/263
f 152/250/264 736/251/265 746/252/266
f 144/234/267 737/253/267 145/254/267
f 127/224/268 723/255/268 149/237/268
f 130/256/269 730/241/256 151/257/152
f 730/241/256 700/243/258 151/257/152
f 700/243/258 698/258/270 151/257/152
f 698/258/270 719/246/261 151/257/152
f 719/246/261 734/259/271 151/257/152
f 734/259/271 152/250/264 151/257/152
f 147/260/272 157/261/39 148/253/272
f 153/262/273 150/263/274 130/256/269
f 711/264/39 123/209/39 712/265/39
f 751/219/152 752/266/152 725/213/152
f 752/266/152 694/211/152 725/213/152
f 151/257/152 153/262/273 130/256/269
f 161/267/86 713/220/86 119/214/86
f 166/268/40 774/200/40 756/269/40
f 166/268/40 765/203/40 773/204/40
f 163/270/5 750/205/5 159/271/5
f 805/208/275 755/269/275 775/200/275
f 800/272/276 766/203/276 764/273/276
f 754/274/152 784/275/152 165/212/152
f 164/214/86 162/276/86 170/215/86
f 169/277/152 784/275/152 799/278/152
f 799/278/152 784/275/152 751/279/152
f 772/280/86 164/214/86 171/281/86
f 785/224/277 790/282/277 786/222/277
f 792/226/278 801/225/278 176/227/278
f 783/228/279 757/283/279 767/249/279
f 184/231/280 776/232/280 769/245/280
f 191/284/281 797/234/281 188/236/281
f 749/238/5 770/237/282 155/239/5
f 180/228/283 804/240/283 183/285/283
f 178/286/284 789/287/285 760/288/286
f 179/226/287 173/222/287 174/282/287
f 780/236/288 777/232/288 779/284/288
f 778/246/289 761/289/290 758/258/291
f 187/233/292 181/249/292 182/283/292
f 152/290/264 795/251/293 793/259/294
f 796/253/295 189/234/295 190/291/295
f 172/224/296 782/255/296 788/292/296
f 175/293/297 151/257/152 789/287/285
f 789/287/285 151/257/152 760/288/286
f 760/288/286 151/257/152 758/258/291
f 758/258/291 151/257/152 778/246/289
f 778/246/289 151/257/152 793/259/294
f 793/259/294 151/257/152 152/290/264
f 192/260/298 157/261/39 156/294/39
f 195/295/299 153/262/273 175/293/297
f 168/272/39 711/264/39 771/265/39
f 751/279/152 784/275/152 752/296/152
f 752/296/152 784/275/152 754/274/152
f 151/257/152 175/293/297 153/262/273
f 164/214/86 772/280/86 161/297/86
f 900/298/300 850/299/301 854/300/302
f 1091/301/303 324/302/303 1088/303/303
f 939/304/304 838/305/305 840/306/306
f 836/307/307 226/308/307 834/309/307
f 941/310/308 981/311/309 906/312/310
f 310/313/311 1006/314/312 312/315/313
f 949/316/314 1031/317/315 1030/318/316
f 821/319/317 1176/320/318 1123/321/319
f 851/322/320 1114/323/321 274/324/322
f 282/325/323 822/326/324 409/327/325
f 1177/328/326 894/329/327 888/330/328
f 1151/331/329 845/332/330 864/333/331
f 1034/334/332 1127/335/333 1033/336/334
f 1007/337/335 1126/338/336 1057/339/337
f 285/340/338 1136/341/339 1137/342/340
f 407/326/341 944/343/342 943/344/342
f 214/345/343 1149/346/344 1139/347/345
f 1069/348/316 304/349/346 1052/350/347
f 224/351/348 1017/352/349 1061/353/350
f 1045/354/351 924/355/352 1027/356/353
f 829/357/354 1120/358/355 1034/334/332
f 823/359/341 303/360/356 1108/361/357
f 1137/342/340 884/362/358 285/340/338
f 1066/363/359 920/364/360 919/365/361
f 360/366/362 1062/367/363 1064/368/364
f 1070/369/365 1136/341/339 1121/370/366
f 407/326/341 883/371/367 406/372/341
f 1064/368/364 359/373/368 360/366/362
f 1128/335/369 1095/374/370 1132/375/371
f 1092/376/372 196/377/373 1097/378/374
f 882/379/375 818/380/376 820/381/377
f 210/382/378 980/383/379 1040/384/380
f 1016/385/381 1099/386/382 1101/345/383
f 204/387/384 208/388/385 980/383/379
f 980/383/379 210/382/378 204/387/384
f 839/305/386 1178/389/387 842/390/386
f 216/391/388 1164/392/307 1150/331/307
f 219/393/389 220/353/390 863/394/391
f 212/384/392 811/395/393 896/396/391
f 1039/397/394 419/398/395 1056/399/396
f 1164/392/307 216/391/388 226/308/307
f 848/400/397 1175/401/398 847/402/399
f 233/403/400 1153/404/382 1173/405/401
f 1115/406/402 839/305/386 807/407/403
f 227/408/404 1135/409/405 239/400/406
f 239/400/406 1042/410/407 227/408/404
f 1062/367/363 1041/411/386 912/412/386
f 1001/413/388 1018/414/307 1020/415/307
f 244/416/408 245/417/390 1044/418/391
f 847/402/399 1175/401/398 1140/419/391
f 248/420/409 1166/421/410 1154/422/411
f 241/423/412 849/417/413 254/424/414
f 254/424/414 1002/425/415 241/423/412
f 1018/414/307 1001/413/388 255/426/416
f 1003/427/417 1024/428/307 1026/356/307
f 1029/429/408 261/430/418 1046/431/391
f 263/432/419 1089/433/420 1144/434/421
f 266/435/417 1182/436/381 1179/437/401
f 959/438/422 274/324/322 1114/323/321
f 257/439/423 1103/430/424 272/440/425
f 272/440/425 1004/441/426 257/439/423
f 1024/428/307 1003/427/417 273/442/427
f 1122/321/428 280/443/429 286/319/430
f 1047/444/431 276/298/432 1049/445/433
f 1098/378/434 1094/446/435 197/376/436
f 318/447/437 957/448/438 1177/328/326
f 1161/449/439 284/342/440 279/341/441
f 883/371/367 286/319/430 280/443/429
f 1162/450/442 284/342/440 1161/449/439
f 1119/358/443 1096/374/444 200/335/445
f 949/316/314 1030/318/316 951/451/446
f 1110/452/447 298/453/448 1171/454/449
f 437/455/450 992/456/450 438/307/450
f 1111/457/451 294/458/452 1105/459/453
f 945/460/454 390/438/455 1055/461/456
f 933/462/457 292/451/458 1170/463/459
f 895/464/460 997/465/460 861/466/460
f 983/349/461 1005/467/462 984/468/463
f 306/468/464 305/467/464 307/469/464
f 279/341/441 283/470/465 1161/449/439
f 308/471/466 1124/313/467 1125/472/468
f 1005/467/462 983/349/461 1008/473/469
f 287/316/470 288/474/471 289/475/472
f 1015/476/473 316/328/474 317/330/475
f 1009/477/476 1010/478/477 283/470/465
f 1072/479/478 1073/480/479 1090/481/480
f 1109/452/481 1106/482/481 1107/361/481
f 1110/452/447 1108/361/357 303/360/356
f 414/483/482 979/484/483 862/485/484
f 206/407/485 1014/486/486 808/487/487
f 446/488/488 807/407/403 809/487/489
f 333/489/490 201/490/491 1119/358/443
f 860/489/492 329/358/492 334/491/492
f 824/492/493 1082/493/494 1083/494/495
f 1116/495/496 1063/367/497 1051/496/498
f 205/305/499 962/497/499 207/306/500
f 952/498/501 1132/375/371 954/499/391
f 1097/378/374 335/500/502 987/501/388
f 336/498/503 956/499/503 1012/502/503
f 989/503/504 987/501/388 335/500/502
f 867/504/505 911/412/506 869/505/507
f 853/506/508 859/507/509 1180/437/510
f 252/508/511 871/509/512 1169/510/513
f 209/511/391 903/512/514 1013/513/515
f 417/484/516 290/514/517 291/515/518
f 228/367/519 362/516/519 1050/496/520
f 1074/517/521 330/518/522 1000/519/523
f 844/332/524 990/308/525 846/520/526
f 903/512/514 841/521/527 902/388/528
f 967/522/529 993/523/530 966/426/531
f 842/390/386 1016/385/381 1138/347/417
f 963/524/532 1148/525/533 211/383/534
f 211/383/534 1148/525/533 346/526/535
f 1101/345/383 1138/347/417 1016/385/381
f 1060/527/536 1053/528/537 1134/529/536
f 1017/352/349 210/382/378 1040/384/380
f 1021/415/538 1022/530/539 1043/531/540
f 1076/532/541 915/533/542 917/534/543
f 1040/384/380 1061/353/350 1017/352/349
f 889/535/544 893/329/545 891/536/546
f 220/353/390 896/396/391 865/537/391
f 965/538/388 1016/385/381 216/391/388
f 220/353/390 865/537/391 863/394/391
f 1150/331/307 1117/539/307 216/391/388
f 216/391/388 1117/539/307 965/538/388
f 1028/540/524 857/442/547 386/541/548
f 219/393/389 937/351/549 220/353/390
f 858/507/550 386/541/548 857/442/547
f 942/542/551 232/543/552 1059/544/553
f 352/545/554 909/546/533 937/351/549
f 347/547/555 215/390/556 348/347/557
f 1032/548/558 951/451/446 1030/318/316
f 1064/368/364 1036/549/559 357/311/559
f 439/464/560 198/517/561 331/519/562
f 905/550/563 907/551/564 1035/549/564
f 309/552/565 427/339/566 314/338/567
f 898/553/568 852/554/512 850/299/301
f 1023/530/524 966/426/531 993/523/530
f 239/400/406 237/402/569 1042/410/407
f 1173/405/401 364/555/381 233/403/400
f 813/556/570 848/400/397 814/557/571
f 955/558/572 203/378/573 988/501/574
f 914/559/575 868/560/576 848/400/397
f 1100/386/577 897/561/578 222/562/579
f 978/398/313 423/563/313 426/399/342
f 259/356/580 260/540/581 262/354/540
f 384/564/541 969/565/542 925/355/543
f 221/333/582 1118/539/583 218/331/584
f 245/417/390 1140/419/391 1075/566/391
f 916/533/388 233/403/400 1001/413/388
f 245/417/390 1075/566/391 1044/418/391
f 1020/415/307 918/534/307 1001/413/388
f 1001/413/388 918/534/307 916/533/388
f 812/567/585 213/386/586 810/562/587
f 244/416/408 1102/424/534 245/417/390
f 313/568/588 892/536/589 1008/473/469
f 826/569/590 316/328/474 1015/476/473
f 254/424/414 1172/508/591 1002/425/415
f 871/509/512 1102/424/534 873/570/533
f 370/571/592 873/570/533 1102/424/534
f 255/426/416 248/420/409 968/522/417
f 1154/422/411 968/522/417 248/420/409
f 374/572/593 1002/425/415 1172/508/591
f 291/515/518 416/485/594 417/484/516
f 1172/508/591 378/573/595 374/572/593
f 379/574/596 875/575/597 1156/573/598
f 816/576/599 224/351/348 817/577/600
f 1077/578/601 1166/421/410 248/420/409
f 1077/578/601 1068/579/602 373/363/603
f 326/479/604 1104/432/605 1011/580/606
f 257/439/423 1011/580/606 1104/432/605
f 349/581/607 350/538/608 351/539/609
f 322/582/610 1123/321/319 1176/320/318
f 1104/432/605 1103/430/424 257/439/423
f 246/531/351 369/534/352 243/415/353
f 261/430/418 1144/434/421 923/583/391
f 1003/427/417 1037/302/611 323/584/612
f 261/430/418 923/583/391 1046/431/391
f 1026/356/307 385/355/307 1003/427/417
f 1003/427/417 385/355/307 970/565/307
f 264/303/613 383/565/614 265/585/615
f 1029/429/408 899/440/534 261/430/418
f 1155/422/616 1168/586/617 872/587/618
f 411/588/619 822/326/324 412/344/620
f 272/440/425 270/553/621 1004/441/426
f 253/587/622 371/522/623 250/422/624
f 852/554/512 899/440/534 971/589/533
f 994/590/592 971/589/533 899/440/534
f 273/442/427 266/435/417 387/507/417
f 1179/437/401 387/507/417 266/435/417
f 1074/517/521 199/446/625 1131/591/626
f 1047/444/431 1004/441/426 270/553/621
f 841/521/527 211/383/534 902/388/528
f 270/553/621 276/298/432 1047/444/431
f 310/313/311 429/592/627 311/472/341
f 900/298/300 854/300/302 948/593/628
f 1048/594/629 1054/461/307 960/438/307
f 901/298/630 393/593/630 391/595/630
f 1048/594/629 1182/436/381 266/435/417
f 1048/594/629 960/438/307 389/323/307
f 1086/596/631 1157/597/631 1159/598/631
f 1059/544/553 230/599/408 231/409/632
f 1156/573/598 1169/510/513 256/600/391
f 251/586/633 1066/363/359 919/365/361
f 396/598/634 928/601/635 929/602/636
f 402/381/637 396/598/634 929/602/636
f 1084/603/638 403/604/639 974/605/640
f 976/606/641 1085/603/641 973/605/641
f 1071/607/642 281/321/642 1081/608/642
f 332/609/643 1092/376/372 198/517/561
f 961/610/644 1127/335/333 953/498/645
f 237/402/569 241/423/412 1042/410/407
f 1065/458/646 301/611/647 422/493/646
f 424/494/648 420/612/316 425/613/649
f 820/381/377 975/614/650 882/379/375
f 298/453/448 421/615/651 1171/454/449
f 229/368/652 905/550/563 1035/549/564
f 230/599/408 848/400/397 231/409/632
f 885/616/653 419/398/395 886/617/654
f 877/618/655 1037/302/611 1113/619/656
f 931/620/657 421/615/651 979/484/483
f 296/621/658 290/514/517 1163/453/659
f 1163/453/659 977/360/660 296/621/658
f 1111/457/451 292/451/458 294/458/452
f 1111/457/451 1170/463/459 292/451/458
f 341/622/661 208/388/385 204/387/384
f 885/616/653 296/621/658 977/360/660
f 422/493/646 301/611/647 420/612/316
f 881/623/662 1160/598/663 819/380/664
f 311/472/341 319/624/665 935/625/665
f 235/405/666 815/626/667 927/555/668
f 1052/350/347 304/349/346 985/468/669
f 935/625/665 320/627/670 936/628/671
f 985/468/669 995/629/672 1052/350/347
f 339/503/673 337/630/674 338/501/675
f 1080/631/676 1142/632/676 376/579/676
f 1124/313/467 309/552/565 314/338/567
f 890/535/649 986/568/446 1069/348/316
f 448/633/677 904/512/678 341/622/661
f 1008/473/469 983/349/461 313/568/588
f 890/535/649 1015/476/473 317/330/475
f 315/634/679 308/471/466 1125/472/468
f 268/437/680 269/322/681 271/506/682
f 1053/528/537 1135/409/405 227/408/404
f 1125/472/468 934/625/683 315/634/679
f 353/456/684 846/520/526 990/308/525
f 429/592/627 431/635/342 311/472/341
f 827/636/685 315/634/679 934/625/683
f 432/625/686 434/628/686 433/636/686
f 211/383/534 811/395/393 212/384/392
f 830/488/687 342/637/687 831/638/687
f 435/618/688 328/639/688 327/640/688
f 996/641/689 937/351/549 909/546/533
f 1158/597/690 401/642/691 400/601/692
f 837/307/307 225/309/307 440/643/307
f 442/542/693 355/544/693 443/527/693
f 399/644/694 400/601/692 401/642/691
f 1079/631/695 1078/578/695 381/645/695
f 238/646/585 234/404/586 1174/647/587
f 1072/479/478 1089/433/420 263/432/419
f 926/555/696 365/648/697 870/505/698
f 1011/580/606 445/649/699 326/479/604
f 1146/650/649 1162/450/442 1147/651/649
f 1152/404/700 247/652/700 236/647/579
f 832/653/701 344/512/701 449/654/701
f 364/555/381 366/505/363 233/403/400
f 868/560/576 814/557/571 848/400/397
f 912/412/386 233/403/400 366/505/363
f 921/655/702 1130/656/702 1143/632/702
f 1156/573/598 256/600/391 379/574/596
f 982/311/703 356/549/703 908/551/703
f 1031/317/315 415/657/704 418/658/705
f 879/659/706 378/573/595 382/660/707
f 289/475/472 855/661/708 856/657/709
f 410/650/710 884/362/358 1181/662/711
f 952/498/501 1128/335/369 1132/375/371
f 1097/378/374 196/377/373 335/500/502
f 842/390/386 1178/389/387 1016/385/381
f 220/353/390 212/384/392 896/396/391
f 965/538/388 1099/386/382 1016/385/381
f 219/393/389 352/545/554 937/351/549
f 226/308/307 216/391/388 834/309/307
f 359/373/368 444/663/712 360/366/362
f 245/417/390 847/402/399 1140/419/391
f 916/533/388 1153/404/382 233/403/400
f 244/416/408 370/571/592 1102/424/534
f 255/426/416 1001/413/388 248/420/409
f 1142/632/676 1129/656/676 376/579/676
f 375/664/713 875/575/597 379/574/596
f 875/575/597 876/660/714 1156/573/598
f 1077/578/601 373/363/603 1166/421/410
f 261/430/418 263/432/419 1144/434/421
f 1003/427/417 970/565/307 1037/302/611
f 1029/429/408 994/590/592 899/440/534
f 273/442/427 1003/427/417 266/435/417
f 275/594/715 277/665/715 392/461/715
f 1048/594/629 389/323/307 1182/436/381
f 396/598/634 395/597/716 928/601/635
f 402/381/637 398/380/717 396/598/634
f 1084/603/638 397/666/718 403/604/639
f 401/606/691 1158/667/690 394/603/719
f 885/616/653 977/360/660 419/398/395
f 1124/313/467 308/471/466 309/552/565
f 890/535/649 1069/348/316 1015/476/473
f 877/618/655 878/668/720 323/584/612
f 1067/579/721 450/669/722 920/364/360
f 996/641/689 441/577/723 937/351/549
f 377/631/724 1068/579/602 1077/578/601
f 439/464/560 436/670/725 332/609/643
f 1072/479/478 1090/481/480 1089/433/420
f 446/488/488 833/671/726 1115/406/402
f 447/653/701 1013/513/515 903/512/514
f 912/412/386 1041/411/386 233/403/400
f 981/311/309 361/672/727 906/312/310
f 294/458/452 295/673/728 1105/459/453
f 295/673/728 1082/493/494 302/674/729
f 300/675/730 297/452/731 299/454/732
f 1204/223/249 1202/222/249 1203/224/249
f 1209/226/250 1216/225/250 455/227/250
f 1201/228/251 1184/229/251 1190/249/251
f 463/231/252 1194/232/252 1192/245/252
f 470/235/253 1214/234/253 467/236/253
f 1221/238/5 1193/237/254 479/239/5
f 459/228/255 1219/240/255 462/230/255
f 457/242/733 1206/241/734 1187/243/735
f 458/226/259 452/222/259 453/244/259
f 1198/236/260 1195/232/260 1197/235/260
f 1196/246/736 1188/247/737 1185/258/738
f 466/233/263 460/249/263 461/229/263
f 476/250/739 1212/251/740 1210/259/741
f 1213/253/267 468/234/267 469/254/267
f 451/224/268 1200/255/268 1205/223/268
f 454/256/742 475/257/86 1206/241/734
f 1206/241/734 475/257/86 1187/243/735
f 1187/243/735 475/257/86 1185/258/738
f 1185/258/738 475/257/86 1196/246/736
f 1196/246/736 475/257/86 1210/259/741
f 1210/259/741 475/257/86 476/250/739
f 472/253/272 480/294/39 471/260/272
f 474/263/743 477/262/744 454/256/742
f 475/257/86 454/256/742 477/262/744
f 1241/222/277 1242/292/277 1240/224/277
f 1254/225/278 1247/226/278 486/227/278
f 1239/228/279 1222/283/279 1224/285/279
f 494/231/280 1232/232/280 1227/233/280
f 498/236/281 1249/291/281 501/284/281
f 1231/237/282 1221/238/5 479/239/5
f 490/228/283 1257/240/283 487/225/283
f 1244/287/745 488/286/746 1225/288/747
f 483/222/287 489/226/287 484/282/287
f 1236/236/288 1233/232/288 495/245/288
f 1234/246/748 1226/289/749 496/248/749
f 491/249/292 497/233/292 492/283/292
f 476/290/739 1250/251/750 1220/676/751
f 499/234/295 1251/253/295 500/291/295
f 482/224/296 1238/255/296 504/237/296
f 485/293/752 1244/287/745 475/257/86
f 1244/287/745 1225/288/747 475/257/86
f 1225/288/747 1223/258/753 475/257/86
f 1223/258/753 1234/246/748 475/257/86
f 1234/246/748 1248/259/754 475/257/86
f 1248/259/754 476/290/739 475/257/86
f 502/260/298 481/261/39 503/253/298
f 477/262/744 505/295/755 485/293/752
f 475/257/86 477/262/744 485/293/752
f 66/166/756 1260/677/40 1258/678/757
f 509/679/758 1259/680/758 506/681/758
f 62/682/759 508/169/152 688/17/13
f 1268/683/760 512/684/760 1266/685/760
f 514/68/150 533/133/151 510/686/761
f 645/1/1 591/101/98 61/2/2
f 681/4/4 584/687/4 577/5/4
f 578/7/5 519/688/5 1267/689/5
f 1267/689/5 1273/8/5 578/7/5
f 1273/8/5 667/690/5 665/9/5
f 653/10/6 672/164/241 573/11/7
f 70/13/9 609/23/20 566/14/10
f 60/16/12 62/682/759 688/17/13
f 647/21/18 102/130/244 621/22/19
f 586/30/27 588/691/762 686/31/28
f 569/33/30 33/176/5 540/34/5
f 544/36/32 550/692/763 628/37/33
f 679/39/35 601/187/36 560/40/36
f 610/45/40 626/43/40 524/46/40
f 585/54/45 542/159/764 548/55/46
f 543/13/47 542/159/764 585/54/45
f 569/33/30 547/35/31 97/60/51
f 552/70/62 556/85/238 691/71/63
f 98/70/78 557/158/765 599/84/79
f 583/86/81 11/93/156 684/87/82
f 77/89/84 74/23/120 543/13/47
f 3/90/85 629/155/181 1270/91/86
f 683/93/87 7/155/766 12/94/88
f 604/95/90 42/693/767 617/96/91
f 75/22/93 613/130/173 627/98/94
f 630/94/96 2/154/180 534/62/53
f 618/102/99 619/66/57 559/65/56
f 617/96/91 42/693/767 539/103/101
f 86/47/103 545/180/222 95/105/104
f 663/28/25 30/694/214 685/106/106
f 41/49/39 38/43/39 611/45/111
f 598/112/113 85/168/768 675/113/114
f 28/107/116 35/179/219 614/115/117
f 525/42/40 522/117/40 524/46/40
f 606/51/42 605/88/83 684/87/82
f 31/117/124 37/42/769 680/107/107
f 1/68/59 518/695/770 9/123/133
f 53/126/140 24/29/197 26/28/141
f 616/127/143 52/74/771 678/128/74
f 18/132/147 581/696/772 564/83/148
f 514/68/150 516/18/15 532/20/17
f 582/134/152 575/697/152 578/135/153
f 583/86/81 8/698/155 668/137/155
f 101/129/172 81/699/773 627/98/94
f 20/148/174 107/144/157 638/25/22
f 551/149/175 87/125/137 636/118/139
f 48/151/177 51/700/774 523/152/178
f 2/154/180 630/94/96 629/155/181
f 73/119/127 597/121/129 593/156/182
f 647/157/18 674/196/134 104/84/184
f 67/159/186 70/13/9 565/15/11
f 619/160/57 625/701/24 662/161/26
f 4/163/188 43/702/188 5/95/188
f 116/164/189 529/116/240 528/108/190
f 44/137/41 1272/703/41 1271/91/41
f 1271/91/41 7/155/766 683/93/87
f 669/2/130 576/122/132 579/165/191
f 594/167/193 673/173/206 63/4/194
f 660/147/39 654/44/39 38/43/39
f 68/15/14 71/14/126 596/99/95
f 628/37/33 79/113/775 568/168/196
f 24/161/197 50/41/225 49/40/198
f 538/53/200 536/52/204 19/63/201
f 549/55/41 67/159/186 1264/169/41
f 67/159/186 65/17/187 1264/169/41
f 80/71/110 567/704/109 597/171/129
f 13/87/89 12/94/88 520/64/203
f 594/167/193 78/705/776 76/172/205
f 32/50/41 676/49/41 677/111/138
f 635/175/207 530/116/121 99/12/123
f 523/152/178 51/700/774 540/34/5
f 642/177/209 586/30/27 644/32/29
f 692/58/49 526/42/38 654/44/39
f 531/105/215 82/108/777 90/116/216
f 527/108/108 95/105/104 545/180/222
f 632/74/220 614/115/117 35/179/219
f 521/63/54 534/62/53 18/132/147
f 587/78/72 45/77/71 651/59/68
f 109/141/245 689/139/234 58/39/233
f 603/706/5 578/199/246 1261/198/5
f 578/199/246 665/707/778 1262/197/5
f 665/707/778 93/708/5 1262/197/5
f 715/200/41 714/204/41 121/201/41
f 705/203/41 703/210/41 121/201/41
f 750/205/5 748/208/5 118/206/5
f 716/200/247 695/202/247 693/206/247
f 706/203/248 122/265/248 741/209/248
f 727/222/249 731/244/249 728/223/249
f 742/225/250 744/240/250 733/226/250
f 724/228/251 707/249/251 697/229/251
f 139/231/252 709/245/252 717/232/252
f 738/234/253 735/254/253 146/235/253
f 710/237/254 722/255/254 749/238/5
f 135/228/255 138/230/255 745/240/255
f 730/241/256 732/709/257 133/242/257
f 128/222/259 739/227/259 134/226/259
f 721/236/260 720/235/260 718/232/260
f 719/246/261 698/258/270 701/247/262
f 136/249/263 708/231/263 142/233/263
f 152/250/264 734/259/271 736/251/265
f 144/234/267 743/260/267 737/253/267
f 127/224/268 729/223/268 723/255/268
f 147/260/272 156/294/39 157/261/39
f 153/262/273 154/710/779 150/263/274
f 711/264/39 158/711/39 123/209/39
f 117/216/86 160/712/86 119/214/86
f 160/712/86 161/267/86 119/214/86
f 166/268/40 773/204/40 774/200/40
f 166/268/40 763/273/40 765/203/40
f 163/270/5 806/208/5 750/205/5
f 805/208/275 753/270/275 755/269/275
f 800/272/276 167/265/276 766/203/276
f 785/224/277 787/292/277 790/282/277
f 792/226/278 803/240/278 801/225/278
f 783/228/279 759/285/279 757/283/279
f 184/231/280 762/233/280 776/232/280
f 191/284/281 794/291/281 797/234/281
f 749/238/5 781/255/282 770/237/282
f 180/228/283 177/225/283 804/240/283
f 178/286/284 791/713/284 789/287/285
f 179/226/287 798/227/287 173/222/287
f 780/236/288 185/245/288 777/232/288
f 778/246/289 186/248/290 761/289/290
f 187/233/292 768/231/292 181/249/292
f 152/290/264 746/676/266 795/251/293
f 796/253/295 802/260/295 189/234/295
f 172/224/296 194/237/296 782/255/296
f 192/260/298 193/253/298 157/261/39
f 195/295/299 154/710/779 153/262/273
f 168/272/39 158/714/39 711/264/39
f 161/297/86 160/715/86 164/214/86
f 160/715/86 162/276/86 164/214/86
f 900/298/300 898/553/568 850/299/301
f 1091/301/303 1112/619/303 324/302/303
f 939/304/304 206/407/485 838/305/305
f 836/307/307 991/456/307 226/308/307
f 941/310/308 940/373/780 981/311/309
f 310/313/311 1126/338/336 1006/314/312
f 949/316/314 950/475/781 1031/317/315
f 821/319/317 282/325/323 1176/320/318
f 851/322/320 1183/436/782 1114/323/321
f 282/325/323 821/319/317 822/326/324
f 1177/328/326 957/448/438 894/329/327
f 1151/331/329 1165/392/783 845/332/330
f 1034/334/332 1120/358/355 1127/335/333
f 1007/337/335 1006/314/312 1126/338/336
f 285/340/338 1121/370/366 1136/341/339
f 407/326/341 406/372/341 944/343/342
f 214/345/343 812/567/585 1149/346/344
f 1069/348/316 986/568/446 304/349/346
f 224/351/348 835/716/784 1017/352/349
f 1045/354/351 922/717/785 924/355/352
f 829/357/354 828/491/354 1120/358/355
f 823/359/341 978/398/313 303/360/356
f 1137/342/340 1181/662/711 884/362/358
f 1066/363/359 1067/579/721 920/364/360
f 360/366/362 1041/411/386 1062/367/363
f 1070/369/365 321/477/786 1136/341/339
f 407/326/341 286/319/430 883/371/367
f 1064/368/364 357/311/559 359/373/368
f 882/379/375 880/718/787 818/380/376
f 1039/397/394 886/617/654 419/398/395
f 848/400/397 813/556/570 1175/401/398
f 1115/406/402 1178/389/387 839/305/386
f 959/438/422 947/719/788 274/324/322
f 1122/321/428 278/607/428 280/443/429
f 1098/378/434 1133/720/789 1094/446/435
f 318/447/437 958/721/790 957/448/438
f 1162/450/442 408/662/791 284/342/440
f 1119/358/443 201/490/491 1096/374/444
f 1110/452/447 303/360/356 298/453/448
f 437/455/450 910/722/450 992/456/450
f 945/460/454 946/723/792 390/438/455
f 933/462/457 287/316/470 292/451/458
f 895/464/460 999/519/460 997/465/460
f 279/341/441 1009/477/476 283/470/465
f 287/316/470 933/462/457 288/474/471
f 414/483/482 931/620/657 979/484/483
f 206/407/485 939/304/304 1014/486/486
f 446/488/488 1115/406/402 807/407/403
f 333/489/490 998/724/793 201/490/491
f 824/492/493 302/674/729 1082/493/494
f 1116/495/496 229/368/652 1063/367/497
f 205/305/499 843/390/794 962/497/499
f 867/504/505 913/516/795 911/412/506
f 853/506/508 972/725/796 859/507/509
f 252/508/511 1102/424/534 871/509/512
f 417/484/516 1163/453/659 290/514/517
f 228/367/519 240/412/797 362/516/519
f 1074/517/521 1131/591/626 330/518/522
f 844/332/524 217/392/798 990/308/525
f 903/512/514 209/511/391 841/521/527
f 967/522/529 874/726/799 993/523/530
f 1060/527/536 1058/544/800 1053/528/537
f 1021/415/538 1019/414/783 1022/530/539
f 1076/532/541 1141/652/801 915/533/542
f 889/535/544 887/330/802 893/329/545
f 1028/540/524 1025/428/798 857/442/547
f 858/507/550 388/727/803 386/541/548
f 942/542/551 358/728/804 232/543/552
f 347/547/555 345/497/805 215/390/556
f 1032/548/558 1065/458/646 951/451/446
f 439/464/560 332/609/643 198/517/561
f 309/552/565 428/729/806 427/339/566
f 898/553/568 899/440/534 852/554/512
f 1023/530/524 242/414/798 966/426/531
f 955/558/572 202/720/807 203/378/573
f 1100/386/577 964/538/808 897/561/578
f 978/398/313 823/359/341 423/563/313
f 259/356/580 258/428/783 260/540/581
f 384/564/541 1145/585/801 969/565/542
f 221/333/582 866/730/809 1118/539/583
f 812/567/585 214/345/343 213/386/586
f 313/568/588 430/535/810 892/536/589
f 826/569/590 825/447/811 316/328/474
f 291/515/518 932/731/812 416/485/594
f 816/576/599 835/716/784 224/351/348
f 349/581/607 223/561/813 350/538/608
f 322/582/610 405/608/814 1123/321/319
f 246/531/351 367/732/785 369/534/352
f 264/303/613 1038/302/815 383/565/614
f 1155/422/616 1167/421/816 1168/586/617
f 411/588/619 409/327/325 822/326/324
f 253/587/622 372/733/817 371/522/623
f 1074/517/521 1093/376/818 199/446/625
f 841/521/527 963/524/532 211/383/534
f 310/313/311 312/315/313 429/592/627
f 1059/544/553 232/543/552 230/599/408
f 1156/573/598 252/508/511 1169/510/513
f 251/586/633 249/421/819 1066/363/359
f 332/609/643 196/377/373 1092/376/372
f 961/610/644 1033/336/334 1127/335/333
f 237/402/569 849/417/413 241/423/412
f 1065/458/646 1032/548/558 301/611/647
f 424/494/648 422/493/646 420/612/316
f 820/381/377 930/602/820 975/614/650
f 298/453/448 979/484/483 421/615/651
f 229/368/652 1116/495/496 905/550/563
f 230/599/408 914/559/575 848/400/397
f 877/618/655 323/584/612 1037/302/611
f 341/622/661 904/512/678 208/388/385
f 881/623/662 1087/596/821 1160/598/663
f 311/472/341 431/635/342 319/624/665
f 235/405/666 238/646/585 815/626/667
f 935/625/665 319/624/665 320/627/670
f 339/503/673 340/734/822 337/630/674
f 1080/631/676 380/735/676 1142/632/676
f 448/633/677 938/654/677 904/512/678
f 268/437/680 267/436/823 269/322/681
f 1053/528/537 1058/544/800 1135/409/405
f 353/456/684 354/736/824 846/520/526
f 211/383/534 346/526/535 811/395/393
f 830/488/687 343/487/687 342/637/687
f 435/618/688 325/619/688 328/639/688
f 399/644/694 404/602/825 400/601/692
f 238/646/585 235/405/666 234/404/586
f 926/555/696 363/626/826 365/648/697
f 1146/650/649 408/662/791 1162/450/442
f 1152/404/700 368/533/827 247/652/700
f 1031/317/315 950/475/781 415/657/704
f 879/659/706 374/572/593 378/573/595
f 289/475/472 288/474/471 855/661/708
f 410/650/710 413/737/828 884/362/358
f 294/458/452 1082/493/494 295/673/728
f 300/675/730 293/482/829 297/452/731
f 1204/223/249 1207/244/249 1202/222/249
f 1209/226/250 1218/240/250 1216/225/250
f 1201/228/251 1186/230/251 1184/229/251
f 463/231/252 1189/233/252 1194/232/252
f 470/235/253 1211/254/253 1214/234/253
f 1221/238/5 1199/255/254 1193/237/254
f 459/228/255 456/225/255 1219/240/255
f 457/242/733 1208/709/733 1206/241/734
f 458/226/259 1215/227/259 452/222/259
f 1198/236/260 464/245/260 1195/232/260
f 1196/246/736 465/248/737 1188/247/737
f 466/233/263 1191/231/263 460/249/263
f 476/250/739 1220/252/751 1212/251/740
f 1213/253/267 1217/260/267 468/234/267
f 451/224/268 473/237/268 1200/255/268
f 472/253/272 481/261/39 480/294/39
f 474/263/743 478/710/830 477/262/744
f 1241/222/277 1245/282/277 1242/292/277
f 1254/225/278 1256/240/278 1247/226/278
f 1239/228/279 1228/249/279 1222/283/279
f 494/231/280 1230/245/280 1232/232/280
f 498/236/281 1252/234/281 1249/291/281
f 1231/237/282 1237/255/282 1221/238/5
f 490/228/283 493/285/283 1257/240/283
f 1244/287/745 1246/713/746 488/286/746
f 483/222/287 1253/227/287 489/226/287
f 1236/236/288 1235/284/288 1233/232/288
f 1234/246/748 1223/258/753 1226/289/749
f 491/249/292 1229/231/292 497/233/292
f 476/290/739 1248/259/754 1250/251/750
f 499/234/295 1255/260/295 1251/253/295
f 482/224/296 1243/292/296 1238/255/296
f 502/260/298 480/294/39 481/261/39
f 477/262/744 478/710/830 505/295/755
f 1258/678/757 646/3/3 61/2/2
f 61/2/2 66/166/756 1258/678/757
f 509/679/758 1265/738/758 1259/680/758
f 62/682/759 507/739/152 508/169/152
f 1268/683/760 513/740/760 512/684/760
f 511/741/40 10/695/831 510/686/761
f 10/695/831 514/68/150 510/686/761
