# Blender 5.0.1
# www.blender.org
mtllib 90.mtl
o 90
v -0.201126 -0.409052 1.011943
v 0.462652 -0.105567 1.008745
v 0.462639 0.105625 1.008745
v 0.192638 0.400081 1.008745
v -0.016088 0.422995 1.015734
v -0.207338 0.424598 1.008745
v -0.358768 0.321321 1.008745
v -0.463466 0.121735 1.008745
v -0.429783 -0.083309 1.008571
v -0.389067 -0.287195 1.008745
v -0.311610 -0.227604 1.061663
v -0.389271 -0.071715 1.061663
v -0.367406 0.112829 1.061663
v -0.279496 0.269672 1.061663
v -0.158621 0.351165 1.061663
v -0.009196 0.344990 1.063796
v 0.156059 0.324113 1.061663
v 0.368261 0.084228 1.061663
v 0.368758 -0.084286 1.061663
v 0.305902 -0.240561 1.061663
v 0.185825 -0.350811 1.061663
v 0.016386 -0.385533 1.061663
v -0.159093 -0.321755 1.064861
v -0.273074 -0.200201 0.583012
v -0.345308 -0.261268 0.801859
v -0.185481 -0.385217 0.801859
v -0.145086 -0.301323 0.583012
v 0.260589 0.206729 0.583012
v 0.331998 0.261911 0.801859
v 0.178046 0.369777 0.801859
v 0.140921 0.292672 0.583012
v -0.007152 0.394549 0.808849
v -0.001884 0.312365 0.590001
v 0.011083 -0.432869 0.801859
v 0.012707 -0.340542 0.583012
v -0.184394 0.387551 0.801859
v -0.138302 0.316516 0.583012
v 0.201090 -0.392686 0.801859
v 0.164306 -0.310541 0.583012
v -0.325270 0.287193 0.801859
v -0.249761 0.245824 0.583012
v 0.342624 -0.270564 0.801859
v 0.275538 -0.215266 0.583012
v -0.417204 0.115671 0.801859
v -0.323771 0.115095 0.583012
v 0.417583 -0.095473 0.801859
v 0.331390 -0.076293 0.583012
v -0.395578 -0.070457 0.802937
v -0.337176 -0.048486 0.583012
v 0.416852 0.095232 0.801859
v 0.327721 0.076880 0.583012
v -0.204023 -0.139739 0.662743
v -0.251349 -0.016816 0.662743
v -0.242058 0.109602 0.662743
v -0.186014 0.208081 0.662743
v -0.099604 0.259803 0.662743
v 0.005538 0.267856 0.662743
v 0.113537 0.235800 0.662743
v 0.203572 0.166436 0.662743
v 0.255727 0.064443 0.662743
v 0.259560 -0.055336 0.662743
v 0.215162 -0.165462 0.662743
v 0.128329 -0.238678 0.662743
v 0.011091 -0.260951 0.662743
v -0.109487 -0.227388 0.662743
v -0.053443 -0.465458 1.008745
v 0.017107 -0.426555 1.039446
v 0.194274 -0.368206 1.051145
v 0.016574 -0.472278 0.963702
v -0.444978 -0.175145 1.008745
v -0.421439 -0.079480 1.043890
v -0.356031 -0.055956 0.626754
v -0.479561 -0.039749 1.008745
v -0.420080 -0.109109 0.801859
v -0.428925 -0.049482 0.801859
v 0.310266 0.327080 1.008745
v 0.398682 0.231601 1.008745
v 0.323513 0.172398 1.061663
v 0.237009 0.269647 1.061663
v 0.216421 0.175768 0.719790
v 0.459946 0.092485 0.838585
v 0.405541 0.259518 0.871899
v 0.244308 0.397681 0.932325
v 0.398898 0.109108 0.697540
v 0.245057 0.088720 0.481390
v 0.337211 0.262722 0.733910
v 0.178925 0.201606 0.480308
v 0.201695 0.387935 0.785559
v 0.083358 0.302198 0.535657
v 0.372250 0.236973 0.889994
v 0.412886 0.073194 0.865366
v 0.224308 0.363745 0.945439
v 0.179575 0.355067 0.799396
v 0.066919 0.272169 0.564598
v 0.154608 0.179869 0.513811
v 0.351331 0.088882 0.724535
v 0.211103 0.069501 0.524374
v 0.264698 0.189828 0.584102
v 0.210437 0.254832 0.607483
v 0.215464 0.174294 0.513030
v 0.161203 0.239299 0.536411
v 0.284409 0.213823 0.564709
v 0.230148 0.278827 0.588090
v 0.235175 0.198290 0.493637
v 0.180914 0.263294 0.517018
v 0.425915 0.151867 0.834745
v 0.382954 0.224126 0.809262
v 0.410635 0.115159 0.756415
v 0.367674 0.187418 0.730933
v 0.456929 0.166161 0.821547
v 0.413968 0.238421 0.796064
v 0.441649 0.129453 0.743217
v 0.398688 0.201713 0.717735
v 0.321133 0.303829 0.848698
v 0.262240 0.360519 0.880856
v 0.282046 0.307791 0.770130
v 0.223153 0.364482 0.802288
v 0.342409 0.332032 0.839089
v 0.283515 0.388722 0.871246
v 0.303322 0.335994 0.760520
v 0.244428 0.392685 0.792679
v -0.465549 0.100897 0.834464
v -0.489141 -0.078281 0.865058
v -0.411251 -0.282988 0.918201
v -0.388506 0.056056 0.642750
v -0.301406 0.013254 0.514602
v -0.407310 -0.113332 0.672279
v -0.311400 -0.120106 0.517285
v -0.341657 -0.290729 0.718012
v -0.268022 -0.259479 0.561135
v -0.436146 -0.067103 0.889994
v -0.412554 0.112075 0.859400
v -0.358255 -0.271810 0.943137
v -0.288662 -0.279551 0.742948
v -0.215027 -0.248301 0.586071
v -0.258404 -0.108928 0.542221
v -0.335510 0.067233 0.667686
v -0.248411 0.024432 0.539539
v -0.377975 -0.089768 0.610845
v -0.357276 -0.168935 0.642792
v -0.327990 -0.105178 0.540273
v -0.307291 -0.184345 0.572219
v -0.404916 -0.103898 0.594378
v -0.384217 -0.183065 0.626324
v -0.354932 -0.119307 0.523805
v -0.334233 -0.198474 0.555752
v -0.460721 0.032666 0.831022
v -0.457570 -0.049668 0.800565
v -0.430016 0.062252 0.754222
v -0.426865 -0.020082 0.723764
v -0.487465 0.035041 0.820887
v -0.484314 -0.047293 0.790428
v -0.456761 0.064627 0.744086
v -0.453610 -0.017707 0.713628
v -0.432891 -0.152760 0.831846
v -0.412536 -0.229811 0.868794
v -0.401293 -0.181263 0.754998
v -0.380938 -0.258315 0.791946
v -0.463925 -0.165475 0.823370
v -0.443570 -0.242527 0.860318
v -0.432327 -0.193978 0.746522
v -0.411972 -0.271030 0.783470
v 0.421634 -0.199410 1.008745
v 0.340837 -0.268975 1.036026
v 0.357060 -0.282250 0.886257
v 0.213419 -0.413339 0.895476
v 0.180526 -0.433656 0.948970
v 0.237047 -0.364970 1.035931
v -0.054386 -0.112951 0.552399
v -0.104258 -0.066712 0.552399
v 0.009225 -0.130656 0.552399
v -0.049172 0.144066 0.552399
v 0.006295 0.148314 0.552399
v 0.063270 0.131403 0.552399
v 0.110768 0.094810 0.552399
v -0.124323 0.064828 0.552399
v -0.094757 0.116780 0.552399
v 0.116882 -0.080281 0.552399
v 0.071073 -0.118906 0.552399
v -0.129224 -0.001864 0.552399
v 0.138282 0.041004 0.552399
v 0.140304 -0.022185 0.552399
v -0.149804 -0.298326 0.173059
v 0.003691 -0.313022 0.173059
v 0.154949 -0.303928 0.173059
v 0.271901 -0.221290 0.173059
v 0.319861 -0.079573 0.173059
v 0.318849 0.077904 0.173059
v 0.268496 0.217492 0.173059
v 0.151232 0.298560 0.173059
v 0.006135 0.320252 0.173059
v -0.137918 0.313466 0.173059
v -0.311550 0.108231 0.173059
v -0.319159 -0.055031 0.173059
v -0.271100 -0.206789 0.173059
v -0.149804 -0.298326 -0.080196
v 0.003691 -0.313022 -0.080196
v 0.154949 -0.303928 -0.080196
v 0.271901 -0.221290 -0.080196
v 0.319861 -0.079573 -0.080196
v 0.318849 0.077904 -0.080196
v 0.268496 0.217492 -0.080196
v 0.151232 0.298560 -0.080196
v 0.006135 0.320252 -0.080196
v -0.137918 0.313466 -0.080196
v -0.255204 0.244985 -0.080196
v -0.311550 0.108231 -0.080196
v -0.319159 -0.055031 -0.080196
v -0.271100 -0.206789 -0.080196
v -0.090966 -0.186518 0.492810
v -0.090966 -0.186518 0.393185
v 0.003667 -0.206178 0.391459
v 0.003667 -0.206178 0.491084
v 0.096920 -0.189972 0.393184
v 0.096920 -0.189972 0.492809
v 0.168662 -0.133233 0.393955
v 0.168662 -0.133233 0.493580
v 0.205211 -0.046226 0.392807
v 0.205211 -0.046226 0.492433
v 0.204609 0.050970 0.392764
v 0.204609 0.050970 0.492390
v 0.166633 0.136746 0.393813
v 0.166633 0.136746 0.493438
v 0.094714 0.193770 0.392851
v 0.094714 0.193770 0.492476
v 0.005180 0.215078 0.391594
v 0.005180 0.215078 0.491219
v -0.083706 0.202940 0.392906
v -0.083706 0.202940 0.492532
v -0.155609 0.153617 0.393932
v -0.155609 0.153617 0.493558
v -0.197186 0.069670 0.392871
v -0.197186 0.069670 0.492497
v -0.201883 -0.031073 0.392867
v -0.201883 -0.031073 0.492492
v -0.165374 -0.124309 0.393964
v -0.165374 -0.124309 0.493589
v -0.104702 -0.208455 -0.080197
v 0.003664 -0.218830 -0.080197
v 0.110451 -0.212410 -0.080197
v 0.193018 -0.154067 -0.080197
v 0.226877 -0.054016 -0.080197
v 0.226163 0.057161 -0.080197
v 0.190614 0.155709 -0.080197
v 0.107826 0.212943 -0.080197
v 0.005389 0.228257 -0.080197
v -0.096311 0.223466 -0.080197
v -0.179114 0.175119 -0.080197
v -0.218894 0.078572 -0.080197
v -0.224266 -0.036690 -0.080197
v -0.190337 -0.143830 -0.080197
v -0.071293 -0.141881 0.105596
v 0.003644 -0.149056 0.105596
v 0.077488 -0.144616 0.105596
v 0.134584 -0.104272 0.105596
v 0.157999 -0.035085 0.105596
v 0.157505 0.041796 0.105596
v 0.132922 0.109943 0.105596
v 0.075673 0.149521 0.105596
v 0.004837 0.160111 0.105596
v -0.065491 0.156798 0.105596
v -0.122750 0.123366 0.105596
v -0.150258 0.056602 0.105596
v -0.153973 -0.023103 0.105596
v -0.130511 -0.097192 0.105596
v -0.220964 0.264977 0.173059
v -0.296287 0.145275 0.173059
v -0.255204 0.244985 0.124844
v -0.217923 0.210783 0.255737
v 0.277761 0.068217 0.252079
v 0.289858 0.158271 0.173059
v 0.277842 0.107185 0.175140
v 0.311673 0.097797 0.173059
v 0.285451 0.170489 0.093333
v 0.143235 0.346080 0.659912
v 0.258776 0.233177 0.606412
v 0.333744 0.107828 0.569052
v 0.123247 0.313618 0.681997
v 0.281217 0.079191 0.624454
v 0.297111 0.301360 0.918154
v 0.298150 0.248926 0.761098
v 0.068742 0.380458 0.505553
v 0.066479 0.382386 0.383427
v -0.055647 0.380457 0.381163
v -0.056881 0.381366 0.506786
v 0.068918 0.366965 0.517255
v -0.056974 0.368138 0.518430
v -0.068524 0.368138 0.506880
v -0.067349 0.366965 0.380988
v -0.055571 0.367059 0.369540
v 0.066291 0.369201 0.371736
v 0.078170 0.369201 0.383615
v 0.080365 0.367058 0.505477
v -0.052874 0.208370 0.493578
v -0.043671 0.208370 0.502780
v -0.043358 0.208072 0.385655
v 0.055128 0.207960 0.502517
v 0.063180 0.209635 0.396058
v 0.064250 0.208071 0.493264
v -0.052611 0.207959 0.394777
v 0.053848 0.209635 0.386726
v -0.065742 0.253312 0.504473
v -0.054567 0.253312 0.515648
v -0.053699 0.252671 0.372504
v 0.066324 0.252580 0.514921
v 0.075691 0.254337 0.385628
v 0.077401 0.252671 0.503605
v -0.065015 0.252580 0.383581
v 0.064278 0.254337 0.374215
v 0.380458 -0.068742 0.505553
v 0.382386 -0.066479 0.383427
v 0.380457 0.055647 0.381163
v 0.381366 0.056881 0.506786
v 0.366965 -0.068918 0.517255
v 0.368138 0.056974 0.518430
v 0.368138 0.068524 0.506880
v 0.366965 0.067349 0.380988
v 0.367059 0.055571 0.369540
v 0.369201 -0.066291 0.371736
v 0.369201 -0.078170 0.383615
v 0.367058 -0.080365 0.505477
v 0.208370 0.052874 0.493578
v 0.208370 0.043671 0.502780
v 0.208072 0.043358 0.385655
v 0.207960 -0.055128 0.502517
v 0.209635 -0.063180 0.396058
v 0.208071 -0.064250 0.493264
v 0.207959 0.052611 0.394777
v 0.209635 -0.053848 0.386726
v 0.253312 0.065742 0.504473
v 0.253312 0.054567 0.515648
v 0.252671 0.053699 0.372504
v 0.252580 -0.066324 0.514921
v 0.254337 -0.075691 0.385628
v 0.252671 -0.077401 0.503605
v 0.252580 0.065015 0.383581
v 0.254337 -0.064278 0.374215
v -0.068742 -0.380458 0.505553
v -0.066479 -0.382386 0.383427
v 0.055647 -0.380457 0.381163
v 0.056881 -0.381366 0.506786
v -0.068918 -0.366965 0.517255
v 0.056974 -0.368138 0.518430
v 0.068524 -0.368138 0.506880
v 0.067349 -0.366965 0.380988
v 0.055571 -0.367059 0.369540
v -0.066291 -0.369201 0.371736
v -0.078170 -0.369201 0.383615
v -0.080365 -0.367058 0.505477
v 0.052874 -0.208370 0.493578
v 0.043671 -0.208370 0.502780
v 0.043358 -0.208072 0.385655
v -0.055128 -0.207960 0.502517
v -0.063180 -0.209635 0.396058
v -0.064250 -0.208071 0.493264
v 0.052611 -0.207959 0.394777
v -0.053847 -0.209635 0.386726
v 0.065742 -0.253312 0.504473
v 0.054567 -0.253312 0.515648
v 0.053700 -0.252671 0.372504
v -0.066324 -0.252580 0.514921
v -0.075691 -0.254337 0.385628
v -0.077401 -0.252671 0.503605
v 0.065015 -0.252580 0.383581
v -0.064278 -0.254337 0.374215
v -0.380458 0.068742 0.505553
v -0.382386 0.066479 0.383427
v -0.380457 -0.055647 0.381163
v -0.381366 -0.056881 0.506786
v -0.366965 0.068918 0.517255
v -0.368138 -0.056974 0.518430
v -0.368138 -0.068524 0.506880
v -0.366965 -0.067349 0.380988
v -0.367059 -0.055571 0.369540
v -0.369201 0.066291 0.371736
v -0.369201 0.078170 0.383615
v -0.367058 0.080365 0.505477
v -0.208370 -0.052874 0.493578
v -0.208370 -0.043671 0.502780
v -0.208072 -0.043358 0.385655
v -0.207960 0.055128 0.502517
v -0.209635 0.063180 0.396058
v -0.208071 0.064250 0.493264
v -0.207959 -0.052611 0.394777
v -0.209635 0.053848 0.386726
v -0.253312 -0.065742 0.504473
v -0.253312 -0.054567 0.515648
v -0.252671 -0.053699 0.372504
v -0.252580 0.066324 0.514921
v -0.254337 0.075691 0.385628
v -0.252671 0.077401 0.503605
v -0.252580 -0.065015 0.383581
v -0.254337 0.064278 0.374215
v 0.081466 -0.159908 0.396121
v 0.109500 -0.128934 0.409693
v 0.127146 -0.110078 0.445226
v 0.127664 -0.110542 0.489146
v 0.110855 -0.130148 0.524679
v 0.055107 -0.192383 0.524679
v 0.037461 -0.211239 0.489146
v 0.036943 -0.210776 0.445226
v 0.053752 -0.191169 0.409693
v 0.279879 -0.281556 0.326880
v 0.195012 -0.352370 0.295130
v 0.180314 -0.339204 0.255886
v 0.270516 -0.238506 0.255886
v 0.285215 -0.251673 0.295130
v 0.224131 -0.343791 0.326880
v 0.185650 -0.309320 0.224137
v 0.208982 -0.274134 0.212010
v 0.292584 -0.259716 0.230735
v 0.331841 -0.331779 0.246445
v 0.233281 -0.388902 0.230704
v 0.241398 -0.247086 0.224137
v 0.323846 -0.289005 0.240448
v 0.275869 -0.393519 0.240423
v 0.202019 -0.359613 0.220991
v 0.206458 -0.277127 0.005368
v 0.315225 -0.279460 -0.031908
v 0.324754 -0.320773 -0.043393
v 0.199842 -0.359203 -0.008802
v 0.190312 -0.317889 0.002683
v 0.242114 -0.252485 -0.001772
v 0.283659 -0.253376 -0.016011
v 0.272952 -0.386178 -0.038938
v 0.231407 -0.385287 -0.024699
v 0.206892 -0.272262 -0.012351
v 0.304545 -0.303652 -0.100414
v 0.212283 -0.367841 -0.076074
v 0.186384 -0.309978 -0.021648
v 0.242132 -0.247744 -0.021648
v 0.278646 -0.245789 -0.045988
v 0.302486 -0.267144 -0.076074
v 0.248797 -0.365886 -0.100414
v 0.188443 -0.346486 -0.045988
v 0.106908 -0.149722 0.014726
v 0.145989 -0.133582 0.002823
v 0.173855 -0.129171 -0.030845
v 0.179864 -0.138175 -0.073416
v 0.161719 -0.157153 -0.108631
v 0.087271 -0.194998 -0.111135
v 0.059404 -0.199409 -0.077467
v 0.053396 -0.190405 -0.034896
v 0.071540 -0.171427 0.000319
v -0.108545 -0.129059 0.396121
v -0.071228 -0.147841 0.409693
v -0.048356 -0.159834 0.445226
v -0.048666 -0.160456 0.489146
v -0.072038 -0.149471 0.524679
v -0.146862 -0.112291 0.524679
v -0.169734 -0.100298 0.489146
v -0.169425 -0.099675 0.445226
v -0.146052 -0.110661 0.409693
v -0.173016 -0.352687 0.326880
v -0.263858 -0.289721 0.295130
v -0.255077 -0.272049 0.255886
v -0.134008 -0.332207 0.255886
v -0.142790 -0.349879 0.295130
v -0.247840 -0.315507 0.326880
v -0.224851 -0.269241 0.224137
v -0.184725 -0.282370 0.212010
v -0.148582 -0.359123 0.230735
v -0.207602 -0.416139 0.246445
v -0.288891 -0.336330 0.230704
v -0.150026 -0.306421 0.224137
v -0.168497 -0.397051 0.240448
v -0.282009 -0.378611 0.240423
v -0.268975 -0.298402 0.220991
v -0.188281 -0.280734 0.005368
v -0.161591 -0.386201 -0.031908
v -0.198879 -0.406379 -0.043393
v -0.269159 -0.296194 -0.008802
v -0.231870 -0.276016 0.002683
v -0.155041 -0.308548 -0.001772
v -0.144846 -0.348832 -0.016011
v -0.275709 -0.373847 -0.038938
v -0.285904 -0.333562 -0.024699
v -0.183476 -0.279857 -0.012351
v -0.187752 -0.382343 -0.100414
v -0.274176 -0.310485 -0.076074
v -0.225289 -0.270124 -0.021648
v -0.150465 -0.307305 -0.021648
v -0.138865 -0.341982 -0.045988
v -0.153108 -0.370644 -0.076074
v -0.262576 -0.345163 -0.100414
v -0.259934 -0.281823 -0.045988
v -0.102606 -0.146048 0.014726
v -0.065820 -0.166894 0.002823
v -0.045181 -0.186131 -0.030845
v -0.048573 -0.196410 -0.073416
v -0.074700 -0.193805 -0.108631
v -0.150370 -0.158465 -0.111135
v -0.171008 -0.139228 -0.077467
v -0.167616 -0.128949 -0.034896
v -0.141489 -0.131554 0.000319
v 0.071987 0.110833 0.396121
v 0.036992 0.133651 0.409693
v 0.015597 0.148115 0.445226
v 0.015974 0.148699 0.489146
v 0.037978 0.135180 0.524679
v 0.108200 0.089905 0.524679
v 0.129595 0.075441 0.489146
v 0.129219 0.074857 0.445226
v 0.107214 0.088376 0.409693
v 0.160943 0.325897 0.326880
v 0.244214 0.253214 0.295130
v 0.233521 0.236629 0.255886
v 0.119899 0.309886 0.255886
v 0.130592 0.326471 0.295130
v 0.231165 0.280622 0.326880
v 0.203170 0.237202 0.224137
v 0.164755 0.254715 0.212010
v 0.137377 0.335013 0.230735
v 0.202376 0.385107 0.246445
v 0.274278 0.296748 0.230704
v 0.132948 0.282478 0.224137
v 0.161389 0.370489 0.240448
v 0.272144 0.339532 0.240423
v 0.250266 0.261271 0.220991
v 0.168106 0.252693 0.005368
v 0.153318 0.360475 -0.031908
v 0.192621 0.376378 -0.043393
v 0.250202 0.259057 -0.008802
v 0.210900 0.243153 0.002683
v 0.138168 0.284033 -0.001772
v 0.132519 0.325202 -0.016010
v 0.265353 0.335498 -0.038937
v 0.271002 0.294329 -0.024699
v 0.163234 0.252356 -0.012351
v 0.178887 0.353730 -0.100414
v 0.256778 0.272701 -0.076074
v 0.203704 0.238031 -0.021648
v 0.133482 0.283307 -0.021648
v 0.125813 0.319059 -0.045988
v 0.143157 0.345959 -0.076074
v 0.249109 0.308454 -0.100414
v 0.239435 0.245802 -0.045988
v 0.090269 0.156623 0.014726
v 0.056737 0.182379 0.002823
v 0.038971 0.204297 -0.030845
v 0.043759 0.214005 -0.073416
v 0.069271 0.207794 -0.108631
v 0.139294 0.162281 -0.111135
v 0.157060 0.140363 -0.077467
v 0.152272 0.130655 -0.034896
v 0.126760 0.136866 0.000319
v 0.004240 0.124795 0.105596
v 0.004240 -0.113739 0.105596
v 0.107528 -0.054106 0.105596
v 0.107528 0.065161 0.105596
v 0.004240 -0.113739 -0.115731
v 0.107528 -0.054106 -0.115731
v 0.107528 0.065161 -0.115731
v 0.058282 -0.025673 -0.115731
v 0.058282 0.036729 -0.115731
v 0.049598 -0.020660 -0.071833
v 0.049598 0.031715 -0.071833
v -0.099048 -0.054106 0.105596
v -0.099048 0.065161 0.105596
v 0.004240 0.124795 -0.115731
v -0.099048 -0.054106 -0.115731
v -0.099048 0.065161 -0.115731
v 0.004240 0.067930 -0.115731
v 0.004240 -0.056874 -0.115731
v -0.049802 -0.025673 -0.115731
v -0.049802 0.036729 -0.115731
v 0.004240 0.057902 -0.071833
v 0.004240 -0.046847 -0.071833
v -0.041118 -0.020660 -0.071833
v -0.041118 0.031715 -0.071833
v -0.053443 -0.465458 1.008745
v -0.053443 -0.465458 1.008745
v -0.201126 -0.409052 1.011943
v -0.201126 -0.409052 1.011943
v 0.462639 0.105625 1.008745
v 0.462652 -0.105567 1.008745
v -0.016088 0.422995 1.015734
v 0.192638 0.400081 1.008745
v -0.207338 0.424598 1.008745
v -0.207338 0.424598 1.008745
v -0.207338 0.424598 1.008745
v -0.358768 0.321321 1.008745
v -0.463466 0.121735 1.008745
v -0.479561 -0.039749 1.008745
v -0.479561 -0.039749 1.008745
v -0.389067 -0.287195 1.008745
v -0.109487 -0.227388 0.662743
v -0.204023 -0.139739 0.662743
v -0.204023 -0.139739 0.662743
v 0.011091 -0.260951 0.662743
v 0.011091 -0.260951 0.662743
v -0.099604 0.259803 0.662743
v -0.099604 0.259803 0.662743
v 0.005538 0.267856 0.662743
v 0.113537 0.235800 0.662743
v 0.203572 0.166436 0.662743
v -0.311610 -0.227604 1.061663
v -0.311610 -0.227604 1.061663
v -0.389271 -0.071715 1.061663
v -0.279496 0.269672 1.061663
v -0.158621 0.351165 1.061663
v -0.158621 0.351165 1.061663
v -0.158621 0.351165 1.061663
v 0.368758 -0.084286 1.061663
v 0.305902 -0.240561 1.061663
v 0.185825 -0.350811 1.061663
v 0.016386 -0.385533 1.061663
v 0.016386 -0.385533 1.061663
v -0.242058 0.109602 0.662743
v -0.186014 0.208081 0.662743
v 0.215162 -0.165462 0.662743
v 0.128329 -0.238678 0.662743
v -0.251349 -0.016816 0.662743
v -0.367406 0.112829 1.061663
v -0.009196 0.344990 1.063796
v -0.159093 -0.321755 1.064861
v 0.368261 0.084228 1.061663
v 0.156059 0.324113 1.061663
v 0.255727 0.064443 0.662743
v 0.259560 -0.055336 0.662743
v 0.327721 0.076880 0.583012
v 0.260589 0.206729 0.583012
v -0.356031 -0.055956 0.626754
v -0.356031 -0.055956 0.626754
v -0.356031 -0.055956 0.626754
v -0.356031 -0.055956 0.626754
v -0.337176 -0.048486 0.583012
v 0.331390 -0.076293 0.583012
v 0.275538 -0.215266 0.583012
v -0.249761 0.245824 0.583012
v -0.323771 0.115095 0.583012
v 0.164306 -0.310541 0.583012
v -0.184394 0.387551 0.801859
v -0.138302 0.316516 0.583012
v -0.138302 0.316516 0.583012
v -0.138302 0.316516 0.583012
v 0.012707 -0.340542 0.583012
v -0.001884 0.312365 0.590001
v -0.185481 -0.385217 0.801859
v -0.145086 -0.301323 0.583012
v -0.145086 -0.301323 0.583012
v -0.145086 -0.301323 0.583012
v 0.140921 0.292672 0.583012
v -0.429783 -0.083309 1.008571
v -0.395578 -0.070457 0.802937
v 0.180526 -0.433656 0.948970
v 0.180526 -0.433656 0.948970
v 0.016574 -0.472278 0.963702
v 0.194274 -0.368206 1.051145
v 0.017107 -0.426555 1.039446
v 0.237047 -0.364970 1.035931
v 0.237047 -0.364970 1.035931
v -0.444978 -0.175145 1.008745
v -0.444978 -0.175145 1.008745
v -0.421439 -0.079480 1.043890
v -0.421439 -0.079480 1.043890
v -0.420080 -0.109109 0.801859
v -0.428925 -0.049482 0.801859
v 0.216421 0.175768 0.719790
v 0.216421 0.175768 0.719790
v 0.323513 0.172398 1.061663
v 0.323513 0.172398 1.061663
v 0.237009 0.269647 1.061663
v 0.237009 0.269647 1.061663
v 0.310266 0.327080 1.008745
v 0.310266 0.327080 1.008745
v 0.398682 0.231601 1.008745
v 0.398682 0.231601 1.008745
v 0.405541 0.259518 0.871899
v 0.459946 0.092485 0.838585
v 0.459946 0.092485 0.838585
v 0.244308 0.397681 0.932325
v 0.244308 0.397681 0.932325
v 0.143235 0.346080 0.659912
v 0.083358 0.302198 0.535657
v 0.083358 0.302198 0.535657
v 0.178925 0.201606 0.480308
v 0.333744 0.107828 0.569052
v 0.245057 0.088720 0.481390
v 0.245057 0.088720 0.481390
v 0.398898 0.109108 0.697540
v 0.201695 0.387935 0.785559
v 0.372250 0.236973 0.889994
v 0.412886 0.073194 0.865366
v 0.297111 0.301360 0.918154
v 0.066919 0.272169 0.564598
v 0.211103 0.069501 0.524374
v 0.224308 0.363745 0.945439
v 0.215464 0.174294 0.513030
v 0.264698 0.189828 0.584102
v 0.210437 0.254832 0.607483
v 0.161203 0.239299 0.536411
v 0.235175 0.198290 0.493637
v 0.235175 0.198290 0.493637
v 0.180914 0.263294 0.517018
v 0.180914 0.263294 0.517018
v 0.284409 0.213823 0.564709
v 0.284409 0.213823 0.564709
v 0.230148 0.278827 0.588090
v 0.230148 0.278827 0.588090
v 0.410635 0.115159 0.756415
v 0.425915 0.151867 0.834745
v 0.382954 0.224126 0.809262
v 0.367674 0.187418 0.730933
v 0.441649 0.129453 0.743217
v 0.441649 0.129453 0.743217
v 0.398688 0.201713 0.717735
v 0.398688 0.201713 0.717735
v 0.456929 0.166161 0.821547
v 0.456929 0.166161 0.821547
v 0.413968 0.238421 0.796064
v 0.413968 0.238421 0.796064
v 0.282046 0.307791 0.770130
v 0.321133 0.303829 0.848698
v 0.262240 0.360519 0.880856
v 0.223153 0.364482 0.802288
v 0.303322 0.335994 0.760520
v 0.303322 0.335994 0.760520
v 0.244428 0.392685 0.792679
v 0.244428 0.392685 0.792679
v 0.342409 0.332032 0.839089
v 0.342409 0.332032 0.839089
v 0.283515 0.388722 0.871246
v 0.283515 0.388722 0.871246
v -0.489141 -0.078281 0.865058
v -0.465549 0.100897 0.834464
v -0.465549 0.100897 0.834464
v -0.411251 -0.282988 0.918201
v -0.411251 -0.282988 0.918201
v -0.341657 -0.290729 0.718012
v -0.268022 -0.259479 0.561135
v -0.268022 -0.259479 0.561135
v -0.311400 -0.120106 0.517285
v -0.388506 0.056056 0.642750
v -0.301406 0.013254 0.514602
v -0.301406 0.013254 0.514602
v -0.412554 0.112075 0.859400
v -0.358255 -0.271810 0.943137
v -0.215027 -0.248301 0.586071
v -0.248411 0.024432 0.539539
v -0.327990 -0.105178 0.540273
v -0.377975 -0.089768 0.610845
v -0.357276 -0.168935 0.642792
v -0.307291 -0.184345 0.572219
v -0.354932 -0.119307 0.523805
v -0.354932 -0.119307 0.523805
v -0.334233 -0.198474 0.555752
v -0.334233 -0.198474 0.555752
v -0.404916 -0.103898 0.594378
v -0.404916 -0.103898 0.594378
v -0.384217 -0.183065 0.626324
v -0.384217 -0.183065 0.626324
v -0.430016 0.062252 0.754222
v -0.460721 0.032666 0.831022
v -0.457570 -0.049668 0.800565
v -0.426865 -0.020082 0.723764
v -0.456761 0.064627 0.744086
v -0.456761 0.064627 0.744086
v -0.453610 -0.017707 0.713628
v -0.453610 -0.017707 0.713628
v -0.487465 0.035041 0.820887
v -0.487465 0.035041 0.820887
v -0.484314 -0.047293 0.790428
v -0.484314 -0.047293 0.790428
v -0.401293 -0.181263 0.754998
v -0.432891 -0.152760 0.831846
v -0.412536 -0.229811 0.868794
v -0.380938 -0.258315 0.791946
v -0.432327 -0.193978 0.746522
v -0.432327 -0.193978 0.746522
v -0.411972 -0.271030 0.783470
v -0.411972 -0.271030 0.783470
v -0.463925 -0.165475 0.823370
v -0.463925 -0.165475 0.823370
v -0.443570 -0.242527 0.860318
v -0.443570 -0.242527 0.860318
v 0.421634 -0.199410 1.008745
v 0.421634 -0.199410 1.008745
v 0.213419 -0.413339 0.895476
v 0.357060 -0.282250 0.886257
v 0.340837 -0.268975 1.036026
v -0.054386 -0.112951 0.552399
v -0.104258 -0.066712 0.552399
v 0.009225 -0.130656 0.552399
v -0.049172 0.144066 0.552399
v 0.006295 0.148314 0.552399
v 0.063270 0.131403 0.552399
v 0.110768 0.094810 0.552399
v -0.124323 0.064828 0.552399
v -0.094757 0.116780 0.552399
v 0.116882 -0.080281 0.552399
v 0.071073 -0.118906 0.552399
v -0.129224 -0.001864 0.552399
v 0.138282 0.041004 0.552399
v 0.140304 -0.022185 0.552399
v 0.003691 -0.313022 0.173059
v -0.149804 -0.298326 0.173059
v 0.154949 -0.303928 0.173059
v 0.271901 -0.221290 0.173059
v 0.271901 -0.221290 0.173059
v 0.319861 -0.079573 0.173059
v 0.318849 0.077904 0.173059
v 0.311673 0.097797 0.173059
v 0.311673 0.097797 0.173059
v 0.311673 0.097797 0.173059
v 0.151232 0.298560 0.173059
v 0.268496 0.217492 0.173059
v 0.268496 0.217492 0.173059
v 0.006135 0.320252 0.173059
v -0.137918 0.313466 0.173059
v -0.220964 0.264977 0.173059
v -0.220964 0.264977 0.173059
v -0.319159 -0.055031 0.173059
v -0.311550 0.108231 0.173059
v -0.271100 -0.206789 0.173059
v -0.271100 -0.206789 0.173059
v 0.003691 -0.313022 -0.080196
v -0.149804 -0.298326 -0.080196
v 0.154949 -0.303928 -0.080196
v 0.271901 -0.221290 -0.080196
v 0.271901 -0.221290 -0.080196
v 0.319861 -0.079573 -0.080196
v 0.318849 0.077904 -0.080196
v 0.268496 0.217492 -0.080196
v 0.268496 0.217492 -0.080196
v 0.151232 0.298560 -0.080196
v 0.006135 0.320252 -0.080196
v -0.137918 0.313466 -0.080196
v -0.255204 0.244985 -0.080196
v -0.255204 0.244985 -0.080196
v -0.311550 0.108231 -0.080196
v -0.319159 -0.055031 -0.080196
v -0.271100 -0.206789 -0.080196
v -0.271100 -0.206789 -0.080196
v -0.255204 0.244985 0.124844
v -0.255204 0.244985 0.124844
v 0.003667 -0.206178 0.491084
v -0.090966 -0.186518 0.492810
v -0.090966 -0.186518 0.492810
v -0.090966 -0.186518 0.393185
v 0.003667 -0.206178 0.391459
v 0.096920 -0.189972 0.492809
v 0.096920 -0.189972 0.393184
v 0.168662 -0.133233 0.493580
v 0.168662 -0.133233 0.393955
v 0.205211 -0.046226 0.492433
v 0.205211 -0.046226 0.392807
v 0.204609 0.050970 0.492390
v 0.204609 0.050970 0.392764
v 0.166633 0.136746 0.493438
v 0.166633 0.136746 0.393813
v 0.094714 0.193770 0.492476
v 0.094714 0.193770 0.392851
v 0.005180 0.215078 0.491219
v 0.005180 0.215078 0.391594
v -0.083706 0.202940 0.492532
v -0.083706 0.202940 0.492532
v -0.083706 0.202940 0.392906
v -0.155609 0.153617 0.493558
v -0.155609 0.153617 0.393932
v -0.197186 0.069670 0.492497
v -0.197186 0.069670 0.392871
v -0.201883 -0.031073 0.492492
v -0.201883 -0.031073 0.492492
v -0.201883 -0.031073 0.392867
v -0.165374 -0.124309 0.493589
v -0.165374 -0.124309 0.393964
v 0.003664 -0.218830 -0.080197
v -0.104702 -0.208455 -0.080197
v 0.110451 -0.212410 -0.080197
v 0.193018 -0.154067 -0.080197
v 0.226877 -0.054016 -0.080197
v 0.226163 0.057161 -0.080197
v 0.190614 0.155709 -0.080197
v 0.107826 0.212943 -0.080197
v 0.005389 0.228257 -0.080197
v -0.096311 0.223466 -0.080197
v -0.179114 0.175119 -0.080197
v -0.218894 0.078572 -0.080197
v -0.224266 -0.036690 -0.080197
v -0.190337 -0.143830 -0.080197
v 0.003644 -0.149056 0.105596
v -0.071293 -0.141881 0.105596
v 0.077488 -0.144616 0.105596
v 0.134584 -0.104272 0.105596
v 0.157999 -0.035085 0.105596
v 0.157505 0.041796 0.105596
v 0.132922 0.109943 0.105596
v 0.075673 0.149521 0.105596
v 0.004837 0.160111 0.105596
v -0.065491 0.156798 0.105596
v -0.122750 0.123366 0.105596
v -0.150258 0.056602 0.105596
v -0.153973 -0.023103 0.105596
v -0.130511 -0.097192 0.105596
v -0.296287 0.145275 0.173059
v -0.296287 0.145275 0.173059
v -0.217923 0.210783 0.255737
v 0.289858 0.158271 0.173059
v 0.289858 0.158271 0.173059
v 0.289858 0.158271 0.173059
v 0.277842 0.107185 0.175140
v 0.277842 0.107185 0.175140
v 0.277842 0.107185 0.175140
v 0.285451 0.170489 0.093333
v 0.285451 0.170489 0.093333
v 0.277761 0.068217 0.252079
v 0.277761 0.068217 0.252079
v 0.331998 0.261911 0.801859
v 0.331998 0.261911 0.801859
v 0.068742 0.380458 0.505553
v 0.068742 0.380458 0.505553
v 0.068742 0.380458 0.505553
v 0.066479 0.382386 0.383427
v 0.066479 0.382386 0.383427
v 0.066479 0.382386 0.383427
v -0.056881 0.381366 0.506786
v -0.056881 0.381366 0.506786
v -0.056881 0.381366 0.506786
v 0.068918 0.366965 0.517255
v 0.068918 0.366965 0.517255
v 0.068918 0.366965 0.517255
v 0.080365 0.367058 0.505477
v 0.080365 0.367058 0.505477
v 0.080365 0.367058 0.505477
v -0.065742 0.253312 0.504473
v -0.065742 0.253312 0.504473
v -0.065742 0.253312 0.504473
v -0.068524 0.368138 0.506880
v -0.068524 0.368138 0.506880
v -0.068524 0.368138 0.506880
v 0.078170 0.369201 0.383615
v 0.078170 0.369201 0.383615
v 0.078170 0.369201 0.383615
v -0.055647 0.380457 0.381163
v -0.055647 0.380457 0.381163
v -0.055647 0.380457 0.381163
v -0.067349 0.366965 0.380988
v -0.067349 0.366965 0.380988
v -0.067349 0.366965 0.380988
v 0.066291 0.369201 0.371736
v 0.066291 0.369201 0.371736
v 0.066291 0.369201 0.371736
v -0.055571 0.367059 0.369540
v -0.055571 0.367059 0.369540
v -0.055571 0.367059 0.369540
v -0.056974 0.368138 0.518430
v -0.056974 0.368138 0.518430
v -0.056974 0.368138 0.518430
v -0.054567 0.253312 0.515648
v -0.054567 0.253312 0.515648
v -0.054567 0.253312 0.515648
v -0.053699 0.252671 0.372504
v -0.053699 0.252671 0.372504
v -0.053699 0.252671 0.372504
v 0.066324 0.252580 0.514921
v 0.066324 0.252580 0.514921
v 0.066324 0.252580 0.514921
v 0.075691 0.254337 0.385628
v 0.075691 0.254337 0.385628
v 0.075691 0.254337 0.385628
v 0.063180 0.209635 0.396058
v 0.077401 0.252671 0.503605
v 0.077401 0.252671 0.503605
v 0.077401 0.252671 0.503605
v 0.064250 0.208071 0.493264
v -0.065015 0.252580 0.383581
v -0.065015 0.252580 0.383581
v -0.065015 0.252580 0.383581
v -0.052611 0.207959 0.394777
v 0.064278 0.254337 0.374215
v 0.064278 0.254337 0.374215
v 0.064278 0.254337 0.374215
v 0.053848 0.209635 0.386726
v -0.043358 0.208072 0.385655
v -0.043671 0.208370 0.502780
v -0.052874 0.208370 0.493578
v 0.055128 0.207960 0.502517
v 0.380458 -0.068742 0.505553
v 0.380458 -0.068742 0.505553
v 0.380458 -0.068742 0.505553
v 0.382386 -0.066479 0.383427
v 0.382386 -0.066479 0.383427
v 0.382386 -0.066479 0.383427
v 0.381366 0.056881 0.506786
v 0.381366 0.056881 0.506786
v 0.381366 0.056881 0.506786
v 0.366965 -0.068918 0.517255
v 0.366965 -0.068918 0.517255
v 0.366965 -0.068918 0.517255
v 0.367058 -0.080365 0.505477
v 0.367058 -0.080365 0.505477
v 0.367058 -0.080365 0.505477
v 0.253312 0.065742 0.504473
v 0.253312 0.065742 0.504473
v 0.253312 0.065742 0.504473
v 0.368138 0.068524 0.506880
v 0.368138 0.068524 0.506880
v 0.368138 0.068524 0.506880
v 0.369201 -0.078170 0.383615
v 0.369201 -0.078170 0.383615
v 0.369201 -0.078170 0.383615
v 0.380457 0.055647 0.381163
v 0.380457 0.055647 0.381163
v 0.380457 0.055647 0.381163
v 0.366965 0.067349 0.380988
v 0.366965 0.067349 0.380988
v 0.366965 0.067349 0.380988
v 0.369201 -0.066291 0.371736
v 0.369201 -0.066291 0.371736
v 0.369201 -0.066291 0.371736
v 0.367059 0.055571 0.369540
v 0.367059 0.055571 0.369540
v 0.367059 0.055571 0.369540
v 0.368138 0.056974 0.518430
v 0.368138 0.056974 0.518430
v 0.368138 0.056974 0.518430
v 0.253312 0.054567 0.515648
v 0.253312 0.054567 0.515648
v 0.253312 0.054567 0.515648
v 0.252671 0.053699 0.372504
v 0.252671 0.053699 0.372504
v 0.252671 0.053699 0.372504
v 0.252580 -0.066324 0.514921
v 0.252580 -0.066324 0.514921
v 0.252580 -0.066324 0.514921
v 0.254337 -0.075691 0.385628
v 0.254337 -0.075691 0.385628
v 0.254337 -0.075691 0.385628
v 0.209635 -0.063180 0.396058
v 0.252671 -0.077401 0.503605
v 0.252671 -0.077401 0.503605
v 0.252671 -0.077401 0.503605
v 0.208071 -0.064250 0.493264
v 0.252580 0.065015 0.383581
v 0.252580 0.065015 0.383581
v 0.252580 0.065015 0.383581
v 0.207959 0.052611 0.394777
v 0.254337 -0.064278 0.374215
v 0.254337 -0.064278 0.374215
v 0.254337 -0.064278 0.374215
v 0.209635 -0.053848 0.386726
v 0.208072 0.043358 0.385655
v 0.208370 0.043671 0.502780
v 0.208370 0.052874 0.493578
v 0.207960 -0.055128 0.502517
v -0.068742 -0.380458 0.505553
v -0.068742 -0.380458 0.505553
v -0.068742 -0.380458 0.505553
v -0.066479 -0.382386 0.383427
v -0.066479 -0.382386 0.383427
v -0.066479 -0.382386 0.383427
v 0.056881 -0.381366 0.506786
v 0.056881 -0.381366 0.506786
v 0.056881 -0.381366 0.506786
v -0.068918 -0.366965 0.517255
v -0.068918 -0.366965 0.517255
v -0.068918 -0.366965 0.517255
v -0.080365 -0.367058 0.505477
v -0.080365 -0.367058 0.505477
v -0.080365 -0.367058 0.505477
v 0.065742 -0.253312 0.504473
v 0.065742 -0.253312 0.504473
v 0.065742 -0.253312 0.504473
v 0.068524 -0.368138 0.506880
v 0.068524 -0.368138 0.506880
v 0.068524 -0.368138 0.506880
v -0.078170 -0.369201 0.383615
v -0.078170 -0.369201 0.383615
v -0.078170 -0.369201 0.383615
v 0.055647 -0.380457 0.381163
v 0.055647 -0.380457 0.381163
v 0.055647 -0.380457 0.381163
v 0.067349 -0.366965 0.380988
v 0.067349 -0.366965 0.380988
v 0.067349 -0.366965 0.380988
v -0.066291 -0.369201 0.371736
v -0.066291 -0.369201 0.371736
v -0.066291 -0.369201 0.371736
v 0.055571 -0.367059 0.369540
v 0.055571 -0.367059 0.369540
v 0.055571 -0.367059 0.369540
v 0.056974 -0.368138 0.518430
v 0.056974 -0.368138 0.518430
v 0.056974 -0.368138 0.518430
v 0.054567 -0.253312 0.515648
v 0.054567 -0.253312 0.515648
v 0.054567 -0.253312 0.515648
v 0.053700 -0.252671 0.372504
v 0.053700 -0.252671 0.372504
v 0.053700 -0.252671 0.372504
v -0.066324 -0.252580 0.514921
v -0.066324 -0.252580 0.514921
v -0.066324 -0.252580 0.514921
v -0.075691 -0.254337 0.385628
v -0.075691 -0.254337 0.385628
v -0.075691 -0.254337 0.385628
v -0.063180 -0.209635 0.396058
v -0.077401 -0.252671 0.503605
v -0.077401 -0.252671 0.503605
v -0.077401 -0.252671 0.503605
v -0.064250 -0.208071 0.493264
v 0.065015 -0.252580 0.383581
v 0.065015 -0.252580 0.383581
v 0.065015 -0.252580 0.383581
v 0.052611 -0.207959 0.394777
v -0.064278 -0.254337 0.374215
v -0.064278 -0.254337 0.374215
v -0.064278 -0.254337 0.374215
v -0.053847 -0.209635 0.386726
v 0.043358 -0.208072 0.385655
v 0.043671 -0.208370 0.502780
v 0.052874 -0.208370 0.493578
v -0.055128 -0.207960 0.502517
v -0.380458 0.068742 0.505553
v -0.380458 0.068742 0.505553
v -0.380458 0.068742 0.505553
v -0.382386 0.066479 0.383427
v -0.382386 0.066479 0.383427
v -0.382386 0.066479 0.383427
v -0.381366 -0.056881 0.506786
v -0.381366 -0.056881 0.506786
v -0.381366 -0.056881 0.506786
v -0.366965 0.068918 0.517255
v -0.366965 0.068918 0.517255
v -0.366965 0.068918 0.517255
v -0.367058 0.080365 0.505477
v -0.367058 0.080365 0.505477
v -0.367058 0.080365 0.505477
v -0.253312 -0.065742 0.504473
v -0.253312 -0.065742 0.504473
v -0.253312 -0.065742 0.504473
v -0.368138 -0.068524 0.506880
v -0.368138 -0.068524 0.506880
v -0.368138 -0.068524 0.506880
v -0.369201 0.078170 0.383615
v -0.369201 0.078170 0.383615
v -0.369201 0.078170 0.383615
v -0.380457 -0.055647 0.381163
v -0.380457 -0.055647 0.381163
v -0.380457 -0.055647 0.381163
v -0.366965 -0.067349 0.380988
v -0.366965 -0.067349 0.380988
v -0.366965 -0.067349 0.380988
v -0.369201 0.066291 0.371736
v -0.369201 0.066291 0.371736
v -0.369201 0.066291 0.371736
v -0.367059 -0.055571 0.369540
v -0.367059 -0.055571 0.369540
v -0.367059 -0.055571 0.369540
v -0.368138 -0.056974 0.518430
v -0.368138 -0.056974 0.518430
v -0.368138 -0.056974 0.518430
v -0.253312 -0.054567 0.515648
v -0.253312 -0.054567 0.515648
v -0.253312 -0.054567 0.515648
v -0.252671 -0.053699 0.372504
v -0.252671 -0.053699 0.372504
v -0.252671 -0.053699 0.372504
v -0.252580 0.066324 0.514921
v -0.252580 0.066324 0.514921
v -0.252580 0.066324 0.514921
v -0.254337 0.075691 0.385628
v -0.254337 0.075691 0.385628
v -0.254337 0.075691 0.385628
v -0.209635 0.063180 0.396058
v -0.252671 0.077401 0.503605
v -0.252671 0.077401 0.503605
v -0.252671 0.077401 0.503605
v -0.208071 0.064250 0.493264
v -0.252580 -0.065015 0.383581
v -0.252580 -0.065015 0.383581
v -0.252580 -0.065015 0.383581
v -0.207959 -0.052611 0.394777
v -0.254337 0.064278 0.374215
v -0.254337 0.064278 0.374215
v -0.254337 0.064278 0.374215
v -0.209635 0.053848 0.386726
v -0.208072 -0.043358 0.385655
v -0.208370 -0.043671 0.502780
v -0.208370 -0.052874 0.493578
v -0.207960 0.055128 0.502517
v 0.180314 -0.339204 0.255886
v 0.195012 -0.352370 0.295130
v 0.195012 -0.352370 0.295130
v 0.195012 -0.352370 0.295130
v 0.037461 -0.211239 0.489146
v 0.279879 -0.281556 0.326880
v 0.279879 -0.281556 0.326880
v 0.279879 -0.281556 0.326880
v 0.110855 -0.130148 0.524679
v 0.285215 -0.251673 0.295130
v 0.285215 -0.251673 0.295130
v 0.285215 -0.251673 0.295130
v 0.270516 -0.238506 0.255886
v 0.324754 -0.320773 -0.043393
v 0.324754 -0.320773 -0.043393
v 0.324754 -0.320773 -0.043393
v 0.304545 -0.303652 -0.100414
v 0.304545 -0.303652 -0.100414
v 0.304545 -0.303652 -0.100414
v 0.315225 -0.279460 -0.031908
v 0.315225 -0.279460 -0.031908
v 0.315225 -0.279460 -0.031908
v 0.233281 -0.388902 0.230704
v 0.233281 -0.388902 0.230704
v 0.233281 -0.388902 0.230704
v 0.275869 -0.393519 0.240423
v 0.275869 -0.393519 0.240423
v 0.275869 -0.393519 0.240423
v 0.331841 -0.331779 0.246445
v 0.331841 -0.331779 0.246445
v 0.331841 -0.331779 0.246445
v 0.190312 -0.317889 0.002683
v 0.199842 -0.359203 -0.008802
v 0.206458 -0.277127 0.005368
v 0.231407 -0.385287 -0.024699
v 0.231407 -0.385287 -0.024699
v 0.231407 -0.385287 -0.024699
v 0.323846 -0.289005 0.240448
v 0.323846 -0.289005 0.240448
v 0.323846 -0.289005 0.240448
v 0.272952 -0.386178 -0.038938
v 0.272952 -0.386178 -0.038938
v 0.272952 -0.386178 -0.038938
v 0.283659 -0.253376 -0.016011
v 0.242114 -0.252485 -0.001772
v 0.224131 -0.343791 0.326880
v 0.224131 -0.343791 0.326880
v 0.224131 -0.343791 0.326880
v 0.127664 -0.110542 0.489146
v 0.206892 -0.272262 -0.012351
v 0.186384 -0.309978 -0.021648
v 0.212283 -0.367841 -0.076074
v 0.212283 -0.367841 -0.076074
v 0.212283 -0.367841 -0.076074
v 0.055107 -0.192383 0.524679
v 0.185650 -0.309320 0.224137
v 0.185650 -0.309320 0.224137
v 0.278646 -0.245789 -0.045988
v 0.242132 -0.247744 -0.021648
v 0.302486 -0.267144 -0.076074
v 0.302486 -0.267144 -0.076074
v 0.302486 -0.267144 -0.076074
v 0.202019 -0.359613 0.220991
v 0.145989 -0.133582 0.002823
v 0.106908 -0.149722 0.014726
v 0.173855 -0.129171 -0.030845
v 0.179864 -0.138175 -0.073416
v 0.179864 -0.138175 -0.073416
v 0.161719 -0.157153 -0.108631
v 0.161719 -0.157153 -0.108631
v 0.087271 -0.194998 -0.111135
v 0.087271 -0.194998 -0.111135
v 0.292584 -0.259716 0.230735
v 0.053396 -0.190405 -0.034896
v 0.059404 -0.199409 -0.077467
v 0.059404 -0.199409 -0.077467
v 0.071540 -0.171427 0.000319
v 0.241398 -0.247086 0.224137
v 0.241398 -0.247086 0.224137
v 0.208982 -0.274134 0.212010
v 0.248797 -0.365886 -0.100414
v 0.248797 -0.365886 -0.100414
v 0.248797 -0.365886 -0.100414
v 0.188443 -0.346486 -0.045988
v -0.255077 -0.272049 0.255886
v -0.263858 -0.289721 0.295130
v -0.263858 -0.289721 0.295130
v -0.263858 -0.289721 0.295130
v -0.169734 -0.100298 0.489146
v -0.173016 -0.352687 0.326880
v -0.173016 -0.352687 0.326880
v -0.173016 -0.352687 0.326880
v -0.072038 -0.149471 0.524679
v -0.142790 -0.349879 0.295130
v -0.142790 -0.349879 0.295130
v -0.142790 -0.349879 0.295130
v -0.134008 -0.332207 0.255886
v -0.198879 -0.406379 -0.043393
v -0.198879 -0.406379 -0.043393
v -0.198879 -0.406379 -0.043393
v -0.187752 -0.382343 -0.100414
v -0.187752 -0.382343 -0.100414
v -0.187752 -0.382343 -0.100414
v -0.161591 -0.386201 -0.031908
v -0.161591 -0.386201 -0.031908
v -0.161591 -0.386201 -0.031908
v -0.288891 -0.336330 0.230704
v -0.288891 -0.336330 0.230704
v -0.288891 -0.336330 0.230704
v -0.282009 -0.378611 0.240423
v -0.282009 -0.378611 0.240423
v -0.282009 -0.378611 0.240423
v -0.207602 -0.416139 0.246445
v -0.207602 -0.416139 0.246445
v -0.207602 -0.416139 0.246445
v -0.231870 -0.276016 0.002683
v -0.269159 -0.296194 -0.008802
v -0.188281 -0.280734 0.005368
v -0.285904 -0.333562 -0.024699
v -0.285904 -0.333562 -0.024699
v -0.285904 -0.333562 -0.024699
v -0.168497 -0.397051 0.240448
v -0.168497 -0.397051 0.240448
v -0.168497 -0.397051 0.240448
v -0.275709 -0.373847 -0.038938
v -0.275709 -0.373847 -0.038938
v -0.275709 -0.373847 -0.038938
v -0.144846 -0.348832 -0.016011
v -0.155041 -0.308548 -0.001772
v -0.247840 -0.315507 0.326880
v -0.247840 -0.315507 0.326880
v -0.247840 -0.315507 0.326880
v -0.048666 -0.160456 0.489146
v -0.183476 -0.279857 -0.012351
v -0.225289 -0.270124 -0.021648
v -0.274176 -0.310485 -0.076074
v -0.274176 -0.310485 -0.076074
v -0.274176 -0.310485 -0.076074
v -0.146862 -0.112291 0.524679
v -0.224851 -0.269241 0.224137
v -0.224851 -0.269241 0.224137
v -0.138865 -0.341982 -0.045988
v -0.150465 -0.307305 -0.021648
v -0.153108 -0.370644 -0.076074
v -0.153108 -0.370644 -0.076074
v -0.153108 -0.370644 -0.076074
v -0.268975 -0.298402 0.220991
v -0.065820 -0.166894 0.002823
v -0.102606 -0.146048 0.014726
v -0.045181 -0.186131 -0.030845
v -0.048573 -0.196410 -0.073416
v -0.048573 -0.196410 -0.073416
v -0.074700 -0.193805 -0.108631
v -0.074700 -0.193805 -0.108631
v -0.150370 -0.158465 -0.111135
v -0.150370 -0.158465 -0.111135
v -0.148582 -0.359123 0.230735
v -0.167616 -0.128949 -0.034896
v -0.171008 -0.139228 -0.077467
v -0.171008 -0.139228 -0.077467
v -0.141489 -0.131554 0.000319
v -0.150026 -0.306421 0.224137
v -0.150026 -0.306421 0.224137
v -0.184725 -0.282370 0.212010
v -0.262576 -0.345163 -0.100414
v -0.262576 -0.345163 -0.100414
v -0.262576 -0.345163 -0.100414
v -0.259934 -0.281823 -0.045988
v 0.233521 0.236629 0.255886
v 0.244214 0.253214 0.295130
v 0.244214 0.253214 0.295130
v 0.244214 0.253214 0.295130
v 0.129595 0.075441 0.489146
v 0.160943 0.325897 0.326880
v 0.160943 0.325897 0.326880
v 0.160943 0.325897 0.326880
v 0.037978 0.135180 0.524679
v 0.130592 0.326471 0.295130
v 0.130592 0.326471 0.295130
v 0.130592 0.326471 0.295130
v 0.119899 0.309886 0.255886
v 0.192621 0.376378 -0.043393
v 0.192621 0.376378 -0.043393
v 0.192621 0.376378 -0.043393
v 0.178887 0.353730 -0.100414
v 0.178887 0.353730 -0.100414
v 0.178887 0.353730 -0.100414
v 0.153318 0.360475 -0.031908
v 0.153318 0.360475 -0.031908
v 0.153318 0.360475 -0.031908
v 0.274278 0.296748 0.230704
v 0.274278 0.296748 0.230704
v 0.274278 0.296748 0.230704
v 0.272144 0.339532 0.240423
v 0.272144 0.339532 0.240423
v 0.272144 0.339532 0.240423
v 0.202376 0.385107 0.246445
v 0.202376 0.385107 0.246445
v 0.202376 0.385107 0.246445
v 0.210900 0.243153 0.002683
v 0.250202 0.259057 -0.008802
v 0.168106 0.252693 0.005368
v 0.271002 0.294329 -0.024699
v 0.271002 0.294329 -0.024699
v 0.271002 0.294329 -0.024699
v 0.161389 0.370489 0.240448
v 0.161389 0.370489 0.240448
v 0.161389 0.370489 0.240448
v 0.265353 0.335498 -0.038937
v 0.265353 0.335498 -0.038937
v 0.265353 0.335498 -0.038937
v 0.132519 0.325202 -0.016010
v 0.138168 0.284033 -0.001772
v 0.231165 0.280622 0.326880
v 0.231165 0.280622 0.326880
v 0.231165 0.280622 0.326880
v 0.015974 0.148699 0.489146
v 0.163234 0.252356 -0.012351
v 0.203704 0.238031 -0.021648
v 0.256778 0.272701 -0.076074
v 0.256778 0.272701 -0.076074
v 0.256778 0.272701 -0.076074
v 0.108200 0.089905 0.524679
v 0.203170 0.237202 0.224137
v 0.203170 0.237202 0.224137
v 0.125813 0.319059 -0.045988
v 0.133482 0.283307 -0.021648
v 0.143157 0.345959 -0.076074
v 0.143157 0.345959 -0.076074
v 0.143157 0.345959 -0.076074
v 0.250266 0.261271 0.220991
v 0.056737 0.182379 0.002823
v 0.090269 0.156623 0.014726
v 0.038971 0.204297 -0.030845
v 0.043759 0.214005 -0.073416
v 0.043759 0.214005 -0.073416
v 0.069271 0.207794 -0.108631
v 0.069271 0.207794 -0.108631
v 0.139294 0.162281 -0.111135
v 0.139294 0.162281 -0.111135
v 0.137377 0.335013 0.230735
v 0.152272 0.130655 -0.034896
v 0.157060 0.140363 -0.077467
v 0.157060 0.140363 -0.077467
v 0.126760 0.136866 0.000319
v 0.132948 0.282478 0.224137
v 0.132948 0.282478 0.224137
v 0.164755 0.254715 0.212010
v 0.249109 0.308454 -0.100414
v 0.249109 0.308454 -0.100414
v 0.249109 0.308454 -0.100414
v 0.239435 0.245802 -0.045988
vn 0.0484 0.9705 -0.2361
vn 0.3251 0.9331 -0.1540
vn 0.3425 0.9008 -0.2669
vn -0.2840 0.8296 0.4808
vn 0.0440 0.8910 0.4519
vn -0.2611 0.8327 0.4883
vn -0.7059 -0.4996 0.5022
vn -0.3244 -0.8022 0.5012
vn -0.3593 -0.7998 0.4809
vn 0.6921 -0.5150 0.5057
vn 0.2981 -0.8099 0.5052
vn 0.6803 -0.5138 0.5227
vn 0.8628 -0.1504 0.4827
vn 0.8642 -0.1638 0.4757
vn -0.8490 0.2033 0.4877
vn -0.8660 -0.1224 0.4848
vn -0.8674 -0.1385 0.4779
vn 0.8682 0.1570 0.4707
vn 0.8667 0.1479 0.4764
vn -0.6961 -0.4965 0.5186
vn 0.8309 0.2997 0.4688
vn 0.6815 0.5308 0.5037
vn 0.6903 0.5323 0.4900
vn 0.3333 0.8108 0.4812
vn 0.3688 0.8060 0.4629
vn 0.7200 0.6250 -0.3016
vn 0.8706 0.4425 -0.2152
vn 0.9277 0.2248 -0.2979
vn -0.7305 -0.6102 -0.3065
vn -0.5678 -0.8041 -0.1759
vn -0.7278 -0.6444 -0.2347
vn 0.4056 -0.2788 0.8705
vn 0.4579 -0.1919 0.8681
vn 0.4754 -0.0940 0.8748
vn 0.9552 -0.1992 -0.2187
vn 0.9377 -0.1896 -0.2913
vn -0.9166 0.2641 -0.3003
vn -0.9698 0.0850 -0.2285
vn -0.9361 0.2764 -0.2174
vn -0.7252 0.6515 -0.2227
vn -0.7206 0.6320 -0.2852
vn -0.5575 0.8019 -0.2148
vn -0.5512 0.7879 -0.2744
vn 0.0462 0.9000 0.4334
vn -0.0176 0.9731 -0.2295
vn 0.0468 0.9883 -0.1453
vn 0.1954 0.4906 0.8492
vn 0.2834 0.4417 0.8512
vn 0.2730 0.4400 0.8555
vn -0.8663 0.4860 -0.1158
vn -0.9795 0.1883 0.0718
vn -0.8362 0.5336 -0.1264
vn 0.8939 0.2301 -0.3848
vn 0.6967 0.6095 -0.3782
vn -0.8350 -0.3700 -0.4072
vn -0.7169 -0.3029 -0.6279
vn -0.6255 -0.4761 -0.6181
vn 0.9105 -0.1674 -0.3780
vn -0.5214 -0.8374 -0.1639
vn -0.5361 -0.8294 -0.1571
vn -0.5189 -0.8345 -0.1852
vn 0.7531 -0.5418 -0.3731
vn -0.8752 0.2983 -0.3809
vn 0.7720 -0.5658 -0.2898
vn 0.4064 -0.8312 -0.3794
vn -0.6720 0.6435 -0.3665
vn 0.4217 -0.8519 -0.3106
vn -0.0184 -0.9218 -0.3873
vn 0.0175 0.9418 -0.3356
vn -0.2535 -0.9256 -0.2812
vn -0.0169 -0.9508 -0.3094
vn 0.0800 0.9338 -0.3487
vn 0.3370 0.8686 -0.3632
vn -0.5686 -0.7257 -0.3874
vn -0.5922 -0.7636 -0.2575
vn 0.3327 -0.8089 0.4847
vn -0.0153 -0.8860 0.4635
vn -0.4865 0.0539 0.8720
vn -0.4665 -0.0764 0.8812
vn -0.4663 0.1635 0.8694
vn 0.4670 0.1115 0.8772
vn 0.4714 -0.0993 0.8763
vn -0.9866 0.1632 -0.0055
vn -0.9644 0.1600 0.2105
vn 0.5399 0.8233 -0.1751
vn -0.2129 -0.4316 0.8766
vn -0.3535 -0.3176 0.8799
vn -0.3625 -0.3095 0.8791
vn -0.4381 -0.8657 0.2421
vn -0.7384 -0.6220 0.2607
vn -0.3597 -0.9051 0.2268
vn 0.0360 0.5379 0.8422
vn 0.1885 0.4964 0.8474
vn -0.0156 0.5604 0.8281
vn 0.0467 0.5270 0.8486
vn 0.2387 -0.4144 0.8782
vn -0.0257 -0.4696 0.8825
vn -0.0379 -0.4764 0.8784
vn -0.2894 0.4274 0.8565
vn -0.3609 0.3413 0.8679
vn -0.2878 0.4269 0.8573
vn 0.2201 -0.4249 0.8781
vn 0.3359 -0.3650 0.8683
vn -0.3725 0.3206 0.8709
vn -0.4654 0.1338 0.8749
vn -0.7842 0.5502 0.2869
vn -0.4152 0.8598 0.2973
vn -0.4340 0.8491 0.3012
vn -0.9446 0.1836 0.2720
vn -0.7787 0.5602 0.2825
vn 0.4268 0.8570 0.2887
vn 0.2789 0.9250 0.2579
vn 0.4724 0.8433 0.2562
vn -0.1896 0.9375 0.2919
vn -0.1783 0.9386 0.2955
vn -0.9355 -0.2256 0.2719
vn -0.9463 0.1686 0.2759
vn 0.9127 -0.2827 0.2950
vn 0.9355 0.1209 0.3321
vn 0.9124 -0.2886 0.2902
vn -0.0891 -0.9735 0.2106
vn 0.9291 0.1649 0.3310
vn 0.8688 0.3575 0.3425
vn -0.0713 -0.9774 0.1989
vn 0.0499 -0.9792 0.1967
vn 0.7126 -0.6490 0.2664
vn 0.6859 -0.6745 0.2729
vn 0.5343 -0.8067 0.2526
vn 0.4955 -0.8279 0.2629
vn 0.6192 0.7391 0.2653
vn 0.4943 0.8114 0.3120
vn -0.7394 -0.6179 0.2676
vn -0.9304 -0.2428 0.2747
vn 0.6608 0.0964 0.7444
vn 0.5533 0.3710 0.7458
vn 0.6603 0.0999 0.7443
vn -0.0551 -0.9706 -0.2345
vn -0.2797 -0.9415 -0.1882
vn -0.1458 -0.4570 0.8775
vn -0.2102 -0.4294 0.8783
vn -0.8698 -0.4313 -0.2395
vn -0.9184 0.0699 -0.3894
vn -0.4322 -0.2154 0.8757
vn -0.8341 0.5327 -0.1434
vn -0.6403 -0.7326 0.2307
vn -0.6583 -0.7521 -0.0325
vn -0.6505 -0.7576 0.0537
vn 0.6353 -0.7293 0.2540
vn 0.5287 -0.8204 0.2177
vn 0.7091 -0.6478 0.2785
vn -0.6453 0.7285 0.2299
vn -0.5461 0.7974 0.2569
vn -0.4685 0.8399 0.2741
vn 0.4380 0.2223 0.8710
vn 0.4663 0.1134 0.8774
vn 0.5493 0.7580 -0.3517
vn 0.7414 0.5894 -0.3208
vn 0.6728 0.6037 -0.4276
vn 0.7965 0.4390 -0.4157
vn 0.8735 0.3517 -0.3366
vn 0.5981 0.6121 -0.5173
vn 0.4830 0.7266 -0.4886
vn 0.4892 0.7281 -0.4801
vn 0.6342 0.4706 -0.6134
vn 0.6134 0.5819 -0.5341
vn 0.2628 -0.9393 -0.2206
vn 0.2950 -0.9383 -0.1804
vn 0.3002 -0.9361 -0.1834
vn 0.3405 -0.9274 -0.1549
vn 0.3434 -0.9276 -0.1470
vn 0.3427 -0.9283 -0.1444
vn -0.6548 -0.3258 -0.6820
vn -0.6831 -0.2772 -0.6757
vn -0.6514 -0.3268 -0.6848
vn 0.4226 0.0991 0.9009
vn -0.6289 -0.3836 -0.6763
vn -0.7853 0.5964 0.1664
vn -0.7831 0.5959 0.1779
vn -0.7808 0.5995 0.1759
vn -0.7994 0.5634 0.2087
vn 0.4554 0.0439 0.8892
vn 0.4951 -0.0086 0.8688
vn 0.4574 0.0377 0.8885
vn -0.5665 -0.1839 -0.8033
vn 0.5516 0.6489 -0.5240
vn 0.5665 0.1839 0.8033
vn 0.6240 -0.7325 -0.2722
vn 0.6240 -0.7325 -0.2721
vn -0.6240 0.7325 0.2722
vn -0.1833 -0.4221 -0.8878
vn 0.8547 0.3856 -0.3475
vn 0.1833 0.4221 0.8878
vn 0.4988 -0.8181 0.2861
vn -0.4988 0.8181 -0.2861
vn -0.4514 0.0368 -0.8915
vn 0.5937 0.7625 -0.2569
vn 0.4514 -0.0368 0.8916
vn 0.6772 -0.6366 -0.3690
vn -0.6772 0.6366 0.3690
vn 0.9485 0.2266 -0.2213
vn -0.8374 -0.4068 -0.3652
vn -0.9179 -0.1772 -0.3551
vn -0.8810 -0.1958 -0.4307
vn -0.9196 0.0455 -0.3903
vn -0.8822 0.0159 -0.4706
vn -0.7905 -0.4021 -0.4620
vn -0.8389 0.0247 -0.5437
vn -0.8414 -0.1691 -0.5133
vn -0.0817 0.9627 -0.2580
vn -0.0600 0.9523 -0.2993
vn -0.0600 0.9523 -0.2992
vn -0.0383 0.9397 -0.3399
vn 0.4401 -0.0946 -0.8929
vn 0.4455 -0.1396 -0.8843
vn 0.4403 -0.0959 -0.8927
vn -0.4363 0.0669 0.8973
vn -0.4453 0.1375 0.8848
vn -0.4453 0.1378 0.8847
vn 0.4339 -0.0506 -0.8995
vn 0.2414 -0.9672 -0.0794
vn 0.2020 -0.9793 0.0097
vn 0.2040 -0.9790 0.0053
vn 0.1627 -0.9821 0.0945
vn -0.4520 0.2076 0.8675
vn 0.5776 -0.1711 -0.7982
vn -0.7878 -0.3962 -0.4715
vn -0.5776 0.1711 0.7982
vn -0.2446 0.8966 -0.3691
vn -0.2447 0.8966 -0.3691
vn 0.2447 -0.8966 0.3691
vn 0.2446 -0.8966 0.3691
vn 0.3597 0.3358 -0.8705
vn -0.9362 0.0898 -0.3397
vn -0.3597 -0.3358 0.8705
vn -0.3598 -0.3358 0.8705
vn -0.0466 0.9382 0.3428
vn 0.0466 -0.9382 -0.3428
vn 0.3696 -0.3206 -0.8722
vn -0.9038 -0.3540 -0.2403
vn -0.3696 0.3206 0.8722
vn -0.2421 0.8730 -0.4233
vn 0.2421 -0.8730 0.4233
vn 0.2421 -0.8730 0.4234
vn 0.2409 -0.8317 0.5003
vn 0.2018 -0.9502 -0.2375
vn 0.3780 -0.8922 -0.2470
vn 0.8145 -0.5370 -0.2194
vn 0.6725 -0.7272 0.1373
vn 0.8963 -0.3889 -0.2130
vn -0.0000 -0.0000 1.0000
vn 0.6299 -0.1959 0.7516
vn 0.4653 -0.4536 0.7601
vn 0.4640 -0.4549 0.7601
vn -0.6556 0.1219 0.7452
vn -0.5302 0.3740 0.7609
vn -0.5216 0.3847 0.7615
vn -0.2745 0.5773 0.7690
vn -0.2748 0.5771 0.7690
vn -0.6574 -0.1661 0.7350
vn -0.6585 0.1094 0.7446
vn 0.5502 0.3754 0.7459
vn 0.3251 0.5706 0.7541
vn 0.6331 -0.1868 0.7512
vn 0.3168 0.5749 0.7544
vn 0.0319 0.6462 0.7625
vn 0.2061 -0.6267 0.7515
vn 0.1917 -0.6322 0.7507
vn 0.0236 0.6463 0.7627
vn -0.0663 -0.6770 0.7330
vn -0.0795 -0.6764 0.7322
vn -0.3128 -0.6147 0.7241
vn -0.3153 -0.6135 0.7240
vn -0.5254 -0.4406 0.7279
vn -0.5286 -0.4366 0.7280
vn -0.6557 -0.1737 0.7348
vn 0.5742 0.1359 -0.8073
vn 0.4621 0.3879 -0.7975
vn 0.5657 0.1405 -0.8125
vn -0.4543 -0.3384 -0.8241
vn -0.3680 -0.4525 -0.8123
vn 0.4782 0.3874 -0.7882
vn 0.2473 0.6009 -0.7601
vn 0.0081 0.6914 -0.7224
vn 0.2878 0.5700 -0.7696
vn -0.0178 -0.5672 -0.8234
vn -0.1381 -0.5680 -0.8114
vn -0.1337 -0.5725 -0.8089
vn -0.0287 0.6767 -0.7357
vn 0.0303 0.6880 -0.7251
vn 0.2262 -0.4997 -0.8361
vn -0.0083 -0.5647 -0.8252
vn -0.4190 0.3761 -0.8264
vn -0.3177 0.4821 -0.8165
vn -0.3409 0.4801 -0.8083
vn 0.4464 -0.3281 -0.8325
vn 0.2415 -0.4939 -0.8353
vn -0.5797 0.1591 -0.7992
vn -0.4064 0.3877 -0.8274
vn 0.5596 -0.1070 -0.8218
vn 0.4484 -0.3240 -0.8330
vn -0.5366 0.1429 -0.8316
vn -0.7954 0.0619 -0.6029
vn 0.5643 -0.1108 -0.8181
vn -0.5256 -0.2188 -0.8221
vn 0.3312 -0.9436 -0.0000
vn 0.5771 -0.8167 -0.0000
vn -0.7911 0.4978 0.3554
vn 0.9472 -0.3206 -0.0000
vn 0.9872 -0.1593 -0.0000
vn -0.9762 0.2170 -0.0000
vn -0.9916 -0.1297 -0.0000
vn 0.9845 0.1754 -0.0000
vn -0.9533 -0.3019 -0.0000
vn 0.9407 0.3393 -0.0000
vn -0.6024 -0.7982 -0.0000
vn -0.3625 -0.9320 -0.0000
vn 0.5687 0.8226 -0.0000
vn 0.3678 0.9299 -0.0000
vn 0.0506 0.9987 -0.0000
vn -0.0177 -0.9998 -0.0000
vn -0.2838 0.9589 -0.0000
vn -0.5042 0.8636 -0.0000
vn -0.0164 -0.9999 -0.0000
vn -0.4336 -0.9011 -0.0000
vn 0.4064 -0.9137 -0.0000
vn 0.4103 -0.9120 -0.0000
vn 0.7965 -0.6047 -0.0000
vn 0.7961 -0.6052 -0.0000
vn 0.9807 -0.1953 -0.0000
vn 0.9811 -0.1937 -0.0000
vn 0.9776 0.2106 -0.0000
vn 0.9779 0.2092 -0.0000
vn 0.7909 0.6120 -0.0000
vn 0.7908 0.6121 -0.0000
vn 0.4383 0.8988 -0.0000
vn 0.4352 0.9003 -0.0000
vn 0.0489 0.9988 -0.0000
vn 0.0490 0.9988 -0.0000
vn -0.3583 0.9336 -0.0000
vn -0.3621 0.9322 -0.0000
vn -0.7553 0.6554 -0.0000
vn -0.9679 0.2513 -0.0000
vn -0.9683 0.2498 -0.0000
vn -0.9866 -0.1633 -0.0000
vn -0.9868 -0.1619 -0.0000
vn -0.8118 -0.5840 -0.0000
vn -0.8115 -0.5844 -0.0000
vn -0.4374 -0.8993 -0.0000
vn -0.0156 -0.8982 0.4394
vn -0.0000 -0.0000 -1.0000
vn 0.0163 0.9360 -0.3515
vn 0.3309 0.8679 -0.3705
vn 0.0169 0.9360 -0.3515
vn -0.0467 -0.9378 -0.3441
vn 0.2565 -0.8954 -0.3639
vn 0.2709 -0.8909 -0.3646
vn -0.3000 0.8778 -0.3735
vn -0.3132 0.8729 -0.3741
vn 0.6987 -0.6057 -0.3807
vn 0.6962 -0.6086 -0.3807
vn -0.7440 0.5488 -0.3811
vn -0.7385 0.5561 -0.3813
vn 0.9099 -0.2055 -0.3604
vn 0.9114 -0.1989 -0.3602
vn -0.9215 0.1523 -0.3572
vn -0.9229 0.1448 -0.3569
vn 0.9252 0.1232 -0.3590
vn 0.9258 0.1186 -0.3589
vn -0.9205 -0.1655 -0.3539
vn -0.9211 -0.1624 -0.3538
vn 0.7581 0.5317 -0.3776
vn 0.7544 0.5369 -0.3777
vn -0.7373 -0.5662 -0.3684
vn -0.7361 -0.5678 -0.3684
vn 0.3414 0.8636 -0.3709
vn -0.3475 -0.8674 -0.3562
vn -0.3392 -0.8708 -0.3559
vn -0.0484 -0.9377 -0.3441
vn -0.6291 0.5874 0.5090
vn -0.8017 0.3303 0.4982
vn -0.8526 0.1985 0.4834
vn -0.9246 0.3810 -0.0000
vn -0.4353 0.7455 0.5047
vn 0.2469 0.7551 0.6073
vn 0.9688 -0.2315 -0.0890
vn 0.9657 -0.2319 -0.1164
vn 0.2655 0.8600 0.4358
vn 0.8631 0.1821 0.4711
vn -0.7863 0.5943 0.1688
vn -0.7866 0.5938 0.1693
vn 0.3381 -0.9285 -0.1535
vn 0.4120 -0.2767 0.8681
vn -0.8435 -0.4145 -0.3415
vn -0.4680 -0.0763 0.8804
vn -0.5401 -0.8027 0.2529
vn -0.8598 -0.4364 0.2650
vn -0.3562 -0.9251 -0.1315
vn -0.9203 0.0754 -0.3838
vn -0.9468 0.0672 -0.3146
vn -0.6458 0.5574 0.5218
vn -0.5717 -0.7793 0.2564
vn -0.0041 1.0000 0.0041
vn 0.0074 0.9999 0.0156
vn 0.0076 -0.0224 0.9997
vn 0.0074 -0.0222 0.9997
vn 0.0091 -0.0240 0.9997
vn -0.9997 -0.0224 -0.0076
vn -0.9997 -0.0222 -0.0074
vn -0.9998 -0.0205 -0.0059
vn 0.0166 -0.0238 -0.9996
vn 0.0167 -0.0237 -0.9996
vn 0.0149 -0.0257 -0.9996
vn 0.7146 -0.0304 0.6988
vn 0.7167 -0.0300 0.6967
vn 0.7144 -0.0305 0.6991
vn -0.7067 -0.0319 0.7067
vn -0.6968 -0.0300 -0.7167
vn -0.6988 -0.0304 -0.7146
vn -0.6991 -0.0305 -0.7144
vn -0.7549 0.6557 -0.0131
vn -0.7511 0.6601 -0.0122
vn -0.7506 0.6606 -0.0122
vn 0.7548 0.6560 -0.0022
vn 0.7489 0.6627 -0.0033
vn 0.7482 0.6634 -0.0034
vn 0.0033 0.6627 -0.7489
vn 0.0022 0.6560 -0.7547
vn 0.0034 0.6634 -0.7482
vn -0.5956 0.5245 -0.6085
vn 0.6085 0.5244 0.5956
vn -0.5990 0.5315 0.5990
vn 0.6018 0.5250 -0.6018
vn 0.0131 0.6557 0.7549
vn 0.0122 0.6601 0.7510
vn 0.0132 0.6552 0.7553
vn 0.9605 -0.2777 -0.0159
vn 0.9614 -0.2748 -0.0172
vn 0.9618 -0.2733 -0.0178
vn 0.6647 -0.3411 -0.6647
vn 0.7068 -0.0276 -0.7068
vn 0.9996 -0.0238 -0.0166
vn 0.9996 -0.0237 -0.0167
vn 0.9996 -0.0219 -0.0184
vn -0.6542 -0.3496 -0.6707
vn -0.6551 -0.3500 -0.6695
vn -0.6554 -0.3501 -0.6692
vn -0.6623 -0.3502 0.6623
vn -0.6623 -0.3502 0.6624
vn 0.6695 -0.3500 0.6552
vn 0.6706 -0.3496 0.6542
vn 0.6692 -0.3501 0.6555
vn 0.0159 -0.2777 -0.9605
vn 0.0172 -0.2748 -0.9614
vn 0.0151 -0.2796 -0.9600
vn -0.9620 -0.2730 -0.0035
vn -0.9629 -0.2700 -0.0023
vn -0.9634 -0.2682 -0.0014
vn 0.0035 -0.2730 0.9620
vn 0.0023 -0.2700 0.9629
vn 0.0041 -0.2743 0.9616
vn 1.0000 0.0041 0.0041
vn 0.9999 -0.0074 0.0156
vn -0.0224 -0.0076 0.9997
vn -0.0222 -0.0074 0.9997
vn -0.0240 -0.0091 0.9997
vn -0.0224 0.9997 -0.0076
vn -0.0222 0.9997 -0.0074
vn -0.0205 0.9998 -0.0059
vn -0.0238 -0.0166 -0.9996
vn -0.0237 -0.0167 -0.9996
vn -0.0257 -0.0149 -0.9996
vn -0.0304 -0.7146 0.6988
vn -0.0300 -0.7167 0.6967
vn -0.0305 -0.7144 0.6991
vn -0.0319 0.7067 0.7067
vn -0.0300 0.6968 -0.7167
vn -0.0304 0.6988 -0.7146
vn -0.0305 0.6991 -0.7144
vn 0.6557 0.7549 -0.0131
vn 0.6601 0.7511 -0.0122
vn 0.6606 0.7506 -0.0122
vn 0.6560 -0.7548 -0.0022
vn 0.6627 -0.7489 -0.0033
vn 0.6634 -0.7482 -0.0034
vn 0.6627 -0.0033 -0.7489
vn 0.6560 -0.0022 -0.7547
vn 0.6634 -0.0034 -0.7482
vn 0.5245 0.5956 -0.6084
vn 0.5244 -0.6085 0.5956
vn 0.5315 0.5990 0.5990
vn 0.5250 -0.6018 -0.6018
vn 0.6557 -0.0131 0.7549
vn 0.6602 -0.0122 0.7510
vn 0.6552 -0.0132 0.7553
vn -0.2777 -0.9605 -0.0159
vn -0.2748 -0.9614 -0.0172
vn -0.2733 -0.9618 -0.0178
vn -0.3411 -0.6647 -0.6647
vn -0.0276 -0.7068 -0.7068
vn -0.0238 -0.9996 -0.0166
vn -0.0237 -0.9996 -0.0167
vn -0.0219 -0.9996 -0.0184
vn -0.3496 0.6542 -0.6707
vn -0.3500 0.6551 -0.6695
vn -0.3501 0.6554 -0.6692
vn -0.3502 0.6623 0.6623
vn -0.3502 0.6623 0.6624
vn -0.3500 -0.6695 0.6552
vn -0.3496 -0.6706 0.6542
vn -0.3501 -0.6691 0.6555
vn -0.2777 -0.0159 -0.9605
vn -0.2748 -0.0172 -0.9614
vn -0.2796 -0.0151 -0.9600
vn -0.2730 0.9620 -0.0035
vn -0.2700 0.9629 -0.0023
vn -0.2682 0.9634 -0.0014
vn -0.2730 -0.0035 0.9620
vn -0.2700 -0.0023 0.9629
vn -0.2743 -0.0041 0.9616
vn 0.0041 -1.0000 0.0041
vn -0.0074 -0.9999 0.0156
vn -0.0076 0.0224 0.9997
vn -0.0074 0.0222 0.9997
vn -0.0091 0.0240 0.9997
vn 0.9997 0.0224 -0.0076
vn 0.9997 0.0222 -0.0074
vn 0.9998 0.0205 -0.0059
vn -0.0166 0.0238 -0.9996
vn -0.0167 0.0237 -0.9996
vn -0.0149 0.0257 -0.9996
vn -0.7146 0.0304 0.6988
vn -0.7167 0.0300 0.6967
vn -0.7144 0.0305 0.6991
vn 0.7067 0.0319 0.7067
vn 0.6968 0.0300 -0.7167
vn 0.6989 0.0304 -0.7146
vn 0.6991 0.0305 -0.7144
vn 0.7549 -0.6557 -0.0131
vn 0.7511 -0.6601 -0.0122
vn 0.7506 -0.6606 -0.0122
vn -0.7548 -0.6560 -0.0022
vn -0.7489 -0.6627 -0.0033
vn -0.7482 -0.6634 -0.0034
vn -0.0033 -0.6627 -0.7489
vn -0.0022 -0.6560 -0.7547
vn -0.0034 -0.6634 -0.7482
vn 0.5956 -0.5245 -0.6085
vn -0.6085 -0.5244 0.5956
vn 0.5990 -0.5315 0.5990
vn -0.6018 -0.5250 -0.6018
vn -0.0131 -0.6557 0.7549
vn -0.0122 -0.6601 0.7510
vn -0.0132 -0.6552 0.7553
vn -0.9605 0.2777 -0.0159
vn -0.9614 0.2748 -0.0172
vn -0.9618 0.2733 -0.0178
vn -0.6647 0.3411 -0.6647
vn -0.7068 0.0276 -0.7068
vn -0.9996 0.0238 -0.0166
vn -0.9996 0.0237 -0.0167
vn -0.9996 0.0219 -0.0184
vn 0.6542 0.3496 -0.6706
vn 0.6552 0.3500 -0.6695
vn 0.6554 0.3501 -0.6692
vn 0.6623 0.3502 0.6623
vn 0.6623 0.3502 0.6624
vn -0.6695 0.3500 0.6552
vn -0.6706 0.3496 0.6542
vn -0.6692 0.3501 0.6555
vn -0.0159 0.2777 -0.9605
vn -0.0172 0.2748 -0.9614
vn -0.0151 0.2796 -0.9600
vn 0.9620 0.2730 -0.0035
vn 0.9629 0.2700 -0.0023
vn 0.9634 0.2682 -0.0014
vn -0.0035 0.2730 0.9620
vn -0.0023 0.2700 0.9629
vn -0.0041 0.2743 0.9616
vn -1.0000 -0.0041 0.0041
vn -0.9999 0.0074 0.0156
vn 0.0224 0.0076 0.9997
vn 0.0222 0.0074 0.9997
vn 0.0240 0.0091 0.9997
vn 0.0224 -0.9997 -0.0076
vn 0.0222 -0.9997 -0.0074
vn 0.0205 -0.9998 -0.0059
vn 0.0238 0.0166 -0.9996
vn 0.0237 0.0167 -0.9996
vn 0.0257 0.0149 -0.9996
vn 0.0304 0.7146 0.6988
vn 0.0300 0.7167 0.6967
vn 0.0305 0.7144 0.6991
vn 0.0319 -0.7067 0.7067
vn 0.0300 -0.6968 -0.7167
vn 0.0304 -0.6988 -0.7146
vn 0.0305 -0.6991 -0.7144
vn -0.6557 -0.7549 -0.0131
vn -0.6601 -0.7511 -0.0122
vn -0.6606 -0.7506 -0.0122
vn -0.6560 0.7548 -0.0022
vn -0.6627 0.7489 -0.0033
vn -0.6634 0.7482 -0.0034
vn -0.6627 0.0033 -0.7489
vn -0.6560 0.0022 -0.7547
vn -0.6634 0.0034 -0.7482
vn -0.5245 -0.5956 -0.6084
vn -0.5244 0.6085 0.5956
vn -0.5315 -0.5990 0.5990
vn -0.5250 0.6018 -0.6018
vn -0.6557 0.0131 0.7549
vn -0.6602 0.0122 0.7510
vn -0.6552 0.0132 0.7553
vn 0.2777 0.9605 -0.0159
vn 0.2748 0.9614 -0.0172
vn 0.2733 0.9618 -0.0178
vn 0.3411 0.6647 -0.6647
vn 0.0276 0.7068 -0.7068
vn 0.0238 0.9996 -0.0166
vn 0.0237 0.9996 -0.0167
vn 0.0219 0.9996 -0.0184
vn 0.3496 -0.6542 -0.6707
vn 0.3500 -0.6551 -0.6695
vn 0.3501 -0.6554 -0.6692
vn 0.3502 -0.6623 0.6623
vn 0.3502 -0.6623 0.6624
vn 0.3500 0.6695 0.6552
vn 0.3496 0.6706 0.6542
vn 0.3501 0.6691 0.6555
vn 0.2777 0.0159 -0.9605
vn 0.2748 0.0172 -0.9614
vn 0.2796 0.0151 -0.9600
vn 0.2730 -0.9620 -0.0035
vn 0.2700 -0.9629 -0.0023
vn 0.2682 -0.9634 -0.0014
vn 0.2730 0.0035 0.9620
vn 0.2700 0.0023 0.9629
vn 0.2743 0.0041 0.9616
vn -0.7671 -0.6214 -0.1594
vn -0.6672 -0.7449 -0.0000
vn 0.4894 -0.4384 0.7538
vn -0.0797 0.8051 -0.5877
vn 0.4076 0.8730 -0.2677
vn -0.1057 0.8075 -0.5803
vn -0.8090 -0.0090 -0.5877
vn -0.8231 -0.5009 -0.2677
vn 0.5336 0.8306 -0.1594
vn 0.6672 0.7449 -0.0000
vn -0.5395 0.4833 -0.6895
vn -0.8143 0.0166 -0.5803
vn -0.1523 -0.8440 0.5143
vn -0.2229 -0.8648 0.4500
vn -0.1463 -0.8419 0.5194
vn 0.8222 0.2439 0.5143
vn 0.8351 0.3163 0.4500
vn 0.8359 0.3226 0.4441
vn -0.5455 0.4886 -0.6810
vn 0.2681 0.8395 -0.4727
vn 0.5309 0.8174 -0.2235
vn 0.5863 0.7949 -0.1561
vn -0.7990 -0.5803 -0.1576
vn -0.8807 -0.2620 -0.3946
vn -0.7793 -0.6146 -0.1220
vn 0.6856 0.7279 -0.0125
vn -0.1818 -0.8960 0.4052
vn -0.1855 -0.8972 0.4007
vn -0.1802 -0.8954 0.4072
vn 0.8682 0.2661 0.4187
vn 0.8739 0.2375 0.4241
vn 0.8637 0.2864 0.4147
vn -0.6815 -0.7318 0.0071
vn -0.6848 -0.7287 0.0065
vn 0.5478 -0.5191 0.6560
vn 0.5450 -0.5287 0.6508
vn 0.5543 -0.4965 0.6681
vn 0.6792 0.7339 -0.0045
vn 0.4185 0.9081 0.0140
vn 0.4991 0.8665 -0.0110
vn -0.7495 0.6615 -0.0266
vn -0.9991 0.0424 0.0039
vn -0.9944 0.1030 -0.0249
vn -0.0961 -0.9953 -0.0148
vn -0.0366 -0.9990 -0.0249
vn -0.0303 -0.9992 -0.0259
vn 0.9823 0.1856 -0.0238
vn 0.9743 0.2246 -0.0159
vn 0.9833 0.1803 -0.0248
vn -0.2280 0.9736 0.0084
vn -0.7795 0.6264 0.0004
vn -0.6789 -0.7342 0.0037
vn -0.8170 -0.5766 0.0005
vn -0.6388 -0.7693 -0.0062
vn 0.7496 -0.6612 -0.0286
vn 0.7751 -0.6306 -0.0397
vn 0.7818 -0.6221 -0.0427
vn -0.1524 0.9880 -0.0241
vn -0.8398 -0.5430 -0.0002
vn -0.1204 -0.9541 -0.2744
vn -0.1227 -0.9547 -0.2710
vn -0.1261 -0.9557 -0.2659
vn 0.9406 0.2519 -0.2276
vn 0.9398 0.2454 -0.2377
vn 0.9422 0.2718 -0.1960
vn -0.2881 0.9309 0.2243
vn -0.7083 0.6856 0.1684
vn -0.7713 0.6089 0.1850
vn -0.6617 -0.7492 -0.0300
vn -0.8290 -0.5534 0.0815
vn -0.6694 -0.7429 -0.0031
vn 0.6786 -0.5905 -0.4368
vn 0.6796 -0.5854 -0.4421
vn 0.6756 -0.6052 -0.4211
vn 0.3766 0.9110 0.1680
vn -0.1332 0.9642 0.2292
vn -0.8457 -0.5309 0.0537
vn -0.9809 0.0517 0.1877
vn 0.6685 0.7427 0.0394
vn 0.4860 0.8661 0.1166
vn -0.9855 0.0261 0.1676
vn 0.0782 -0.1209 0.9896
vn 0.4445 0.1783 0.8779
vn 0.0285 -0.1934 0.9807
vn -0.7329 -0.6713 0.1107
vn -0.7537 -0.6569 0.0201
vn -0.7357 -0.6686 -0.1083
vn 0.0334 -0.0254 -0.9991
vn 0.0413 -0.0221 -0.9989
vn 0.0300 -0.0268 -0.9992
vn 0.4319 0.2282 0.8726
vn 0.7294 0.5514 0.4049
vn -0.3866 -0.4236 0.8192
vn -0.6781 -0.6304 0.3778
vn 0.7141 0.6361 0.2924
vn 0.7395 0.6728 -0.0237
vn -0.3706 -0.4601 0.8068
vn -0.4797 -0.4940 -0.7251
vn -0.5931 -0.5485 -0.5894
vn -0.4662 -0.4870 -0.7385
vn 0.5440 0.4958 -0.6770
vn 0.5710 0.5506 -0.6089
vn 0.5749 0.5590 -0.5975
vn -0.4328 0.8677 -0.2446
vn -0.8031 0.5741 -0.1594
vn -0.8955 0.4450 -0.0000
vn -0.2924 -0.5884 0.7538
vn 0.7549 0.2911 -0.5877
vn 0.9500 -0.1606 -0.2677
vn 0.7503 0.3168 -0.5803
vn -0.2239 0.7775 -0.5877
vn -0.7018 0.6601 -0.2677
vn 0.9426 -0.2934 -0.1593
vn 0.8955 -0.4450 -0.0000
vn 0.3223 0.6486 -0.6895
vn -0.2007 0.7893 -0.5802
vn -0.8541 -0.0778 0.5143
vn -0.8929 -0.0152 0.4500
vn -0.8505 -0.0830 0.5194
vn 0.4539 -0.7277 0.5142
vn 0.5271 -0.7208 0.4500
vn 0.5334 -0.7199 0.4441
vn 0.3259 0.6558 -0.6810
vn 0.8805 -0.0351 -0.4727
vn 0.9292 -0.2943 -0.2235
vn 0.9223 -0.3536 -0.1561
vn -0.7720 0.6158 -0.1576
vn -0.4869 0.7793 -0.3946
vn -0.7998 0.5877 -0.1220
vn 0.8841 -0.4672 -0.0124
vn -0.9121 -0.0631 0.4052
vn -0.9143 -0.0599 0.4007
vn -0.9111 -0.0646 0.4072
vn 0.4875 -0.7661 0.4187
vn 0.4615 -0.7792 0.4241
vn 0.5059 -0.7564 0.4147
vn -0.8867 0.4622 0.0071
vn -0.8847 0.4662 0.0065
vn -0.3547 -0.6662 0.6560
vn -0.3646 -0.6660 0.6508
vn -0.3311 -0.6664 0.6681
vn 0.8882 -0.4595 -0.0045
vn 0.9867 -0.1618 0.0140
vn 0.9680 -0.2506 -0.0110
vn 0.4382 0.8985 -0.0266
vn -0.2250 0.9744 0.0039
vn -0.1653 0.9859 -0.0249
vn -0.9850 -0.1722 -0.0148
vn -0.9727 -0.2305 -0.0249
vn -0.9713 -0.2366 -0.0259
vn 0.4403 -0.8975 -0.0238
vn 0.4758 -0.8794 -0.0159
vn 0.4354 -0.8999 -0.0248
vn 0.8779 0.4788 0.0084
vn 0.3964 0.9181 0.0004
vn -0.8884 0.4591 0.0037
vn -0.7732 0.6342 0.0005
vn -0.9116 0.4111 -0.0062
vn -0.4380 -0.8985 -0.0286
vn -0.4017 -0.9149 -0.0397
vn -0.3917 -0.9191 -0.0427
vn 0.9118 0.4098 -0.0241
vn -0.7468 0.6650 -0.0002
vn -0.9517 -0.1378 -0.2744
vn -0.9530 -0.1358 -0.2710
vn -0.9548 -0.1327 -0.2659
vn 0.4931 -0.8397 -0.2276
vn 0.4866 -0.8407 -0.2377
vn 0.5127 -0.8359 -0.1960
vn 0.8207 0.5255 0.2243
vn 0.4724 0.8651 0.1684
vn 0.3818 0.9056 0.1850
vn -0.8982 0.4385 -0.0300
vn -0.7540 0.6518 0.0815
vn -0.8942 0.4476 -0.0031
vn -0.3887 -0.8113 -0.4368
vn -0.3835 -0.8108 -0.4421
vn -0.4036 -0.8122 -0.4211
vn 0.9784 -0.1206 0.1681
vn 0.8940 0.3849 0.2293
vn -0.7368 0.6740 0.0537
vn -0.2112 0.9593 0.1877
vn 0.8938 -0.4468 0.0395
vn 0.9642 -0.2381 0.1167
vn -0.2371 0.9569 0.1676
vn -0.0799 -0.1211 0.9894
vn 0.3658 -0.3813 0.8490
vn -0.0828 -0.1494 0.9853
vn -0.8552 0.5010 0.1326
vn -0.8529 0.5186 -0.0602
vn -0.8538 0.5136 -0.0852
vn -0.0147 -0.0454 -0.9989
vn 0.0028 -0.0483 -0.9988
vn 0.0099 -0.0495 -0.9987
vn 0.3627 -0.3360 0.8692
vn 0.7396 -0.5142 0.4343
vn -0.5104 0.2140 0.8329
vn -0.8240 0.4447 0.3509
vn 0.8088 -0.5092 0.2942
vn 0.8533 -0.5180 0.0598
vn -0.5174 0.1574 0.8411
vn -0.6052 0.3253 -0.7265
vn -0.6580 0.3869 -0.6460
vn -0.5977 0.3169 -0.7364
vn 0.6239 -0.4002 -0.6713
vn 0.7047 -0.4180 -0.5733
vn 0.7138 -0.4197 -0.5606
vn 0.4169 0.8754 -0.2446
vn 0.7342 -0.6599 -0.1594
vn 0.8405 -0.5419 -0.0000
vn 0.3561 0.5522 0.7538
vn -0.7826 -0.2053 -0.5877
vn -0.9262 0.2654 -0.2677
vn -0.7809 -0.2313 -0.5803
vn 0.1360 -0.7976 -0.5877
vn 0.6240 -0.7341 -0.2677
vn -0.9041 0.3964 -0.1594
vn -0.8405 0.5419 -0.0000
vn -0.3925 -0.6087 -0.6895
vn 0.1116 -0.8068 -0.5802
vn 0.8575 -0.0178 0.5143
vn 0.8890 -0.0842 0.4500
vn 0.8544 -0.0122 0.5194
vn -0.3701 0.7737 0.5143
vn -0.4436 0.7750 0.4500
vn -0.4499 0.7748 0.4441
vn -0.3968 -0.6155 -0.6810
vn -0.8712 0.1328 -0.4727
vn -0.8907 0.3959 -0.2235
vn -0.8772 0.4541 -0.1561
vn 0.6986 -0.6979 -0.1576
vn 0.3971 -0.8286 -0.3946
vn 0.7295 -0.6730 -0.1220
vn -0.8266 0.5627 -0.0125
vn 0.9134 -0.0388 0.4052
vn 0.9153 -0.0422 0.4007
vn 0.9126 -0.0372 0.4072
vn -0.3992 0.8156 0.4187
vn -0.3719 0.8257 0.4241
vn -0.4185 0.8080 0.4147
vn 0.8298 -0.5580 0.0071
vn 0.8273 -0.5617 0.0065
vn 0.4266 0.6226 0.6560
vn 0.4365 0.6213 0.6508
vn 0.4032 0.6254 0.6681
vn -0.8315 0.5555 -0.0045
vn -0.9626 0.2706 0.0140
vn -0.9341 0.3568 -0.0110
vn -0.5355 -0.8441 -0.0266
vn 0.1152 -0.9933 0.0039
vn 0.0546 -0.9982 -0.0249
vn 0.9980 0.0615 -0.0148
vn 0.9924 0.1209 -0.0249
vn 0.9916 0.1271 -0.0259
vn -0.3377 0.9410 -0.0238
vn -0.3749 0.9269 -0.0159
vn -0.3326 0.9427 -0.0248
vn -0.9257 -0.3782 0.0084
vn -0.4961 -0.8682 0.0005
vn 0.8318 -0.5550 0.0037
vn 0.6978 -0.7163 0.0005
vn 0.8601 -0.5100 -0.0062
vn 0.5352 0.8442 -0.0286
vn 0.5010 0.8645 -0.0397
vn 0.4915 0.8698 -0.0427
vn -0.9518 -0.3058 -0.0241
vn 0.6682 -0.7440 -0.0002
vn 0.9611 0.0310 -0.2744
vn 0.9621 0.0289 -0.2710
vn 0.9637 0.0257 -0.2659
vn -0.3966 0.8893 -0.2276
vn -0.3901 0.8896 -0.2377
vn -0.4165 0.8878 -0.1960
vn -0.8741 -0.4309 0.2243
vn -0.5657 -0.8072 0.1684
vn -0.4802 -0.8575 0.1850
vn 0.8438 -0.5357 -0.0300
vn 0.6767 -0.7317 0.0814
vn 0.8389 -0.5443 -0.0031
vn 0.4765 0.7630 -0.4368
vn 0.4713 0.7631 -0.4421
vn 0.4915 0.7623 -0.4211
vn -0.9589 0.2288 0.1680
vn -0.9313 -0.2830 0.2293
vn 0.6572 -0.7518 0.0537
vn 0.1031 -0.9768 0.1877
vn -0.8385 0.5435 0.0394
vn -0.9317 0.3439 0.1166
vn 0.1291 -0.9774 0.1676
vn 0.1168 0.1461 0.9824
vn -0.2846 0.4406 0.8514
vn 0.1334 0.1743 0.9756
vn 0.7996 -0.5840 0.1402
vn 0.7945 -0.6051 -0.0523
vn 0.7967 -0.5995 -0.0767
vn 0.0234 0.0511 -0.9984
vn 0.0090 0.0541 -0.9985
vn 0.0006 0.0558 -0.9984
vn -0.3054 0.3944 0.8667
vn -0.6658 0.6010 0.4422
vn 0.4937 -0.2449 0.8345
vn 0.7756 -0.5150 0.3650
vn -0.7494 0.5970 0.2865
vn -0.7936 0.6061 0.0527
vn 0.5113 -0.1754 0.8413
vn 0.5777 -0.3864 -0.7190
vn 0.6168 -0.4515 -0.6448
vn 0.5705 -0.3750 -0.7306
vn -0.5779 0.4668 -0.6694
vn -0.6522 0.4859 -0.5819
vn -0.6635 0.4884 -0.5668
vn -0.5345 -0.8090 -0.2446
vn -0.5346 -0.8090 -0.2446
vn 0.5000 0.8660 -0.0000
vn 0.5000 -0.8660 -0.0000
vn 1.0000 -0.0000 -0.0000
vn -0.9810 -0.0000 -0.1941
vn -0.4905 -0.8496 -0.1941
vn -0.4905 0.8496 -0.1941
vn -0.5000 0.8660 -0.0000
vn -0.5000 -0.8660 -0.0000
vn -1.0000 -0.0000 -0.0000
vn 0.9810 -0.0000 -0.1941
vn 0.4905 -0.8496 -0.1941
vn 0.4905 0.8496 -0.1941
vn 0.0146 0.9845 -0.1747
vn -0.4995 0.7876 -0.3608
vn -0.2227 -0.8959 -0.3845
vn -0.0251 0.5734 0.8189
vn 0.3327 0.9014 0.2771
vn 0.8475 0.4222 0.3216
vn -0.0434 -0.9752 0.2169
vn 0.4880 -0.8488 0.2037
vn -0.6784 0.7012 0.2194
vn 0.4381 0.2223 0.8710
vn 0.5853 0.7799 -0.2217
vn 0.6514 0.5465 -0.5263
vn 0.2609 -0.9402 -0.2188
vn -0.6313 -0.3874 -0.6719
vn -0.7852 0.5965 0.1661
vn -0.8035 0.5559 0.2131
vn 0.4968 -0.0072 0.8678
vn 0.4514 -0.0367 0.8916
vn -0.8685 -0.4048 -0.2863
vn -0.7878 -0.3963 -0.4715
vn -0.2446 0.8966 -0.3690
vn -0.3854 -0.4509 -0.8051
vn 0.0587 0.6391 -0.7668
vn -0.5582 0.0261 -0.8293
vn -0.0157 0.9999 -0.0074
vn 0.0059 -0.0205 0.9998
vn -0.9997 -0.0240 -0.0091
vn 0.0184 -0.0219 -0.9996
vn 0.7169 -0.0300 0.6965
vn -0.6966 -0.0300 -0.7169
vn -0.7553 0.6553 -0.0132
vn 0.7554 0.6552 -0.0021
vn 0.0021 0.6553 -0.7554
vn 0.0121 0.6606 0.7506
vn 0.9600 -0.2796 -0.0151
vn 0.9996 -0.0257 -0.0149
vn -0.6540 -0.3495 -0.6710
vn 0.6710 -0.3495 0.6540
vn 0.0178 -0.2733 -0.9618
vn -0.9616 -0.2743 -0.0041
vn 0.0015 -0.2682 0.9634
vn 0.9999 0.0157 -0.0074
vn -0.0205 -0.0059 0.9998
vn -0.0240 0.9997 -0.0091
vn -0.0219 -0.0184 -0.9996
vn -0.0300 -0.7169 0.6965
vn -0.0300 0.6966 -0.7169
vn 0.6553 0.7553 -0.0132
vn 0.6552 -0.7554 -0.0021
vn 0.6553 -0.0021 -0.7554
vn 0.6606 -0.0121 0.7506
vn -0.2796 -0.9600 -0.0151
vn -0.0257 -0.9996 -0.0149
vn -0.3495 0.6540 -0.6710
vn -0.3495 -0.6710 0.6540
vn -0.2733 -0.0178 -0.9618
vn -0.2743 0.9616 -0.0041
vn -0.2682 -0.0015 0.9634
vn 0.0157 -0.9999 -0.0074
vn -0.0059 0.0205 0.9998
vn 0.9997 0.0240 -0.0091
vn -0.0184 0.0219 -0.9996
vn -0.7169 0.0300 0.6965
vn 0.6966 0.0300 -0.7169
vn 0.7553 -0.6553 -0.0132
vn -0.7554 -0.6552 -0.0021
vn -0.0021 -0.6553 -0.7554
vn -0.0121 -0.6606 0.7506
vn -0.9600 0.2796 -0.0151
vn -0.9996 0.0257 -0.0149
vn 0.6540 0.3495 -0.6709
vn -0.6710 0.3495 0.6540
vn -0.0178 0.2733 -0.9618
vn 0.9616 0.2743 -0.0041
vn -0.0015 0.2682 0.9634
vn -0.9999 -0.0157 -0.0074
vn 0.0205 0.0059 0.9998
vn 0.0240 -0.9997 -0.0091
vn 0.0219 0.0184 -0.9996
vn 0.0300 0.7169 0.6965
vn 0.0300 -0.6966 -0.7169
vn -0.6553 -0.7553 -0.0132
vn -0.6552 0.7554 -0.0021
vn -0.6553 0.0021 -0.7554
vn -0.6606 0.0121 0.7506
vn 0.2796 0.9600 -0.0151
vn 0.0257 0.9996 -0.0149
vn 0.3495 -0.6540 -0.6710
vn 0.3495 0.6710 0.6540
vn 0.2733 0.0178 -0.9618
vn 0.2743 -0.9616 -0.0041
vn 0.2682 0.0015 0.9634
vn -0.2290 -0.8662 0.4441
vn 0.8208 0.2377 0.5194
vn 0.6857 0.7278 -0.0124
vn -0.1881 -0.8981 0.3975
vn 0.8764 0.2236 0.4265
vn 0.5382 -0.5502 0.6385
vn 0.6390 0.7692 0.0067
vn -0.1048 -0.9944 -0.0133
vn 0.9734 0.2287 -0.0151
vn 0.7419 -0.6701 -0.0254
vn -0.1165 -0.9528 -0.2802
vn 0.9372 0.2286 -0.2635
vn 0.6820 -0.5713 -0.4566
vn 0.6749 0.7378 0.0111
vn 0.0442 -0.0209 -0.9988
vn 0.7229 0.6855 0.0862
vn -0.6045 -0.5535 -0.5729
vn 0.5398 0.4878 -0.6860
vn -0.8959 -0.0097 0.4441
vn 0.4475 -0.7280 0.5194
vn 0.8840 -0.4673 -0.0124
vn -0.9158 -0.0577 0.3975
vn 0.4487 -0.7853 0.4265
vn -0.3872 -0.6652 0.6385
vn 0.9115 -0.4113 0.0067
vn -0.9864 -0.1636 -0.0133
vn 0.4795 -0.8774 -0.0151
vn -0.4485 -0.8934 -0.0254
vn -0.9495 -0.1413 -0.2802
vn 0.4697 -0.8426 -0.2635
vn -0.3692 -0.8095 -0.4566
vn 0.8908 -0.4543 0.0111
vn -0.0219 -0.0442 -0.9988
vn 0.8538 -0.5136 0.0850
vn -0.6650 0.3954 -0.6336
vn 0.6136 -0.3976 -0.6822
vn 0.8914 -0.0901 0.4441
vn -0.3637 0.7732 0.5194
vn -0.8265 0.5628 -0.0124
vn 0.9165 -0.0446 0.3975
vn -0.3586 0.8304 0.4265
vn 0.4588 0.6179 0.6385
vn -0.8600 0.5102 0.0067
vn 0.9985 0.0528 -0.0133
vn -0.3788 0.9253 -0.0151
vn 0.5452 0.8379 -0.0254
vn 0.9593 0.0347 -0.2802
vn -0.3730 0.8896 -0.2635
vn 0.4570 0.7633 -0.4566
vn -0.8347 0.5506 0.0111
vn 0.0318 0.0493 -0.9983
vn -0.7955 0.6008 0.0786
vn 0.6232 -0.4630 -0.6303
vn -0.5656 0.4632 -0.6823
vn -0.4905 0.8496 -0.1940
vn 0.4905 0.8496 -0.1940
vt 0.119031 0.143782
vt 0.056702 0.067369
vt 0.131474 0.077701
vt 0.517241 0.340410
vt 0.567338 0.429583
vt 0.517469 0.435082
vt 0.338924 0.337491
vt 0.266537 0.421393
vt 0.301208 0.329674
vt 0.501471 0.061049
vt 0.548091 0.154064
vt 0.501856 0.155866
vt 0.454923 0.152138
vt 0.462748 0.060013
vt 0.420657 0.343283
vt 0.372225 0.435914
vt 0.379577 0.342368
vt 0.403543 0.147816
vt 0.407303 0.115995
vt 0.318607 0.431774
vt 0.394808 0.108268
vt 0.367329 0.143026
vt 0.345687 0.144214
vt 0.347466 0.048040
vt 0.294003 0.140540
vt 0.311302 0.046018
vt 0.698538 0.540280
vt 0.786802 0.552274
vt 0.713178 0.609535
vt 0.087418 0.681872
vt 0.154901 0.753996
vt 0.082564 0.750090
vt 0.824263 0.739123
vt 0.789495 0.704439
vt 0.828547 0.670484
vt 0.786969 0.671249
vt 0.718845 0.675697
vt 0.124486 0.324747
vt 0.063079 0.386163
vt 0.054590 0.335892
vt 0.048437 0.263495
vt 0.116156 0.259565
vt 0.048206 0.206749
vt 0.114750 0.203174
vt 0.589290 0.330284
vt 0.553702 0.337113
vt 0.045059 0.141852
vt 0.015121 0.026347
vt 0.060163 0.012928
vt 0.027674 0.676060
vt 0.009059 0.752082
vt 0.010804 0.671381
vt 0.630964 0.624517
vt 0.611016 0.573920
vt 0.027325 0.599739
vt 0.033230 0.580360
vt 0.095374 0.599404
vt 0.638709 0.677344
vt 0.141400 0.398031
vt 0.135761 0.383859
vt 0.211337 0.369499
vt 0.636943 0.729611
vt 0.203435 0.297293
vt 0.719088 0.741114
vt 0.621032 0.784137
vt 0.192074 0.245464
vt 0.298373 0.668081
vt 0.210333 0.596076
vt 0.266738 0.576833
vt 0.191813 0.201044
vt 0.155738 0.683680
vt 0.224397 0.679519
vt 0.201336 0.154622
vt 0.238482 0.049435
vt 0.214532 0.103058
vt 0.152758 0.602626
vt 0.539373 0.059875
vt 0.598357 0.145916
vt 0.030394 0.412874
vt 0.009554 0.335943
vt 0.785687 0.604255
vt 0.043260 0.748985
vt 0.008851 0.767471
vt 0.150068 0.007806
vt 0.081400 0.792542
vt 0.347801 0.947141
vt 0.300044 0.940496
vt 0.306952 0.802843
vt 0.018106 0.068265
vt 0.012556 0.197144
vt 0.010865 0.135465
vt 0.302022 0.780668
vt 0.230333 0.786348
vt 0.230450 0.767871
vt 0.007719 0.257877
vt 0.830043 0.804703
vt 0.808166 0.795217
vt 0.833846 0.259841
vt 0.683346 0.207280
vt 0.835919 0.200365
vt 0.824085 0.320556
vt 0.682401 0.248735
vt 0.809711 0.072041
vt 0.677679 0.164084
vt 0.665611 0.120013
vt 0.827971 0.137723
vt 0.808057 0.379952
vt 0.675529 0.291536
vt 0.538677 0.784502
vt 0.548861 0.943063
vt 0.503671 0.933096
vt 0.387772 0.937452
vt 0.605122 0.798212
vt 0.593755 0.960297
vt 0.366353 0.789802
vt 0.425743 0.931106
vt 0.473309 0.778532
vt 0.462469 0.929406
vt 0.420116 0.780258
vt 0.647796 0.076451
vt 0.787232 0.010577
vt 0.667468 0.381414
vt 0.647845 0.372343
vt 0.663802 0.333686
vt 0.948385 0.304933
vt 0.949213 0.283720
vt 0.955142 0.287792
vt 0.229222 0.736385
vt 0.205783 0.750741
vt 0.155858 0.795645
vt 0.008057 0.783286
vt 0.046436 0.409998
vt 0.062433 0.410208
vt 0.987186 0.847945
vt 0.931235 0.932066
vt 0.948632 0.854406
vt 0.841346 0.976717
vt 0.851337 0.938069
vt 0.824896 0.603800
vt 0.138604 0.831712
vt 0.188184 0.901788
vt 0.137855 0.898217
vt 0.133649 0.958192
vt 0.192505 0.962897
vt 0.085059 0.900466
vt 0.029312 0.848289
vt 0.084871 0.837625
vt 0.034429 0.951613
vt 0.033106 0.903636
vt 0.133524 0.980546
vt 0.081890 0.953168
vt 0.035614 0.975679
vt 0.015670 0.903264
vt 0.196239 0.822777
vt 0.211900 0.825469
vt 0.208208 0.863443
vt 0.136211 0.815813
vt 0.202945 0.900643
vt 0.714415 0.436433
vt 0.727780 0.468349
vt 0.714415 0.468502
vt 0.759850 0.436280
vt 0.759850 0.468349
vt 0.773214 0.436433
vt 0.773215 0.468502
vt 0.727926 0.481714
vt 0.759996 0.481714
vt 0.727926 0.422914
vt 0.727780 0.436280
vt 0.698998 0.449699
vt 0.685633 0.417783
vt 0.698998 0.417630
vt 0.653564 0.449852
vt 0.653564 0.417783
vt 0.640199 0.449699
vt 0.640199 0.417630
vt 0.685487 0.404418
vt 0.653418 0.404418
vt 0.685487 0.463217
vt 0.685633 0.449852
vt 0.902675 0.332541
vt 0.889310 0.300625
vt 0.902675 0.300472
vt 0.857241 0.332694
vt 0.857241 0.300625
vt 0.843876 0.332541
vt 0.843876 0.300472
vt 0.889164 0.287260
vt 0.857095 0.287260
vt 0.889164 0.346060
vt 0.889310 0.332695
vt 0.476279 0.662060
vt 0.409150 0.735675
vt 0.408325 0.664966
vt 0.342754 0.739875
vt 0.348972 0.661533
vt 0.460679 0.597540
vt 0.354232 0.601409
vt 0.403995 0.603256
vt 0.326559 0.659567
vt 0.402754 0.580850
vt 0.489635 0.740527
vt 0.409231 0.757224
vt 0.498659 0.658271
vt 0.680188 0.973127
vt 0.667560 0.941202
vt 0.680189 0.941058
vt 0.635491 0.973272
vt 0.635491 0.941202
vt 0.622863 0.973127
vt 0.622863 0.941058
vt 0.667422 0.928574
vt 0.635353 0.928574
vt 0.667422 0.985900
vt 0.667560 0.973272
vt 0.936568 0.595898
vt 0.947045 0.627848
vt 0.936568 0.627968
vt 0.979114 0.595778
vt 0.979115 0.627848
vt 0.989591 0.595898
vt 0.989591 0.627968
vt 0.947159 0.638325
vt 0.979229 0.638325
vt 0.947159 0.585301
vt 0.947045 0.595778
vt 0.992291 0.148865
vt 0.979663 0.116941
vt 0.992291 0.116796
vt 0.947594 0.149010
vt 0.947594 0.116941
vt 0.934965 0.148865
vt 0.934965 0.116796
vt 0.979525 0.104312
vt 0.947456 0.104312
vt 0.979525 0.161638
vt 0.979663 0.149010
vt 0.294050 0.730979
vt 0.319928 0.775793
vt 0.306403 0.707098
vt 0.712336 0.810839
vt 0.749598 0.742372
vt 0.750392 0.815066
vt 0.772182 0.830678
vt 0.972938 0.272195
vt 0.964077 0.307395
vt 0.967743 0.287513
vt 0.977354 0.303357
vt 0.959254 0.242208
vt 0.953279 0.261246
vt 0.944871 0.244620
vt 0.948228 0.264830
vt 0.933839 0.252749
vt 0.973593 0.246046
vt 0.959674 0.260443
vt 0.934891 0.295317
vt 0.945756 0.277576
vt 0.961824 0.289111
vt 0.927501 0.281080
vt 0.945512 0.270754
vt 0.986132 0.294817
vt 0.971582 0.283646
vt 0.927501 0.265709
vt 0.990734 0.282592
vt 0.973331 0.278242
vt 0.990371 0.268427
vt 0.970557 0.266500
vt 0.984497 0.255323
vt 0.965914 0.262332
vt 0.574812 0.638850
vt 0.110873 0.538941
vt 0.286082 0.090949
vt 0.256327 0.161970
vt 0.266253 0.124407
vt 0.189033 0.535964
vt 0.150364 0.544043
vt 0.251397 0.199845
vt 0.225589 0.521212
vt 0.254833 0.237632
vt 0.575808 0.715865
vt 0.561723 0.750848
vt 0.265337 0.277313
vt 0.228807 0.358314
vt 0.579243 0.677547
vt 0.072121 0.521534
vt 0.503350 0.232079
vt 0.485904 0.437153
vt 0.439607 0.437400
vt 0.472822 0.403824
vt 0.455331 0.234138
vt 0.425917 0.437124
vt 0.368280 0.525500
vt 0.398112 0.240246
vt 0.314294 0.512884
vt 0.364982 0.172248
vt 0.346522 0.231062
vt 0.259402 0.516238
vt 0.294202 0.237724
vt 0.622230 0.422351
vt 0.575160 0.520097
vt 0.665210 0.230893
vt 0.607747 0.235333
vt 0.521688 0.525955
vt 0.551898 0.241980
vt 0.473580 0.516994
vt 0.474377 0.453945
vt 0.571808 0.016816
vt 0.614567 0.045964
vt 0.578052 0.055008
vt 0.536525 0.020125
vt 0.501326 0.020820
vt 0.464773 0.020322
vt 0.427421 0.017246
vt 0.423746 0.055374
vt 0.383991 0.008487
vt 0.347912 0.008521
vt 0.312862 0.007849
vt 0.548905 0.298141
vt 0.514789 0.300514
vt 0.481916 0.340732
vt 0.480390 0.301446
vt 0.420393 0.303645
vt 0.458470 0.341316
vt 0.382106 0.303145
vt 0.344483 0.298423
vt 0.308145 0.292485
vt 0.469145 0.554332
vt 0.497193 0.268934
vt 0.426976 0.518947
vt 0.426829 0.554304
vt 0.454530 0.269266
vt 0.382197 0.560595
vt 0.411098 0.275394
vt 0.312848 0.549375
vt 0.346089 0.267162
vt 0.270878 0.554128
vt 0.306231 0.274449
vt 0.618575 0.553493
vt 0.579115 0.553740
vt 0.653479 0.267989
vt 0.611776 0.269906
vt 0.540483 0.559423
vt 0.571389 0.275922
vt 0.680970 0.914412
vt 0.685055 0.836169
vt 0.709874 0.847973
vt 0.865758 0.045091
vt 0.922311 0.097557
vt 0.851650 0.079479
vt 0.734860 0.858225
vt 0.717103 0.929237
vt 0.917136 0.121204
vt 0.844167 0.113674
vt 0.759952 0.862898
vt 0.753388 0.935995
vt 0.845266 0.151780
vt 0.917896 0.147555
vt 0.791897 0.933976
vt 0.786581 0.861502
vt 0.851659 0.193417
vt 0.922317 0.176348
vt 0.831896 0.927082
vt 0.814241 0.856734
vt 0.930119 0.203626
vt 0.862942 0.232864
vt 0.839582 0.849160
vt 0.868541 0.916130
vt 0.882016 0.267073
vt 0.943309 0.227281
vt 0.900508 0.898014
vt 0.861687 0.836633
vt 0.943593 0.050306
vt 0.932066 0.073777
vt 0.644020 0.007724
vt 0.661354 0.021759
vt 0.643669 0.041899
vt 0.396299 0.146823
vt 0.385951 0.139784
vt 0.029594 0.830481
vt 0.084965 0.983607
vt 0.384888 0.046811
vt 0.803756 0.740296
vt 0.308484 0.960399
vt 0.273026 0.813695
vt 0.299996 0.789306
vt 0.794311 0.413330
vt 0.635854 0.008162
vt 0.626877 0.020213
vt 0.652299 0.008570
vt 0.658813 0.013552
vt 0.660887 0.030567
vt 0.657799 0.037927
vt 0.651445 0.041582
vt 0.635846 0.040678
vt 0.626877 0.028712
vt 0.629546 0.036262
vt 0.629514 0.012582
vt 0.257378 0.898638
vt 0.866019 0.467044
vt 0.937736 0.471682
vt 0.898526 0.505460
vt 0.972015 0.514063
vt 0.904358 0.510551
vt 0.941426 0.478019
vt 0.977506 0.434299
vt 0.908640 0.428178
vt 0.944221 0.397253
vt 0.897182 0.428193
vt 0.831282 0.425429
vt 0.867971 0.392202
vt 0.927807 0.551729
vt 0.932914 0.546942
vt 0.945951 0.472660
vt 0.977598 0.510180
vt 0.903354 0.424524
vt 0.872591 0.387412
vt 0.903203 0.433135
vt 0.943174 0.466873
vt 0.860644 0.471923
vt 0.862350 0.460819
vt 0.898224 0.513809
vt 0.858027 0.466264
vt 0.857047 0.540733
vt 0.813927 0.519472
vt 0.825560 0.503700
vt 0.825356 0.429760
vt 0.819694 0.407567
vt 0.893042 0.510289
vt 0.852928 0.378943
vt 0.856478 0.374592
vt 0.988121 0.529248
vt 0.982891 0.532269
vt 0.944484 0.565150
vt 0.948398 0.560646
vt 0.988709 0.418006
vt 0.961425 0.387805
vt 0.937736 0.471682
vt 0.898526 0.505460
vt 0.941426 0.478019
vt 0.977506 0.434299
vt 0.867971 0.392202
vt 0.977597 0.510180
vt 0.903354 0.424524
vt 0.857047 0.540733
vt 0.813927 0.519472
vt 0.819694 0.407567
vt 0.893042 0.510289
vt 0.852928 0.378943
vt 0.988121 0.529248
vt 0.982891 0.532269
vt 0.961425 0.387805
vt 0.916853 0.562684
vt 0.909515 0.634539
vt 0.907452 0.554754
vt 0.896727 0.548349
vt 0.875057 0.632140
vt 0.872858 0.548817
vt 0.049823 0.435113
vt 0.110513 0.422756
vt 0.116855 0.433079
vt 0.049776 0.455225
vt 0.110391 0.467712
vt 0.043165 0.463959
vt 0.853324 0.563851
vt 0.863360 0.635336
vt 0.851624 0.639375
vt 0.052296 0.445142
vt 0.116642 0.457241
vt 0.897719 0.631805
vt 0.862421 0.555586
vt 0.119331 0.445209
vt 0.118572 0.418885
vt 0.120505 0.471218
vt 0.853009 0.650801
vt 0.900298 0.663146
vt 0.864107 0.657264
vt 0.922531 0.651191
vt 0.911844 0.658005
vt 0.875786 0.662725
vt 0.863868 0.665708
vt 0.857397 0.738366
vt 0.852341 0.669791
vt 0.182246 0.461978
vt 0.912696 0.735481
vt 0.901633 0.738296
vt 0.869335 0.740522
vt 0.185368 0.433868
vt 0.184519 0.448195
vt 0.912298 0.665803
vt 0.924352 0.732281
vt 0.880771 0.741356
vt 0.180089 0.473378
vt 0.916969 0.751380
vt 0.904758 0.757125
vt 0.867852 0.753877
vt 0.190906 0.447384
vt 0.927928 0.743941
vt 0.880161 0.758248
vt 0.184002 0.421672
vt 0.191542 0.431221
vt 0.190557 0.463030
vt 0.187447 0.475294
vt 0.856670 0.747440
vt 0.237797 0.430385
vt 0.242353 0.439604
vt 0.924394 0.773688
vt 0.914210 0.831194
vt 0.915615 0.764174
vt 0.878837 0.818576
vt 0.233018 0.421006
vt 0.246376 0.460317
vt 0.860263 0.774728
vt 0.865898 0.818165
vt 0.853186 0.820604
vt 0.245181 0.449508
vt 0.902168 0.826445
vt 0.869686 0.765853
vt 0.281891 0.030041
vt 0.274634 0.040030
vt 0.243890 0.030041
vt 0.262890 0.043846
vt 0.251147 0.040030
vt 0.243890 0.017694
vt 0.281891 0.017694
vt 0.251147 0.007704
vt 0.274634 0.007704
vt 0.916853 0.562684
vt 0.896727 0.548349
vt 0.872858 0.548817
vt 0.049824 0.435113
vt 0.110513 0.422756
vt 0.116856 0.433079
vt 0.049776 0.455225
vt 0.110391 0.467712
vt 0.043165 0.463959
vt 0.853323 0.563851
vt 0.863360 0.635336
vt 0.052296 0.445142
vt 0.862421 0.555586
vt 0.120505 0.471218
vt 0.875786 0.662725
vt 0.857397 0.738366
vt 0.852341 0.669791
vt 0.182246 0.461978
vt 0.869335 0.740522
vt 0.185368 0.433868
vt 0.184519 0.448195
vt 0.912298 0.665803
vt 0.924352 0.732281
vt 0.880771 0.741356
vt 0.916969 0.751380
vt 0.190906 0.447384
vt 0.880161 0.758248
vt 0.184002 0.421672
vt 0.191542 0.431221
vt 0.187447 0.475294
vt 0.237797 0.430385
vt 0.242353 0.439604
vt 0.914210 0.831194
vt 0.915615 0.764174
vt 0.902168 0.826445
vt 0.233018 0.421006
vt 0.246376 0.460317
vt 0.245181 0.449508
vt 0.243890 0.030041
vt 0.262890 0.043846
vt 0.251147 0.040030
vt 0.243890 0.017694
vt 0.251147 0.007704
vt 0.965492 0.367422
vt 0.991414 0.319318
vt 0.965492 0.319318
vt 0.913649 0.367422
vt 0.939571 0.319318
vt 0.913649 0.319318
vt 0.939571 0.367422
vt 0.971672 0.378126
vt 0.991414 0.367422
vt 0.919828 0.378126
vt 0.945750 0.378126
vt 0.789146 0.496645
vt 0.802963 0.513464
vt 0.801379 0.490348
vt 0.788301 0.509556
vt 0.788788 0.533809
vt 0.776277 0.486417
vt 0.786477 0.474444
vt 0.776277 0.520878
vt 0.991414 0.319318
vt 0.913649 0.367422
vt 0.913649 0.319318
vt 0.991414 0.367422
vt 0.971672 0.378126
vt 0.933391 0.378126
vt 0.919828 0.378126
vt 0.789146 0.496645
vt 0.801379 0.490348
vt 0.788788 0.533809
vt 0.776277 0.486417
vt 0.786477 0.474444
vt 0.776277 0.520878
vt 0.663727 0.822872
vt 0.972142 0.976717
vt 0.829048 0.564298
vt 0.193710 0.985328
vt 0.011609 0.849215
vt 0.011698 0.951829
vt 0.082885 0.820710
vt 0.195565 0.806486
vt 0.212930 0.960752
vt 0.759996 0.422914
vt 0.653418 0.463218
vt 0.857095 0.346060
vt 0.319945 0.740180
vt 0.331440 0.597340
vt 0.462793 0.573994
vt 0.493522 0.762530
vt 0.349600 0.578141
vt 0.483091 0.591541
vt 0.512659 0.739114
vt 0.339216 0.762439
vt 0.635353 0.985900
vt 0.979229 0.585302
vt 0.947456 0.161638
vt 0.561528 0.604361
vt 0.286042 0.315976
vt 0.629366 0.518177
vt 0.653966 0.135974
vt 0.607361 0.009188
vt 0.583722 0.292520
vt 0.457262 0.302092
vt 0.507501 0.564442
vt 0.535838 0.278764
vt 0.354811 0.560263
vt 0.386170 0.275361
vt 0.645080 0.897342
vt 0.882426 0.011149
vt 0.839783 0.550059
vt 0.814513 0.410737
vt 0.839783 0.550059
vt 0.814513 0.410737
vt 0.921314 0.638093
vt 0.043228 0.426357
vt 0.924163 0.668558
vt 0.189085 0.418906
vt 0.926711 0.834555
vt 0.043228 0.426357
vt 0.926711 0.834555
vt 0.985235 0.378126
vt 0.959313 0.378126
vt 0.985234 0.378126
vt 0.959313 0.378126
s 1
usemtl None.004
f 32/1/1 578/2/2 30/3/3
f 228/4/4 809/5/5 810/6/6
f 236/7/7 183/8/8 211/9/9
f 216/10/10 798/11/11 799/12/12
f 216/10/10 801/13/13 218/14/14
f 232/15/15 813/16/16 234/17/17
f 801/13/13 802/18/18 907/19/19
f 236/7/7 813/16/16 815/20/20
f 907/21/19 899/22/21 807/23/22
f 222/24/23 806/25/24 224/26/25
f 909/27/26 77/28/27 50/29/28
f 25/30/29 574/31/30 586/32/31
f 605/33/32 777/34/33 604/35/34
f 50/29/28 576/36/35 46/37/36
f 44/38/37 584/39/38 583/40/39
f 44/38/37 582/41/40 40/42/41
f 40/42/41 580/43/42 633/44/43
f 224/45/25 809/5/5 226/46/44
f 36/44/45 577/47/46 32/1/1
f 4/2/47 664/48/48 665/49/49
f 657/50/50 644/51/51 645/52/52
f 909/27/26 621/53/53 622/54/54
f 623/55/55 627/56/56 24/57/57
f 50/29/28 628/58/58 621/53/53
f 48/59/59 75/60/60 624/61/61
f 46/37/36 629/62/62 628/58/58
f 40/42/41 631/63/63 44/38/37
f 42/64/64 632/65/65 629/62/62
f 633/44/43 630/66/66 40/42/41
f 38/67/67 637/68/68 632/69/65
f 32/1/1 635/70/69 36/44/45
f 639/71/70 637/68/68 34/72/71
f 30/3/3 638/73/72 32/1/1
f 30/3/3 622/74/54 643/75/73
f 25/30/29 641/76/74 26/71/75
f 214/77/76 184/78/77 798/11/11
f 73/39/78 12/79/79 614/80/80
f 3/81/81 604/35/34 2/36/82
f 644/51/51 653/82/83 656/83/84
f 30/3/3 666/49/85 909/84/26
f 1/31/86 598/85/87 10/32/88
f 58/86/89 80/87/90 17/88/91
f 5/47/92 618/89/93 4/2/47
f 5/47/92 602/90/94 615/91/95
f 649/92/96 607/93/97 650/94/98
f 6/43/99 600/95/100 601/90/101
f 606/96/102 652/97/103 605/33/32
f 7/41/104 8/40/105 600/95/100
f 20/98/106 612/99/107 21/100/108
f 19/101/109 611/102/110 20/98/106
f 23/103/111 590/104/112 587/105/113
f 22/106/114 612/99/107 591/104/115
f 18/107/116 620/108/117 19/101/109
f 13/109/118 613/110/119 609/111/120
f 17/88/91 594/112/121 58/86/89
f 599/113/122 589/114/123 613/110/119
f 16/115/124 592/116/125 594/112/121
f 14/117/126 609/111/120 610/118/127
f 15/119/128 610/118/127 593/116/129
f 23/103/111 588/120/130 11/121/131
f 80/122/90 59/123/132 619/124/133
f 53/125/134 783/126/135 793/127/136
f 34/72/71 648/128/137 571/129/138
f 572/129/139 607/93/97 616/130/140
f 654/82/141 25/30/29 586/32/31
f 631/63/63 626/61/142 44/38/37
f 70/82/143 598/85/87 12/131/79
f 625/55/144 657/50/50 645/52/52
f 71/132/145 585/39/146 9/133/147
f 75/60/60 9/133/147 585/39/146
f 663/134/148 910/135/149 76/136/150
f 29/135/151 661/137/152 667/138/153
f 668/28/154 617/139/155 3/81/81
f 682/140/156 669/141/157 86/142/158
f 681/143/159 669/141/157 670/144/160
f 276/145/161 675/146/162 674/147/163
f 276/145/161 679/148/164 677/149/165
f 671/144/166 96/150/167 84/143/168
f 277/151/169 687/152/170 680/148/171
f 95/153/172 676/146/173 87/149/174
f 673/154/175 92/155/175 280/156/175
f 85/148/176 95/153/172 87/149/174
f 275/147/177 93/157/178 88/140/179
f 93/157/178 83/154/180 88/140/179
f 683/158/181 81/144/182 82/141/183
f 101/159/184 693/160/184 100/161/184
f 694/160/185 699/162/185 697/163/185
f 698/163/186 691/164/186 98/165/186
f 689/166/187 102/163/188 690/167/188
f 692/168/189 103/162/189 105/169/189
f 109/170/190 705/171/190 108/172/190
f 706/171/191 711/173/191 709/174/191
f 710/174/192 703/175/192 106/176/192
f 701/177/193 110/174/193 702/178/193
f 704/179/194 111/173/194 113/180/194
f 117/181/195 717/182/195 116/183/195
f 718/182/196 723/184/196 721/185/196
f 722/185/197 715/186/197 114/187/197
f 713/188/198 118/185/198 714/189/198
f 716/190/199 119/184/199 121/191/199
f 575/81/200 50/29/28 77/28/27
f 730/192/201 725/193/202 127/194/203
f 127/194/203 726/195/204 734/196/205
f 127/194/203 731/197/206 730/192/201
f 127/194/203 735/198/207 733/199/208
f 727/195/209 137/200/210 125/196/211
f 137/200/210 736/198/212 125/196/211
f 136/201/213 732/197/214 128/199/215
f 729/202/216 131/203/217 123/193/218
f 126/198/219 136/201/213 128/199/215
f 130/197/220 134/204/221 129/192/222
f 134/204/221 124/202/223 129/192/222
f 131/203/217 122/195/224 123/193/218
f 142/205/225 745/206/225 141/207/225
f 746/206/226 751/208/226 749/209/226
f 750/209/227 743/210/227 139/211/227
f 741/212/228 143/209/229 742/213/229
f 744/214/230 144/208/230 146/215/231
f 150/216/232 757/217/232 149/218/232
f 758/217/233 763/219/233 761/220/233
f 762/220/234 755/221/235 147/222/234
f 753/223/236 151/220/236 754/224/236
f 756/225/237 152/219/237 154/226/237
f 158/227/238 769/228/238 157/229/238
f 770/228/239 775/230/239 773/231/239
f 774/231/240 767/232/240 155/233/240
f 765/234/241 159/231/241 766/235/241
f 768/236/242 160/230/243 162/237/242
f 646/238/244 651/239/244 68/92/244
f 647/238/245 34/72/71 779/240/246
f 38/241/67 780/242/247 779/243/246
f 168/97/248 167/244/248 166/243/248
f 46/37/36 778/34/249 780/242/247
f 180/127/250 170/126/250 174/245/250
f 54/246/251 790/247/252 55/248/253
f 61/249/254 791/250/255 62/251/256
f 62/251/256 792/252/257 63/253/258
f 60/254/259 795/255/260 61/249/254
f 52/256/261 782/257/262 783/126/135
f 53/125/134 789/258/263 54/246/251
f 65/259/264 784/260/265 782/257/262
f 56/261/266 790/247/252 785/262/267
f 64/263/268 792/252/257 784/260/265
f 57/264/269 785/262/267 786/265/270
f 595/266/271 786/265/270 787/245/272
f 595/266/271 788/267/273 596/268/274
f 596/268/274 794/269/275 60/254/259
f 221/270/276 28/54/277 51/53/278
f 237/271/279 642/76/280 24/57/57
f 223/272/281 31/75/282 28/74/277
f 227/273/283 31/75/282 225/274/284
f 213/275/285 27/76/286 838/276/287
f 857/277/288 33/73/289 227/273/283
f 215/278/290 35/68/291 213/275/285
f 231/279/292 37/70/293 229/277/294
f 217/280/295 39/65/296 215/281/290
f 231/279/292 45/63/297 41/66/298
f 217/280/295 47/58/299 43/62/300
f 233/282/301 49/283/302 45/63/297
f 219/284/303 51/53/278 47/58/299
f 235/285/304 24/57/57 627/56/56
f 185/11/305 820/286/306 800/12/306
f 812/287/307 897/288/307 269/289/307
f 186/12/308 822/290/309 187/13/309
f 193/291/310 832/292/311 194/16/311
f 187/13/309 823/293/312 188/18/312
f 194/16/311 833/294/313 816/20/313
f 808/23/314 905/295/314 202/296/314
f 195/20/315 818/297/316 797/8/316
f 189/23/317 826/298/318 190/25/318
f 190/299/318 827/300/319 191/5/319
f 796/78/320 818/301/316 817/302/320
f 191/5/319 828/303/321 192/6/321
f 796/78/320 819/304/305 185/11/305
f 828/303/321 829/305/322 835/306/322
f 837/307/323 840/308/324 841/309/323
f 837/307/323 843/77/325 842/310/326
f 842/310/326 845/10/327 844/311/328
f 846/312/329 845/10/327 847/14/330
f 848/313/331 847/14/330 849/314/332
f 848/315/331 851/24/333 850/316/334
f 852/317/335 851/24/333 853/26/336
f 854/318/337 853/45/336 855/46/338
f 854/318/337 858/4/339 856/319/340
f 856/319/340 860/320/341 859/321/341
f 861/322/342 860/323/341 862/15/343
f 863/324/344 862/15/343 865/17/345
f 863/324/344 867/7/346 866/325/347
f 839/326/348 867/7/346 840/9/324
f 211/308/9 184/78/77 212/309/349
f 205/303/350 878/327/350 830/305/350
f 198/304/350 871/328/350 199/286/350
f 831/329/350 878/327/350 879/330/350
f 200/290/350 871/328/350 872/331/350
f 208/292/350 879/330/350 880/332/350
f 201/293/350 872/331/350 873/333/350
f 208/292/350 881/334/350 209/294/350
f 201/293/350 874/335/350 824/296/350
f 196/297/350 881/334/350 869/336/350
f 203/298/350 874/335/350 875/337/350
f 204/300/350 875/338/350 876/339/350
f 197/302/350 869/340/350 868/341/350
f 204/300/350 877/342/350 205/303/350
f 197/302/350 870/343/350 198/304/350
f 239/344/351 883/345/352 882/346/353
f 246/347/354 891/348/355 247/349/356
f 239/344/351 884/350/357 240/351/358
f 247/349/356 892/352/359 248/353/360
f 240/351/358 885/354/361 241/355/362
f 249/356/363 892/352/359 893/357/364
f 242/358/365 885/354/361 886/359/366
f 250/360/367 893/357/364 894/361/368
f 243/362/369 886/359/366 887/363/370
f 250/360/367 895/364/371 251/365/372
f 243/362/369 888/366/373 244/367/374
f 238/368/375 895/364/371 883/369/352
f 245/370/376 888/366/373 889/371/377
f 246/347/354 889/372/377 890/373/378
f 253/374/350 264/375/350 260/376/350
f 898/289/379 896/288/380 814/291/381
f 268/306/382 206/305/382 207/329/310
f 810/6/6 811/287/383 898/289/379
f 804/377/384 906/295/384 903/378/384
f 902/378/385 274/295/385 900/22/385
f 271/22/386 270/21/386 904/378/386
f 272/378/387 908/19/387 805/377/387
f 803/377/21 907/19/19 802/18/18
f 907/19/19 220/314/388 218/14/14
f 218/14/14 801/13/13 907/19/19
f 686/379/389 275/147/177 89/146/390
f 84/143/168 279/380/391 277/151/169
f 681/143/159 276/145/161 86/142/158
f 86/142/158 674/147/163 682/140/156
f 202/296/314 905/295/314 823/293/312
f 905/295/314 188/18/312 823/293/312
f 807/23/22 222/24/23 907/21/19
f 222/24/23 220/381/388 907/21/19
f 781/382/392 777/34/33 605/33/32
f 777/34/33 2/36/82 604/35/34
f 24/57/57 25/30/29 623/55/55
f 25/30/29 74/50/393 623/55/55
f 614/80/80 8/40/105 73/39/78
f 73/39/78 655/132/394 12/79/79
f 30/3/3 578/2/2 666/49/85
f 59/383/132 80/87/90 58/86/89
f 80/87/90 79/384/395 17/88/91
f 649/92/96 652/239/103 606/385/102
f 652/97/103 781/382/392 605/33/32
f 619/124/133 18/107/116 80/122/90
f 18/107/116 78/386/396 80/122/90
f 573/31/397 639/71/70 571/129/138
f 639/71/70 34/72/71 571/129/138
f 616/130/140 1/31/86 572/129/139
f 572/129/139 650/94/98 607/93/97
f 49/283/302 72/61/398 45/63/297
f 626/61/142 658/60/399 44/38/37
f 12/131/79 655/83/394 70/82/143
f 70/82/143 10/32/88 598/85/87
f 68/92/244 67/94/244 646/238/244
f 67/94/244 66/129/244 69/128/244
f 646/238/244 67/94/244 69/128/244
f 648/128/137 34/72/71 647/238/245
f 34/72/71 38/67/67 779/240/246
f 166/243/248 165/242/248 168/97/248
f 165/242/248 163/34/248 164/382/248
f 168/97/248 165/242/248 164/382/248
f 780/242/247 42/64/64 46/37/36
f 46/37/36 576/36/35 778/34/249
f 170/126/250 169/257/250 181/269/250
f 169/257/250 171/260/250 182/255/250
f 171/260/250 179/252/250 178/250/250
f 178/250/250 182/255/250 171/260/250
f 182/255/250 181/269/250 169/257/250
f 181/269/250 175/267/250 170/126/250
f 175/267/250 174/245/250 170/126/250
f 174/245/250 173/265/250 180/127/250
f 173/265/250 172/262/250 176/258/250
f 172/262/250 177/247/250 176/258/250
f 176/258/250 180/127/250 173/265/250
f 835/306/322 266/287/322 192/6/321
f 192/6/321 828/303/321 835/306/322
f 254/387/350 253/374/350 256/388/350
f 253/374/350 252/389/350 264/375/350
f 252/389/350 265/390/350 264/375/350
f 264/375/350 263/391/350 260/376/350
f 263/391/350 262/392/350 261/393/350
f 260/376/350 263/391/350 261/393/350
f 260/376/350 259/394/350 257/395/350
f 259/394/350 258/396/350 257/395/350
f 257/395/350 256/388/350 253/374/350
f 260/376/350 257/395/350 253/374/350
f 256/388/350 255/397/350 254/387/350
f 814/291/381 232/15/15 898/289/379
f 232/15/15 230/323/400 898/289/379
f 207/329/310 193/291/310 267/288/382
f 267/288/382 268/306/382 207/329/310
f 898/289/379 230/320/400 228/4/4
f 228/4/4 810/6/6 898/289/379
f 90/158/401 685/156/401 281/398/401
f 280/156/175 82/141/183 673/154/175
f 914/399/402 917/400/402 911/401/403
f 950/402/404 921/403/405 948/404/406
f 926/405/407 938/406/408 968/407/409
f 945/408/410 972/409/411 953/410/412
f 964/411/413 922/403/414 958/412/415
f 952/402/416 931/413/416 928/414/416
f 940/415/417 955/410/418 969/416/419
f 936/417/420 930/418/421 919/400/422
f 913/401/423 932/419/424 916/399/425
f 941/420/426 937/417/427 915/399/428
f 290/408/429 289/415/429 284/417/429
f 925/421/430 912/401/430 920/403/430
f 918/400/431 288/413/431 947/404/431
f 943/420/432 283/399/432 933/422/432
f 282/401/433 287/404/434 286/403/435
f 963/423/436 962/424/437 959/425/438
f 961/426/439 974/427/439 971/409/439
f 960/426/440 291/420/440 934/422/440
f 293/428/441 306/425/442 292/419/443
f 967/416/444 975/429/445 970/430/446
f 951/402/447 977/431/448 976/432/448
f 299/433/449 957/412/450 978/434/451
f 304/410/452 301/427/453 296/429/454
f 294/435/455 308/407/456 300/436/457
f 295/432/458 305/412/459 303/402/460
f 982/399/461 985/437/461 979/438/462
f 1018/402/463 989/403/464 1016/439/465
f 994/440/466 1006/406/467 1036/407/468
f 1013/408/469 1040/409/470 1021/441/471
f 1032/411/472 990/403/473 1026/412/474
f 1020/402/475 999/413/475 996/442/475
f 1008/443/476 1023/441/477 1037/416/478
f 1004/417/479 998/418/480 987/437/481
f 981/438/482 1000/419/483 984/399/484
f 1009/420/485 1005/417/486 983/399/487
f 318/408/488 317/443/488 312/417/488
f 993/421/489 980/438/489 988/403/489
f 986/437/490 316/413/490 1015/439/490
f 1011/420/491 311/399/491 1001/422/491
f 310/438/492 315/439/493 314/403/494
f 1031/444/495 1030/445/496 1027/425/497
f 1029/426/498 1042/446/498 1039/409/498
f 1028/426/499 319/420/499 1002/422/499
f 321/447/500 334/425/501 320/419/502
f 1035/416/503 1043/448/504 1038/430/505
f 1019/402/506 1045/449/507 1044/450/507
f 327/433/508 1025/412/509 1046/434/510
f 332/441/511 329/446/512 324/448/513
f 322/435/514 336/407/515 328/451/516
f 323/450/517 333/412/518 331/402/519
f 1050/399/520 1053/437/520 1047/438/521
f 1086/402/522 1057/403/523 1084/439/524
f 1062/440/525 1074/406/526 1104/407/527
f 1081/408/528 1108/409/529 1089/441/530
f 1100/411/531 1058/403/532 1094/412/533
f 1088/402/534 1067/413/534 1064/442/534
f 1076/443/535 1091/441/536 1105/416/537
f 1072/417/538 1066/418/539 1055/437/540
f 1049/438/541 1068/419/542 1052/399/543
f 1077/420/544 1073/417/545 1051/399/546
f 346/408/547 345/443/547 340/417/547
f 1061/421/548 1048/438/548 1056/403/548
f 1054/437/549 344/413/549 1083/439/549
f 1079/420/550 339/399/550 1069/422/550
f 338/438/551 343/439/552 342/403/553
f 1099/444/554 1098/445/555 1095/425/556
f 1097/426/557 1110/446/557 1107/409/557
f 1096/426/558 347/420/558 1070/422/558
f 349/447/559 362/425/560 348/419/561
f 1103/416/562 1111/448/563 1106/430/564
f 1087/402/565 1113/449/566 1112/450/566
f 355/433/567 1093/412/568 1114/434/569
f 360/441/570 357/446/571 352/448/572
f 350/435/573 364/407/574 356/451/575
f 351/450/576 361/412/577 359/402/578
f 1118/399/579 1121/437/579 1115/438/580
f 1154/402/581 1125/403/582 1152/439/583
f 1130/440/584 1142/406/585 1172/407/586
f 1149/408/587 1176/409/588 1157/441/589
f 1168/411/590 1126/403/591 1162/412/592
f 1156/402/593 1135/413/593 1132/442/593
f 1144/443/594 1159/441/595 1173/416/596
f 1140/417/597 1134/418/598 1123/437/599
f 1117/438/600 1136/419/601 1120/399/602
f 1145/420/603 1141/417/604 1119/399/605
f 374/408/606 373/443/606 368/417/606
f 1129/421/607 1116/438/607 1124/403/607
f 1122/437/608 372/413/608 1151/439/608
f 1147/420/609 367/399/609 1137/422/609
f 366/438/610 371/439/611 370/403/612
f 1167/444/613 1166/445/614 1163/425/615
f 1165/426/616 1178/446/616 1175/409/616
f 1164/426/617 375/420/617 1138/422/617
f 377/447/618 390/425/619 376/419/620
f 1171/416/621 1179/448/622 1174/430/623
f 1155/402/624 1181/449/625 1180/450/625
f 383/433/626 1161/412/627 1182/434/628
f 388/441/629 385/446/630 380/448/631
f 378/435/632 392/407/633 384/451/634
f 379/450/635 389/412/636 387/402/637
f 401/452/638 1184/453/639 1187/454/639
f 1237/455/640 1188/456/640 398/457/640
f 395/458/641 1195/459/642 414/460/643
f 402/461/644 1183/462/645 401/463/638
f 396/464/646 1192/465/647 1195/466/642
f 394/467/648 1238/468/649 402/461/644
f 400/454/650 1228/469/651 399/455/652
f 397/470/653 1190/456/654 1194/465/655
f 394/467/648 414/460/643 410/471/656
f 1261/460/657 406/459/658 1255/472/659
f 405/462/660 409/468/661 417/473/662
f 1193/465/663 1255/474/659 406/466/658
f 1186/453/664 1208/475/665 1229/469/666
f 1189/456/667 1222/476/668 407/465/669
f 404/453/670 417/477/662 1207/478/671
f 408/469/672 1213/479/673 403/456/674
f 1220/480/675 1226/481/676 411/482/677
f 1262/471/678 422/483/679 1239/468/680
f 1209/475/681 1217/484/682 1223/485/683
f 1211/479/684 1202/486/685 415/480/686
f 1262/471/678 1227/487/687 418/488/688
f 413/489/689 1215/490/690 1218/484/691
f 412/479/692 1224/485/693 1198/491/694
f 411/472/677 1227/487/687 1260/460/695
f 1245/473/696 422/483/679 1215/492/690
f 1225/485/697 1234/493/698 1264/494/699
f 1196/491/700 1244/495/701 1204/486/702
f 423/487/703 1232/496/704 1216/488/705
f 426/484/706 435/497/707 1235/493/708
f 420/491/709 1265/494/710 1201/498/711
f 424/499/712 1241/500/713 423/487/703
f 421/492/714 1233/501/715 435/502/707
f 419/486/716 1240/503/717 424/481/712
f 1216/488/705 1233/501/715 1214/483/718
f 427/496/719 1246/504/720 1247/505/721
f 1266/506/722 1257/507/723 1236/508/724
f 1263/494/725 1252/509/726 1200/498/727
f 431/500/728 1248/510/729 1246/504/720
f 430/501/730 1256/511/731 1266/502/722
f 432/512/732 1249/513/733 1248/514/729
f 427/496/719 1259/515/734 430/501/730
f 429/508/735 1254/516/736 434/494/737
f 433/517/738 1251/509/739 1250/513/740
f 443/518/741 444/519/741 438/520/741
f 436/521/741 437/522/741 444/519/741
f 437/522/741 438/520/741 444/519/741
f 438/520/741 439/523/741 442/524/741
f 439/523/741 440/525/741 442/524/741
f 440/525/741 441/526/741 442/524/741
f 442/524/741 443/518/741 438/520/741
f 452/527/742 1268/453/743 1271/454/743
f 1321/528/744 1272/456/744 449/529/744
f 446/530/745 1279/531/746 465/532/747
f 453/533/748 1267/534/749 452/535/742
f 447/536/750 1276/537/751 1279/466/746
f 445/538/752 1322/468/753 453/533/748
f 451/454/754 1312/469/755 450/528/756
f 448/539/757 1274/456/758 1278/537/759
f 445/538/752 465/532/747 461/471/760
f 1345/532/761 457/531/762 1339/472/763
f 456/534/764 460/468/765 468/540/766
f 1277/537/767 1339/474/763 457/466/762
f 1270/453/768 1292/475/769 1313/469/770
f 1273/456/771 1306/476/772 458/537/773
f 455/453/774 468/477/766 1291/478/775
f 459/469/776 1297/541/777 454/456/778
f 1304/480/779 1310/542/780 462/543/781
f 1346/471/782 473/544/783 1323/468/784
f 1293/475/785 1301/484/786 1307/485/787
f 1295/541/788 1286/545/789 466/480/790
f 1346/471/782 1311/546/791 469/547/792
f 464/548/793 1299/549/794 1302/484/795
f 463/541/796 1308/485/797 1282/550/798
f 462/472/781 1311/546/791 1344/532/799
f 1329/540/800 473/544/783 1299/492/794
f 1309/485/801 1318/551/802 1348/494/803
f 1280/550/804 1328/495/805 1288/545/806
f 474/546/807 1316/552/808 1300/547/809
f 477/484/810 486/497/811 1319/551/812
f 471/550/813 1349/494/814 1285/553/815
f 475/554/816 1325/555/817 474/546/807
f 472/492/818 1317/501/819 486/556/811
f 470/545/820 1324/503/821 475/542/816
f 1300/547/809 1317/501/819 1298/544/822
f 478/552/823 1330/557/824 1331/558/825
f 1350/506/826 1341/559/827 1320/560/828
f 1284/553/829 1337/561/830 1336/509/831
f 482/555/832 1332/562/833 1330/557/824
f 481/501/834 1340/563/835 1350/556/826
f 483/512/836 1333/513/837 1332/514/833
f 478/552/823 1343/564/838 481/501/834
f 480/560/839 1338/561/840 485/494/841
f 484/517/842 1335/509/843 1334/513/844
f 494/518/845 495/519/845 489/565/845
f 487/566/845 488/567/845 495/519/845
f 488/567/845 489/565/845 495/519/845
f 489/565/845 490/568/845 493/524/845
f 490/568/845 491/569/845 493/524/845
f 491/569/845 492/526/845 493/524/845
f 493/524/845 494/518/845 489/565/845
f 503/527/846 1352/453/847 1355/454/847
f 1405/528/848 1356/456/848 500/529/848
f 497/530/849 1363/531/850 516/532/851
f 504/533/852 1351/534/853 503/535/846
f 498/536/854 1360/537/855 1363/466/850
f 496/538/856 1406/468/857 504/533/852
f 502/454/858 1396/469/859 501/528/860
f 499/539/861 1358/456/862 1362/537/863
f 496/538/856 516/532/851 512/471/864
f 1429/532/865 508/531/866 1423/472/867
f 507/534/868 511/468/869 519/540/870
f 1361/537/871 1423/474/867 508/466/866
f 1354/453/872 1376/475/873 1397/469/874
f 1357/456/875 1390/476/876 509/537/877
f 506/453/878 519/477/870 1375/478/879
f 510/469/880 1381/541/881 505/456/882
f 1388/480/883 1394/542/884 513/543/885
f 1430/471/886 524/544/887 1407/468/888
f 1377/475/889 1385/484/890 1391/485/891
f 1379/541/892 1370/545/893 517/480/894
f 1430/471/886 1395/546/895 520/547/896
f 515/548/897 1383/549/898 1386/484/899
f 514/541/900 1392/485/901 1366/550/902
f 513/472/885 1395/546/895 1428/532/903
f 1413/540/904 524/544/887 1383/492/898
f 1393/485/905 1402/551/906 1432/494/907
f 1364/550/908 1412/495/909 1372/545/910
f 525/546/911 1400/552/912 1384/547/913
f 528/484/914 537/497/915 1403/551/916
f 522/550/917 1433/494/918 1369/553/919
f 526/554/920 1409/555/921 525/546/911
f 523/492/922 1401/501/923 537/556/915
f 521/545/924 1408/503/925 526/542/920
f 1384/547/913 1401/501/923 1382/544/926
f 529/552/927 1414/557/928 1415/558/929
f 1434/506/930 1425/559/931 1404/560/932
f 1368/553/933 1421/561/934 1420/509/935
f 533/555/936 1416/562/937 1414/557/928
f 532/501/938 1424/563/939 1434/556/930
f 534/512/940 1417/513/941 1416/514/937
f 529/552/927 1427/564/942 532/501/938
f 531/560/943 1422/561/944 536/494/945
f 535/517/946 1419/509/947 1418/513/948
f 545/518/949 546/519/950 540/565/950
f 538/566/950 539/567/950 546/519/950
f 539/567/950 540/565/950 546/519/950
f 540/565/950 541/568/949 544/524/950
f 541/568/949 542/569/950 544/524/950
f 542/569/950 543/526/950 544/524/950
f 544/524/950 545/518/949 540/565/950
f 553/570/951 547/571/951 550/572/951
f 551/573/952 549/574/952 548/575/952
f 552/576/953 550/572/953 549/574/953
f 555/577/350 560/578/350 553/570/350
f 564/579/350 552/576/350 551/573/350
f 554/580/350 553/570/350 552/576/350
f 556/581/954 555/582/954 554/583/954
f 557/584/955 563/585/955 555/582/955
f 568/586/956 554/583/956 564/587/956
f 557/584/350 568/586/350 567/588/350
f 547/589/957 562/570/957 559/572/957
f 558/574/958 551/590/958 548/591/958
f 559/572/959 561/576/959 558/574/959
f 560/592/350 566/593/350 562/570/350
f 551/590/350 565/594/350 564/595/350
f 562/570/350 565/580/350 561/576/350
f 566/582/960 569/596/960 565/597/960
f 563/598/961 570/584/961 566/582/961
f 565/597/962 568/599/962 564/600/962
f 568/599/350 570/584/350 567/601/350
f 600/95/100 8/40/105 614/80/80
f 32/1/1 577/47/46 578/2/2
f 228/4/4 226/46/44 809/5/5
f 236/7/7 815/20/20 183/8/8
f 216/10/10 214/77/76 798/11/11
f 216/10/10 799/12/12 801/13/13
f 232/15/15 814/291/381 813/16/16
f 236/7/7 234/17/17 813/16/16
f 222/24/23 807/23/22 806/25/24
f 25/30/29 26/71/75 574/31/30
f 50/29/28 575/81/200 576/36/35
f 44/38/37 658/60/399 584/39/38
f 44/38/37 583/40/39 582/41/40
f 40/42/41 582/41/40 580/43/42
f 224/45/25 806/299/24 809/5/5
f 36/44/45 579/43/963 577/47/46
f 4/2/47 618/89/93 664/48/48
f 657/50/50 653/82/83 644/51/51
f 909/27/26 50/29/28 621/53/53
f 50/29/28 46/37/36 628/58/58
f 46/37/36 42/64/64 629/62/62
f 40/42/41 630/66/66 631/63/63
f 42/64/64 38/241/67 632/65/65
f 633/44/43 634/70/964 630/66/66
f 38/67/67 34/72/71 637/68/68
f 32/1/1 638/73/72 635/70/69
f 639/71/70 640/76/965 637/68/68
f 30/3/3 643/75/73 638/73/72
f 30/3/3 909/84/26 622/74/54
f 25/30/29 24/57/57 641/76/74
f 214/77/76 212/309/349 184/78/77
f 3/81/81 617/139/155 604/35/34
f 1/31/86 616/130/140 598/85/87
f 5/47/92 615/91/95 618/89/93
f 5/47/92 581/43/966 602/90/94
f 649/92/96 606/385/102 607/93/97
f 6/43/99 7/41/104 600/95/100
f 20/98/106 611/102/110 612/99/107
f 19/101/109 620/108/117 611/102/110
f 23/103/111 608/106/967 590/104/112
f 22/106/114 21/100/108 612/99/107
f 18/107/116 619/124/133 620/108/117
f 13/109/118 599/113/122 613/110/119
f 17/88/91 16/115/124 594/112/121
f 599/113/122 597/602/968 589/114/123
f 16/115/124 603/119/969 592/116/125
f 14/117/126 13/109/118 609/111/120
f 15/119/128 14/117/126 610/118/127
f 23/103/111 587/105/113 588/120/130
f 53/125/134 52/256/261 783/126/135
f 654/82/141 74/50/393 25/30/29
f 75/60/60 48/59/59 9/133/147
f 663/134/148 660/603/970 910/135/149
f 29/135/151 659/603/971 661/137/152
f 668/28/154 662/604/972 617/139/155
f 682/140/156 672/154/973 669/141/157
f 681/143/159 86/142/158 669/141/157
f 276/145/161 677/149/165 675/146/162
f 276/145/161 678/151/974 679/148/164
f 671/144/166 91/605/975 96/150/167
f 277/151/169 279/380/391 687/152/170
f 95/153/172 94/606/173 676/146/173
f 85/148/176 97/607/976 95/153/172
f 275/147/177 278/608/977 93/157/178
f 93/157/178 688/609/978 83/154/180
f 683/158/181 684/610/979 81/144/182
f 101/159/184 695/169/184 693/160/184
f 694/160/185 696/169/185 699/162/185
f 698/163/186 700/162/186 691/164/186
f 689/166/187 104/160/187 102/163/188
f 692/168/189 99/611/189 103/162/189
f 109/170/190 707/180/190 705/171/190
f 706/171/191 708/180/191 711/173/191
f 710/174/192 712/173/192 703/175/192
f 701/177/193 112/171/193 110/174/193
f 704/179/194 107/612/194 111/173/194
f 117/181/195 719/191/195 717/182/195
f 718/182/196 720/191/196 723/184/196
f 722/185/197 724/184/980 715/186/197
f 713/188/198 120/182/198 118/185/198
f 716/190/199 115/613/199 119/184/199
f 730/192/201 728/202/981 725/193/202
f 127/194/203 725/193/202 726/195/204
f 127/194/203 733/199/208 731/197/206
f 127/194/203 734/196/205 735/198/207
f 727/195/209 132/614/209 137/200/210
f 137/200/210 740/615/212 736/198/212
f 136/201/213 135/616/214 732/197/214
f 729/202/216 738/617/216 131/203/217
f 126/198/219 138/618/219 136/201/213
f 130/197/220 739/619/220 134/204/221
f 134/204/221 133/620/223 124/202/223
f 131/203/217 737/621/224 122/195/224
f 142/205/225 747/215/225 745/206/225
f 746/206/226 748/215/982 751/208/226
f 750/209/227 752/208/227 743/210/227
f 741/212/228 145/206/983 143/209/229
f 744/214/230 140/622/230 144/208/230
f 150/216/232 759/226/232 757/217/232
f 758/217/233 760/226/233 763/219/233
f 762/220/234 764/219/235 755/221/235
f 753/223/236 153/217/236 151/220/236
f 756/225/237 148/623/237 152/219/237
f 158/227/238 771/237/238 769/228/238
f 770/228/239 772/237/239 775/230/239
f 774/231/240 776/230/240 767/232/240
f 765/234/241 161/228/241 159/231/241
f 768/236/242 156/624/243 160/230/243
f 38/241/67 42/64/64 780/242/247
f 54/246/251 789/258/263 790/247/252
f 61/249/254 795/255/260 791/250/255
f 62/251/256 791/250/255 792/252/257
f 60/254/259 794/269/275 795/255/260
f 52/256/261 65/259/264 782/257/262
f 53/125/134 793/127/136 789/258/263
f 65/259/264 64/263/268 784/260/265
f 56/261/266 55/248/253 790/247/252
f 64/263/268 63/253/258 792/252/257
f 57/264/269 56/261/266 785/262/267
f 595/266/271 57/264/269 786/265/270
f 595/266/271 787/245/272 788/267/273
f 596/268/274 788/267/273 794/269/275
f 221/270/276 223/625/281 28/54/277
f 237/271/279 210/276/984 642/76/280
f 223/272/281 225/274/284 31/75/282
f 227/273/283 33/73/289 31/75/282
f 213/275/285 35/68/291 27/76/286
f 857/277/288 636/70/985 33/73/289
f 215/278/290 39/69/296 35/68/291
f 231/279/292 41/66/298 37/70/293
f 217/280/295 43/62/300 39/65/296
f 231/279/292 233/282/301 45/63/297
f 217/280/295 219/284/303 47/58/299
f 233/282/301 864/626/986 49/283/302
f 219/284/303 221/270/276 51/53/278
f 235/285/304 237/271/279 24/57/57
f 185/11/305 819/304/305 820/286/306
f 812/287/307 836/306/307 897/288/307
f 186/12/308 821/286/308 822/290/309
f 193/291/310 207/329/310 832/292/311
f 187/13/309 822/290/309 823/293/312
f 194/16/311 832/292/311 833/294/313
f 808/23/314 901/22/314 905/295/314
f 195/20/315 834/294/315 818/297/316
f 189/23/317 825/296/317 826/298/318
f 190/299/318 826/627/318 827/300/319
f 796/78/320 797/628/316 818/301/316
f 191/5/319 827/300/319 828/303/321
f 796/78/320 817/302/320 819/304/305
f 837/307/323 839/629/348 840/308/324
f 837/307/323 841/309/323 843/77/325
f 842/310/326 843/77/325 845/10/327
f 846/312/329 844/311/328 845/10/327
f 848/313/331 846/312/329 847/14/330
f 848/315/331 849/381/332 851/24/333
f 852/317/335 850/316/334 851/24/333
f 854/318/337 852/630/335 853/45/336
f 854/318/337 855/46/338 858/4/339
f 856/319/340 858/4/339 860/320/341
f 861/322/342 859/631/341 860/323/341
f 863/324/344 861/322/342 862/15/343
f 863/324/344 865/17/345 867/7/346
f 839/326/348 866/325/347 867/7/346
f 211/308/9 183/628/8 184/78/77
f 205/303/350 877/632/350 878/327/350
f 198/304/350 870/633/350 871/328/350
f 831/329/350 830/305/350 878/327/350
f 200/290/350 199/286/350 871/328/350
f 208/292/350 831/329/350 879/330/350
f 201/293/350 200/290/350 872/331/350
f 208/292/350 880/634/350 881/334/350
f 201/293/350 873/635/350 874/335/350
f 196/297/350 209/294/350 881/334/350
f 203/298/350 824/296/350 874/335/350
f 204/300/350 203/627/350 875/338/350
f 197/302/350 196/301/350 869/340/350
f 204/300/350 876/339/350 877/342/350
f 197/302/350 868/341/350 870/343/350
f 239/344/351 238/636/375 883/345/352
f 246/347/354 890/373/378 891/348/355
f 239/344/351 882/346/353 884/350/357
f 247/349/356 891/348/355 892/352/359
f 240/351/358 884/350/357 885/354/361
f 249/356/363 248/353/360 892/352/359
f 242/358/365 241/355/362 885/354/361
f 250/360/367 249/356/363 893/357/364
f 243/362/369 242/358/365 886/359/366
f 250/360/367 894/361/368 895/364/371
f 243/362/369 887/363/370 888/366/373
f 238/368/375 251/365/372 895/364/371
f 245/370/376 244/367/374 888/366/373
f 246/347/354 245/637/376 889/372/377
f 686/379/389 278/608/977 275/147/177
f 84/143/168 96/150/167 279/380/391
f 681/143/159 678/151/974 276/145/161
f 86/142/158 276/145/161 674/147/163
f 905/295/314 273/377/314 188/18/312
f 280/156/175 683/158/181 82/141/183
f 914/399/402 935/417/987 917/400/402
f 950/402/404 956/412/988 921/403/405
f 926/405/407 929/418/989 938/406/408
f 945/408/410 942/420/990 972/409/411
f 964/411/413 924/421/991 922/403/414
f 952/402/416 949/404/416 931/413/416
f 940/415/417 944/408/992 955/410/418
f 936/417/420 939/406/993 930/418/421
f 913/401/423 923/428/994 932/419/424
f 941/420/426 946/408/995 937/417/427
f 282/401/433 285/400/996 287/404/434
f 963/423/436 966/638/997 962/424/437
f 961/426/439 298/639/439 974/427/439
f 960/426/440 973/409/440 291/420/440
f 293/428/441 965/423/998 306/425/442
f 967/416/444 954/410/999 975/429/445
f 951/402/447 927/414/447 977/431/448
f 299/433/449 307/411/1000 957/412/450
f 304/410/452 309/409/1001 301/427/453
f 294/435/455 302/405/1002 308/407/456
f 295/432/458 297/434/1003 305/412/459
f 982/399/461 1003/417/1004 985/437/461
f 1018/402/463 1024/412/1005 989/403/464
f 994/440/466 997/418/1006 1006/406/467
f 1013/408/469 1010/420/1007 1040/409/470
f 1032/411/472 992/421/1008 990/403/473
f 1020/402/475 1017/439/475 999/413/475
f 1008/443/476 1012/408/1009 1023/441/477
f 1004/417/479 1007/406/1010 998/418/480
f 981/438/482 991/447/1011 1000/419/483
f 1009/420/485 1014/408/1012 1005/417/486
f 310/438/492 313/437/1013 315/439/493
f 1031/444/495 1034/640/1014 1030/445/496
f 1029/426/498 326/641/498 1042/446/498
f 1028/426/499 1041/409/499 319/420/499
f 321/447/500 1033/444/1015 334/425/501
f 1035/416/503 1022/441/1016 1043/448/504
f 1019/402/506 995/442/506 1045/449/507
f 327/433/508 335/411/1017 1025/412/509
f 332/441/511 337/409/1018 329/446/512
f 322/435/514 330/440/1019 336/407/515
f 323/450/517 325/434/1020 333/412/518
f 1050/399/520 1071/417/1021 1053/437/520
f 1086/402/522 1092/412/1022 1057/403/523
f 1062/440/525 1065/418/1023 1074/406/526
f 1081/408/528 1078/420/1024 1108/409/529
f 1100/411/531 1060/421/1025 1058/403/532
f 1088/402/534 1085/439/534 1067/413/534
f 1076/443/535 1080/408/1026 1091/441/536
f 1072/417/538 1075/406/1027 1066/418/539
f 1049/438/541 1059/447/1028 1068/419/542
f 1077/420/544 1082/408/1029 1073/417/545
f 338/438/551 341/437/1030 343/439/552
f 1099/444/554 1102/640/1031 1098/445/555
f 1097/426/557 354/641/557 1110/446/557
f 1096/426/558 1109/409/558 347/420/558
f 349/447/559 1101/444/1032 362/425/560
f 1103/416/562 1090/441/1033 1111/448/563
f 1087/402/565 1063/442/565 1113/449/566
f 355/433/567 363/411/1034 1093/412/568
f 360/441/570 365/409/1035 357/446/571
f 350/435/573 358/440/1036 364/407/574
f 351/450/576 353/434/1037 361/412/577
f 1118/399/579 1139/417/1038 1121/437/579
f 1154/402/581 1160/412/1039 1125/403/582
f 1130/440/584 1133/418/1040 1142/406/585
f 1149/408/587 1146/420/1041 1176/409/588
f 1168/411/590 1128/421/1042 1126/403/591
f 1156/402/593 1153/439/593 1135/413/593
f 1144/443/594 1148/408/1043 1159/441/595
f 1140/417/597 1143/406/1044 1134/418/598
f 1117/438/600 1127/447/1045 1136/419/601
f 1145/420/603 1150/408/1046 1141/417/604
f 366/438/610 369/437/1047 371/439/611
f 1167/444/613 1170/640/1048 1166/445/614
f 1165/426/616 382/641/616 1178/446/616
f 1164/426/617 1177/409/617 375/420/617
f 377/447/618 1169/444/1049 390/425/619
f 1171/416/621 1158/441/1050 1179/448/622
f 1155/402/624 1131/442/624 1181/449/625
f 383/433/626 391/411/1051 1161/412/627
f 388/441/629 393/409/1052 385/446/630
f 378/435/632 386/440/1053 392/407/633
f 379/450/635 381/434/1054 389/412/636
f 401/452/638 1183/642/645 1184/453/639
f 1237/455/640 1230/469/640 1188/456/640
f 395/458/641 396/643/646 1195/459/642
f 402/461/644 1238/468/649 1183/462/645
f 396/464/646 1231/470/647 1192/465/647
f 394/467/648 410/471/656 1238/468/649
f 400/454/650 1185/453/1055 1228/469/651
f 397/470/653 1191/457/1056 1190/456/654
f 394/467/648 395/458/641 414/460/643
f 1193/465/663 1221/476/1057 1255/474/659
f 1186/453/664 1205/478/1058 1208/475/665
f 1189/456/667 1212/479/1059 1222/476/668
f 404/453/670 405/642/660 417/477/662
f 408/469/672 1210/475/1060 1213/479/673
f 1220/480/675 1203/486/1061 1226/481/676
f 1262/471/678 418/488/688 422/483/679
f 1209/475/681 1206/489/1062 1217/484/682
f 1211/479/684 1197/491/1063 1202/486/685
f 1262/471/678 1260/460/695 1227/487/687
f 413/489/689 1245/644/696 1215/490/690
f 412/479/692 416/475/1064 1224/485/693
f 411/472/677 1226/499/676 1227/487/687
f 1245/473/696 1239/468/680 422/483/679
f 1225/485/697 1219/484/1065 1234/493/698
f 1196/491/700 1199/498/1066 1244/495/701
f 423/487/703 1241/500/713 1232/496/704
f 426/484/706 421/490/714 435/497/707
f 420/491/709 425/485/1067 1265/494/710
f 424/499/712 1240/645/717 1241/500/713
f 421/492/714 1214/483/718 1233/501/715
f 419/486/716 1242/495/1068 1240/503/717
f 1216/488/705 1232/496/704 1233/501/715
f 427/496/719 431/500/728 1246/504/720
f 1266/506/722 1256/646/731 1257/507/723
f 1263/494/725 1253/516/1069 1252/509/726
f 431/500/728 432/645/732 1248/510/729
f 430/501/730 1259/515/734 1256/511/731
f 432/512/732 1243/517/1070 1249/513/733
f 427/496/719 1247/505/721 1259/515/734
f 429/508/735 1258/507/1071 1254/516/736
f 433/517/738 428/498/1072 1251/509/739
f 452/527/742 1267/642/749 1268/453/743
f 1321/528/744 1314/469/744 1272/456/744
f 446/530/745 447/647/750 1279/531/746
f 453/533/748 1322/468/753 1267/534/749
f 447/536/750 1315/539/751 1276/537/751
f 445/538/752 461/471/760 1322/468/753
f 451/454/754 1269/453/1073 1312/469/755
f 448/539/757 1275/529/1074 1274/456/758
f 445/538/752 446/530/745 465/532/747
f 1277/537/767 1305/476/1075 1339/474/763
f 1270/453/768 1289/478/1076 1292/475/769
f 1273/456/771 1296/541/1077 1306/476/772
f 455/453/774 456/642/764 468/477/766
f 459/469/776 1294/475/1078 1297/541/777
f 1304/480/779 1287/545/1079 1310/542/780
f 1346/471/782 469/547/792 473/544/783
f 1293/475/785 1290/548/1080 1301/484/786
f 1295/541/788 1281/550/1081 1286/545/789
f 1346/471/782 1344/532/799 1311/546/791
f 464/548/793 1329/644/800 1299/549/794
f 463/541/796 467/475/1082 1308/485/797
f 462/472/781 1310/554/780 1311/546/791
f 1329/540/800 1323/468/784 473/544/783
f 1309/485/801 1303/484/1083 1318/551/802
f 1280/550/804 1283/553/1084 1328/495/805
f 474/546/807 1325/555/817 1316/552/808
f 477/484/810 472/549/818 486/497/811
f 471/550/813 476/485/1085 1349/494/814
f 475/554/816 1324/645/821 1325/555/817
f 472/492/818 1298/544/822 1317/501/819
f 470/545/820 1326/495/1086 1324/503/821
f 1300/547/809 1316/552/808 1317/501/819
f 478/552/823 482/555/832 1330/557/824
f 1350/506/826 1340/648/835 1341/559/827
f 1284/553/829 1347/494/1087 1337/561/830
f 482/555/832 483/645/836 1332/562/833
f 481/501/834 1343/564/838 1340/563/835
f 483/512/836 1327/517/1088 1333/513/837
f 478/552/823 1331/558/825 1343/564/838
f 480/560/839 1342/559/1089 1338/561/840
f 484/517/842 479/553/1090 1335/509/843
f 503/527/846 1351/642/853 1352/453/847
f 1405/528/848 1398/469/848 1356/456/848
f 497/530/849 498/647/854 1363/531/850
f 504/533/852 1406/468/857 1351/534/853
f 498/536/854 1399/539/855 1360/537/855
f 496/538/856 512/471/864 1406/468/857
f 502/454/858 1353/453/1091 1396/469/859
f 499/539/861 1359/529/1092 1358/456/862
f 496/538/856 497/530/849 516/532/851
f 1361/537/871 1389/476/1093 1423/474/867
f 1354/453/872 1373/478/1094 1376/475/873
f 1357/456/875 1380/541/1095 1390/476/876
f 506/453/878 507/642/868 519/477/870
f 510/469/880 1378/475/1096 1381/541/881
f 1388/480/883 1371/545/1097 1394/542/884
f 1430/471/886 520/547/896 524/544/887
f 1377/475/889 1374/548/1098 1385/484/890
f 1379/541/892 1365/550/1099 1370/545/893
f 1430/471/886 1428/532/903 1395/546/895
f 515/548/897 1413/644/904 1383/549/898
f 514/541/900 518/475/1100 1392/485/901
f 513/472/885 1394/554/884 1395/546/895
f 1413/540/904 1407/468/888 524/544/887
f 1393/485/905 1387/484/1101 1402/551/906
f 1364/550/908 1367/553/1102 1412/495/909
f 525/546/911 1409/555/921 1400/552/912
f 528/484/914 523/549/922 537/497/915
f 522/550/917 527/485/1103 1433/494/918
f 526/554/920 1408/645/925 1409/555/921
f 523/492/922 1382/544/926 1401/501/923
f 521/545/924 1410/495/1104 1408/503/925
f 1384/547/913 1400/552/912 1401/501/923
f 529/552/927 533/555/936 1414/557/928
f 1434/506/930 1424/648/939 1425/559/931
f 1368/553/933 1431/494/1105 1421/561/934
f 533/555/936 534/645/940 1416/562/937
f 532/501/938 1427/564/942 1424/563/939
f 534/512/940 1411/517/1106 1417/513/941
f 529/552/927 1415/558/929 1427/564/942
f 531/560/943 1426/559/1107 1422/561/944
f 535/517/946 530/553/1108 1419/509/947
f 553/570/951 560/578/951 547/571/951
f 551/573/952 552/576/952 549/574/952
f 552/576/953 553/570/953 550/572/953
f 555/577/350 563/649/350 560/578/350
f 564/579/350 554/594/350 552/576/350
f 554/580/350 555/650/350 553/570/350
f 556/581/954 557/584/954 555/582/954
f 557/584/955 567/588/955 563/585/955
f 568/586/956 556/581/1109 554/583/956
f 557/584/350 556/581/350 568/586/350
f 547/589/957 560/592/957 562/570/957
f 558/574/958 561/576/958 551/590/958
f 559/572/959 562/570/959 561/576/959
f 560/592/350 563/651/350 566/593/350
f 551/590/350 561/576/350 565/594/350
f 562/570/350 566/652/350 565/580/350
f 566/582/960 570/584/960 569/596/960
f 563/598/961 567/601/961 570/584/961
f 565/597/962 569/596/1110 568/599/962
f 568/599/350 569/596/350 570/584/350
