# Blender 5.0.1
# www.blender.org
mtllib 99.mtl
o 99
v -0.233172 1.043743 2.986004
v -1.065919 0.864748 2.965159
v 1.043743 0.233172 2.986004
v 1.242209 0.251468 2.957912
v 1.228664 -0.305402 2.956791
v 0.240769 1.220248 2.967176
v 1.191059 -0.734357 2.971548
v 0.913850 0.748658 2.904047
v -0.917415 0.737646 2.988751
v -0.253522 1.224757 2.968047
v -0.598487 0.984616 2.904047
v -0.916744 0.737323 2.904047
v -0.741412 0.914859 2.988283
v 1.043419 0.233692 2.904047
v 0.967073 0.644911 2.904047
v 0.976669 -0.645822 2.904046
v 0.230987 1.043525 2.983609
v 0.729550 0.930245 2.982494
v 0.230467 1.043202 2.904047
v 0.083688 0.832754 2.904047
v 1.174240 0.690717 2.959431
v -0.976670 0.645822 2.904047
v -0.977341 0.646145 2.988833
v 0.966402 0.645235 2.978801
v -0.246389 1.293574 2.893390
v -0.255037 1.277134 2.612255
v -1.205047 0.746429 2.615713
v 1.267727 0.253750 2.601856
v 1.145069 0.243627 2.523064
v 1.219421 -0.750977 2.913522
v 1.205047 -0.741918 2.615713
v 1.073137 0.666660 2.519803
v 0.994958 0.826654 2.523044
v -0.887782 1.100700 2.611351
v -1.000783 0.803365 2.529145
v -1.103561 0.883440 2.611925
v 0.671960 0.965514 2.981116
v 1.228886 0.707330 2.913927
v 0.250073 1.292810 2.888752
v 1.214853 0.698254 2.603310
v 0.247148 1.276899 2.609664
v -0.244213 1.149353 2.527799
v 0.237262 1.149127 2.525314
v 0.887468 1.137668 2.611248
v -0.806666 0.998815 2.528628
v -0.648397 1.213134 2.614126
v -0.620181 1.088183 2.529588
v -1.079636 0.667668 2.530914
v 1.079635 -0.667669 2.530914
v 1.140431 -0.292187 2.517146
v -0.740740 0.914536 2.904047
v -0.898338 1.114539 2.897159
v 1.282479 0.257666 2.935349
v -0.706850 1.161061 2.970228
v 1.240171 -0.242882 2.956754
v 0.853574 1.106349 2.962840
v 0.892416 1.143923 2.912865
v -1.116673 0.894705 2.897740
v -1.191059 0.738867 2.971549
v 0.724639 1.193658 2.606993
v 0.654914 1.083578 2.558326
v 0.637848 1.212976 2.607489
v 0.647668 1.169946 2.963313
v 0.685862 1.203136 2.899632
v 0.677786 1.188296 2.628950
v 0.668912 1.155931 2.938847
v 0.693533 1.158451 2.963168
v 1.073126 0.902764 2.610298
v 1.034283 -0.307542 2.904047
v 1.043202 -0.230467 2.904047
v 1.055375 -0.274366 2.904047
v 1.145053 -0.228210 2.521214
v 1.146913 -0.265296 2.544907
v 1.226443 -0.277703 2.938640
v 1.054775 -0.274076 2.955771
v -0.643458 0.992608 2.963183
v -0.642868 0.992324 2.904047
v -0.686712 1.193046 2.635026
v -0.661926 1.083293 2.560770
v -0.669072 1.225410 2.893233
v -0.657886 1.173126 2.970005
v -0.680736 1.160181 2.947552
v 0.608612 1.250123 2.827299
v 0.781675 1.192989 2.701253
v 0.606060 1.290566 2.796119
v 0.773259 1.256241 2.796119
v 0.773259 1.256241 2.732433
v 0.582700 1.271746 2.796119
v 0.568823 1.227314 2.732433
v 0.568823 1.227314 2.796119
v 0.801667 1.232535 2.796119
v 0.815375 1.191164 2.732433
v 0.801667 1.232535 2.732433
v -0.823063 1.229734 2.770318
v -0.796630 1.199018 2.801498
v -0.596161 1.276730 2.704667
v -0.580519 1.229198 2.770318
v -0.580519 1.229198 2.704667
v -0.669008 1.303224 2.704667
v -0.664304 1.271783 2.673487
v -0.639737 1.270607 2.801498
v -0.596161 1.276730 2.770318
v -0.632052 1.301455 2.770318
v -0.624139 1.257856 2.673487
v -0.624139 1.257856 2.801498
v -0.609573 1.216888 2.801498
v -0.823063 1.229734 2.704667
v -0.669008 1.303224 2.770318
v -0.632052 1.301455 2.704667
v -0.811365 1.149870 2.704667
v -0.811365 1.149870 2.770318
v -0.805603 1.253107 2.704667
v -0.830341 1.200631 2.770318
v -0.609573 1.216888 2.673487
v -0.782906 1.228129 2.801498
v -0.086945 0.836939 2.944685
v 0.083066 0.836859 2.943807
v 0.832754 -0.083689 2.904047
v 0.836859 -0.083066 2.943807
v -0.233692 1.043419 2.904047
v 0.633570 0.997082 2.954078
v 0.672634 0.965190 2.904047
v 0.585820 0.984510 2.904047
v 0.734683 0.931734 2.904047
v 0.814645 1.009397 2.524103
v 1.080557 0.910154 2.912076
v 1.041629 0.873582 2.961412
v 0.606060 1.290566 2.732433
v 0.608612 1.250123 2.701253
v 0.758043 1.228327 2.827299
v 0.637119 1.265061 2.827299
v 0.637119 1.265061 2.701253
v 0.758043 1.228327 2.701253
v 0.799175 1.143819 2.796119
v 0.799175 1.143819 2.732433
v 0.634086 1.298674 2.732433
v 1.311915 -0.368712 2.860155
v 1.330454 -0.220529 2.860155
v 1.330454 -0.220529 2.712797
v 1.353536 -0.354987 2.743977
v 1.322850 -0.346681 2.712797
v 1.250225 -0.406338 2.828975
v 1.324542 -0.204889 2.860155
v 1.324299 -0.166047 2.828975
v 1.309295 -0.196278 2.860155
v 1.324542 -0.204889 2.712797
v 1.348037 -0.184390 2.828975
v 1.250225 -0.406338 2.743977
v 1.309295 -0.196278 2.712797
v 1.277859 -0.162884 2.828975
v 1.250607 -0.374786 2.860155
v 1.348037 -0.184390 2.743977
v 1.353536 -0.354987 2.828975
v 1.337087 -0.388129 2.743977
v 1.300039 -0.411083 2.828975
v 1.300039 -0.411083 2.743977
v 1.277859 -0.162884 2.743977
v 1.362440 -0.209762 2.743977
v 1.293977 -0.377882 2.712797
v 0.015576 1.194167 2.532008
v 0.015576 1.322688 2.544076
v -0.066529 1.207462 2.390421
v 0.097681 1.198599 2.484812
v 0.097681 1.335982 2.402489
v -0.066529 1.198599 2.484812
v 0.015576 1.211893 2.343225
v -0.066529 1.335982 2.402489
v 0.015576 1.340414 2.355293
v 0.097681 1.327119 2.496880
v 1.212483 -0.015646 2.349635
v 1.208686 -0.097751 2.396887
v 1.335278 0.066459 2.407060
v 1.208686 0.066459 2.396887
v 1.201091 -0.097751 2.491389
v 1.327683 -0.097751 2.501562
v 1.201091 0.066459 2.491389
v 1.327683 0.066459 2.501562
v 1.339075 -0.015646 2.359809
v 1.335278 -0.097751 2.407060
v -0.064823 0.862741 2.949028
v 0.130965 0.976963 2.967851
v -0.130774 0.975772 2.967851
v -0.065855 1.089398 2.977054
v 0.066046 0.863337 2.949028
v 0.065014 1.089993 2.977054
v 0.036575 0.939876 2.983015
v -0.041989 0.932511 2.997810
v -0.042378 1.018047 2.998839
v 0.043164 1.018437 2.998864
v 0.059850 1.079200 2.999599
v 0.036245 1.012515 2.983015
v -0.036069 0.939545 2.983015
v -0.059617 1.078656 2.999565
v 0.043554 0.932900 2.997834
v 0.060792 0.872292 2.997109
v -0.058674 0.871748 2.997075
v 0.867427 0.064666 2.949028
v 1.084681 -0.060804 3.000432
v 1.094097 0.065704 2.972113
v 0.980461 0.130617 2.971419
v 0.877209 0.057709 3.000889
v 0.981667 -0.131111 2.971419
v 0.877760 -0.061753 2.999802
v 0.868030 -0.066198 2.949028
v 1.084131 0.058657 3.001518
v 1.094701 -0.065160 2.972113
v 0.937977 0.041026 3.000919
v 1.023519 0.041418 3.001179
v 1.017469 -0.036658 2.983015
v 1.023913 -0.044121 3.000401
v 0.944825 -0.036991 2.983015
v 0.938371 -0.044513 3.000141
v 0.599159 -0.984940 2.987723
v 0.741411 -0.914860 2.988283
v 0.870179 -1.086566 2.964622
v -1.242209 -0.251468 2.957911
v -0.913851 -0.748658 2.904046
v -0.966402 -0.645235 2.978801
v 0.917415 -0.737647 2.988751
v 0.253522 -1.224757 2.968046
v 0.916743 -0.737324 2.904046
v -0.967073 -0.644911 2.904046
v -1.034283 0.307542 2.904047
v -0.230467 -1.043202 2.904046
v 0.706850 -1.161062 2.970227
v -1.043525 0.230987 2.983609
v -0.083066 -0.836860 2.943807
v -0.083689 -0.832754 2.904046
v -1.157094 -0.727378 2.959430
v 0.977340 -0.646146 2.988833
v -1.041630 -0.873582 2.961411
v 0.246389 -1.293574 2.893390
v 1.103561 -0.883440 2.611924
v -1.145053 0.228210 2.521215
v -1.145069 -0.243627 2.523064
v -1.219421 0.755489 2.913522
v -1.197707 -0.734915 2.603310
v -0.994959 -0.826654 2.523044
v 0.806666 -0.998816 2.528628
v 1.000783 -0.803365 2.529145
v 1.116673 -0.894705 2.897739
v 0.893955 -1.119219 2.611350
v -0.247149 -1.276899 2.609663
v -0.672634 -0.965190 2.904046
v -0.729550 -0.930245 2.982494
v -1.211740 -0.743991 2.913927
v -1.267727 -0.253750 2.601856
v -1.073137 -0.666660 2.519803
v 0.244213 -1.149353 2.527799
v 0.255036 -1.277134 2.612255
v -0.637848 -1.212976 2.607489
v -0.237263 -1.149127 2.525314
v -0.724639 -1.193658 2.606993
v -0.910020 -1.101988 2.912864
v 0.701560 -1.070144 2.529962
v 0.620180 -1.088183 2.529587
v -1.256439 0.311694 2.600548
v -1.140431 0.292187 2.517146
v 0.740740 -0.914536 2.904046
v -1.282479 -0.257666 2.935349
v -0.250073 -1.292810 2.888752
v -0.647669 -1.169946 2.963313
v -0.667752 -1.223171 2.898766
v -0.871179 -1.064414 2.962840
v -0.240770 -1.220248 2.967176
v -0.654915 -1.083578 2.558326
v -0.677787 -1.188296 2.628950
v -0.685862 -1.203136 2.899632
v -0.633570 -0.997082 2.954078
v -0.668912 -1.155931 2.938847
v -1.073127 -0.902764 2.610298
v -1.054775 0.274076 2.955771
v -1.055374 0.274366 2.904047
v -1.146913 0.265296 2.544907
v -1.272088 0.299527 2.931084
v -1.240171 0.242882 2.956754
v -1.264898 0.270513 2.917912
v -1.264667 0.257823 2.600661
v -1.280405 0.244988 2.934139
v 0.598487 -0.984616 2.904046
v 0.679856 -0.966580 2.904046
v 0.642868 -0.992324 2.904046
v 0.661925 -1.083294 2.560769
v 0.729782 -1.195094 2.614501
v 0.725453 -1.212911 2.893268
v 0.686711 -1.193047 2.635026
v 0.669071 -1.225411 2.893233
v 0.648397 -1.213135 2.614126
v 0.643457 -0.992608 2.963183
v 0.657886 -1.173126 2.970005
v 0.680735 -1.160181 2.947552
v -0.597258 -1.213768 2.827299
v -0.768578 -1.151530 2.701253
v -0.758044 -1.228328 2.701253
v -0.781675 -1.192989 2.701253
v -0.606061 -1.290567 2.732433
v -0.773259 -1.256241 2.796119
v -0.582700 -1.271746 2.796119
v -0.568823 -1.227314 2.796119
v 0.805602 -1.253108 2.770317
v 0.823063 -1.229735 2.704666
v 0.794860 -1.216439 2.673486
v 0.782906 -1.228130 2.673486
v 0.794860 -1.216439 2.801498
v 0.580518 -1.229199 2.704666
v 0.580518 -1.229199 2.770318
v 0.669008 -1.303224 2.704666
v 0.664304 -1.271783 2.673486
v 0.669008 -1.303224 2.770317
v 0.596160 -1.276731 2.770317
v 0.639737 -1.270607 2.673486
v 0.596160 -1.276730 2.704666
v 0.624138 -1.257856 2.673486
v 0.796629 -1.199018 2.673486
v 0.811364 -1.149871 2.704666
v 0.624138 -1.257856 2.801498
v 0.823063 -1.229735 2.770318
v 0.632051 -1.301456 2.704666
v 0.811364 -1.149871 2.770318
v 0.830340 -1.200632 2.770318
v 0.782906 -1.228130 2.801498
v 0.796629 -1.199018 2.801498
v -1.043202 0.230467 2.904047
v -0.836859 0.083066 2.943807
v -0.836939 -0.086945 2.944684
v -1.043420 -0.233692 2.904046
v 0.233691 -1.043420 2.904046
v 0.233172 -1.043743 2.986004
v -0.585820 -0.984511 2.904046
v -0.734683 -0.931734 2.904046
v -0.814645 -1.009397 2.524102
v -0.905072 -1.095733 2.611248
v -1.080558 -0.910154 2.912075
v -0.697355 -1.068733 2.522740
v -0.620533 -1.262949 2.701253
v -0.582700 -1.271746 2.732433
v -0.606061 -1.290567 2.796119
v -0.781675 -1.192989 2.827299
v -0.608612 -1.250123 2.827299
v -0.568823 -1.227314 2.732433
v -0.799176 -1.143820 2.732433
v -0.773259 -1.256241 2.732433
v -0.801667 -1.232535 2.732433
v -0.758044 -1.228328 2.827299
v -0.801667 -1.232535 2.796119
v -0.776928 -1.212569 2.827299
v -0.637119 -1.265061 2.827299
v -0.637119 -1.265061 2.701253
v -0.815375 -1.191164 2.732433
v -0.799176 -1.143820 2.796119
v -0.634087 -1.298674 2.796119
v -1.330454 0.220529 2.712797
v -1.322850 0.346681 2.712797
v -1.250225 0.406338 2.828975
v -1.324299 0.166047 2.828975
v -1.362439 0.209762 2.743977
v -1.250225 0.406338 2.743977
v -1.324299 0.166047 2.743977
v -1.277858 0.162884 2.828975
v -1.293976 0.377883 2.860155
v -1.348037 0.184390 2.828975
v -1.348037 0.184390 2.743977
v -1.353536 0.354987 2.828975
v -1.353536 0.354987 2.743977
v -1.337087 0.388129 2.743977
v -1.300039 0.411083 2.743977
v -1.277858 0.162884 2.743977
v -1.293976 0.377883 2.712797
v -1.330454 0.220529 2.860155
v -1.309295 0.196278 2.860155
v -0.015577 -1.340414 2.355293
v 0.066528 -1.335983 2.402488
v -0.097682 -1.207462 2.390421
v -0.097682 -1.198599 2.484812
v 0.066528 -1.198599 2.484812
v -0.015577 -1.322688 2.544076
v 0.066528 -1.207462 2.390421
v -0.015577 -1.211893 2.343225
v 0.066528 -1.327119 2.496880
v -0.097682 -1.327119 2.496880
v -1.339075 0.015647 2.359809
v -1.335278 0.097752 2.407060
v -1.323886 0.015646 2.548813
v -1.201091 -0.066459 2.491389
v -1.201091 0.097752 2.491389
v -1.197294 0.015646 2.538640
v -1.335278 -0.066459 2.407060
v -0.066046 -0.863337 2.949027
v 0.058674 -0.871748 2.997075
v 0.064823 -0.862741 2.949027
v -0.059850 -1.079200 2.999598
v -0.130965 -0.976963 2.967851
v 0.130773 -0.975772 2.967851
v 0.059616 -1.078656 2.999565
v -0.065014 -1.089994 2.977054
v 0.065855 -1.089398 2.977054
v -0.043554 -0.932901 2.997834
v 0.042378 -1.018048 2.998839
v -0.043164 -1.018437 2.998863
v -0.036245 -1.012515 2.983014
v 0.041988 -0.932511 2.997810
v -0.036576 -0.939876 2.983014
v -0.060792 -0.872292 2.997109
v -0.867427 -0.064666 2.949028
v -1.094701 0.065159 2.972113
v -0.980395 -0.117914 3.001747
v -0.980461 -0.130617 2.971419
v -0.981667 0.131111 2.971419
v -0.868030 0.066198 2.949028
v -1.094097 -0.065704 2.972113
v -0.937977 -0.041026 3.000919
v -1.023913 0.044121 3.000401
v -1.084681 0.060804 3.000432
v -1.017134 -0.035984 2.983015
v -1.017469 0.036658 2.983015
v -1.023519 -0.041418 3.001179
v -0.944825 0.036991 2.983015
v -0.938371 0.044513 3.000141
v -1.084131 -0.058657 3.001518
v -0.981496 0.121009 2.999574
v -0.877209 -0.057709 3.000889
v -0.814645 -1.009397 0.475898
v -0.729550 -0.930245 0.017506
v -0.871179 -1.064414 0.037160
v -0.910020 -1.101988 0.087136
v -1.080558 -0.910154 0.087925
v -0.994959 -0.826654 0.476956
v -0.734683 -0.931734 0.095954
v -0.913851 -0.748658 0.095954
v 0.233691 -1.043420 0.095954
v 0.233172 -1.043743 0.013996
v -1.043420 -0.233692 0.095954
v -1.043743 -0.233172 0.013996
v -1.043525 0.230987 0.016391
v -0.832754 0.083689 0.095953
v -1.043202 0.230467 0.095953
v -0.836859 0.083066 0.056193
v 0.904510 -1.133058 0.102841
v 0.680525 -0.966904 0.011902
v 0.694678 -1.207879 0.121900
v 0.725453 -1.212911 0.106732
v 0.669071 -1.225411 0.106767
v 0.661925 -1.083294 0.439231
v 0.686711 -1.193047 0.364974
v 0.620180 -1.088183 0.470413
v 0.679856 -0.966580 0.095954
v 0.643457 -0.992608 0.036817
v 0.642868 -0.992324 0.095954
v -1.267727 -0.253750 0.398144
v -1.282479 -0.257666 0.064651
v -1.264667 0.257823 0.399339
v -1.256439 0.311694 0.399452
v -1.240171 0.242882 0.043246
v -1.226443 0.277703 0.061360
v -1.146913 0.265296 0.455093
v -1.145053 0.228210 0.478785
v -1.054775 0.274076 0.044229
v -1.055374 0.274366 0.095953
v -1.034283 0.307542 0.095953
v -0.633570 -0.997082 0.045922
v -0.647669 -1.169946 0.036687
v -0.724639 -1.193658 0.393007
v -0.685862 -1.203136 0.100368
v -0.677787 -1.188296 0.371050
v -0.654915 -1.083578 0.441674
v -0.697355 -1.068733 0.477260
v 1.116673 -0.894705 0.102261
v 1.191059 -0.734357 0.028452
v 1.219421 -0.750977 0.086478
v -0.240770 -1.220248 0.032824
v 0.246389 -1.293574 0.106610
v -0.250073 -1.292810 0.111248
v 0.870179 -1.086566 0.035378
v -0.667752 -1.223171 0.101234
v -1.211740 -0.743991 0.086073
v 0.740740 -0.914536 0.095954
v -1.079636 0.667668 0.469086
v -1.205047 0.746429 0.384287
v 1.000783 -0.803365 0.470855
v 0.648397 -1.213135 0.385874
v 0.244213 -1.149353 0.472201
v 0.729782 -1.195094 0.385499
v -0.237263 -1.149127 0.474686
v -0.637848 -1.212976 0.392511
v -0.247149 -1.276899 0.390337
v -1.073137 -0.666660 0.480197
v -1.197707 -0.734915 0.396690
v -0.672634 -0.965190 0.095954
v 0.255036 -1.277134 0.387745
v 0.893955 -1.119219 0.388650
v 0.806666 -0.998816 0.471372
v -1.219421 0.755489 0.086478
v 1.205047 -0.741918 0.384287
v -1.157094 -0.727378 0.040570
v 0.976669 -0.645822 0.095954
v 0.916743 -0.737324 0.095954
v -0.230467 -1.043202 0.095954
v -0.083066 -0.836860 0.056193
v -0.671961 -0.965514 0.018884
v -1.242209 -0.251468 0.042089
v 0.758043 1.228327 0.172701
v 0.620533 1.262949 0.298747
v 0.582700 1.271746 0.203881
v 0.606060 1.290566 0.267567
v 0.606060 1.290566 0.203881
v 0.801667 1.232535 0.203881
v 0.801667 1.232535 0.267567
v -0.823063 1.229734 0.229682
v -0.805603 1.253107 0.229682
v -0.805603 1.253107 0.295333
v -0.830341 1.200631 0.229682
v -0.794860 1.216438 0.198502
v -0.580519 1.229198 0.229682
v -0.580519 1.229198 0.295333
v -0.664304 1.271783 0.326513
v -0.782906 1.228129 0.198502
v -0.639737 1.270607 0.198502
v -0.624139 1.257856 0.326513
v -0.664304 1.271783 0.198502
v -0.796630 1.199018 0.326513
v -0.811365 1.149870 0.229682
v -0.669008 1.303224 0.229682
v -0.669008 1.303224 0.295333
v -0.596161 1.276730 0.295333
v -0.632052 1.301455 0.229682
v -0.632052 1.301455 0.295333
v -0.811365 1.149870 0.295333
v -0.782906 1.228129 0.326513
v -0.794860 1.216439 0.326513
v -0.624139 1.257856 0.198502
v -0.585143 -0.984835 0.018388
v -0.585820 -0.984511 0.095954
v -0.976670 0.645822 0.095953
v -0.966402 -0.645235 0.021199
v -0.967073 -0.644911 0.095954
v 0.598487 -0.984616 0.095954
v 0.253522 -1.224757 0.031954
v 1.065919 -0.864749 0.034841
v 0.977340 -0.646146 0.011167
v -1.191059 0.738867 0.028451
v -1.272088 0.299527 0.068916
v 0.741411 -0.914860 0.011717
v 0.657886 -1.173126 0.029995
v 0.608612 1.250123 0.298747
v 0.781675 1.192989 0.172701
v 0.815375 1.191164 0.203881
v 0.608612 1.250123 0.172701
v 0.568823 1.227314 0.203881
v 0.568823 1.227314 0.267567
v 0.781675 1.192989 0.298747
v 0.799175 1.143819 0.267567
v 0.815375 1.191164 0.267567
v 0.773259 1.256241 0.267567
v 0.773259 1.256241 0.203881
v 0.776927 1.212569 0.172701
v 0.637119 1.265061 0.298747
v 0.799175 1.143819 0.203881
v 0.634086 1.298674 0.267567
v 0.634086 1.298674 0.203881
v 1.322850 -0.346681 0.139845
v 1.311915 -0.368712 0.139845
v 1.311915 -0.368712 0.287203
v 1.293977 -0.377882 0.287203
v 1.293977 -0.377882 0.139845
v 1.353536 -0.354987 0.171025
v 1.362440 -0.209762 0.171025
v 1.330454 -0.220529 0.287203
v 1.322850 -0.346681 0.287203
v 1.300039 -0.411083 0.256023
v 1.250225 -0.406338 0.256023
v 1.324542 -0.204889 0.287203
v 1.348037 -0.184390 0.171025
v 1.309295 -0.196278 0.287203
v 1.277859 -0.162884 0.256023
v 1.277859 -0.162884 0.171025
v 1.250225 -0.406338 0.171025
v 1.353536 -0.354987 0.256023
v 1.337087 -0.388129 0.256023
v 1.300039 -0.411083 0.171025
v 1.337087 -0.388129 0.171025
v 1.324299 -0.166047 0.171025
v 1.362440 -0.209762 0.256023
v 0.097681 1.207462 0.609579
v 0.015576 1.194167 0.467992
v 0.097681 1.198599 0.515188
v -0.066529 1.198599 0.515188
v -0.066529 1.207462 0.609579
v 0.015576 1.211893 0.656775
v 1.212483 -0.015646 0.650365
v 1.201091 -0.097751 0.508611
v 1.197294 -0.015646 0.461360
v 1.208686 0.066459 0.603113
v 1.208686 -0.097751 0.603113
v 1.201091 0.066459 0.508611
v 1.327683 -0.097751 0.498438
v 1.323886 -0.015646 0.451187
v 1.327683 0.066459 0.498438
v 0.066046 0.863337 0.050972
v -0.130774 0.975772 0.032149
v -0.059617 1.078656 0.000435
v -0.058674 0.871748 0.002925
v -0.064823 0.862741 0.050972
v 0.130965 0.976963 0.032149
v 0.065014 1.089993 0.022946
v -0.065855 1.089398 0.022946
v -0.118879 0.974930 0.001696
v 0.036245 1.012515 0.016985
v -0.036069 0.939545 0.016985
v -0.036400 1.012185 0.016985
v -0.042378 1.018047 0.001161
v -0.041989 0.932511 0.002190
v 0.043164 1.018437 0.001136
v 0.036575 0.939876 0.016985
v 0.060792 0.872292 0.002891
v 0.877209 0.057709 -0.000889
v 0.877760 -0.061753 0.000198
v 0.981667 -0.131111 0.028581
v 1.094701 -0.065160 0.027887
v 0.980461 0.130617 0.028581
v 0.867427 0.064666 0.050972
v 1.094097 0.065704 0.027887
v 0.944825 -0.036991 0.016985
v 0.980395 0.117914 -0.001747
v 1.023519 0.041418 -0.001179
v 1.084681 -0.060804 -0.000432
v 1.017469 -0.036658 0.016985
v 0.937977 0.041026 -0.000919
v 1.084131 0.058657 -0.001518
v 0.938371 -0.044513 -0.000141
v 0.697354 1.068733 0.477259
v 0.729550 0.930245 0.017506
v 0.853574 1.106349 0.037160
v 1.080557 0.910154 0.087924
v 1.041629 0.873582 0.038588
v 1.073126 0.902764 0.389702
v 0.814645 1.009397 0.475897
v 0.994958 0.826654 0.476956
v 0.734683 0.931734 0.095953
v 0.910200 0.743728 0.018258
v 0.913850 0.748658 0.095953
v -0.233172 1.043743 0.013996
v 0.836939 0.086944 0.055316
v 1.043743 0.233172 0.013996
v 0.832834 0.086322 0.095953
v 0.832754 -0.083689 0.095953
v 1.043202 -0.230467 0.095953
v 0.836859 -0.083066 0.056193
v 1.043526 -0.230987 0.016392
v 0.230987 1.043525 0.016391
v -0.086322 0.832833 0.095953
v 0.083066 0.836859 0.056193
v -0.729782 1.195093 0.385499
v -0.680736 1.160181 0.052448
v -0.706850 1.161061 0.029772
v -0.643458 0.992608 0.036817
v -0.694678 1.207878 0.121899
v -0.669072 1.225410 0.106767
v -0.648397 1.213134 0.385874
v -0.661926 1.083293 0.439230
v -0.620181 1.088183 0.470412
v 1.280405 -0.244988 0.065861
v 1.228664 -0.305402 0.043209
v 1.264898 -0.270513 0.082088
v 1.249187 -0.282953 0.382061
v 1.146913 -0.265296 0.455093
v 1.055375 -0.274366 0.095953
v 1.034283 -0.307542 0.095953
v 1.054775 -0.274076 0.044229
v 1.228886 0.707330 0.086073
v 0.633570 0.997082 0.045922
v 0.724639 1.193658 0.393007
v 0.685862 1.203136 0.100368
v 0.710694 1.213634 0.084174
v 0.668912 1.155931 0.061153
v 0.647668 1.169946 0.036687
v 0.654914 1.083578 0.441674
v 0.240769 1.220248 0.032824
v 0.250073 1.292810 0.111248
v 1.242209 0.251468 0.042088
v 1.282479 0.257666 0.064651
v -0.725453 1.212911 0.106732
v 0.667752 1.223171 0.101234
v 1.174240 0.690717 0.040569
v -0.740740 0.914536 0.095953
v -0.679857 0.966579 0.095953
v 1.079635 -0.667669 0.469086
v -1.000783 0.803365 0.470855
v -1.103561 0.883440 0.388075
v -0.244213 1.149353 0.472201
v -0.255037 1.277134 0.387745
v 0.237262 1.149127 0.474686
v 0.637848 1.212976 0.392511
v 1.073137 0.666660 0.480197
v 1.267727 0.253750 0.398144
v 0.247148 1.276899 0.390336
v 1.214853 0.698254 0.396690
v 0.672634 0.965190 0.095953
v -0.246389 1.293574 0.106610
v -0.887782 1.100700 0.388649
v -1.116673 0.894705 0.102260
v 1.256439 -0.311694 0.399452
v 1.272088 -0.299527 0.068916
v 1.145053 -0.228210 0.478786
v 0.966402 0.645235 0.021199
v -0.917415 0.737646 0.011249
v -0.916744 0.737323 0.095953
v 0.230467 1.043202 0.095953
v -0.680526 0.966903 0.011902
v -0.864007 1.068047 0.035378
v -0.758044 -1.228328 0.172701
v -0.776928 -1.212569 0.172701
v -0.637119 -1.265061 0.298747
v -0.620533 -1.262949 0.298747
v -0.606061 -1.290567 0.267567
v -0.773259 -1.256241 0.203881
v -0.568823 -1.227314 0.267567
v -0.582700 -1.271746 0.203881
v -0.801667 -1.232535 0.203881
v 0.830340 -1.200632 0.229682
v 0.794860 -1.216439 0.198502
v 0.796629 -1.199018 0.198502
v 0.580518 -1.229199 0.295334
v 0.596160 -1.276730 0.295334
v 0.664304 -1.271783 0.326514
v 0.669008 -1.303224 0.229683
v 0.805602 -1.253108 0.229683
v 0.596160 -1.276731 0.229683
v 0.624138 -1.257856 0.198502
v 0.624138 -1.257856 0.326514
v 0.796629 -1.199018 0.326514
v 0.811364 -1.149871 0.295334
v 0.783753 -1.163174 0.326514
v 0.632051 -1.301456 0.295334
v 0.669008 -1.303224 0.295334
v 0.632051 -1.301456 0.229683
v 0.811364 -1.149871 0.229682
v 0.805602 -1.253108 0.295334
v 0.782906 -1.228130 0.326514
v 0.794860 -1.216439 0.326514
v 0.664304 -1.271783 0.198502
v 0.639737 -1.270608 0.198502
v 0.585143 0.984834 0.018388
v 0.585820 0.984510 0.095953
v 1.043419 0.233692 0.095953
v 0.967073 0.644911 0.095953
v -0.741412 0.914859 0.011717
v -0.598487 0.984616 0.095953
v -0.233692 1.043419 0.095953
v -0.253522 1.224757 0.031953
v -1.065919 0.864748 0.034841
v -0.608612 -1.250123 0.298747
v -0.634087 -1.298674 0.203881
v -0.799176 -1.143820 0.203881
v -0.781675 -1.192989 0.172701
v -0.608612 -1.250123 0.172701
v -0.568823 -1.227314 0.203881
v -0.799176 -1.143820 0.267567
v -0.815375 -1.191164 0.267567
v -0.776928 -1.212569 0.298747
v -0.773259 -1.256241 0.267567
v -0.634087 -1.298674 0.267567
v -1.322850 0.346681 0.139845
v -1.311915 0.368712 0.287203
v -1.293976 0.377883 0.287203
v -1.300039 0.411083 0.171025
v -1.330454 0.220529 0.287203
v -1.250225 0.406338 0.171025
v -1.250225 0.406338 0.256023
v -1.324299 0.166047 0.171025
v -1.324542 0.204889 0.139845
v -1.309295 0.196278 0.139845
v -1.362439 0.209762 0.256023
v -1.324542 0.204889 0.287203
v -1.348037 0.184390 0.256023
v -1.309295 0.196278 0.287203
v -1.277858 0.162884 0.256023
v -1.353536 0.354987 0.171025
v -1.353536 0.354987 0.256023
v -1.337087 0.388129 0.256023
v -1.277858 0.162884 0.171025
v -1.348037 0.184390 0.171025
v -1.311915 0.368712 0.139845
v -1.293976 0.377883 0.139845
v -0.015577 -1.211893 0.656775
v -0.097682 -1.198599 0.515188
v 0.066528 -1.207462 0.609579
v 0.066528 -1.327119 0.503120
v -0.097682 -1.207462 0.609579
v 0.066528 -1.198599 0.515188
v -0.015577 -1.194167 0.467992
v -0.015577 -1.340414 0.644707
v -0.097682 -1.327119 0.503120
v -1.208686 0.097752 0.603113
v -1.339075 0.015647 0.640191
v -1.212483 0.015646 0.650365
v -1.201091 0.097752 0.508611
v -1.335278 0.097752 0.592940
v -1.197294 0.015646 0.461360
v -1.201091 -0.066459 0.508611
v -1.208686 -0.066459 0.603113
v -1.327683 0.097752 0.498438
v -0.066046 -0.863337 0.050973
v -0.059850 -1.079200 0.000402
v 0.130773 -0.975772 0.032149
v 0.059616 -1.078656 0.000435
v 0.064823 -0.862741 0.050973
v -0.130965 -0.976963 0.032149
v -0.065014 -1.089994 0.022946
v 0.058674 -0.871748 0.002925
v 0.042378 -1.018048 0.001161
v 0.036399 -1.012185 0.016986
v 0.036068 -0.939546 0.016986
v 0.041988 -0.932511 0.002190
v -0.043164 -1.018437 0.001137
v -0.036576 -0.939876 0.016986
v -0.036245 -1.012515 0.016986
v -0.120055 -0.976018 0.001630
v -0.060792 -0.872292 0.002891
v -0.043554 -0.932901 0.002166
v -0.877760 0.061752 0.000198
v -0.981667 0.131111 0.028581
v -1.094701 0.065159 0.027887
v -1.094097 -0.065704 0.027887
v -0.980461 -0.130617 0.028581
v -0.938371 0.044513 -0.000141
v -0.980395 -0.117914 -0.001747
v -0.877209 -0.057709 -0.000889
v -0.944825 0.036991 0.016985
v -1.023519 -0.041418 -0.001179
v -1.017469 0.036658 0.016985
v -1.017134 -0.035984 0.016985
v -0.944491 -0.035651 0.016985
v -0.937977 -0.041026 -0.000919
v -1.023913 0.044121 -0.000401
v -1.084131 -0.058657 -0.001518
v -0.981496 0.121009 0.000426
v -1.052588 0.846596 2.579445
v -1.088202 0.876136 1.979750
v -1.169049 0.762272 1.036192
v -1.147299 0.722569 1.036192
v -1.153619 0.620067 0.420679
v -1.115535 0.675988 2.579312
v -1.151263 0.708386 1.979618
v -1.153210 0.778044 1.979649
v -1.127766 0.745744 0.420679
v -1.087456 0.876612 1.036319
v -1.050939 0.847650 0.420804
v -0.846897 1.050943 0.420577
v -0.691005 1.184120 1.036192
v -0.876338 1.087052 1.036093
v -0.768748 1.174380 1.979618
v -0.443876 1.223129 1.979618
v -0.208100 1.216702 2.579312
v 0.758449 1.108925 0.420679
v 0.867293 1.080799 1.036196
v 0.867294 1.080798 1.979622
v 0.834315 1.037077 2.581874
v -0.624011 1.195521 2.180851
v -0.683510 1.145095 1.979618
v -0.256010 1.215501 1.036192
v -0.160615 1.258015 1.036192
v -0.270436 1.212599 0.420679
v -0.284504 1.253858 1.036192
v 0.294623 1.208503 1.036192
v 0.722499 1.148871 1.036192
v 0.619789 1.153400 0.420679
v 0.646246 1.193199 1.036192
v 0.535360 1.213434 1.459086
v 0.541202 1.213006 1.036192
v 0.511852 1.171980 0.420679
v 0.511244 1.174092 2.579312
v 0.708316 1.152835 1.979618
v 0.727257 1.118361 2.579312
v 0.676066 1.116898 2.579312
v 0.745970 1.154378 1.979618
v 0.294501 1.224414 1.979618
v 0.245254 1.211510 2.579312
v 0.284702 1.193389 2.579312
v 0.245574 1.253363 1.979618
v 0.323937 1.204675 2.579312
v -0.286783 1.210774 2.579312
v -0.252671 1.236204 1.979618
v -0.247549 1.215154 2.579312
v -0.214423 1.254021 1.979618
v -0.639446 1.195660 1.036192
v -0.663530 1.174300 1.036192
v -0.612951 1.195545 1.979618
v -0.639524 1.150798 0.420679
v -0.627699 1.153582 0.420679
v -0.739781 1.129252 2.579312
v -0.134266 1.215856 0.420679
v 0.202992 1.253509 1.036192
v 0.216960 1.211834 0.420679
v -0.388971 1.193131 0.420679
v -0.455649 1.183202 2.579312
v -0.506324 1.213631 2.057332
v -0.497235 1.175351 0.420679
v -0.443103 1.129549 0.420679
v -0.461975 1.224759 1.036192
v -0.615770 1.155883 0.420679
v 0.637263 1.153515 2.579312
v 0.654145 1.193252 1.979618
v 0.385072 1.242446 1.036192
v 0.351421 1.199597 0.420679
v 0.342985 1.244741 1.979618
v 0.486588 1.220978 1.979618
v 0.524717 1.187068 1.980119
v 0.571407 1.206943 1.979618
v 0.528408 1.214240 2.255851
v -0.669905 1.163794 2.340761
v -0.621332 1.169513 2.249412
v -0.632353 1.195502 2.332620
v -0.624514 1.155630 2.579312
v 1.053125 0.882545 0.930826
v 1.223059 0.443806 1.979618
v 1.210852 0.286504 2.579312
v 1.253950 0.214353 1.979618
v 1.164971 0.754490 1.979618
v 1.145024 0.683440 1.979618
v 1.215934 0.133987 0.420679
v 1.257945 0.160545 1.036192
v 1.215431 0.255940 1.036192
v 1.212677 0.270157 0.420679
v 1.199675 -0.351700 0.420679
v 1.208433 -0.294693 1.036192
v 1.242375 -0.385143 1.036192
v 1.220908 -0.486658 1.979618
v 1.212936 -0.541273 1.036192
v 1.172058 -0.512131 0.420679
v 1.204753 -0.324216 2.579312
v 1.174169 -0.511523 2.579312
v 1.214170 -0.528478 2.255851
v 1.211588 -0.245533 2.579312
v 1.193467 -0.284981 2.579312
v 1.253293 -0.245644 1.979618
v 1.224344 -0.294571 1.979618
v 1.244671 -0.343055 1.979618
v 1.236133 0.252601 1.979618
v 1.216780 0.207821 2.579312
v 1.215231 0.247270 2.579312
v 1.143233 0.646225 0.420679
v 1.195475 0.612881 1.979618
v 1.160397 0.700734 1.036193
v 1.119590 0.684287 0.420671
v 1.173525 0.663459 1.036192
v 1.129330 0.739502 2.579312
v 1.253439 -0.203062 1.036192
v 1.211912 -0.217239 0.420679
v 1.253788 0.284433 1.036192
v 1.195589 0.639376 1.036192
v 1.183280 0.455370 2.579312
v 1.213561 0.506254 2.057332
v 1.175429 0.496956 0.420679
v 1.224689 0.461905 1.036192
v 1.193209 0.388692 0.420679
v 1.129627 0.442824 0.420679
v 1.155961 0.615491 0.420679
v 1.153595 -0.637541 2.579312
v 1.213364 -0.535430 1.459086
v 1.186998 -0.524787 1.980119
v 1.193130 -0.646317 1.036192
v 1.169442 0.621261 2.249412
v 1.163723 0.669835 2.340761
v 1.195450 0.623941 2.180851
v 1.195432 0.632283 2.332620
v 1.155708 0.624235 2.579312
v -0.984913 0.984612 1.036209
v -0.876400 1.088240 1.979522
v 0.979648 0.980749 1.979629
v 0.979821 0.980220 1.036203
v 1.035635 0.833097 2.581867
v 0.936803 0.937257 2.582270
v -0.920218 0.986434 2.579299
v 1.034350 0.833857 0.420644
v 0.969094 0.970635 0.744680
v 1.081947 0.868422 1.979623
v 0.972025 0.979078 0.862361
v 0.961779 0.959233 0.810988
v 0.905042 1.018426 0.715621
v 0.937210 0.938255 0.420259
v 0.833739 1.037534 0.420650
v 0.760070 1.150113 1.036192
v 1.089053 0.675988 2.579312
v 1.206873 -0.571477 1.979618
v -0.985669 0.984147 1.979639
v -0.978884 0.928874 2.579364
v -0.948483 0.927474 2.579338
v 1.052448 -0.846596 2.579445
v 1.088062 -0.876136 1.979750
v 1.168908 -0.762272 1.036192
v 1.147159 -0.722569 1.036192
v 1.153479 -0.620067 0.420679
v 1.115395 -0.675988 2.579312
v 1.193182 -0.654216 1.979619
v 1.151123 -0.708386 1.979618
v 1.153070 -0.778044 1.979649
v 1.127625 -0.745744 0.420679
v 1.087316 -0.876612 1.036319
v 1.050799 -0.847649 0.420804
v 0.846757 -1.050943 0.420577
v 0.690865 -1.184120 1.036192
v 0.876198 -1.087052 1.036093
v 0.768608 -1.174380 1.979618
v 0.443736 -1.223129 1.979618
v 0.286644 -1.210774 2.579312
v 0.207961 -1.216702 2.579312
v -0.867433 -1.080799 1.036196
v -0.867434 -1.080798 1.979622
v -0.727397 -1.118362 2.579312
v -0.834455 -1.037077 2.581874
v 0.683371 -1.145094 1.979618
v 0.134126 -1.215856 0.420679
v 0.255870 -1.215501 1.036192
v 0.270296 -1.212599 0.420679
v 0.284364 -1.253858 1.036192
v -0.294762 -1.208503 1.036192
v -0.385212 -1.242446 1.036192
v -0.758589 -1.108925 0.420679
v -0.760210 -1.150113 1.036192
v -0.722639 -1.148871 1.036192
v -0.619929 -1.153400 0.420679
v -0.646386 -1.193200 1.036192
v -0.524857 -1.187068 1.980119
v -0.541342 -1.213006 1.036192
v -0.511992 -1.171980 0.420679
v -0.324077 -1.204675 2.579312
v -0.511384 -1.174092 2.579312
v -0.637403 -1.153516 2.579312
v -0.676206 -1.116898 2.579312
v -0.654285 -1.193252 1.979618
v -0.708456 -1.152835 1.979618
v -0.746110 -1.154379 1.979618
v -0.245714 -1.253363 1.979618
v -0.294641 -1.224414 1.979618
v -0.284842 -1.193389 2.579312
v -0.343125 -1.244741 1.979618
v 0.247409 -1.215153 2.579312
v 0.252531 -1.236204 1.979618
v 0.214283 -1.254021 1.979618
v 0.627559 -1.153582 0.420679
v 0.663390 -1.174300 1.036192
v 0.639384 -1.150797 0.420679
v 0.876260 -1.088239 1.979522
v 0.739641 -1.129252 2.579312
v -0.203132 -1.253509 1.036192
v -0.217100 -1.211834 0.420679
v 0.160475 -1.258015 1.036192
v 0.612811 -1.195545 1.979618
v 0.639307 -1.195659 1.036192
v 0.388831 -1.193131 0.420679
v 0.455509 -1.183202 2.579312
v 0.461835 -1.224759 1.036192
v 0.442963 -1.129548 0.420679
v 0.497095 -1.175351 0.420679
v 0.615630 -1.155883 0.420679
v -0.351561 -1.199597 0.420679
v -0.486728 -1.220979 1.979618
v -0.535500 -1.213434 1.459086
v -0.528548 -1.214240 2.255851
v 0.621192 -1.169512 2.249412
v 0.669765 -1.163793 2.340761
v 0.506184 -1.213631 2.057332
v 0.623871 -1.195520 2.180851
v 0.624374 -1.155630 2.579312
v -1.053264 -0.882545 0.930826
v -1.223199 -0.443806 1.979618
v -1.250783 -0.274732 1.979618
v -1.216920 -0.207822 2.579312
v -1.253433 0.245644 1.979618
v -1.254091 -0.214354 1.979618
v -1.145164 -0.683441 1.979618
v -1.165111 -0.754491 1.979618
v -1.163864 -0.669835 2.340761
v -1.258085 -0.160546 1.036192
v -1.215571 -0.255940 1.036192
v -1.242516 0.385142 1.036192
v -1.208574 0.294692 1.036192
v -1.212052 0.217239 0.420679
v -1.253579 0.203062 1.036192
v -1.213076 0.541272 1.036192
v -1.172199 0.512131 0.420679
v -1.204893 0.324216 2.579312
v -1.174310 0.511523 2.579312
v -1.224484 0.294571 1.979618
v -1.193608 0.284981 2.579312
v -1.236274 -0.252601 1.979618
v -1.210992 -0.286505 2.579312
v -1.215372 -0.247270 2.579312
v -1.195615 -0.612881 1.979618
v -1.119730 -0.684288 0.420671
v -1.173211 -0.663460 1.036192
v -1.143373 -0.646225 0.420679
v -1.160537 -0.700734 1.036193
v -1.082087 -0.868422 1.979623
v -1.129470 -0.739502 2.579312
v -1.216075 -0.133987 0.420679
v -1.253928 -0.284434 1.036192
v -1.195729 -0.639377 1.036192
v -1.212817 -0.270157 0.420679
v -1.183420 -0.455370 2.579312
v -1.213701 -0.506254 2.057332
v -1.175569 -0.496956 0.420679
v -1.224829 -0.461905 1.036192
v -1.129767 -0.442824 0.420679
v -1.193349 -0.388692 0.420679
v -1.156101 -0.615492 0.420679
v -1.153736 0.637539 2.579311
v -1.193323 0.654215 1.979618
v -1.199816 0.351700 0.420679
v -1.244811 0.343054 1.979618
v -1.221049 0.486657 1.979618
v -1.213504 0.535429 1.459086
v -1.187138 0.524787 1.980119
v -1.193271 0.646317 1.036192
v -1.214311 0.528477 2.255851
v -1.195590 -0.623942 2.180851
v -1.169582 -0.621262 2.249412
v -1.155848 -0.624235 2.579312
v 0.978744 -0.928874 2.579364
v 0.985529 -0.984146 1.979639
v 0.984773 -0.984612 1.036209
v -0.979788 -0.980749 1.979629
v -1.035775 -0.833098 2.581867
v -0.936943 -0.937257 2.582270
v 0.920078 -0.986434 2.579299
v -1.034490 -0.833857 0.420644
v -0.961919 -0.959233 0.810988
v -0.969234 -0.970635 0.744680
v -0.905182 -1.018426 0.715621
v -0.979961 -0.980220 1.036203
v -0.972165 -0.979078 0.862361
v -0.937350 -0.938255 0.420259
v -0.833879 -1.037534 0.420650
v 0.676127 -1.088975 2.579312
v 0.632213 -1.195502 2.332620
v -0.571547 -1.206943 1.979618
v -1.089193 -0.675988 2.579312
v -1.195572 -0.632283 2.332620
v -1.207013 0.571476 1.979618
v 0.948343 -0.927473 2.579338
v 1.330684 0.262156 1.836429
v 1.314146 0.358778 1.779135
v 1.277913 0.352320 1.778703
v 1.327795 0.287922 1.693654
v 1.276847 0.353162 1.164658
v 1.294922 0.275089 1.242710
v 1.297146 0.196272 1.163357
v 1.329123 0.274439 1.234139
v 1.331203 0.200707 1.159906
v 1.313128 0.278779 1.081855
v 1.274944 -0.405284 1.811605
v 1.334812 -0.333611 1.676984
v 1.316508 -0.414693 1.811589
v 1.298972 -0.299104 1.785864
v 1.340536 -0.308514 1.785848
v 1.269220 -0.430381 1.702741
v 1.293247 -0.324201 1.677000
v 1.340539 -0.326818 1.141869
v 1.288713 -0.315628 1.254790
v 1.344585 -0.306403 1.145666
v 1.294598 -0.296328 1.144759
v 1.273205 -0.404278 1.124680
v 1.195857 0.366192 1.857707
v 1.195857 0.366192 1.459293
v 1.272167 0.385914 1.798137
v 1.243999 0.159803 1.048666
v 1.311930 0.152802 1.048665
v 1.295276 0.251381 1.048670
v 1.195857 0.366192 1.138155
v 1.272492 0.385969 1.138154
v 1.289122 -0.384804 1.048667
v 1.227629 -0.369717 1.902735
v 1.227629 -0.369717 1.048666
v 1.314614 -0.157596 1.048666
v 1.243999 0.159803 1.902735
v 1.290138 0.279228 1.902740
v 1.208796 0.311206 1.902735
v 1.314614 -0.157596 1.902735
v 1.244967 -0.150869 1.902735
v 1.288668 -0.384656 1.459293
v 1.257670 -0.479800 1.459293
v 1.244967 -0.150869 1.048666
v 1.311531 0.152604 1.902733
v 1.257262 -0.479667 1.828013
v 1.288177 -0.384497 1.902734
v 1.272334 0.385942 1.459292
v 1.311739 0.152704 1.459292
v 1.314614 -0.157596 1.459293
v 1.197384 -0.466000 1.459293
v 1.197384 -0.466000 1.828013
v 1.383939 0.059711 1.536266
v 1.383939 0.059711 1.463725
v 1.383939 -0.065179 1.536266
v 1.383939 -0.253779 1.681600
v 1.383939 -0.253779 1.318390
v 1.278465 -0.281055 1.336284
v 1.278465 -0.002734 1.172573
v 1.383939 -0.002734 1.572537
v 1.383939 0.279116 1.336284
v 1.383939 -0.002734 1.427454
v 1.383939 -0.002734 1.172573
v 1.383939 -0.065179 1.463725
v 1.360401 -0.281055 1.663707
v 1.278465 -0.281055 1.663707
v 1.430511 -0.087896 1.450530
v 1.430511 0.082427 1.450530
v 1.308980 -0.002734 1.598927
v 1.308980 -0.087896 1.450530
v 1.308980 -0.002734 1.401064
v 1.308980 0.082427 1.549461
v 1.430511 -0.087896 1.549461
v 1.363554 0.279116 1.663707
v 1.383939 0.251188 1.679929
v 1.383939 0.279116 1.424468
v 1.278465 0.279116 1.663707
v 1.318419 -0.430003 1.214809
v 1.338700 -0.325703 1.255697
v 1.296058 0.355663 1.162712
v 1.321858 0.278597 1.239981
v 1.289617 0.282661 1.838313
v 1.325850 0.289119 1.838746
v 1.341960 0.203612 1.765801
v 0.000108 0.245389 3.052500
v 0.213551 0.122276 3.053221
v 0.000189 -0.374069 3.057030
v 0.323846 0.186632 2.963970
v 0.323789 0.186139 3.011372
v -0.213177 -0.123027 2.963970
v -0.213303 0.122332 3.053580
v 0.000185 0.373318 2.963970
v 0.000282 -0.373258 2.963970
v -0.213271 -0.123838 3.055380
v 0.000172 -0.246951 3.056100
v 0.213644 0.123087 2.963970
v 0.323758 0.142524 3.052980
v 0.323801 -0.187467 3.055393
v 0.000265 -0.246140 2.963970
v 0.213676 -0.123083 2.963970
v -0.323472 -0.187383 3.055937
v -0.323379 -0.186572 2.963970
v -0.045464 0.048587 3.020528
v -0.109644 0.063407 2.963970
v 0.000153 0.126201 3.019922
v 0.110030 0.062824 3.020293
v 0.000250 -0.126695 2.963970
v -0.109627 -0.063318 2.963970
v 0.110046 -0.063900 3.021219
v 0.000186 -0.127248 3.021775
v -0.109691 -0.063872 3.021404
v -0.039957 -0.043492 2.988960
v 0.045802 -0.049634 3.021169
v 0.045789 0.048575 3.020451
v -0.045451 -0.049622 3.021246
v 0.170318 0.274321 3.052145
v 0.023582 0.358958 3.051650
v -0.323517 0.158813 3.053406
v 0.959672 0.257390 2.914622
v 0.930426 0.249554 2.914623
v 0.860422 0.497002 2.914594
v 0.703977 0.704200 2.914572
v 0.496778 -0.860134 2.914766
v 0.496778 0.860645 2.914556
v 0.726104 0.726328 2.914569
v 0.703977 -0.703689 2.914743
v 0.481640 -0.833913 2.914763
v -0.860357 -0.496490 2.914745
v 0.368478 0.638420 2.914585
v 0.726104 -0.725816 2.914746
v -0.496714 0.860645 2.914573
v -0.703912 0.704200 2.914596
v -0.860357 0.497000 2.914623
v -0.198541 0.741343 2.914582
v 0.000032 0.737144 2.914580
v -0.368412 0.638420 2.914598
v -0.383583 0.664696 2.914595
v 0.704838 -0.322877 2.926079
v 0.697869 -0.302738 2.914694
v -0.711747 0.190976 2.914658
v 0.821595 0.474583 2.925980
v 0.916366 0.245785 2.926007
v -0.190688 0.712035 2.914586
v 0.000033 0.726002 2.963971
v 0.834201 0.481863 2.914596
v -0.419947 0.584507 2.963995
v 0.000032 0.781751 2.925957
v 0.000032 0.767486 2.914576
v 0.910048 -0.376684 2.914700
v 0.257167 0.959895 2.914548
v 0.383981 0.927189 2.941483
v -0.700992 0.188088 2.964048
v -0.636072 0.444506 2.926009
v 0.000033 0.993084 2.941482
v 0.000033 0.973476 2.914551
v -0.249266 0.930649 2.914560
v -0.754836 0.202520 2.926040
v -0.767197 0.000255 2.914682
v -0.741055 0.198829 2.914658
v -0.481575 0.834424 2.914576
v -0.505952 0.876640 2.941504
v -0.726040 0.726328 2.914593
v 0.930426 -0.249043 2.914684
v -0.834136 -0.481352 2.914742
v -0.916302 -0.245277 2.926098
v -0.930361 -0.249043 2.914716
v -0.693274 -0.693052 2.926148
v -0.703912 -0.703689 2.914767
v -0.977453 -0.261664 2.941651
v -0.876357 -0.505731 2.941679
v -0.726040 -0.725816 2.914770
v -0.505952 -0.876137 2.941718
v -0.496714 -0.860134 2.914783
v 0.675005 -0.279328 2.914692
v 0.701056 -0.187590 2.964070
v 0.664805 -0.275109 2.964081
v 0.249331 -0.930138 2.914779
v 0.834201 -0.481352 2.914714
v 0.257167 -0.959384 2.914782
v 0.506015 -0.876137 2.941701
v 0.707726 -0.278938 2.914691
v 0.860422 -0.496490 2.914715
v -0.257102 0.959895 2.914557
v 0.245563 0.916588 2.925936
v 0.249331 0.930649 2.914552
v 0.973254 0.000255 2.914653
v 0.959672 -0.256879 2.914684
v 0.916366 -0.245277 2.926067
v 0.000033 -0.972965 2.914788
v -0.245499 -0.916080 2.926168
v -0.249266 -0.930138 2.914787
v -0.257102 -0.959384 2.914791
v -0.973188 0.000256 2.914685
v -0.992800 0.000252 2.941619
v -0.959607 -0.256879 2.914717
v -0.930361 0.249554 2.914655
v -0.959607 0.257390 2.914654
v 0.376973 0.910270 2.914552
v -0.618211 0.444072 2.914626
v -0.608386 0.529943 2.914615
v -0.467434 0.644126 2.914599
v -0.467434 0.413180 2.914627
v -0.664193 0.523830 2.914617
v 0.377387 0.877608 2.914556
v 0.481640 0.834424 2.914560
v -0.571245 0.465612 2.914622
v -0.502191 0.474576 2.880965
v -0.571245 0.594274 2.914607
v -0.566113 0.585292 2.880953
v -0.470230 0.529934 2.880958
v -0.436888 0.585285 2.914605
v -0.387456 0.523414 2.964002
v -0.600771 0.644126 2.914601
v -0.404013 0.523830 2.914612
v -0.496962 0.465612 2.914621
v -0.499099 0.593705 2.914606
v -0.459820 0.529943 2.914613
v -0.601446 0.414405 2.914629
v -0.664408 0.383871 2.914634
v 0.190754 0.712035 2.914579
v 0.198607 0.741343 2.914576
v 0.450961 0.612644 2.914587
v 0.741121 0.198829 2.914633
v 0.638198 0.368700 2.914614
v 0.711813 0.190976 2.914634
v 0.767264 0.000256 2.914656
v 0.187871 0.701272 2.963970
v 0.269918 0.727114 2.925959
v 0.420012 0.584507 2.963981
v 0.436954 0.585285 2.914591
v 0.628553 0.363125 2.964004
v 0.736922 0.000256 2.914657
v 0.725786 0.000249 2.964047
v 0.618277 0.444072 2.914605
v 0.676830 0.391003 2.925993
v 0.754902 0.202520 2.926015
v 0.571311 0.465612 2.914603
v 0.598048 0.529925 2.880940
v 0.566087 0.474567 2.880947
v 0.279616 0.675227 2.914582
v 0.609322 0.659027 2.925961
v 0.467500 0.644126 2.914583
v 0.571311 0.594274 2.914587
v 0.495123 0.593337 2.914590
v 0.664259 0.523830 2.914594
v 0.467500 0.413180 2.914611
v 0.601097 0.398908 2.964000
v 0.404079 0.523830 2.914599
v 0.600837 0.644126 2.914581
v 0.502165 0.474567 2.880948
v 0.497028 0.465612 2.914604
v 0.459886 0.529943 2.914597
v 0.383649 0.664696 2.914582
v 0.664474 0.383871 2.914611
v 0.638198 -0.368189 2.914703
v 0.664474 -0.383360 2.914705
v -0.450895 -0.612133 2.914752
v -0.368412 -0.637909 2.914753
v -0.741055 -0.198319 2.914706
v -0.638132 -0.368189 2.914725
v -0.711747 -0.190466 2.914705
v -0.736856 0.000255 2.914682
v -0.190688 -0.711525 2.914759
v 0.000032 -0.725504 2.964147
v 0.754902 -0.202013 2.926064
v -0.419947 -0.584009 2.964137
v -0.198541 -0.740832 2.914763
v 0.000032 -0.781243 2.926147
v 0.000033 -0.766975 2.914763
v -0.700992 -0.187590 2.964094
v -0.636072 -0.443999 2.926117
v -0.676764 -0.390495 2.926111
v -0.781465 0.000254 2.926065
v -0.664193 -0.523319 2.914744
v -0.618211 -0.443561 2.914734
v -0.467434 -0.643615 2.914756
v -0.601446 -0.413894 2.914730
v -0.608386 -0.529432 2.914744
v -0.566335 -0.473599 2.881082
v -0.571245 -0.465101 2.914736
v -0.600771 -0.643615 2.914758
v -0.496962 -0.593763 2.914750
v -0.566335 -0.585257 2.881095
v -0.571245 -0.593763 2.914751
v -0.598568 -0.529427 2.881089
v -0.436888 -0.584774 2.914748
v -0.467434 -0.412669 2.914728
v -0.404013 -0.523319 2.914740
v -0.496962 -0.465101 2.914734
v -0.469637 -0.529428 2.881087
v -0.459820 -0.529432 2.914742
v -0.446245 -0.634427 2.926137
v -0.664408 -0.383360 2.914727
v 0.198607 -0.740832 2.914756
v 0.000034 -0.736633 2.914759
v 0.450961 -0.612133 2.914736
v 0.741121 -0.198319 2.914681
v 0.187871 -0.700775 2.964141
v 0.190755 -0.711524 2.914753
v 0.362909 -0.628272 2.964129
v 0.368478 -0.637909 2.914741
v 0.202300 -0.754614 2.926141
v 0.390782 -0.676542 2.926128
v 0.383649 -0.664185 2.914744
v 0.711813 -0.190466 2.914681
v 0.628553 -0.362628 2.964093
v 0.781531 0.000254 2.926039
v 0.664259 -0.523319 2.914722
v 0.636138 -0.443999 2.926095
v 0.566220 -0.473928 2.881063
v 0.608452 -0.529432 2.914724
v 0.571311 -0.465101 2.914716
v 0.600837 -0.643615 2.914738
v 0.618277 -0.443561 2.914713
v 0.502124 -0.473928 2.881064
v 0.467500 -0.643615 2.914740
v 0.571311 -0.593763 2.914732
v 0.470076 -0.529437 2.881071
v 0.566220 -0.584945 2.881076
v 0.420012 -0.584009 2.964123
v 0.436954 -0.584774 2.914733
v 0.467500 -0.412669 2.914712
v 0.459014 -0.398183 2.964100
v 0.680816 -0.522911 2.926104
v 0.404079 -0.523319 2.914726
v 0.459014 -0.658519 2.926125
v 0.497028 -0.593763 2.914733
v 0.459886 -0.529432 2.914726
v 0.446310 -0.634427 2.926122
v 0.329486 0.881826 2.925939
v 0.353586 0.887465 2.914555
v 0.303027 0.698091 2.914579
v 0.474361 0.821816 2.925944
v 0.887243 -0.353298 2.914697
v 0.821595 -0.474075 2.926096
v -0.323098 -0.704551 2.926143
v -0.376906 -0.909760 2.914787
v -0.353520 -0.886955 2.914783
v -0.377321 -0.877097 2.914783
v -0.302960 -0.697580 2.914760
v -0.279550 -0.674717 2.914756
v -0.275326 -0.664523 2.964145
v -0.383583 -0.664185 2.914757
v -0.269852 -0.726606 2.926145
v -0.481575 -0.833913 2.914779
v -0.261884 -0.977232 2.941726
v -0.877319 0.377609 2.914638
v -0.887177 0.353808 2.914641
v -0.674939 0.279838 2.914647
v -0.697802 0.303249 2.914644
v -0.638132 0.368700 2.914635
v -0.834136 0.481862 2.914625
v -0.926904 0.384200 2.941571
v -0.909982 0.377194 2.914639
v -0.628489 0.363125 2.964025
v -0.821530 0.474583 2.926008
v -0.446245 0.634934 2.925982
v 0.693339 0.693561 2.925956
v 0.680816 0.523419 2.925977
v 0.474361 -0.821308 2.926144
v -0.387456 -0.522916 2.964129
v 0.387520 -0.522916 2.964116
v -0.739542 0.739826 2.941525
v -0.748846 0.952583 2.914550
v 0.553829 -0.187061 2.996631
v -0.585961 0.186410 2.994846
v -0.585913 -0.186978 2.997590
v 0.323819 -0.187061 2.964060
v 0.323819 -0.187061 2.996877
v -0.585877 -0.186978 2.964060
v 0.323819 0.186385 2.964060
v 0.553780 0.186385 2.993887
v -0.323462 0.186410 2.994600
v -0.323462 0.186410 2.964060
v -0.688338 0.085144 2.995680
v 0.656183 0.084969 2.994549
v -0.688302 0.085453 2.964060
v -0.585926 0.186410 2.964060
v -0.688280 -0.085319 2.964060
v 0.656219 0.085278 2.964060
v -0.648409 0.047133 3.026157
v -0.542672 0.072128 3.025885
v -0.623360 -0.058492 3.026908
v -0.517623 -0.033498 3.026636
v -0.623333 -0.058260 2.996674
v -0.648382 0.047366 2.995922
v 0.502013 0.048322 2.994946
v 0.494606 -0.059966 2.995745
v 0.603017 -0.067393 2.995708
v 0.610397 0.040663 3.025144
v 0.602990 -0.067625 3.025942
v 0.670488 1.027050 2.914515
v 0.506015 0.876641 2.941487
v 0.739605 0.739826 2.941500
v 0.739605 -0.739321 2.941680
v 0.680364 -0.994937 2.914801
v -0.671813 -0.989600 2.914817
v -0.739542 -0.739322 2.941705
v 0.202300 0.755122 2.925957
v 0.881605 -0.329199 2.926077
v -0.202234 -0.754614 2.926147
v -0.329420 -0.881318 2.926165
v -0.881539 0.329707 2.926027
v -0.916302 0.245785 2.926038
v 0.323894 -0.186656 2.963970
v 0.000114 0.372706 3.025734
v -0.323427 0.186716 2.963970
v -0.566113 0.474576 2.880966
v -0.202234 0.755122 2.925963
v -0.245497 0.916588 2.925945
v -0.474297 0.821816 2.925960
v -0.693274 0.693560 2.925979
v -0.609257 0.659027 2.925982
v -0.680750 0.523419 2.926000
v -0.856292 0.390658 2.926019
v -0.704772 0.323385 2.926024
v 0.390437 0.856579 2.925941
v 0.390782 0.677050 2.925963
v 0.323164 0.705059 2.925961
v 0.446310 0.634934 2.925967
v 0.636138 0.444506 2.925987
v 0.693339 -0.693052 2.926125
v 0.609322 -0.658519 2.926122
v 0.245563 -0.916080 2.926160
v -0.821530 -0.474075 2.926124
v -0.474297 -0.821308 2.926160
v -0.390372 -0.856071 2.926163
v -0.390716 -0.676542 2.926141
v -0.754836 -0.202013 2.926090
v -0.187807 0.701272 2.963977
v 0.387520 0.523414 2.963989
v 0.362909 0.628769 2.963976
v 0.275390 0.665021 2.963973
v -0.601032 0.398907 2.964020
v -0.664740 0.275607 2.964037
v -0.725721 0.000249 2.964071
v -0.628489 -0.362628 2.964114
v -0.601032 -0.398410 2.964118
v 0.701056 0.188088 2.964024
v 0.601097 -0.398410 2.964097
v -0.362845 -0.628272 2.964142
v -0.187807 -0.700775 2.964148
v -1.020836 0.639107 2.914613
v -1.112188 0.000252 2.941621
v -0.977453 0.262168 2.941587
v -0.876357 0.506234 2.941556
v -0.605241 1.023100 2.914536
v -0.261883 0.977736 2.941488
v 0.656205 -0.085802 2.995797
v -0.688316 -0.085628 2.996929
v -0.323462 -0.186978 2.997344
v 1.001151 0.648983 2.914573
v 0.872338 0.850839 2.913936
v 0.000033 1.112472 2.941467
v 0.261948 0.977736 2.941479
v 0.876420 0.506235 2.941526
v 0.000033 -0.992580 2.941723
v 0.000032 -1.111969 2.941738
v 0.999176 -0.689951 2.914724
v 1.112254 0.000252 2.941584
v 0.977516 -0.261664 2.941618
v 0.926970 -0.383697 2.941633
v 0.992865 0.000252 2.941586
v 0.876420 -0.505731 2.941649
v -1.012936 -0.638597 2.914763
v -0.891064 -0.855283 2.914796
v -0.383916 -0.926685 2.941722
v 0.726893 -0.269631 2.926073
v -0.726828 0.270138 2.926031
v 0.170318 0.274321 -0.052154
v -0.213177 -0.123027 0.036021
v -0.213209 0.123143 0.036021
v 0.023582 0.358958 -0.051659
v 0.000185 0.373318 0.036021
v -0.323379 -0.186572 0.036021
v 0.323801 -0.187467 -0.055402
v 0.323894 -0.186656 0.036021
v 0.000265 -0.246140 0.036021
v -0.323517 0.158813 -0.053415
v 0.213644 0.123087 0.036021
v 0.213676 -0.123083 0.036021
v -0.323472 -0.187383 -0.055946
v 0.000282 -0.373258 0.036021
v 0.000108 0.245389 -0.052509
v 0.000201 0.246200 0.036021
v -0.109708 0.062853 -0.020487
v -0.109627 -0.063318 0.036021
v -0.109644 0.063407 0.036021
v 0.000153 0.126201 -0.019931
v 0.000217 0.126755 0.036021
v 0.110030 0.062824 -0.020302
v 0.110094 0.063378 0.036021
v 0.000250 -0.126695 0.036021
v 0.110110 -0.063347 0.036021
v -0.045464 0.048587 -0.020537
v -0.045451 -0.049622 -0.021255
v 0.110046 -0.063900 -0.021229
v -0.039957 -0.043492 0.011031
v 0.045789 0.048575 -0.020460
v 0.045802 -0.049634 -0.021178
v 0.323789 0.186139 -0.011382
v 0.323758 0.142524 -0.052989
v 0.930426 0.249554 0.085368
v 0.860422 0.497002 0.085397
v 0.496778 0.860645 0.085435
v 0.703977 -0.703689 0.085248
v -0.930361 -0.249043 0.085275
v -0.860357 -0.496490 0.085246
v 0.368478 0.638420 0.085405
v 0.860422 -0.496490 0.085276
v -0.703912 -0.703689 0.085224
v -0.257102 0.959895 0.085434
v -0.481575 0.834424 0.085415
v -0.496714 0.860645 0.085418
v -0.703912 0.704200 0.085395
v -0.726040 0.726328 0.085398
v -0.198541 0.741343 0.085408
v -0.368412 0.638420 0.085393
v -0.383583 0.664696 0.085396
v -0.436888 0.585285 0.085385
v 0.821595 0.474583 0.074011
v -0.190688 0.712035 0.085405
v 0.000033 0.726002 0.036020
v 0.703977 0.704200 0.085419
v 0.481640 0.834424 0.085431
v 0.876420 0.506235 0.058465
v 0.959672 0.257390 0.085369
v -0.419947 0.584507 0.035996
v 0.000032 0.781751 0.074034
v 0.726104 0.726328 0.085422
v -0.249266 0.930649 0.085431
v 0.506015 0.876641 0.058504
v 0.910048 -0.376684 0.085291
v 0.877386 -0.377098 0.085291
v 0.887243 -0.353298 0.085293
v 0.383981 0.927189 0.058508
v -0.736856 0.000255 0.085309
v -0.664408 0.383871 0.085357
v -0.618211 0.444072 0.085365
v 0.000033 0.993084 0.058509
v 0.000033 0.973476 0.085440
v 0.000033 0.948914 0.085437
v -0.767197 0.000255 0.085309
v -0.741055 0.198829 0.085333
v -0.693274 0.693560 0.074011
v -0.834136 0.481862 0.085366
v 0.959672 -0.256879 0.085306
v -0.876357 0.506234 0.058435
v -0.860357 0.497000 0.085367
v -0.916302 -0.245277 0.073893
v -0.977453 -0.261664 0.058340
v -0.959607 -0.256879 0.085274
v 0.704838 -0.322877 0.073912
v -0.726040 -0.725816 0.085221
v -0.876357 -0.505731 0.058312
v -0.496714 -0.860134 0.085208
v 0.249331 -0.930138 0.085212
v 0.257167 -0.959384 0.085209
v 0.496778 -0.860134 0.085225
v 0.711813 -0.190466 0.085310
v 0.741121 -0.198319 0.085310
v 0.726104 -0.725816 0.085245
v 0.876420 -0.505731 0.058341
v 0.249331 0.930649 0.085439
v 0.257167 0.959895 0.085443
v 0.973254 0.000255 0.085338
v 0.916366 -0.245277 0.073924
v 0.930426 -0.249043 0.085307
v -0.257102 -0.959384 0.085200
v 0.000033 -0.972965 0.085203
v 0.000033 -0.948404 0.085206
v -0.245499 -0.916080 0.073823
v -0.249266 -0.930138 0.085204
v -0.973188 0.000256 0.085305
v -0.959607 0.257390 0.085337
v -0.948626 0.000256 0.085306
v -0.930361 0.249554 0.085336
v -0.664193 0.523830 0.085374
v -0.608386 0.529943 0.085376
v -0.566113 0.474576 0.119025
v -0.571245 0.465612 0.085369
v -0.499099 0.593705 0.085384
v 0.376973 0.910270 0.085439
v -0.467434 0.644126 0.085392
v -0.600771 0.644126 0.085390
v -0.598074 0.529934 0.119031
v -0.566113 0.585292 0.119038
v -0.502191 0.474576 0.119026
v -0.470230 0.529934 0.119033
v -0.467434 0.413180 0.085364
v -0.601032 0.398907 0.035970
v -0.387456 0.523414 0.035989
v -0.680750 0.523419 0.073991
v -0.404013 0.523830 0.085379
v -0.496962 0.465612 0.085370
v -0.450895 0.612644 0.085389
v -0.459820 0.529943 0.085378
v -0.628489 0.363125 0.035966
v -0.638132 0.368700 0.085356
v 0.190754 0.712035 0.085411
v 0.000032 0.767486 0.085415
v 0.198607 0.741343 0.085415
v 0.741121 0.198829 0.085358
v 0.638198 0.368700 0.085377
v 0.767264 0.000256 0.085334
v 0.000032 0.737144 0.085411
v 0.269918 0.727114 0.074032
v 0.279226 0.707948 0.085412
v 0.303027 0.698091 0.085412
v 0.711813 0.190976 0.085357
v 0.736922 0.000256 0.085334
v 0.664474 0.383871 0.085379
v 0.754902 0.202520 0.073976
v 0.664259 0.523830 0.085397
v 0.618277 0.444072 0.085386
v 0.571311 0.465612 0.085388
v 0.608452 0.529943 0.085396
v 0.497028 0.465612 0.085387
v 0.467500 0.644126 0.085408
v 0.609322 0.659027 0.074030
v 0.600837 0.644126 0.085410
v 0.598048 0.529925 0.119051
v 0.566087 0.474567 0.119044
v 0.420012 0.584507 0.036010
v 0.467500 0.413180 0.085380
v 0.404079 0.523830 0.085392
v 0.446310 0.634934 0.074024
v 0.459014 0.659027 0.074027
v 0.436954 0.585285 0.085400
v 0.459886 0.529943 0.085394
v 0.383649 0.664696 0.085409
v 0.601512 0.414405 0.085382
v -0.190688 -0.711525 0.085232
v 0.000033 -0.766975 0.085228
v -0.198541 -0.740832 0.085228
v 0.638198 -0.368189 0.085287
v 0.697869 -0.302738 0.085296
v 0.664474 -0.383360 0.085286
v -0.741055 -0.198319 0.085285
v -0.664408 -0.383360 0.085263
v 0.000032 -0.725504 0.035843
v -0.368412 -0.637909 0.085237
v 0.000032 -0.781243 0.073844
v -0.700992 -0.187590 0.035897
v -0.638132 -0.368189 0.085266
v -0.711747 -0.190466 0.085286
v -0.618211 -0.443561 0.085257
v -0.608386 -0.529432 0.085247
v -0.496962 -0.593763 0.085241
v -0.467434 -0.643615 0.085235
v -0.601446 -0.413894 0.085261
v -0.664193 -0.523319 0.085247
v -0.571245 -0.465101 0.085255
v -0.566335 -0.585257 0.118896
v -0.501870 -0.585257 0.118897
v -0.598568 -0.529427 0.118902
v -0.467434 -0.412669 0.085263
v -0.387456 -0.522916 0.035861
v -0.404013 -0.523319 0.085251
v -0.600771 -0.643615 0.085233
v -0.496962 -0.465101 0.085256
v -0.469637 -0.529428 0.118904
v -0.501870 -0.473599 0.118910
v -0.446245 -0.634427 0.073854
v -0.459820 -0.529432 0.085249
v -0.436888 -0.584774 0.085243
v -0.383583 -0.664185 0.085234
v -0.601032 -0.398410 0.035873
v 0.000034 -0.736633 0.085232
v 0.368478 -0.637909 0.085250
v 0.383649 -0.664185 0.085247
v 0.190755 -0.711524 0.085238
v 0.362909 -0.628272 0.035861
v 0.436954 -0.584774 0.085258
v 0.198607 -0.740832 0.085235
v 0.390782 -0.676542 0.073863
v 0.725786 0.000249 0.035944
v 0.628553 -0.362628 0.035898
v 0.754902 -0.202013 0.073927
v 0.664259 -0.523319 0.085269
v 0.571311 -0.465101 0.085274
v 0.601512 -0.413894 0.085281
v 0.618277 -0.443561 0.085278
v 0.502124 -0.473928 0.118927
v 0.497028 -0.465101 0.085273
v 0.608452 -0.529432 0.085267
v 0.566220 -0.584945 0.118915
v 0.420012 -0.584009 0.035868
v 0.467500 -0.412669 0.085279
v 0.680816 -0.522911 0.073887
v 0.600837 -0.643615 0.085253
v 0.404079 -0.523319 0.085265
v 0.470076 -0.529437 0.118920
v 0.467500 -0.643615 0.085251
v 0.446310 -0.634427 0.073869
v 0.450961 -0.612133 0.085254
v 0.497028 -0.593763 0.085258
v 0.459886 -0.529432 0.085265
v 0.323164 0.705059 0.074030
v 0.279616 0.675227 0.085408
v 0.353586 0.887465 0.085436
v 0.390437 0.856579 0.074050
v 0.377387 0.877608 0.085435
v 0.675005 -0.279328 0.085299
v 0.707726 -0.278938 0.085299
v -0.302960 -0.697580 0.085231
v -0.353520 -0.886955 0.085208
v -0.323098 -0.704551 0.073848
v -0.187807 -0.700775 0.035843
v -0.279160 -0.707438 0.085231
v -0.383916 -0.926685 0.058269
v -0.376906 -0.909760 0.085204
v -0.279550 -0.674717 0.085235
v -0.269852 -0.726606 0.073846
v -0.377321 -0.877097 0.085208
v -0.697802 0.303249 0.085347
v -0.887177 0.353808 0.085350
v -0.881539 0.329707 0.073964
v -0.674939 0.279838 0.085344
v -0.711747 0.190976 0.085333
v -0.707660 0.279448 0.085344
v -0.926904 0.384200 0.058419
v -0.909982 0.377194 0.085352
v -0.726828 0.270138 0.073959
v -0.877319 0.377609 0.085353
v -0.458949 0.659027 0.074011
v -0.390716 0.677050 0.074015
v -0.446245 0.634934 0.074009
v 0.693339 0.693561 0.074035
v 0.680816 0.523419 0.074014
v 0.474361 -0.821308 0.073847
v -0.693274 -0.693052 0.073843
v 0.459014 -0.398183 0.035891
v 0.387520 -0.522916 0.035874
v -0.748846 0.952583 0.085441
v -0.505952 0.876640 0.058486
v -0.585961 0.186410 0.005145
v 0.323819 -0.187061 0.035931
v 0.553829 -0.187061 0.003359
v -0.323462 -0.186978 0.002646
v -0.323462 -0.186978 0.035931
v 0.553780 0.186385 0.006104
v 0.323819 0.186385 0.035931
v 0.553864 -0.187061 0.035931
v -0.323462 0.186410 0.005391
v -0.585926 0.186410 0.035931
v -0.323462 0.186410 0.035931
v -0.688338 0.085144 0.004311
v -0.688302 0.085453 0.035931
v 0.656241 -0.085493 0.035931
v 0.656183 0.084969 0.005442
v 0.656219 0.085278 0.035931
v -0.585877 -0.186978 0.035931
v -0.688280 -0.085319 0.035931
v 0.553816 0.186385 0.035931
v -0.623360 -0.058492 -0.026917
v -0.623333 -0.058260 0.003317
v -0.517596 -0.033265 0.003589
v -0.542672 0.072128 -0.025894
v -0.542646 0.072360 0.004340
v -0.648409 0.047133 -0.026166
v -0.648382 0.047366 0.004068
v 0.610424 0.040896 0.005081
v 0.494606 -0.059966 0.004246
v 0.603017 -0.067393 0.004283
v 0.610397 0.040663 -0.025153
v 0.502013 0.048322 0.005044
v 0.670488 1.027050 0.085476
v 0.739605 -0.739321 0.058311
v 0.680364 -0.994937 0.085190
v 0.506015 -0.876137 0.058290
v -0.671813 -0.989600 0.085173
v -0.739542 -0.739322 0.058285
v -0.505952 -0.876137 0.058273
v 0.245563 0.916588 0.074055
v 0.202300 0.755122 0.074034
v 0.881605 -0.329199 0.073914
v -0.202234 -0.754614 0.073843
v -0.329420 -0.881318 0.073826
v -0.754836 0.202520 0.073951
v -0.916302 0.245785 0.073953
v 0.323846 0.186632 0.036021
v -0.323427 0.186716 0.036021
v 0.566087 0.585284 0.119057
v 0.500525 0.584478 0.119055
v 0.598268 -0.529437 0.118922
v 0.566220 -0.473928 0.118928
v -0.202234 0.755122 0.074027
v -0.245497 0.916588 0.074046
v -0.474297 0.821816 0.074031
v -0.704772 0.323385 0.073966
v -0.636072 0.444506 0.073982
v 0.916366 0.245785 0.073984
v 0.676830 0.391003 0.073998
v 0.474361 0.821816 0.074047
v 0.390782 0.677050 0.074028
v 0.781531 0.000254 0.073952
v 0.636138 0.444506 0.074004
v 0.821595 -0.474075 0.073895
v 0.676830 -0.390495 0.073903
v 0.636138 -0.443999 0.073895
v 0.693339 -0.693052 0.073866
v 0.000033 -0.931869 0.073826
v 0.202300 -0.754614 0.073850
v 0.245563 -0.916080 0.073831
v -0.754836 -0.202013 0.073901
v -0.781465 0.000254 0.073926
v -0.636072 -0.443999 0.073874
v -0.187807 0.701272 0.036014
v -0.362845 0.628770 0.036002
v 0.187871 0.701272 0.036020
v 0.387520 0.523414 0.036002
v 0.362909 0.628769 0.036015
v -0.458949 0.398681 0.035973
v -0.700992 0.188088 0.035943
v -0.725721 0.000249 0.035920
v 0.628553 0.363125 0.035987
v 0.601097 0.398908 0.035991
v 0.701056 0.188088 0.035967
v 0.701056 -0.187590 0.035921
v 0.601097 -0.398410 0.035893
v -0.362845 -0.628272 0.035849
v -0.419947 -0.584009 0.035854
v -0.275326 -0.664523 0.035846
v 0.187871 -0.700775 0.035850
v -1.020836 0.639107 0.085378
v 0.000033 1.112472 0.058524
v -0.261883 0.977736 0.058503
v -0.605241 1.023100 0.085455
v 0.656205 -0.085802 0.004193
v -0.688316 -0.085628 0.003062
v 0.992865 0.000252 0.058405
v 0.977516 0.262168 0.058437
v 1.001151 0.648983 0.085418
v 0.872338 0.850839 0.086055
v 0.261948 0.977736 0.058512
v 0.999176 -0.689951 0.085267
v 0.977516 -0.261664 0.058373
v 1.112254 0.000252 0.058407
v 0.926970 -0.383697 0.058357
v -0.992800 0.000252 0.058372
v -1.112188 0.000252 0.058370
v -1.012936 -0.638597 0.085227
v -0.891064 -0.855283 0.085195
v -0.261884 -0.977232 0.058265
v 0.000032 -1.111969 0.058253
v 0.000033 -0.992580 0.058268
v 0.329486 0.881826 0.074052
v 0.726893 -0.269631 0.073918
v 0.727323 1.191902 1.682888
v 0.727323 1.191902 1.315788
v 0.640355 1.211135 1.682888
v 1.192065 0.739972 1.682888
v 1.192065 0.739972 1.315788
v 0.787870 1.156335 1.309820
v 0.687460 1.130427 1.315788
v 0.468633 1.239027 1.315788
v 0.605003 1.148662 1.315788
v 0.442189 1.175108 1.315788
v 1.251619 0.374292 1.682888
v 1.127722 0.701944 1.682839
v 1.184187 0.355233 1.682839
v 0.640355 1.211135 1.315788
v 0.687088 1.130431 1.682839
v 0.604631 1.148666 1.682839
v 1.251619 0.374292 1.315788
v 1.128094 0.701941 1.315788
v 0.839184 1.126191 1.604126
v 0.748550 1.094326 1.676390
v 1.144259 0.813922 1.315788
v 1.080509 0.775549 1.315788
v -0.871107 1.114733 1.555241
v -0.730226 1.208692 1.682888
v -0.374572 1.258051 1.682888
v -0.694854 1.131144 1.682839
v -0.357648 1.189309 1.682839
v -0.373759 1.257461 1.315788
v -0.691427 1.116019 1.315788
v -0.818478 1.150152 1.682888
v -1.112070 0.774388 1.315788
v -1.162823 0.629993 1.315788
v -0.727004 1.206356 1.315788
v -1.232629 0.665523 1.315787
v -1.250187 0.468344 1.315787
v -1.181381 0.443377 1.315788
v -1.163196 0.629998 1.682839
v -1.232629 0.665523 1.682889
v -1.117141 0.761024 1.682839
v -0.764145 1.091683 1.315788
v 0.764465 1.132506 1.677105
v 0.816617 1.095906 1.601326
v -1.123505 0.866232 1.598439
v -1.090668 0.847764 1.388968
v 1.111721 0.864255 1.392236
v 1.117178 0.797621 1.315788
v 1.081825 0.841014 1.395134
v -0.805645 1.117869 1.682859
v -1.122757 0.779179 1.315788
v 0.817486 1.095395 1.375177
v 0.840077 1.125666 1.371728
v -0.777716 1.131233 1.315788
v -0.840108 1.089588 1.410518
v 1.114452 0.860031 1.613299
v 1.118488 0.790039 1.682866
v 1.147775 0.808483 1.682888
v 0.775808 1.127738 1.309195
v -1.133075 0.765855 1.682853
v -0.727324 -1.191902 1.315788
v -1.114452 -0.860031 1.613299
v -1.192065 -0.739972 1.682888
v -1.192065 -0.739972 1.315788
v -1.251619 -0.374291 1.315788
v -0.687460 -1.130427 1.315788
v -0.468633 -1.239027 1.315788
v -0.605003 -1.148662 1.315788
v -0.442189 -1.175107 1.315788
v -1.251619 -0.374291 1.682888
v -1.127723 -0.701944 1.682839
v -1.184187 -0.355232 1.682839
v -0.640355 -1.211134 1.315788
v -0.640355 -1.211134 1.682888
v -0.687089 -1.130431 1.682839
v -0.727324 -1.191902 1.682888
v -0.604631 -1.148666 1.682839
v -1.147776 -0.808483 1.682888
v -1.128094 -0.701940 1.315788
v -0.840077 -1.125666 1.371728
v -0.748550 -1.094326 1.676390
v -1.080509 -0.775549 1.315788
v 0.871107 -1.114733 1.555241
v 0.694853 -1.131145 1.682839
v 0.357648 -1.189309 1.682839
v 0.691426 -1.116020 1.315788
v 0.818478 -1.150153 1.682888
v 0.730226 -1.208692 1.682888
v 1.232629 -0.665523 1.315787
v 1.112069 -0.774388 1.315788
v 1.162823 -0.629994 1.315788
v 0.727003 -1.206356 1.315788
v 0.374572 -1.258051 1.682888
v 0.373758 -1.257461 1.315788
v 1.250187 -0.468345 1.682888
v 1.250187 -0.468345 1.315787
v 1.181380 -0.443377 1.315788
v 1.163196 -0.629998 1.682839
v 1.232629 -0.665523 1.682889
v 1.117140 -0.761024 1.682839
v 0.764144 -1.091683 1.315788
v -0.839185 -1.126190 1.604126
v -0.764466 -1.132505 1.677105
v 1.123505 -0.866232 1.598439
v 1.090668 -0.847764 1.388968
v 1.120808 -0.871192 1.385900
v 0.847682 -1.084757 1.553756
v -1.117179 -0.797620 1.315788
v 0.805645 -1.117869 1.682859
v 1.122757 -0.779179 1.315788
v -0.817486 -1.095395 1.375177
v 0.777716 -1.131234 1.315788
v 0.840107 -1.089588 1.410518
v -1.118488 -0.790039 1.682866
v -0.775808 -1.127738 1.309195
v -0.787870 -1.156334 1.309820
v 1.133075 -0.765855 1.682853
v 1.093292 -0.842938 1.595791
v 0.910200 0.743728 2.981742
v 1.264667 -0.257823 2.600661
v 1.272088 -0.299527 2.931084
v 0.667752 1.223171 2.898766
v 0.610556 1.088052 2.523237
v 0.710694 1.213634 2.915826
v -0.729782 1.195093 2.614501
v -0.679857 0.966579 2.904047
v -0.864007 1.068047 2.964622
v 0.697354 1.068733 2.522741
v 0.585143 0.984834 2.981612
v 1.033197 -0.309839 2.976216
v 1.043526 -0.230987 2.983608
v 1.264898 -0.270513 2.917912
v 1.280405 -0.244988 2.934139
v 1.256439 -0.311694 2.600548
v 1.249187 -0.282953 2.617939
v -0.599159 0.984939 2.987723
v -0.701560 1.070143 2.529963
v -0.694678 1.207878 2.878101
v -0.725453 1.212911 2.893268
v -0.680526 0.966903 2.988098
v 0.768578 1.151529 2.827299
v 0.781675 1.192989 2.827299
v 0.776927 1.212569 2.827299
v 0.620533 1.262948 2.827299
v 0.597258 1.213767 2.701253
v 0.620533 1.262949 2.701253
v 0.776927 1.212569 2.701253
v 0.634086 1.298674 2.796119
v 0.582700 1.271746 2.732433
v 0.815375 1.191164 2.796119
v -0.783753 1.163174 2.673487
v -0.783753 1.163174 2.801498
v -0.830341 1.200631 2.704667
v -0.805603 1.253107 2.770318
v -0.796630 1.199018 2.673487
v -0.782906 1.228129 2.673487
v -0.794860 1.216439 2.673487
v -0.639737 1.270607 2.673487
v -0.664304 1.271783 2.801498
v -0.794860 1.216438 2.801498
v 0.836939 0.086944 2.944684
v 0.832834 0.086322 2.904047
v -0.086322 0.832833 2.904047
v 0.634149 0.996803 2.904047
v 0.597258 1.213767 2.827299
v 0.768578 1.151529 2.701253
v 1.250607 -0.374786 2.712797
v 1.271296 -0.193689 2.712797
v 1.271296 -0.193690 2.860155
v 1.337087 -0.388129 2.828975
v 1.324299 -0.166047 2.743977
v 1.362440 -0.209762 2.828975
v 1.311915 -0.368712 2.712797
v 1.322850 -0.346681 2.860155
v 1.293977 -0.377882 2.860155
v -0.066529 1.327119 2.496880
v 0.097681 1.207462 2.390421
v 1.197294 -0.015646 2.538640
v 1.323886 -0.015646 2.548813
v -0.118879 0.974930 2.998304
v 0.120054 0.976017 2.998370
v -0.036400 1.012185 2.983015
v 0.980395 0.117914 3.001747
v 0.981496 -0.121009 2.999574
v 0.944491 0.035651 2.983015
v 1.017134 0.035984 2.983015
v -1.228664 0.305402 2.956791
v -1.043743 -0.233172 2.986004
v -0.230987 -1.043526 2.983608
v -0.910200 -0.743728 2.981741
v 0.904510 -1.133058 2.897159
v -0.610556 -1.088052 2.523236
v 1.065919 -0.864749 2.965159
v -0.693533 -1.158451 2.963167
v -0.710694 -1.213634 2.915826
v -0.585143 -0.984835 2.981612
v -0.671961 -0.965514 2.981116
v -1.033197 0.309839 2.976216
v -1.249187 0.282953 2.617939
v -1.226443 0.277703 2.938640
v 0.680525 -0.966904 2.988098
v 0.694678 -1.207879 2.878100
v -0.768578 -1.151530 2.827299
v -0.620533 -1.262949 2.827299
v -0.597258 -1.213767 2.701253
v -0.608612 -1.250123 2.701253
v -0.776928 -1.212569 2.701253
v 0.805602 -1.253108 2.704666
v 0.609573 -1.216889 2.673486
v 0.783753 -1.163174 2.801498
v 0.632051 -1.301456 2.770317
v 0.830340 -1.200632 2.704666
v 0.783753 -1.163174 2.673486
v 0.609573 -1.216889 2.801498
v 0.664304 -1.271783 2.801498
v 0.639737 -1.270608 2.801498
v 0.086944 -0.836939 2.944684
v -0.832754 0.083689 2.904047
v -0.832834 -0.086322 2.904047
v 0.086322 -0.832834 2.904046
v -0.634150 -0.996803 2.904046
v -0.815375 -1.191164 2.796119
v -0.634087 -1.298674 2.732433
v -1.300039 0.411083 2.828975
v -1.250607 0.374786 2.712797
v -1.271296 0.193690 2.712797
v -1.271296 0.193690 2.860155
v -1.337087 0.388129 2.828975
v -1.362439 0.209762 2.828975
v -1.309295 0.196278 2.712797
v -1.324542 0.204889 2.712797
v -1.311915 0.368712 2.712797
v -1.250607 0.374786 2.860155
v -1.322850 0.346681 2.860155
v -1.311915 0.368712 2.860155
v -1.324542 0.204889 2.860155
v -0.015577 -1.194167 2.532008
v -0.097682 -1.335982 2.402488
v -1.212483 0.015646 2.349635
v -1.327683 0.097752 2.501562
v -1.327683 -0.066459 2.501562
v -1.208686 0.097752 2.396887
v -1.208686 -0.066459 2.396887
v 0.118879 -0.974931 2.998303
v -0.120055 -0.976018 2.998370
v 0.036068 -0.939546 2.983014
v 0.036399 -1.012185 2.983014
v -0.877760 0.061752 2.999802
v -0.944491 -0.035651 2.983015
v -0.910200 -0.743728 0.018259
v -1.073127 -0.902764 0.389702
v -0.634150 -0.996803 0.095954
v 0.086322 -0.832834 0.095954
v -0.832834 -0.086322 0.095953
v -0.836939 -0.086945 0.055316
v 0.086944 -0.836939 0.055316
v 0.599159 -0.984940 0.012277
v 0.680735 -1.160181 0.052448
v 0.706850 -1.161062 0.029773
v 0.701560 -1.070144 0.470038
v -1.280405 0.244988 0.065861
v -1.264898 0.270513 0.082088
v -1.249187 0.282953 0.382061
v -0.710694 -1.213634 0.084174
v -0.668912 -1.155931 0.061153
v -0.693533 -1.158451 0.036833
v -1.140431 0.292187 0.482854
v -0.905072 -1.095733 0.388752
v -0.610556 -1.088052 0.476764
v -1.145069 -0.243627 0.476936
v 1.103561 -0.883440 0.388076
v -1.041630 -0.873582 0.038589
v -0.083689 -0.832754 0.095954
v 0.768578 1.151529 0.172701
v 0.637119 1.265061 0.172701
v 0.620533 1.262948 0.172701
v 0.597258 1.213767 0.298747
v 0.758043 1.228327 0.298747
v 0.776927 1.212569 0.298747
v 0.582700 1.271746 0.267567
v -0.823063 1.229734 0.295333
v -0.783753 1.163174 0.198502
v -0.596161 1.276730 0.229682
v -0.830341 1.200631 0.295333
v -0.783753 1.163174 0.326513
v -0.609573 1.216888 0.326513
v -0.639737 1.270607 0.326513
v -0.609573 1.216888 0.198502
v -0.796630 1.199018 0.198502
v -0.230987 -1.043526 0.016392
v -0.977341 0.646145 0.011167
v 0.917415 -0.737647 0.011249
v -1.228664 0.305402 0.043209
v -1.033197 0.309839 0.023784
v 0.597258 1.213767 0.172701
v 0.768578 1.151529 0.298747
v 1.348037 -0.184390 0.256023
v 1.250607 -0.374786 0.287203
v 1.324299 -0.166047 0.256023
v 1.271296 -0.193689 0.287203
v 1.250607 -0.374786 0.139845
v 1.271296 -0.193690 0.139845
v 1.309295 -0.196278 0.139845
v 1.330454 -0.220529 0.139845
v 1.324542 -0.204889 0.139845
v 0.015576 1.340414 0.644707
v -0.066529 1.327119 0.503120
v 0.097681 1.327119 0.503120
v -0.066529 1.335982 0.597511
v 0.097681 1.335982 0.597511
v 0.015576 1.322688 0.455924
v 1.339075 -0.015646 0.640191
v 1.335278 0.066459 0.592940
v 1.335278 -0.097751 0.592940
v 0.120054 0.976017 0.001630
v 0.059850 1.079200 0.000401
v 0.043554 0.932900 0.002166
v 0.981496 -0.121009 0.000426
v 0.868030 -0.066198 0.050972
v 0.944491 0.035651 0.016985
v 1.023913 -0.044121 -0.000401
v 1.017134 0.035984 0.016985
v 0.892416 1.143923 0.087135
v 0.634149 0.996803 0.095953
v 0.671960 0.965514 0.018884
v -0.086945 0.836939 0.055315
v -0.599159 0.984939 0.012277
v -0.701560 1.070143 0.470037
v -0.686712 1.193046 0.364974
v -0.642868 0.992324 0.095953
v 1.264667 -0.257823 0.399339
v 1.226443 -0.277703 0.061360
v 1.140431 -0.292187 0.482854
v 0.693533 1.158451 0.036832
v 0.677786 1.188296 0.371050
v 1.240171 -0.242882 0.043246
v -0.806666 0.998815 0.471372
v 0.887468 1.137668 0.388752
v 0.610556 1.088052 0.476763
v 1.145069 0.243627 0.476936
v -0.898338 1.114539 0.102841
v 0.083688 0.832754 0.095953
v -0.637119 -1.265061 0.172701
v -0.620533 -1.262949 0.172701
v -0.597258 -1.213767 0.298747
v -0.758044 -1.228328 0.298747
v -0.781675 -1.192989 0.298747
v -0.582700 -1.271746 0.267567
v -0.815375 -1.191164 0.203881
v 0.823063 -1.229735 0.295334
v 0.823063 -1.229735 0.229682
v 0.580518 -1.229199 0.229682
v 0.609573 -1.216889 0.326514
v 0.830340 -1.200632 0.295334
v 0.639737 -1.270607 0.326514
v 0.609573 -1.216889 0.198502
v 0.783753 -1.163174 0.198502
v 0.782906 -1.228130 0.198502
v -0.657886 1.173126 0.029995
v 1.033197 -0.309839 0.023784
v -0.606061 -1.290567 0.203881
v -0.768578 -1.151530 0.172701
v -0.597258 -1.213768 0.172701
v -0.768578 -1.151530 0.298747
v -0.801667 -1.232535 0.267567
v -1.337087 0.388129 0.171025
v -1.300039 0.411083 0.256023
v -1.362439 0.209762 0.171025
v -1.324299 0.166047 0.256023
v -1.271296 0.193690 0.287203
v -1.250607 0.374786 0.287203
v -1.322850 0.346681 0.287203
v -1.250607 0.374786 0.139845
v -1.271296 0.193690 0.139845
v -1.330454 0.220529 0.139845
v -0.097682 -1.335982 0.597512
v 0.066528 -1.335983 0.597512
v -0.015577 -1.322688 0.455924
v -1.327683 -0.066459 0.498438
v -1.323886 0.015646 0.451187
v -1.335278 -0.066459 0.592940
v 0.065855 -1.089398 0.022946
v 0.118879 -0.974931 0.001697
v -0.867427 -0.064666 0.050972
v -0.868030 0.066198 0.050972
v -1.084681 0.060804 -0.000432
v -1.136634 0.714386 2.579312
v -1.106766 0.707363 0.420679
v -0.676267 1.088976 2.579312
v -0.247549 1.158976 0.420679
v 0.284686 1.158193 0.420679
v 0.707441 1.108128 0.420679
v -0.274801 1.250713 1.979618
v -0.848126 1.050875 2.579218
v 1.159054 0.247269 0.420679
v 1.158271 -0.284965 0.420679
v 1.250642 0.274731 1.979618
v -0.966663 0.941679 0.420711
v 1.136494 -0.714386 2.579312
v 1.106626 -0.707363 0.420679
v -0.245394 -1.211510 2.579312
v 0.247409 -1.158976 0.420679
v -0.284826 -1.158193 0.420679
v -0.707581 -1.108129 0.420679
v 0.274661 -1.250713 1.979618
v 0.847986 -1.050875 2.579218
v -1.211728 0.245533 2.579312
v -1.159194 -0.247270 0.420679
v -1.158411 0.284964 0.420679
v 0.966523 -0.941679 0.420711
v 1.291562 0.281464 1.693222
v 1.279071 0.274344 1.085306
v 1.310784 -0.439790 1.702725
v 1.301013 -0.409883 1.125185
v 1.267319 -0.423578 1.234711
v 1.209992 0.239193 1.048666
v 1.197384 -0.466000 1.241030
v 1.220855 -0.390904 1.902735
v 1.281033 -0.406423 1.902737
v 1.257912 -0.479879 1.241030
v 1.383939 -0.002734 1.827418
v 1.360401 -0.281055 1.336284
v 1.278465 0.279116 1.336284
v 1.278465 -0.002734 1.827418
v 1.430511 -0.002734 1.401064
v 1.430511 0.082427 1.549461
v 1.430511 -0.002734 1.598927
v 1.308980 -0.087896 1.549461
v 1.308980 0.082427 1.450530
v 1.317306 -0.433653 1.235618
v 1.311650 0.331188 1.134620
v 1.294450 0.255698 1.835996
v 1.305727 0.197154 1.765369
v -0.213209 0.123143 2.963970
v 0.213583 -0.123894 3.055021
v 0.000201 0.246200 2.963970
v -0.109708 0.062853 3.020478
v 0.110094 0.063378 2.963970
v 0.000217 0.126755 2.963970
v 0.110110 -0.063347 2.963970
v -0.039968 0.042951 2.988328
v 0.040352 0.042941 2.988260
v 0.040364 -0.043502 2.988892
v -0.323498 0.186104 3.027371
v 0.856358 -0.390151 2.926085
v -0.362845 0.628770 2.963989
v 0.977516 0.262168 2.941554
v -0.390716 0.677050 2.925976
v 0.000033 0.948914 2.914554
v -0.676764 0.391003 2.926016
v 0.000033 0.932377 2.925938
v 0.676830 -0.390495 2.926088
v 0.261948 -0.977232 2.941717
v 0.948692 0.000255 2.914653
v 0.932156 0.000254 2.926036
v 0.000033 -0.948404 2.914785
v 0.000033 -0.931869 2.926165
v -0.948626 0.000256 2.914685
v -0.932090 0.000254 2.926067
v -0.458949 0.659027 2.925979
v -0.598074 0.529934 2.880960
v -0.458949 0.398681 2.964018
v -0.450895 0.612644 2.914602
v -0.504031 0.584803 2.880952
v 0.608452 0.529943 2.914594
v 0.566087 0.585284 2.880934
v 0.500525 0.584478 2.880936
v 0.459013 0.398681 2.964003
v 0.470203 0.529926 2.880942
v 0.459014 0.659027 2.925964
v 0.601512 0.414405 2.914609
v -0.680750 -0.522911 2.926127
v -0.501870 -0.473599 2.881081
v -0.501870 -0.585257 2.881094
v -0.458949 -0.398183 2.964115
v -0.609257 -0.658519 2.926143
v -0.458948 -0.658519 2.926140
v 0.598268 -0.529437 2.881069
v 0.497028 -0.465101 2.914718
v 0.601512 -0.413894 2.914710
v 0.502231 -0.585293 2.881076
v 0.279226 0.707948 2.914578
v 0.877386 -0.377098 2.914700
v -0.279160 -0.707438 2.914760
v -0.707660 0.279448 2.914647
v 0.553864 -0.187061 2.964060
v -0.323462 -0.186978 2.964060
v 0.323819 0.186385 2.994132
v 0.656241 -0.085493 2.964060
v 0.553816 0.186385 2.964060
v -0.517596 -0.033265 2.996402
v -0.542646 0.072360 2.995651
v 0.501986 0.048090 3.025181
v 0.610424 0.040896 2.994910
v 0.494580 -0.060199 3.025979
v 0.000172 -0.246951 -0.056109
v -0.213271 -0.123838 -0.055389
v 0.000189 -0.374069 -0.057039
v 0.213583 -0.123894 -0.055030
v 0.213551 0.122276 -0.053230
v -0.213303 0.122332 -0.053589
v -0.109691 -0.063872 -0.021414
v 0.000186 -0.127248 -0.021784
v -0.039968 0.042951 0.011663
v 0.040364 -0.043502 0.011099
v 0.040352 0.042941 0.011731
v 0.000114 0.372706 -0.025743
v -0.323498 0.186104 -0.027380
v 0.834201 0.481863 0.085394
v 0.481640 -0.833913 0.085228
v -0.834136 -0.481352 0.085249
v 0.275390 0.665021 0.036018
v 0.834201 -0.481352 0.085277
v -0.481575 -0.833913 0.085212
v 0.856358 -0.390151 0.073906
v 0.739605 0.739826 0.058491
v -0.676764 0.391003 0.073975
v 0.000033 0.932377 0.074052
v -0.821530 0.474583 0.073983
v -0.739542 0.739826 0.058466
v -0.821530 -0.474075 0.073867
v -0.474297 -0.821308 0.073831
v 0.664805 -0.275109 0.035910
v 0.261948 -0.977232 0.058273
v 0.948692 0.000255 0.085338
v 0.932156 0.000254 0.073955
v -0.977453 0.262168 0.058404
v -0.932090 0.000254 0.073923
v -0.571245 0.594274 0.085384
v -0.504031 0.584803 0.119038
v -0.609257 0.659027 0.074009
v -0.601446 0.414405 0.085362
v 0.502165 0.474567 0.119043
v 0.571311 0.594274 0.085404
v 0.459013 0.398681 0.035988
v 0.470203 0.529926 0.119049
v 0.450961 0.612644 0.085404
v 0.495123 0.593337 0.085401
v -0.628489 -0.362628 0.035877
v -0.676764 -0.390495 0.073880
v -0.680750 -0.522911 0.073864
v -0.566335 -0.473599 0.118909
v -0.571245 -0.593763 0.085240
v -0.458948 -0.658519 0.073851
v -0.458949 -0.398183 0.035875
v -0.609257 -0.658519 0.073848
v -0.450895 -0.612133 0.085239
v -0.390716 -0.676542 0.073850
v 0.571311 -0.593763 0.085259
v 0.609322 -0.658519 0.073869
v 0.459014 -0.658519 0.073866
v 0.502231 -0.585293 0.118915
v -0.390372 -0.856071 0.073828
v -0.856292 0.390658 0.073972
v -0.664740 0.275607 0.035954
v 0.323819 -0.187061 0.003114
v -0.585913 -0.186978 0.002401
v 0.323819 0.186385 0.005859
v -0.517623 -0.033498 -0.026645
v 0.501986 0.048090 -0.025190
v 0.602990 -0.067625 -0.025951
v 0.494580 -0.060199 -0.025988
v 0.468633 1.239027 1.682888
v 0.759177 1.088298 1.308332
v 0.441817 1.175111 1.682839
v 1.084577 0.768685 1.682839
v 1.184558 0.355229 1.315788
v -0.356505 1.185487 1.315788
v -0.797519 1.097422 1.682839
v -1.250187 0.468344 1.682888
v -1.181373 0.443377 1.682839
v -1.161411 0.796512 1.315787
v 0.777048 1.162692 1.677671
v -1.093292 0.842938 1.595791
v -0.863324 1.119698 1.408045
v -0.847682 1.084756 1.553756
v -1.120808 0.871191 1.385900
v -0.789801 1.166442 1.315788
v 1.084482 0.836904 1.610252
v -1.171710 0.777570 1.682888
v -0.468633 -1.239027 1.682888
v -1.111721 -0.864255 1.392236
v -0.759177 -1.088298 1.308332
v -0.441817 -1.175111 1.682839
v -1.084577 -0.768685 1.682839
v -1.184558 -0.355228 1.315788
v -0.777049 -1.162691 1.677671
v 0.863323 -1.119699 1.408045
v 0.356505 -1.185487 1.315788
v 0.797519 -1.097422 1.682839
v 1.181373 -0.443377 1.682839
v 1.161411 -0.796512 1.315787
v -1.144259 -0.813922 1.315788
v -0.816618 -1.095905 1.601326
v 0.789800 -1.166442 1.315788
v -1.084483 -0.836903 1.610252
v 1.171709 -0.777571 1.682888
v -1.081825 -0.841014 1.395134
v 0.262156 -1.330684 1.836429
v 0.358778 -1.314146 1.779135
v 0.352320 -1.277913 1.778703
v 0.287922 -1.327795 1.693654
v 0.353162 -1.276847 1.164658
v 0.275089 -1.294922 1.242710
v 0.196272 -1.297146 1.163357
v 0.274439 -1.329123 1.234139
v 0.200707 -1.331203 1.159906
v 0.278779 -1.313128 1.081855
v -0.405284 -1.274944 1.811605
v -0.333611 -1.334812 1.676984
v -0.414693 -1.316508 1.811589
v -0.299104 -1.298972 1.785864
v -0.308514 -1.340536 1.785848
v -0.430381 -1.269220 1.702741
v -0.324201 -1.293247 1.677000
v -0.326818 -1.340539 1.141869
v -0.315628 -1.288713 1.254790
v -0.306403 -1.344585 1.145666
v -0.296328 -1.294598 1.144759
v -0.404278 -1.273205 1.124680
v 0.366192 -1.195857 1.857707
v 0.366192 -1.195857 1.459293
v 0.385914 -1.272167 1.798137
v 0.159803 -1.243999 1.048666
v 0.152802 -1.311930 1.048665
v 0.251381 -1.295276 1.048670
v 0.366192 -1.195857 1.138155
v 0.385969 -1.272492 1.138154
v -0.384804 -1.289122 1.048667
v -0.369717 -1.227629 1.902735
v -0.369717 -1.227629 1.048666
v -0.157596 -1.314614 1.048666
v 0.159803 -1.243999 1.902735
v 0.279228 -1.290138 1.902740
v 0.311206 -1.208796 1.902735
v -0.157596 -1.314614 1.902735
v -0.150869 -1.244967 1.902735
v -0.384656 -1.288668 1.459293
v -0.479800 -1.257670 1.459293
v -0.150869 -1.244967 1.048666
v 0.152604 -1.311531 1.902733
v -0.479667 -1.257262 1.828013
v -0.384497 -1.288177 1.902734
v 0.385942 -1.272334 1.459292
v 0.152704 -1.311739 1.459292
v -0.157596 -1.314614 1.459293
v -0.466000 -1.197384 1.459293
v -0.466000 -1.197384 1.828013
v 0.059711 -1.383939 1.536266
v 0.059711 -1.383939 1.463725
v -0.065179 -1.383939 1.536266
v -0.253779 -1.383939 1.681600
v -0.253779 -1.383939 1.318390
v -0.281055 -1.278465 1.336284
v -0.002734 -1.278465 1.172573
v -0.002734 -1.383939 1.572537
v 0.279116 -1.383939 1.336284
v -0.002734 -1.383939 1.427454
v -0.002734 -1.383939 1.172573
v -0.065179 -1.383939 1.463725
v -0.281055 -1.360401 1.663707
v -0.281055 -1.278465 1.663707
v -0.087896 -1.430511 1.450530
v 0.082427 -1.430511 1.450530
v -0.002734 -1.308980 1.598927
v -0.087896 -1.308980 1.450530
v -0.002734 -1.308980 1.401064
v 0.082427 -1.308980 1.549461
v -0.087896 -1.430511 1.549461
v 0.279116 -1.363554 1.663707
v 0.251188 -1.383939 1.679929
v 0.279116 -1.383939 1.424468
v 0.279116 -1.278465 1.663707
v -0.430003 -1.318419 1.214809
v -0.325703 -1.338700 1.255697
v 0.355663 -1.296058 1.162712
v 0.278597 -1.321858 1.239981
v 0.282661 -1.289617 1.838313
v 0.289119 -1.325850 1.838746
v 0.203612 -1.341960 1.765801
v 0.281464 -1.291562 1.693222
v 0.274344 -1.279071 1.085306
v -0.439790 -1.310784 1.702725
v -0.409883 -1.301013 1.125185
v -0.423578 -1.267319 1.234711
v 0.239193 -1.209992 1.048666
v -0.466000 -1.197384 1.241030
v -0.390904 -1.220855 1.902735
v -0.406423 -1.281033 1.902737
v -0.479879 -1.257912 1.241030
v -0.002734 -1.383939 1.827418
v -0.281055 -1.360401 1.336284
v 0.279116 -1.278465 1.336284
v -0.002734 -1.278465 1.827418
v -0.002734 -1.430511 1.401064
v 0.082427 -1.430511 1.549461
v -0.002734 -1.430511 1.598927
v -0.087896 -1.308980 1.549461
v 0.082427 -1.308980 1.450530
v -0.433653 -1.317306 1.235618
v 0.331188 -1.311650 1.134620
v 0.255698 -1.294450 1.835996
v 0.197154 -1.305727 1.765369
v -1.330684 -0.262156 1.836429
v -1.314146 -0.358778 1.779135
v -1.277913 -0.352320 1.778703
v -1.327795 -0.287922 1.693654
v -1.276847 -0.353162 1.164658
v -1.294922 -0.275089 1.242710
v -1.297146 -0.196272 1.163357
v -1.329123 -0.274439 1.234139
v -1.331203 -0.200707 1.159906
v -1.313128 -0.278779 1.081855
v -1.274944 0.405284 1.811605
v -1.334812 0.333611 1.676984
v -1.316508 0.414693 1.811589
v -1.298972 0.299104 1.785864
v -1.340536 0.308514 1.785848
v -1.269220 0.430381 1.702741
v -1.293247 0.324201 1.677000
v -1.340539 0.326818 1.141869
v -1.288713 0.315628 1.254790
v -1.344585 0.306403 1.145666
v -1.294598 0.296328 1.144759
v -1.273205 0.404278 1.124680
v -1.195857 -0.366192 1.857707
v -1.195857 -0.366192 1.459293
v -1.272167 -0.385914 1.798137
v -1.243999 -0.159803 1.048666
v -1.311930 -0.152802 1.048665
v -1.295276 -0.251381 1.048670
v -1.195857 -0.366192 1.138155
v -1.272492 -0.385969 1.138154
v -1.289122 0.384804 1.048667
v -1.227629 0.369717 1.902735
v -1.227629 0.369717 1.048666
v -1.314614 0.157596 1.048666
v -1.243999 -0.159803 1.902735
v -1.290138 -0.279228 1.902740
v -1.208796 -0.311206 1.902735
v -1.314614 0.157596 1.902735
v -1.244967 0.150869 1.902735
v -1.288668 0.384656 1.459293
v -1.257670 0.479800 1.459293
v -1.244967 0.150869 1.048666
v -1.311531 -0.152604 1.902733
v -1.257262 0.479667 1.828013
v -1.288177 0.384497 1.902734
v -1.272334 -0.385942 1.459292
v -1.311739 -0.152704 1.459292
v -1.314614 0.157596 1.459293
v -1.197384 0.466000 1.459293
v -1.197384 0.466000 1.828013
v -1.383939 -0.059711 1.536266
v -1.383939 -0.059711 1.463725
v -1.383939 0.065179 1.536266
v -1.383939 0.253779 1.681600
v -1.383939 0.253779 1.318390
v -1.278465 0.281055 1.336284
v -1.278465 0.002734 1.172573
v -1.383939 0.002734 1.572537
v -1.383939 -0.279116 1.336284
v -1.383939 0.002734 1.427454
v -1.383939 0.002734 1.172573
v -1.383939 0.065179 1.463725
v -1.360401 0.281055 1.663707
v -1.278465 0.281055 1.663707
v -1.430511 0.087896 1.450530
v -1.430511 -0.082427 1.450530
v -1.308980 0.002734 1.598927
v -1.308980 0.087896 1.450530
v -1.308980 0.002734 1.401064
v -1.308980 -0.082427 1.549461
v -1.430511 0.087896 1.549461
v -1.363554 -0.279116 1.663707
v -1.383939 -0.251188 1.679929
v -1.383939 -0.279116 1.424468
v -1.278465 -0.279116 1.663707
v -1.318419 0.430003 1.214809
v -1.338700 0.325703 1.255697
v -1.296058 -0.355663 1.162712
v -1.321858 -0.278597 1.239981
v -1.289617 -0.282661 1.838313
v -1.325850 -0.289119 1.838746
v -1.341960 -0.203612 1.765801
v -1.291562 -0.281464 1.693222
v -1.279071 -0.274344 1.085306
v -1.310784 0.439790 1.702725
v -1.301013 0.409883 1.125185
v -1.267319 0.423578 1.234711
v -1.209992 -0.239193 1.048666
v -1.197384 0.466000 1.241030
v -1.220855 0.390904 1.902735
v -1.281033 0.406423 1.902737
v -1.257912 0.479879 1.241030
v -1.383939 0.002734 1.827418
v -1.360401 0.281055 1.336284
v -1.278465 -0.279116 1.336284
v -1.278465 0.002734 1.827418
v -1.430511 0.002734 1.401064
v -1.430511 -0.082427 1.549461
v -1.430511 0.002734 1.598927
v -1.308980 0.087896 1.549461
v -1.308980 -0.082427 1.450530
v -1.317306 0.433653 1.235618
v -1.311650 -0.331188 1.134620
v -1.294450 -0.255698 1.835996
v -1.305727 -0.197154 1.765369
v -0.262156 1.330684 1.836429
v -0.358778 1.314146 1.779135
v -0.352320 1.277913 1.778703
v -0.287922 1.327795 1.693654
v -0.353162 1.276847 1.164658
v -0.275089 1.294922 1.242710
v -0.196272 1.297146 1.163357
v -0.274439 1.329123 1.234139
v -0.200707 1.331203 1.159906
v -0.278779 1.313128 1.081855
v 0.405284 1.274944 1.811605
v 0.333611 1.334812 1.676984
v 0.414693 1.316508 1.811589
v 0.299104 1.298972 1.785864
v 0.308514 1.340536 1.785848
v 0.430381 1.269220 1.702741
v 0.324201 1.293247 1.677000
v 0.326818 1.340539 1.141869
v 0.315628 1.288713 1.254790
v 0.306403 1.344585 1.145666
v 0.296328 1.294598 1.144759
v 0.404278 1.273205 1.124680
v -0.366192 1.195857 1.857707
v -0.366192 1.195857 1.459293
v -0.385914 1.272167 1.798137
v -0.159803 1.243999 1.048666
v -0.152802 1.311930 1.048665
v -0.251381 1.295276 1.048670
v -0.366192 1.195857 1.138155
v -0.385969 1.272492 1.138154
v 0.384804 1.289122 1.048667
v 0.369717 1.227629 1.902735
v 0.369717 1.227629 1.048666
v 0.157596 1.314614 1.048666
v -0.159803 1.243999 1.902735
v -0.279228 1.290138 1.902740
v -0.311206 1.208796 1.902735
v 0.157596 1.314614 1.902735
v 0.150869 1.244967 1.902735
v 0.384656 1.288668 1.459293
v 0.479800 1.257670 1.459293
v 0.150869 1.244967 1.048666
v -0.152604 1.311531 1.902733
v 0.479667 1.257262 1.828013
v 0.384497 1.288177 1.902734
v -0.385942 1.272334 1.459292
v -0.152704 1.311739 1.459292
v 0.157596 1.314614 1.459293
v 0.466000 1.197384 1.459293
v 0.466000 1.197384 1.828013
v -0.059711 1.383939 1.536266
v -0.059711 1.383939 1.463725
v 0.065179 1.383939 1.536266
v 0.253779 1.383939 1.681600
v 0.253779 1.383939 1.318390
v 0.281055 1.278465 1.336284
v 0.002734 1.278465 1.172573
v 0.002734 1.383939 1.572537
v -0.279116 1.383939 1.336284
v 0.002734 1.383939 1.427454
v 0.002734 1.383939 1.172573
v 0.065179 1.383939 1.463725
v 0.281055 1.360401 1.663707
v 0.281055 1.278465 1.663707
v 0.087896 1.430511 1.450530
v -0.082427 1.430511 1.450530
v 0.002734 1.308980 1.598927
v 0.087896 1.308980 1.450530
v 0.002734 1.308980 1.401064
v -0.082427 1.308980 1.549461
v 0.087896 1.430511 1.549461
v -0.279116 1.363554 1.663707
v -0.251188 1.383939 1.679929
v -0.279116 1.383939 1.424468
v -0.279116 1.278465 1.663707
v 0.430003 1.318419 1.214809
v 0.325703 1.338700 1.255697
v -0.355663 1.296058 1.162712
v -0.278597 1.321858 1.239981
v -0.282661 1.289617 1.838313
v -0.289119 1.325850 1.838746
v -0.203612 1.341960 1.765801
v -0.281464 1.291562 1.693222
v -0.274344 1.279071 1.085306
v 0.439790 1.310784 1.702725
v 0.409883 1.301013 1.125185
v 0.423578 1.267319 1.234711
v -0.239193 1.209992 1.048666
v 0.466000 1.197384 1.241030
v 0.390904 1.220855 1.902735
v 0.406423 1.281033 1.902737
v 0.479879 1.257912 1.241030
v 0.002734 1.383939 1.827418
v 0.281055 1.360401 1.336284
v -0.279116 1.278465 1.336284
v 0.002734 1.278465 1.827418
v 0.002734 1.430511 1.401064
v -0.082427 1.430511 1.549461
v 0.002734 1.430511 1.598927
v 0.087896 1.308980 1.549461
v -0.082427 1.308980 1.450530
v 0.433653 1.317306 1.235618
v -0.331188 1.311650 1.134620
v -0.255698 1.294450 1.835996
v -0.197154 1.305727 1.765369
vn -0.0022 0.0952 0.9955
vn -0.0086 0.0942 0.9955
vn 0.0001 0.0104 0.9999
vn -0.0761 0.0848 0.9935
vn -0.0828 0.0854 0.9929
vn -0.0825 0.0848 0.9930
vn 0.1070 0.0309 0.9938
vn 0.0414 0.0064 0.9991
vn 0.1253 0.0105 0.9921
vn 0.0944 0.0240 0.9952
vn 0.0860 -0.0048 0.9963
vn 0.0116 0.0937 0.9955
vn 0.0208 0.0914 0.9956
vn 0.7516 -0.0791 0.6549
vn 0.7183 -0.2558 0.6470
vn -0.7709 -0.6341 -0.0604
vn -0.9689 -0.2473 -0.0103
vn 0.0096 0.0085 0.9999
vn -0.0858 0.0048 0.9963
vn -0.1109 0.7747 0.6225
vn -0.0445 0.7538 0.6556
vn -0.0445 0.7537 0.6557
vn 0.1587 -0.9873 0.0048
vn 0.1590 -0.9873 0.0035
vn 0.1587 -0.9873 0.0051
vn 0.7515 -0.6597 0.0085
vn 0.6955 -0.7185 0.0083
vn 0.7516 -0.6596 0.0085
vn -0.9830 -0.1835 -0.0024
vn -0.9689 -0.2471 -0.0103
vn -0.9633 0.2685 0.0024
vn -0.9861 0.1659 0.0001
vn -0.9861 0.1659 0.0002
vn -0.1631 -0.9866 0.0035
vn -0.1630 -0.9866 0.0030
vn -0.1633 -0.9866 0.0043
vn -0.0806 0.0844 0.9932
vn -0.0807 0.0842 0.9932
vn 0.1377 -0.0040 0.9905
vn 0.0020 -0.0045 1.0000
vn 0.0647 0.0716 0.9953
vn 0.0310 0.0893 0.9955
vn 0.8155 -0.5783 0.0222
vn 0.5364 0.3905 0.7482
vn 0.5599 0.2132 0.8006
vn 0.9633 -0.2685 0.0024
vn 0.0844 0.0571 0.9948
vn -0.1596 0.9857 -0.0542
vn -0.0723 0.9958 -0.0561
vn -0.0723 0.9958 -0.0562
vn -0.9676 0.2471 -0.0512
vn -0.8052 0.5901 -0.0579
vn -0.8046 0.5910 -0.0585
vn 0.5310 0.0359 -0.8466
vn 0.5469 0.0009 -0.8372
vn 0.5309 0.0359 -0.8467
vn 0.9921 -0.1164 -0.0460
vn 0.9676 -0.2473 -0.0512
vn 0.4527 0.3522 -0.8191
vn 0.5068 0.1495 -0.8490
vn 0.4527 0.3523 -0.8191
vn -0.3505 0.4129 -0.8406
vn -0.4048 0.3398 -0.8489
vn -0.7083 0.7033 -0.0602
vn 0.0749 0.9956 -0.0564
vn -0.4975 -0.8671 -0.0253
vn -0.6735 -0.7367 -0.0599
vn -0.4977 -0.8670 -0.0251
vn 0.9574 0.2850 -0.0471
vn 0.9976 0.0517 -0.0462
vn 0.1638 0.9850 -0.0538
vn 0.0351 0.5487 -0.8353
vn -0.0432 0.5483 -0.8351
vn 0.0844 0.5444 -0.8346
vn 0.0349 0.5487 -0.8353
vn 0.3426 0.9388 -0.0353
vn 0.3427 0.9388 -0.0354
vn -0.2856 0.4756 -0.8320
vn -0.3506 0.4129 -0.8406
vn -0.0924 0.5436 -0.8343
vn -0.5114 0.1557 -0.8451
vn 0.5406 -0.1053 -0.8347
vn 0.5133 -0.1562 -0.8439
vn 0.5406 -0.1052 -0.8347
vn 0.6954 -0.7185 0.0082
vn 0.6497 -0.7601 0.0081
vn -0.5406 0.5386 0.6463
vn 0.5313 0.0497 0.8457
vn 0.5311 0.0495 0.8458
vn 0.1021 0.7364 0.6688
vn 0.1021 0.7363 0.6689
vn -0.3993 0.6831 0.6115
vn 0.4898 -0.0041 0.8718
vn 0.2329 0.6335 0.7378
vn 0.2329 0.6335 0.7379
vn 0.0075 0.7337 0.6794
vn 0.0075 0.7335 0.6796
vn -0.5926 0.5580 0.5809
vn -0.7172 0.2564 0.6480
vn -0.4011 0.5708 -0.7165
vn 0.6023 0.3517 -0.7166
vn 0.6024 0.3517 -0.7166
vn 0.6942 0.3773 0.6130
vn 0.6940 0.3776 0.6130
vn -0.5853 0.6283 0.5125
vn 0.6270 0.7752 -0.0769
vn 0.6268 0.7753 -0.0769
vn 0.6268 0.7754 -0.0769
vn -0.2205 0.9735 -0.0607
vn -0.2203 0.9735 -0.0607
vn 0.5944 -0.0911 0.7990
vn 0.5941 -0.0912 0.7992
vn 0.5944 -0.0912 0.7990
vn -0.5749 0.1685 0.8007
vn -0.5751 0.1686 0.8005
vn -0.5752 0.1686 0.8005
vn 0.8136 0.5797 -0.0443
vn -0.8507 0.5256 -0.0030
vn -0.8508 0.5255 -0.0029
vn -0.9660 -0.2585 -0.0018
vn -0.9657 -0.2595 -0.0027
vn -0.9658 -0.2592 -0.0025
vn 0.3821 -0.5651 -0.7312
vn 0.3821 -0.5649 -0.7313
vn 0.5517 0.5308 -0.6434
vn 0.5517 0.5300 -0.6440
vn 0.5517 0.5302 -0.6439
vn 0.3673 0.4956 0.7871
vn 0.3673 0.4957 0.7870
vn 0.4173 -0.5937 0.6880
vn 0.9675 0.2461 -0.0577
vn 0.8527 -0.5220 -0.0215
vn 0.0848 0.4987 0.8626
vn 0.0848 0.4988 0.8626
vn 0.0810 -0.5083 0.8574
vn 0.9989 -0.0052 -0.0459
vn 0.9989 -0.0050 -0.0457
vn -0.1711 -0.9852 0.0030
vn -0.1715 -0.9852 0.0027
vn 0.5727 -0.8197 0.0083
vn 0.5721 -0.8201 0.0088
vn 0.5725 -0.8199 0.0085
vn -0.5851 0.3597 -0.7269
vn 0.3738 0.5762 -0.7268
vn 0.3738 0.5762 -0.7269
vn -0.7027 0.5253 0.4799
vn 0.3877 0.8001 0.4578
vn 0.0996 0.9931 -0.0614
vn 0.0997 0.9931 -0.0614
vn -0.5107 0.8567 -0.0725
vn 0.5486 0.1722 0.8181
vn 0.5486 0.1722 0.8182
vn 0.5488 0.1723 0.8180
vn -0.5676 -0.0763 0.8198
vn -0.5680 -0.0764 0.8195
vn -0.5680 -0.0763 0.8195
vn -0.5025 0.8629 -0.0537
vn -0.5031 0.8625 -0.0540
vn -0.5027 0.8628 -0.0539
vn -0.0000 -0.0000 1.0000
vn -0.0000 -0.0000 -1.0000
vn -0.4642 0.8857 -0.0000
vn -0.6274 0.7787 -0.0000
vn -0.4640 0.8858 -0.0000
vn 0.2916 0.9565 -0.0000
vn 0.3674 0.9301 0.0001
vn 0.3674 0.9301 -0.0000
vn -0.9545 0.2981 -0.0000
vn 0.9492 0.3145 -0.0000
vn -0.8011 0.5985 -0.0000
vn -0.9043 0.4269 -0.0000
vn -0.6227 0.2935 -0.7253
vn -0.2889 0.6375 -0.7142
vn -0.2887 0.6377 -0.7142
vn -0.6227 0.2935 0.7253
vn -0.6856 -0.1174 0.7184
vn -0.6857 -0.1175 0.7184
vn 0.9499 0.3126 -0.0000
vn -0.1937 0.6754 -0.7116
vn -0.1937 0.6754 0.7116
vn -0.2887 0.6377 0.7142
vn 0.2341 0.6547 0.7188
vn 0.5770 0.3742 0.7260
vn 0.2342 0.6546 0.7188
vn 0.2341 0.6546 -0.7188
vn 0.5770 0.3741 -0.7260
vn 0.5769 0.3742 -0.7260
vn 0.2342 0.6546 -0.7188
vn 0.6603 0.2259 -0.7162
vn -0.6857 -0.1175 -0.7184
vn -0.6681 -0.2453 -0.7024
vn -0.6856 -0.1174 -0.7184
vn -0.6681 -0.2453 0.7024
vn 0.6603 0.2259 0.7162
vn 0.6602 0.2253 0.7165
vn -0.2889 0.6375 0.7142
vn -0.6227 0.2936 0.7253
vn -0.6227 0.2936 -0.7253
vn -0.2680 0.9634 -0.0001
vn 0.0478 0.9989 -0.0000
vn -0.2680 0.9634 -0.0000
vn 0.5673 0.8235 -0.0000
vn -0.9367 -0.3502 -0.0000
vn -0.3445 0.9388 -0.0000
vn -0.9044 0.4268 -0.0000
vn -0.9701 0.2426 -0.0000
vn 0.6407 0.7678 -0.0000
vn -0.0000 -0.9949 0.1008
vn -0.0003 -0.9948 0.1020
vn 0.0001 -0.9949 0.1005
vn 0.0050 -0.1925 0.9813
vn -0.5783 -0.8155 0.0222
vn -0.9948 0.0003 0.1019
vn -0.9947 0.0004 0.1024
vn -0.9949 -0.0001 0.1005
vn -0.1925 -0.0050 0.9813
vn -0.5766 0.8168 0.0201
vn -0.5765 0.8168 0.0201
vn -0.8168 -0.5766 0.0201
vn -0.6342 -0.7732 -0.0023
vn -0.6344 -0.7730 -0.0026
vn 0.2475 -0.9689 0.0072
vn 0.2478 -0.9688 0.0070
vn 0.2477 -0.9688 0.0071
vn -0.6737 -0.7366 -0.0600
vn 0.3544 0.4224 -0.8342
vn 0.3545 0.4224 -0.8342
vn 0.5310 0.4245 0.7334
vn 0.5313 0.4251 0.7328
vn 0.5310 0.4246 0.7333
vn 0.7814 0.6233 -0.0301
vn 0.2174 0.4867 -0.8461
vn 0.2174 0.4868 -0.8461
vn -0.3196 0.6098 -0.7253
vn -0.6099 0.3282 -0.7214
vn -0.3195 0.6098 -0.7253
vn -0.3196 0.6098 0.7253
vn 0.1542 0.6827 0.7142
vn -0.3195 0.6098 0.7253
vn 0.6625 -0.2186 0.7165
vn 0.6859 -0.0497 0.7260
vn -0.6750 0.2108 0.7071
vn -0.6098 0.3282 0.7214
vn -0.6099 0.3282 0.7214
vn -0.6098 0.3282 -0.7214
vn -0.6750 0.2108 -0.7071
vn 0.6629 -0.2182 -0.7162
vn 0.6859 -0.0496 -0.7260
vn 0.6859 -0.0497 -0.7260
vn 0.5817 0.3808 -0.7188
vn 0.2530 0.6555 -0.7116
vn 0.5817 0.3809 0.7188
vn 0.2530 0.6555 0.7116
vn 0.5817 0.3808 0.7188
vn 0.1545 0.6827 0.7142
vn 0.1545 0.6827 -0.7142
vn 0.9461 -0.3237 -0.0000
vn 0.1542 0.6827 -0.7142
vn -0.2779 0.9606 -0.0000
vn 0.6964 -0.0936 0.7116
vn 0.5057 -0.4772 0.7188
vn 0.5057 -0.4771 -0.7188
vn 0.1112 -0.6786 -0.7260
vn 0.5057 -0.4771 0.7188
vn 0.1112 -0.6786 0.7260
vn 0.6999 0.0085 0.7142
vn 0.6999 0.0085 -0.7142
vn 0.6964 -0.0936 -0.7116
vn -0.0948 -0.9955 -0.0000
vn 0.5188 0.4526 0.7253
vn 0.1774 0.6695 0.7214
vn 0.1774 0.6694 0.7214
vn 0.5187 0.4526 -0.7253
vn 0.6999 0.0088 -0.7142
vn 0.8696 0.4937 -0.0000
vn 0.7537 0.6572 -0.0000
vn 0.5057 -0.4772 -0.7187
vn -0.0585 -0.6951 -0.7165
vn 0.1774 0.6694 -0.7214
vn 0.0480 0.7055 -0.7071
vn 0.1774 0.6695 -0.7214
vn 0.0480 0.7055 0.7071
vn -0.0581 -0.6955 0.7162
vn -0.0585 -0.6951 0.7165
vn 0.6999 0.0088 0.7142
vn 0.9900 -0.1410 -0.0000
vn 0.8957 -0.4446 -0.0000
vn 0.5267 -0.8501 -0.0000
vn 0.0680 0.9977 -0.0000
vn 0.9981 -0.0612 -0.0000
vn 0.7538 0.6571 -0.0000
vn 0.6114 0.7913 -0.0000
vn 0.5000 0.0810 -0.8622
vn 0.5000 -0.0810 0.8622
vn -1.0000 -0.0000 -0.0000
vn 1.0000 -0.0000 -0.0000
vn -0.5000 -0.0810 0.8622
vn -0.5000 0.0810 -0.8622
vn -0.0000 0.9956 0.0935
vn 0.0694 -0.5000 -0.8632
vn -0.0694 -0.5000 0.8632
vn -0.0000 1.0000 -0.0000
vn -0.0000 -1.0000 -0.0000
vn -0.0694 0.5000 0.8632
vn 0.0694 0.5000 -0.8632
vn 0.9968 -0.0000 0.0801
vn 0.0045 -0.9830 0.1837
vn 0.8166 0.4596 0.3491
vn -0.8124 0.4460 0.3757
vn -0.8279 -0.5056 0.2429
vn 0.8374 -0.4990 0.2231
vn -0.0041 0.9021 0.4315
vn -0.0042 0.9023 0.4311
vn -0.0041 0.9021 0.4316
vn -0.0042 0.9040 0.4276
vn -0.0041 0.9038 0.4279
vn -0.0002 -0.0120 0.9999
vn 0.0042 -0.9372 0.3487
vn 0.0042 -0.9373 0.3485
vn 0.0042 -0.9373 0.3484
vn 0.9321 0.0019 0.3623
vn -0.9109 -0.0068 0.4126
vn -0.9109 -0.0068 0.4125
vn -0.9822 -0.0058 0.1877
vn -0.9824 -0.0054 0.1867
vn -0.9825 -0.0053 0.1863
vn 0.4798 -0.8256 0.2971
vn 0.4794 -0.8254 0.2982
vn 0.4799 -0.8256 0.2968
vn 0.4646 0.8147 0.3471
vn 0.4646 0.8146 0.3474
vn 0.4646 0.8146 0.3473
vn -0.5075 0.8225 0.2567
vn -0.5008 -0.8384 0.2152
vn 0.9449 0.0029 0.3273
vn 0.9449 0.0029 0.3274
vn 0.9378 0.0026 0.3473
vn 0.9377 0.0026 0.3473
vn 0.9378 0.0026 0.3472
vn -0.0030 -0.0091 1.0000
vn -0.9407 -0.0060 0.3391
vn -0.9406 -0.0060 0.3394
vn -0.9407 -0.0060 0.3392
vn 0.0036 -0.9575 0.2883
vn 0.0039 -0.9580 0.2868
vn 0.0038 -0.9578 0.2875
vn -0.0048 0.9174 0.3980
vn -0.0050 0.9170 0.3989
vn -0.0049 0.9172 0.3983
vn 0.0021 -0.0952 0.9955
vn 0.0086 -0.0941 0.9955
vn -0.0001 -0.0104 0.9999
vn 0.0762 -0.0807 0.9938
vn 0.0793 -0.0809 0.9936
vn 0.0791 -0.0807 0.9936
vn -0.1261 -0.0114 0.9919
vn -0.1089 -0.0316 0.9936
vn -0.0427 -0.0070 0.9991
vn -0.0945 -0.0239 0.9952
vn -0.0114 -0.0938 0.9955
vn -0.0208 -0.0914 0.9956
vn -0.7517 0.0783 0.6549
vn 0.7709 0.6341 -0.0604
vn 0.9689 0.2473 -0.0103
vn -0.0096 -0.0085 0.9999
vn 0.1109 -0.7747 0.6225
vn 0.0445 -0.7537 0.6557
vn 0.0444 -0.7537 0.6557
vn -0.1587 0.9873 0.0048
vn -0.1588 0.9873 0.0044
vn -0.7515 0.6597 0.0085
vn -0.6955 0.7185 0.0083
vn -0.7515 0.6596 0.0086
vn 0.9830 0.1835 -0.0025
vn 0.9689 0.2472 -0.0103
vn 0.9861 -0.1659 0.0001
vn 0.9861 -0.1659 0.0002
vn 0.1632 0.9866 0.0039
vn 0.1632 0.9866 0.0040
vn 0.1632 0.9866 0.0042
vn 0.0703 -0.0836 0.9940
vn 0.0714 -0.0818 0.9941
vn -0.1377 0.0040 0.9905
vn -0.0020 0.0045 1.0000
vn -0.0683 -0.0760 0.9948
vn -0.0458 -0.0915 0.9948
vn -0.0685 -0.0762 0.9947
vn -0.8155 0.5783 0.0222
vn -0.5224 -0.4121 0.7465
vn -0.5551 -0.2103 0.8047
vn -0.5551 -0.2104 0.8047
vn -0.0849 -0.0591 0.9946
vn 0.1596 -0.9857 -0.0542
vn 0.0723 -0.9958 -0.0561
vn 0.0723 -0.9958 -0.0562
vn 0.8139 -0.5781 -0.0581
vn 0.8135 -0.5786 -0.0586
vn -0.5384 -0.0407 -0.8417
vn -0.5469 -0.0009 -0.8372
vn -0.9921 0.1159 -0.0471
vn -0.9676 0.2472 -0.0512
vn -0.5145 -0.1515 -0.8440
vn -0.4511 -0.3686 -0.8128
vn -0.4511 -0.3685 -0.8128
vn 0.4013 -0.3225 -0.8573
vn 0.3319 -0.3914 -0.8583
vn 0.4013 -0.3226 -0.8573
vn 0.7459 -0.6633 -0.0600
vn 0.7459 -0.6634 -0.0600
vn 0.7461 -0.6631 -0.0604
vn -0.0749 -0.9956 -0.0564
vn 0.4977 0.8670 -0.0251
vn 0.6736 0.7367 -0.0600
vn -0.9571 -0.2858 -0.0475
vn -0.9967 -0.0669 -0.0463
vn -0.9572 -0.2854 -0.0475
vn -0.1638 -0.9850 -0.0538
vn -0.0350 -0.5487 -0.8353
vn 0.0432 -0.5483 -0.8351
vn -0.0844 -0.5444 -0.8346
vn -0.4829 -0.8751 -0.0304
vn -0.4829 -0.8751 -0.0305
vn -0.4830 -0.8751 -0.0305
vn 0.2409 -0.4667 -0.8510
vn 0.0924 -0.5436 -0.8343
vn -0.5395 0.1045 -0.8355
vn -0.6954 0.7185 0.0082
vn -0.6497 0.7601 0.0081
vn 0.5699 -0.5067 0.6469
vn 0.5700 -0.5068 0.6467
vn -0.5313 -0.0585 0.8452
vn -0.1021 -0.7364 0.6688
vn 0.3279 -0.7206 0.6109
vn -0.4898 0.0041 0.8718
vn -0.3251 -0.5840 0.7438
vn -0.0075 -0.7337 0.6794
vn -0.0077 -0.7342 0.6789
vn 0.6013 -0.5470 0.5824
vn 0.4011 -0.5708 -0.7165
vn -0.6023 -0.3517 -0.7166
vn -0.6024 -0.3517 -0.7166
vn -0.6941 -0.3774 0.6130
vn -0.6940 -0.3776 0.6130
vn 0.5853 -0.6283 0.5125
vn -0.6270 -0.7752 -0.0769
vn -0.6268 -0.7754 -0.0769
vn 0.2205 -0.9735 -0.0607
vn 0.2203 -0.9735 -0.0607
vn -0.5944 0.0911 0.7990
vn -0.5941 0.0912 0.7992
vn 0.5749 -0.1685 0.8007
vn 0.5751 -0.1686 0.8005
vn -0.7929 -0.6078 -0.0441
vn 0.8507 -0.5256 -0.0031
vn 0.8507 -0.5256 -0.0030
vn 0.9660 0.2585 -0.0018
vn 0.9658 0.2594 -0.0026
vn 0.9658 0.2592 -0.0025
vn -0.3821 0.5651 -0.7312
vn -0.3822 0.5649 -0.7313
vn -0.5517 -0.5308 -0.6434
vn -0.5517 -0.5296 -0.6444
vn -0.5517 -0.5302 -0.6439
vn -0.3673 -0.4956 0.7871
vn -0.3673 -0.4957 0.7870
vn -0.4173 0.5937 0.6880
vn -0.9675 -0.2461 -0.0577
vn -0.8527 0.5220 -0.0215
vn -0.0848 -0.4987 0.8626
vn -0.0848 -0.4988 0.8626
vn -0.0810 0.5083 0.8574
vn -0.0810 0.5082 0.8574
vn -0.9989 0.0052 -0.0459
vn -0.9990 0.0049 -0.0455
vn 0.1711 0.9852 0.0030
vn 0.1715 0.9852 0.0027
vn -0.5727 0.8197 0.0083
vn -0.5721 0.8201 0.0088
vn -0.5722 0.8200 0.0088
vn 0.5851 -0.3597 -0.7269
vn -0.3738 -0.5762 -0.7268
vn -0.3738 -0.5762 -0.7269
vn 0.7027 -0.5253 0.4799
vn -0.3877 -0.8001 0.4578
vn -0.0996 -0.9931 -0.0614
vn -0.0997 -0.9931 -0.0614
vn 0.5107 -0.8567 -0.0725
vn -0.5487 -0.1722 0.8181
vn -0.5486 -0.1722 0.8182
vn -0.5488 -0.1723 0.8180
vn 0.5676 0.0763 0.8198
vn 0.5679 0.0764 0.8195
vn 0.5679 0.0763 0.8195
vn 0.4124 -0.9093 -0.0554
vn 0.4128 -0.9091 -0.0556
vn 0.4126 -0.9092 -0.0555
vn 0.4641 -0.8858 -0.0000
vn 0.6274 -0.7787 -0.0000
vn 0.4642 -0.8857 -0.0000
vn -0.2916 -0.9565 -0.0000
vn -0.3674 -0.9301 0.0001
vn -0.3674 -0.9301 -0.0000
vn 0.9545 -0.2981 -0.0000
vn -0.9492 -0.3145 -0.0000
vn 0.8011 -0.5985 -0.0000
vn 0.9045 -0.4264 -0.0000
vn 0.9045 -0.4265 -0.0000
vn 0.6227 -0.2935 -0.7253
vn 0.2889 -0.6375 -0.7142
vn 0.2887 -0.6377 -0.7142
vn 0.6227 -0.2936 0.7253
vn 0.6856 0.1174 0.7184
vn 0.6856 0.1175 0.7184
vn -0.9499 -0.3126 -0.0000
vn 0.1937 -0.6754 -0.7116
vn 0.1937 -0.6754 0.7116
vn 0.2887 -0.6377 0.7142
vn -0.2341 -0.6547 0.7188
vn -0.5770 -0.3742 0.7260
vn -0.2342 -0.6546 0.7188
vn -0.2341 -0.6546 -0.7188
vn -0.5770 -0.3741 -0.7260
vn -0.5769 -0.3742 -0.7260
vn -0.2341 -0.6547 -0.7187
vn -0.6603 -0.2259 -0.7162
vn 0.6857 0.1175 -0.7184
vn 0.6682 0.2453 -0.7024
vn 0.6856 0.1174 -0.7184
vn 0.6682 0.2453 0.7024
vn -0.6602 -0.2253 0.7165
vn -0.5769 -0.3742 0.7260
vn 0.2889 -0.6375 0.7142
vn 0.6227 -0.2936 -0.7253
vn 0.2680 -0.9634 -0.0000
vn -0.0478 -0.9989 -0.0000
vn 0.2681 -0.9634 -0.0000
vn -0.5673 -0.8235 -0.0000
vn 0.9367 0.3502 -0.0000
vn 0.3444 -0.9388 -0.0000
vn 0.9701 -0.2426 -0.0000
vn -0.6407 -0.7678 -0.0000
vn -0.0000 0.9949 0.1008
vn 0.0003 0.9948 0.1019
vn 0.0002 0.9948 0.1016
vn -0.0050 0.1925 0.9813
vn 0.5783 0.8155 0.0222
vn 0.9949 -0.0000 0.1008
vn 0.9947 -0.0004 0.1024
vn 0.9949 0.0001 0.1005
vn 0.1925 0.0050 0.9813
vn 0.5766 -0.8168 0.0201
vn 0.8168 0.5766 0.0201
vn 0.6343 0.7730 -0.0025
vn 0.6345 0.7729 -0.0028
vn 0.6342 0.7732 -0.0023
vn -0.2475 0.9689 0.0072
vn -0.2477 0.9688 0.0070
vn -0.2476 0.9688 0.0072
vn 0.6735 0.7367 -0.0600
vn -0.3758 -0.4488 -0.8108
vn -0.3758 -0.4488 -0.8107
vn -0.5090 -0.4492 0.7343
vn -0.5092 -0.4496 0.7339
vn -0.5091 -0.4494 0.7341
vn -0.7505 -0.6602 -0.0304
vn -0.7500 -0.6608 -0.0299
vn -0.7503 -0.6604 -0.0303
vn -0.2822 -0.5048 -0.8158
vn -0.2820 -0.5048 -0.8159
vn 0.3196 -0.6098 -0.7253
vn 0.6099 -0.3282 -0.7214
vn 0.3195 -0.6098 -0.7253
vn 0.3196 -0.6098 0.7253
vn -0.1542 -0.6827 0.7142
vn 0.3195 -0.6098 0.7253
vn -0.6623 0.2187 0.7166
vn -0.6859 0.0497 0.7260
vn -0.6625 0.2186 0.7165
vn 0.6750 -0.2108 0.7071
vn 0.6098 -0.3282 0.7214
vn 0.6098 -0.3282 -0.7214
vn 0.6750 -0.2108 -0.7071
vn -0.6629 0.2182 -0.7162
vn -0.6859 0.0496 -0.7260
vn -0.6859 0.0497 -0.7260
vn -0.5817 -0.3809 -0.7188
vn -0.2530 -0.6555 -0.7116
vn -0.5817 -0.3808 -0.7188
vn -0.2530 -0.6555 0.7116
vn -0.5817 -0.3808 0.7188
vn -0.5817 -0.3809 0.7187
vn -0.1545 -0.6827 0.7142
vn -0.1545 -0.6827 -0.7142
vn -0.9461 0.3237 -0.0000
vn -0.1542 -0.6827 -0.7142
vn 0.2779 -0.9606 -0.0000
vn -0.6964 0.0936 0.7116
vn -0.5057 0.4772 0.7188
vn -0.5057 0.4771 -0.7188
vn -0.1112 0.6786 -0.7260
vn -0.5057 0.4771 0.7188
vn -0.1112 0.6786 0.7260
vn -0.6999 -0.0085 0.7142
vn -0.6999 -0.0085 -0.7142
vn -0.6964 0.0936 -0.7116
vn 0.0948 0.9955 -0.0000
vn -0.5187 -0.4526 0.7253
vn -0.1774 -0.6695 0.7214
vn -0.1774 -0.6694 0.7214
vn -0.5187 -0.4526 -0.7253
vn -0.6999 -0.0088 -0.7142
vn -0.8697 -0.4936 -0.0000
vn -0.7535 -0.6574 -0.0000
vn -0.7536 -0.6573 -0.0000
vn -0.5057 0.4772 -0.7188
vn 0.0581 0.6955 -0.7162
vn -0.1774 -0.6694 -0.7214
vn -0.0480 -0.7055 -0.7071
vn -0.1774 -0.6695 -0.7214
vn -0.0480 -0.7055 0.7071
vn 0.0581 0.6955 0.7162
vn 0.0585 0.6951 0.7165
vn -0.6999 -0.0088 0.7142
vn -0.5188 -0.4526 0.7253
vn -0.9900 0.1410 -0.0000
vn -0.8957 0.4446 -0.0000
vn -0.5267 0.8501 -0.0000
vn -0.0680 -0.9977 -0.0000
vn -0.9981 0.0612 -0.0000
vn -0.6114 -0.7913 -0.0000
vn -0.5000 -0.0810 -0.8622
vn -0.5000 0.0810 0.8622
vn 0.5000 0.0810 0.8622
vn 0.5000 -0.0810 -0.8622
vn -0.0000 -0.9956 0.0935
vn -0.0694 0.5000 -0.8632
vn 0.0694 0.5000 0.8632
vn 0.0694 -0.5000 0.8632
vn -0.0694 -0.5000 -0.8632
vn -0.9968 -0.0000 0.0801
vn -0.0045 0.9830 0.1837
vn -0.8166 -0.4596 0.3491
vn 0.8124 -0.4460 0.3757
vn 0.8279 0.5056 0.2429
vn -0.8374 0.4990 0.2231
vn 0.0041 -0.9021 0.4315
vn 0.0042 -0.9023 0.4311
vn 0.0041 -0.9021 0.4316
vn 0.0042 -0.9040 0.4275
vn 0.0041 -0.9038 0.4280
vn 0.0002 0.0120 0.9999
vn -0.0042 0.9372 0.3488
vn -0.0042 0.9373 0.3485
vn -0.0042 0.9373 0.3484
vn -0.9321 -0.0019 0.3623
vn 0.9109 0.0068 0.4125
vn 0.9109 0.0068 0.4126
vn 0.9824 0.0053 0.1866
vn 0.9826 0.0049 0.1856
vn 0.9825 0.0053 0.1863
vn -0.4793 0.8254 0.2982
vn -0.4792 0.8253 0.2986
vn -0.4795 0.8255 0.2976
vn -0.4646 -0.8147 0.3471
vn -0.4646 -0.8146 0.3474
vn -0.4646 -0.8146 0.3473
vn 0.5075 -0.8225 0.2567
vn 0.5008 0.8384 0.2152
vn -0.9449 -0.0029 0.3273
vn -0.9378 -0.0026 0.3473
vn -0.9377 -0.0026 0.3473
vn -0.9378 -0.0026 0.3472
vn 0.0030 0.0091 1.0000
vn 0.9407 0.0060 0.3391
vn 0.9407 0.0060 0.3392
vn -0.0036 0.9575 0.2883
vn -0.0039 0.9579 0.2870
vn -0.0038 0.9578 0.2875
vn 0.0048 -0.9174 0.3980
vn 0.0049 -0.9172 0.3983
vn -0.2823 -0.5048 0.8158
vn -0.3758 -0.4488 0.8108
vn -0.3758 -0.4488 0.8107
vn -0.0846 -0.0596 -0.9946
vn -0.0683 -0.0761 -0.9948
vn -0.0681 -0.0761 -0.9948
vn -0.7507 -0.6600 0.0308
vn -0.7500 -0.6608 0.0299
vn -0.7503 -0.6604 0.0303
vn -0.5092 -0.4496 -0.7339
vn -0.5090 -0.4492 -0.7343
vn -0.5089 -0.4491 -0.7344
vn -0.4511 -0.3686 0.8128
vn 0.6735 0.7367 0.0600
vn 0.7709 0.6341 0.0604
vn -0.2478 0.9688 -0.0069
vn -0.2475 0.9689 -0.0072
vn -0.2485 0.9686 -0.0062
vn 0.6344 0.7730 0.0026
vn 0.6345 0.7730 0.0027
vn 0.6348 0.7727 0.0030
vn 0.8168 0.5766 -0.0201
vn 0.8168 0.5765 -0.0201
vn 0.5766 -0.8168 -0.0201
vn 0.1925 0.0050 -0.9813
vn -0.0427 -0.0070 -0.9991
vn -0.0020 0.0045 -1.0000
vn 0.9948 -0.0002 -0.1017
vn 0.9948 -0.0002 -0.1015
vn 0.9947 -0.0005 -0.1027
vn 0.5783 0.8155 -0.0222
vn 0.5783 0.8155 -0.0221
vn -0.0050 0.1925 -0.9813
vn -0.0001 -0.0104 -0.9999
vn -0.0096 -0.0085 -0.9999
vn -0.0000 0.9949 -0.1008
vn 0.0003 0.9948 -0.1019
vn 0.0002 0.9948 -0.1019
vn 0.4127 -0.9092 0.0555
vn 0.4124 -0.9093 0.0554
vn 0.4126 -0.9092 0.0555
vn 0.5679 0.0764 -0.8195
vn 0.5676 0.0763 -0.8198
vn 0.5679 0.0763 -0.8196
vn -0.5487 -0.1722 -0.8181
vn -0.5486 -0.1722 -0.8182
vn 0.5107 -0.8567 0.0725
vn -0.0996 -0.9931 0.0614
vn -0.0997 -0.9931 0.0614
vn -0.3877 -0.8000 -0.4579
vn -0.3877 -0.8001 -0.4578
vn 0.7027 -0.5253 -0.4799
vn -0.3738 -0.5762 0.7269
vn 0.5851 -0.3597 0.7269
vn -0.5721 0.8201 -0.0088
vn -0.5727 0.8197 -0.0083
vn -0.5722 0.8201 -0.0088
vn 0.1714 0.9852 -0.0028
vn 0.1716 0.9852 -0.0026
vn 0.1719 0.9851 -0.0024
vn -0.9967 -0.0670 0.0463
vn -0.9989 0.0052 0.0459
vn -0.9967 -0.0669 0.0462
vn -0.0810 0.5083 -0.8574
vn -0.0810 0.5082 -0.8574
vn -0.0848 -0.4988 -0.8626
vn -0.0848 -0.4987 -0.8626
vn -0.8527 0.5220 0.0215
vn -0.9675 -0.2461 0.0577
vn -0.4173 0.5937 -0.6880
vn -0.3673 -0.4956 -0.7871
vn -0.3673 -0.4957 -0.7870
vn -0.5517 -0.5308 0.6434
vn -0.5517 -0.5296 0.6444
vn -0.5517 -0.5298 0.6442
vn -0.3821 0.5651 0.7312
vn -0.3822 0.5649 0.7313
vn 0.9658 0.2593 0.0025
vn 0.9660 0.2585 0.0018
vn 0.9658 0.2592 0.0025
vn 0.8507 -0.5256 0.0031
vn 0.8508 -0.5255 0.0030
vn 0.8507 -0.5256 0.0030
vn -0.7929 -0.6078 0.0441
vn -0.9571 -0.2858 0.0475
vn 0.5751 -0.1686 -0.8005
vn 0.5749 -0.1685 -0.8007
vn -0.5944 0.0911 -0.7990
vn -0.5941 0.0912 -0.7992
vn -0.5940 0.0912 -0.7993
vn 0.2203 -0.9735 0.0607
vn 0.2205 -0.9735 0.0607
vn -0.6268 -0.7754 0.0769
vn -0.6270 -0.7752 0.0769
vn 0.5853 -0.6283 -0.5126
vn 0.5853 -0.6283 -0.5125
vn -0.6940 -0.3776 -0.6130
vn -0.6941 -0.3774 -0.6130
vn -0.6927 -0.3766 -0.6151
vn -0.6024 -0.3517 0.7166
vn 0.4011 -0.5708 0.7165
vn 0.6013 -0.5470 -0.5824
vn 0.7179 -0.2558 -0.6474
vn 0.7183 -0.2558 -0.6470
vn -0.0075 -0.7337 -0.6794
vn 0.0445 -0.7537 -0.6557
vn -0.0075 -0.7335 -0.6796
vn -0.3251 -0.5840 -0.7438
vn -0.3252 -0.5840 -0.7438
vn -0.4898 0.0041 -0.8718
vn -0.5313 -0.0585 -0.8452
vn 0.3279 -0.7206 -0.6109
vn -0.1021 -0.7364 -0.6688
vn -0.5551 -0.2103 -0.8047
vn 0.5700 -0.5068 -0.6468
vn -0.6954 0.7185 -0.0083
vn -0.6497 0.7601 -0.0081
vn -0.5395 0.1045 0.8355
vn -0.5114 0.1557 0.8451
vn 0.5133 -0.1562 0.8439
vn 0.4013 -0.3226 0.8573
vn 0.0924 -0.5436 0.8343
vn 0.0431 -0.5483 0.8351
vn 0.0432 -0.5483 0.8351
vn 0.3319 -0.3914 0.8583
vn 0.2409 -0.4667 0.8510
vn 0.2410 -0.4667 0.8510
vn -0.4830 -0.8751 0.0305
vn -0.4829 -0.8751 0.0305
vn -0.0349 -0.5487 0.8353
vn -0.0844 -0.5444 0.8346
vn -0.0351 -0.5487 0.8353
vn -0.5145 -0.1515 0.8440
vn -0.5384 -0.0407 0.8417
vn -0.1631 -0.9851 0.0548
vn -0.0749 -0.9956 0.0564
vn -0.9572 -0.2854 0.0485
vn 0.4977 0.8670 0.0251
vn 0.6737 0.7366 0.0600
vn 0.0723 -0.9958 0.0562
vn 0.0722 -0.9958 0.0560
vn 0.7459 -0.6634 0.0600
vn 0.7459 -0.6633 0.0600
vn 0.7457 -0.6636 0.0597
vn -0.9922 0.1158 0.0469
vn -0.9677 0.2471 0.0507
vn -0.9922 0.1158 0.0468
vn -0.5469 -0.0009 0.8372
vn 0.9676 -0.2473 0.0512
vn 0.8138 -0.5783 0.0583
vn 0.9676 -0.2473 0.0507
vn 0.1596 -0.9857 0.0542
vn 0.1598 -0.9857 0.0539
vn -0.1090 -0.0316 -0.9935
vn -0.1090 -0.0315 -0.9935
vn -0.9633 0.2685 -0.0024
vn -0.7515 0.6596 -0.0085
vn -0.7515 0.6597 -0.0085
vn -0.5224 -0.4121 -0.7465
vn -0.8155 0.5783 -0.0222
vn -0.0458 -0.0915 -0.9948
vn -0.1377 0.0040 -0.9905
vn -0.1259 -0.0117 -0.9920
vn 0.0707 -0.0831 -0.9940
vn 0.0791 -0.0807 -0.9936
vn 0.0714 -0.0818 -0.9941
vn -0.4637 0.8860 -0.0000
vn 0.3673 0.9301 0.0002
vn -0.9044 0.4267 -0.0000
vn 0.5770 0.3742 -0.7260
vn 0.5770 0.3741 0.7260
vn 0.2341 0.6546 0.7188
vn 0.5769 0.3742 0.7260
vn -0.6678 -0.2456 0.7027
vn -0.3444 0.9388 -0.0000
vn 0.1633 0.9866 -0.0043
vn 0.1632 0.9866 -0.0039
vn 0.1630 0.9866 -0.0027
vn 0.9861 -0.1659 -0.0001
vn 0.9633 -0.2685 -0.0024
vn 0.9861 -0.1659 -0.0002
vn 0.9689 0.2473 0.0103
vn 0.9830 0.1835 0.0024
vn 0.9689 0.2471 0.0103
vn -0.6955 0.7185 -0.0082
vn -0.1587 0.9873 -0.0048
vn -0.1591 0.9873 -0.0029
vn -0.1590 0.9873 -0.0033
vn 0.0445 -0.7538 -0.6557
vn 0.1109 -0.7747 -0.6225
vn 0.0762 -0.0807 -0.9938
vn 0.0860 -0.0048 -0.9963
vn -0.0116 -0.0937 -0.9955
vn 0.0021 -0.0952 -0.9955
vn -0.7172 0.2564 -0.6479
vn -0.7517 0.0783 -0.6549
vn -0.7172 0.2564 -0.6480
vn -0.0208 -0.0914 -0.9956
vn -0.0858 0.0048 -0.9963
vn -0.0947 -0.0238 -0.9952
vn 0.0793 -0.0809 -0.9936
vn 0.0088 -0.0944 -0.9955
vn 0.0086 -0.0942 -0.9955
vn 0.6625 -0.2186 -0.7165
vn 0.6859 -0.0496 0.7260
vn 0.6629 -0.2182 0.7162
vn 0.5817 0.3809 -0.7188
vn 0.5057 -0.4772 -0.7188
vn 0.5188 0.4526 -0.7253
vn 0.5187 0.4526 0.7253
vn 0.7536 0.6573 -0.0000
vn -0.0584 -0.6952 0.7164
vn 0.0481 0.7055 0.7071
vn -0.0581 -0.6955 -0.7162
vn 0.7539 0.6570 -0.0000
vn -0.0000 0.9956 -0.0935
vn 0.9968 -0.0000 -0.0801
vn 0.0044 -0.9830 -0.1836
vn 0.0045 -0.9830 -0.1837
vn 0.8166 0.4596 -0.3491
vn 0.8165 0.4599 -0.3491
vn -0.8124 0.4460 -0.3757
vn -0.8279 -0.5056 -0.2429
vn 0.8374 -0.4990 -0.2231
vn -0.0042 0.9023 -0.4312
vn -0.0041 0.9021 -0.4316
vn -0.0041 0.9038 -0.4279
vn -0.0042 0.9040 -0.4276
vn -0.0042 0.9040 -0.4275
vn -0.0002 -0.0120 -0.9999
vn 0.0042 -0.9372 -0.3487
vn 0.0042 -0.9373 -0.3485
vn 0.0043 -0.9372 -0.3488
vn 0.9321 0.0019 -0.3623
vn -0.9109 -0.0068 -0.4126
vn -0.9109 -0.0068 -0.4125
vn -0.9822 -0.0058 -0.1877
vn -0.9825 -0.0052 -0.1864
vn -0.9824 -0.0053 -0.1867
vn 0.4792 -0.8253 -0.2986
vn 0.4799 -0.8256 -0.2968
vn 0.4646 0.8146 -0.3474
vn 0.4646 0.8146 -0.3472
vn 0.4646 0.8147 -0.3471
vn -0.5075 0.8225 -0.2567
vn -0.5008 -0.8384 -0.2152
vn 0.9449 0.0029 -0.3273
vn 0.9378 0.0026 -0.3472
vn 0.9378 0.0026 -0.3473
vn -0.0030 -0.0091 -1.0000
vn -0.9407 -0.0060 -0.3391
vn -0.9406 -0.0060 -0.3394
vn 0.0041 -0.9582 -0.2862
vn 0.0039 -0.9578 -0.2872
vn 0.0035 -0.9574 -0.2887
vn -0.0048 0.9173 -0.3981
vn -0.0049 0.9171 -0.3985
vn -0.0049 0.9172 -0.3983
vn 0.2174 0.4868 0.8461
vn 0.3545 0.4224 0.8342
vn 0.2174 0.4868 0.8460
vn 0.0842 0.0571 -0.9948
vn 0.0647 0.0716 -0.9953
vn 0.7814 0.6233 0.0301
vn 0.5313 0.4251 -0.7328
vn 0.5310 0.4245 -0.7334
vn 0.5311 0.4247 -0.7332
vn 0.4527 0.3522 0.8192
vn 0.3544 0.4224 0.8342
vn -0.6737 -0.7366 0.0600
vn -0.7709 -0.6341 0.0604
vn 0.2479 -0.9688 -0.0069
vn 0.2475 -0.9689 -0.0072
vn 0.2485 -0.9686 -0.0062
vn -0.6344 -0.7730 0.0026
vn -0.6345 -0.7730 0.0027
vn -0.6347 -0.7727 0.0030
vn -0.8168 -0.5766 -0.0201
vn -0.8168 -0.5765 -0.0201
vn -0.5766 0.8168 -0.0201
vn -0.5765 0.8168 -0.0201
vn -0.1925 -0.0050 -0.9813
vn 0.0414 0.0064 -0.9991
vn 0.0020 -0.0045 -1.0000
vn -0.9948 0.0004 -0.1018
vn -0.9947 0.0004 -0.1024
vn -0.9947 0.0005 -0.1027
vn -0.5783 -0.8155 -0.0222
vn -0.5783 -0.8155 -0.0221
vn 0.0050 -0.1925 -0.9813
vn 0.0001 0.0104 -0.9999
vn 0.0096 0.0085 -0.9999
vn -0.0000 -0.9949 -0.1008
vn -0.0002 -0.9948 -0.1016
vn -0.0005 -0.9947 -0.1027
vn -0.5029 0.8626 0.0540
vn -0.5025 0.8629 0.0538
vn -0.5027 0.8628 0.0539
vn -0.5680 -0.0764 -0.8195
vn -0.5677 -0.0763 -0.8197
vn -0.5680 -0.0763 -0.8195
vn 0.5488 0.1723 -0.8180
vn 0.5486 0.1722 -0.8182
vn -0.5107 0.8567 0.0725
vn 0.0996 0.9931 0.0614
vn 0.0997 0.9931 0.0614
vn 0.3877 0.8000 -0.4579
vn 0.3877 0.8001 -0.4578
vn -0.7027 0.5253 -0.4799
vn 0.3738 0.5762 0.7269
vn -0.5851 0.3597 0.7269
vn 0.5722 -0.8201 -0.0087
vn 0.5727 -0.8197 -0.0083
vn 0.5725 -0.8199 -0.0085
vn -0.1714 -0.9852 -0.0028
vn -0.1716 -0.9852 -0.0026
vn -0.1719 -0.9851 -0.0024
vn 0.9976 0.0515 0.0462
vn 0.9989 -0.0052 0.0459
vn 0.0810 -0.5083 -0.8574
vn 0.0848 0.4988 -0.8626
vn 0.0848 0.4987 -0.8626
vn 0.8527 -0.5220 0.0215
vn 0.9675 0.2461 0.0577
vn 0.4173 -0.5937 -0.6880
vn 0.3673 0.4957 -0.7870
vn 0.3673 0.4956 -0.7871
vn 0.5517 0.5308 0.6434
vn 0.5517 0.5298 0.6442
vn 0.5517 0.5301 0.6440
vn 0.3821 -0.5651 0.7312
vn 0.3822 -0.5649 0.7313
vn -0.9658 -0.2594 0.0026
vn -0.9660 -0.2585 0.0018
vn -0.9658 -0.2592 0.0025
vn -0.8507 0.5257 0.0032
vn -0.8508 0.5255 0.0029
vn -0.8507 0.5256 0.0030
vn 0.8135 0.5798 0.0441
vn 0.9574 0.2850 0.0471
vn 0.8135 0.5799 0.0441
vn -0.5751 0.1686 -0.8005
vn -0.5749 0.1685 -0.8007
vn 0.5944 -0.0911 -0.7990
vn 0.5941 -0.0912 -0.7992
vn 0.5940 -0.0912 -0.7993
vn -0.2203 0.9735 0.0607
vn -0.2205 0.9735 0.0607
vn 0.6268 0.7753 0.0769
vn 0.6270 0.7752 0.0769
vn 0.6268 0.7754 0.0769
vn -0.5853 0.6283 -0.5125
vn 0.6940 0.3776 -0.6130
vn 0.6941 0.3774 -0.6130
vn 0.6927 0.3766 -0.6151
vn 0.6024 0.3517 0.7166
vn -0.4011 0.5708 0.7165
vn -0.5926 0.5580 -0.5809
vn 0.0075 0.7337 -0.6794
vn -0.0445 0.7537 -0.6557
vn 0.0077 0.7341 -0.6790
vn 0.2329 0.6335 -0.7379
vn 0.2329 0.6335 -0.7378
vn 0.4898 -0.0041 -0.8718
vn 0.5311 0.0494 -0.8459
vn -0.3993 0.6831 -0.6115
vn 0.1021 0.7364 -0.6688
vn 0.1021 0.7363 -0.6689
vn 0.5599 0.2132 -0.8006
vn -0.5406 0.5386 -0.6463
vn 0.6954 -0.7185 -0.0083
vn 0.6497 -0.7601 -0.0081
vn 0.5406 -0.1053 0.8347
vn -0.4048 0.3398 0.8489
vn -0.0924 0.5436 0.8343
vn -0.0432 0.5483 0.8351
vn -0.3507 0.4131 0.8404
vn -0.2856 0.4756 0.8320
vn -0.2855 0.4758 0.8319
vn 0.3426 0.9388 0.0353
vn 0.3427 0.9388 0.0354
vn 0.0349 0.5487 0.8353
vn 0.0844 0.5444 0.8346
vn 0.0351 0.5487 0.8353
vn 0.5068 0.1495 0.8490
vn 0.5310 0.0359 0.8466
vn 0.1635 0.9851 0.0542
vn 0.0749 0.9956 0.0564
vn 0.9573 0.2850 0.0479
vn -0.4976 -0.8670 0.0252
vn -0.6736 -0.7367 0.0600
vn -0.0723 0.9958 0.0562
vn -0.0723 0.9958 0.0560
vn -0.7083 0.7033 0.0602
vn 0.9921 -0.1164 0.0460
vn 0.9920 -0.1169 0.0468
vn 0.5469 0.0009 0.8372
vn -0.9676 0.2471 0.0512
vn -0.8052 0.5901 0.0579
vn -0.1596 0.9857 0.0542
vn -0.1597 0.9857 0.0540
vn 0.1070 0.0309 -0.9938
vn 0.7516 -0.6596 -0.0085
vn 0.7515 -0.6597 -0.0085
vn 0.5364 0.3905 -0.7482
vn 0.8155 -0.5783 -0.0222
vn 0.0310 0.0893 -0.9955
vn 0.0311 0.0891 -0.9955
vn 0.1377 -0.0040 -0.9905
vn 0.1253 0.0104 -0.9921
vn -0.0807 0.0844 -0.9932
vn -0.0825 0.0848 -0.9930
vn -0.0807 0.0842 -0.9932
vn 0.4642 -0.8858 -0.0000
vn -0.3674 -0.9301 -0.0001
vn 0.2890 -0.6375 0.7142
vn 0.6227 -0.2935 0.7253
vn 0.6857 0.1174 -0.7184
vn 0.6856 0.1175 -0.7184
vn -0.2342 -0.6546 -0.7188
vn -0.5770 -0.3742 -0.7260
vn -0.5770 -0.3741 0.7260
vn -0.2341 -0.6546 0.7188
vn -0.6602 -0.2256 0.7164
vn 0.6857 0.1175 0.7184
vn 0.6678 0.2456 0.7026
vn 0.2681 -0.9634 -0.0001
vn -0.1632 -0.9866 -0.0038
vn -0.1632 -0.9866 -0.0035
vn -0.9861 0.1659 -0.0001
vn -0.9861 0.1659 -0.0002
vn -0.9689 -0.2473 0.0103
vn -0.9830 -0.1835 0.0024
vn -0.9689 -0.2471 0.0103
vn 0.6955 -0.7185 -0.0082
vn 0.1587 -0.9873 -0.0048
vn 0.1589 -0.9873 -0.0040
vn 0.1589 -0.9873 -0.0038
vn -0.0445 0.7538 -0.6556
vn -0.1109 0.7747 -0.6225
vn -0.0760 0.0848 -0.9935
vn 0.0118 0.0935 -0.9955
vn -0.0022 0.0952 -0.9955
vn 0.7516 -0.0791 -0.6549
vn 0.0208 0.0914 -0.9956
vn 0.0944 0.0239 -0.9952
vn -0.0828 0.0854 -0.9929
vn -0.0086 0.0942 -0.9955
vn -0.0087 0.0942 -0.9955
vn 0.6099 -0.3282 0.7214
vn -0.6859 0.0496 0.7260
vn -0.6629 0.2182 0.7162
vn -0.9900 0.1410 0.0001
vn -0.0000 -0.9956 -0.0935
vn -0.9968 -0.0000 -0.0801
vn -0.0044 0.9830 -0.1836
vn -0.0045 0.9830 -0.1837
vn -0.8166 -0.4596 -0.3491
vn -0.8164 -0.4599 -0.3493
vn 0.8124 -0.4460 -0.3757
vn 0.8279 0.5056 -0.2429
vn -0.8374 0.4990 -0.2231
vn 0.0042 -0.9023 -0.4311
vn 0.0041 -0.9021 -0.4316
vn 0.0041 -0.9038 -0.4280
vn 0.0042 -0.9040 -0.4275
vn 0.0002 0.0120 -0.9999
vn -0.0042 0.9372 -0.3488
vn -0.0042 0.9373 -0.3485
vn -0.0043 0.9372 -0.3488
vn -0.9321 -0.0019 -0.3623
vn 0.9109 0.0068 -0.4125
vn 0.9109 0.0068 -0.4126
vn 0.9823 0.0055 -0.1870
vn 0.9825 0.0052 -0.1863
vn 0.9824 0.0053 -0.1867
vn -0.4792 0.8253 -0.2986
vn -0.4794 0.8254 -0.2981
vn -0.4795 0.8255 -0.2978
vn -0.4646 -0.8146 -0.3474
vn -0.4646 -0.8146 -0.3472
vn -0.4646 -0.8147 -0.3471
vn 0.5075 -0.8225 -0.2567
vn 0.5008 0.8384 -0.2152
vn -0.9449 -0.0029 -0.3273
vn -0.9378 -0.0026 -0.3473
vn -0.9377 -0.0026 -0.3473
vn 0.0030 0.0091 -1.0000
vn 0.9407 0.0060 -0.3391
vn -0.0039 0.9579 -0.2870
vn -0.0039 0.9578 -0.2872
vn -0.0035 0.9574 -0.2887
vn 0.0048 -0.9173 -0.3981
vn 0.0049 -0.9172 -0.3983
vn 0.0048 -0.9173 -0.3982
vn -0.8293 0.5578 0.0329
vn -0.7887 0.6099 0.0765
vn -0.7795 0.6257 0.0295
vn -0.8763 -0.4795 -0.0459
vn -0.9518 -0.3066 -0.0116
vn -0.9518 -0.3065 -0.0116
vn -0.8469 0.5307 -0.0320
vn -0.8674 0.4923 -0.0731
vn -0.8469 0.5307 -0.0321
vn -0.8057 0.5918 0.0247
vn -0.7537 0.6531 0.0740
vn -0.9776 -0.2088 0.0259
vn -0.9775 -0.2102 0.0139
vn -0.9776 -0.2088 0.0251
vn -0.9776 -0.2101 0.0139
vn -0.8045 0.5895 -0.0726
vn -0.7720 0.6350 -0.0278
vn -0.7692 0.6349 -0.0725
vn -0.5480 0.8329 -0.0777
vn -0.4930 0.8688 -0.0461
vn -0.4468 0.8911 -0.0796
vn -0.5643 0.8243 -0.0451
vn -0.5559 0.8311 0.0158
vn -0.1577 0.9873 0.0199
vn -0.1607 0.9850 0.0624
vn -0.1613 0.9865 0.0269
vn 0.0061 0.9978 0.0657
vn 0.0063 0.9996 0.0286
vn 0.6090 0.7899 -0.0716
vn 0.6072 0.7943 -0.0218
vn 0.6032 0.7940 -0.0756
vn 0.6221 0.7820 0.0395
vn 0.5589 0.8255 0.0788
vn 0.6222 0.7779 0.0876
vn 0.4230 0.9039 0.0636
vn 0.3725 0.9267 0.0492
vn 0.3726 0.9267 0.0492
vn -0.6103 0.7920 -0.0180
vn -0.5981 0.8011 -0.0239
vn -0.6028 0.7979 0.0042
vn -0.4285 0.8996 -0.0842
vn -0.4203 0.9059 -0.0521
vn -0.4203 0.9059 -0.0524
vn 0.8016 0.5976 -0.0171
vn 0.8728 0.4875 -0.0228
vn 0.8014 0.5978 -0.0173
vn -0.4317 0.9005 -0.0529
vn -0.3935 0.9187 -0.0326
vn 0.4920 0.8698 -0.0370
vn 0.5254 0.8486 -0.0617
vn -0.0230 0.9975 -0.0661
vn -0.0309 0.9990 -0.0317
vn -0.0309 0.9990 -0.0316
vn 0.5163 0.8558 -0.0323
vn 0.4784 0.8751 -0.0734
vn 0.6633 0.7466 0.0513
vn 0.6645 0.7473 0.0050
vn 0.1791 0.9823 -0.0553
vn 0.1769 0.9816 -0.0725
vn 0.1769 0.9814 -0.0742
vn 0.0958 0.9913 0.0899
vn 0.1598 0.9786 0.1299
vn 0.1617 0.9840 0.0751
vn 0.5763 0.8169 0.0247
vn 0.6362 0.7679 0.0745
vn -0.0338 0.9977 0.0584
vn -0.0356 0.9991 0.0223
vn -0.0337 0.9977 0.0584
vn 0.4669 0.8843 0.0037
vn 0.4693 0.8812 0.0575
vn -0.3386 0.9397 0.0476
vn -0.3568 0.9342 0.0013
vn 0.1631 0.9853 0.0510
vn 0.1624 0.9854 0.0510
vn 0.7220 0.6918 -0.0114
vn -0.2411 0.9692 0.0495
vn -0.3688 0.9295 -0.0013
vn -0.3689 0.9295 -0.0014
vn -0.5477 0.8340 -0.0674
vn -0.5940 0.8044 -0.0013
vn -0.5477 0.8341 -0.0653
vn -0.5941 0.8044 -0.0012
vn -0.6014 0.7989 0.0082
vn -0.5941 0.8044 -0.0013
vn 0.1758 0.9840 -0.0306
vn 0.3010 0.9533 0.0245
vn 0.1759 0.9839 -0.0307
vn 0.3011 0.9533 0.0245
vn -0.5865 0.8098 0.0121
vn -0.6039 0.7927 0.0833
vn 0.0114 0.9977 -0.0673
vn 0.0083 0.9997 -0.0231
vn -0.1616 0.9866 -0.0219
vn -0.1616 0.9866 -0.0220
vn -0.1614 0.9869 0.0034
vn -0.1615 0.9866 -0.0220
vn -0.1617 0.9844 -0.0697
vn -0.1196 0.9901 0.0739
vn -0.0622 0.9971 0.0448
vn 0.6428 0.7597 -0.0978
vn -0.7557 0.6434 -0.1227
vn -0.1616 0.9844 -0.0698
vn -0.1617 0.9844 -0.0698
vn 0.2604 0.9610 0.0928
vn 0.2138 0.9767 0.0208
vn 0.1776 0.9836 -0.0329
vn 0.1769 0.9813 -0.0759
vn 0.1382 0.9901 0.0227
vn 0.1633 0.9866 0.0005
vn 0.1747 0.9846 0.0017
vn -0.3910 0.9196 0.0385
vn -0.3917 0.9201 -0.0043
vn 0.1773 0.9836 -0.0339
vn 0.6629 0.7442 -0.0822
vn -0.3910 0.9164 -0.0851
vn 0.2962 0.8968 0.3286
vn 0.4631 0.8345 0.2985
vn 0.2965 0.8967 0.3286
vn -0.7064 0.6436 -0.2946
vn -0.6523 0.6946 -0.3034
vn -0.7065 0.6435 -0.2946
vn -0.7253 0.6240 -0.2909
vn 0.2149 0.9159 0.3390
vn -0.1610 0.9869 -0.0087
vn -0.0646 0.9933 0.0958
vn -0.1590 0.9738 0.1624
vn 0.8723 0.4832 -0.0741
vn 0.8345 0.5489 -0.0476
vn 0.8559 0.5153 -0.0437
vn 0.9873 0.1576 0.0199
vn 0.9850 0.1607 0.0622
vn 0.9865 0.1613 0.0269
vn 0.9978 -0.0073 0.0662
vn 0.9996 -0.0063 0.0284
vn 0.9996 -0.0063 0.0285
vn 0.9109 -0.4079 0.0620
vn 0.9733 -0.2264 0.0374
vn 0.7920 0.6103 -0.0180
vn 0.8011 0.5981 -0.0239
vn 0.7958 0.6056 0.0040
vn 0.8996 0.4285 -0.0842
vn 0.9059 0.4203 -0.0520
vn 0.9059 0.4202 -0.0519
vn 0.5976 -0.8016 -0.0169
vn 0.4874 -0.8729 -0.0223
vn 0.5978 -0.8014 -0.0172
vn 0.9005 0.4317 -0.0528
vn 0.9188 0.3935 -0.0326
vn 0.8698 -0.4920 -0.0368
vn 0.8486 -0.5254 -0.0613
vn 0.7466 -0.6633 0.0513
vn 0.7473 -0.6645 0.0050
vn 0.9823 -0.1791 -0.0551
vn 0.9816 -0.1769 -0.0722
vn 0.9815 -0.1769 -0.0739
vn 0.9913 -0.0961 0.0895
vn 0.9786 -0.1598 0.1294
vn 0.9840 -0.1617 0.0747
vn 0.8843 -0.4669 0.0036
vn 0.8812 -0.4693 0.0571
vn 0.9397 0.3386 0.0474
vn 0.9342 0.3568 0.0012
vn 0.9397 0.3387 0.0474
vn 0.9342 0.3568 0.0013
vn 0.9853 -0.1629 0.0507
vn 0.9854 -0.1623 0.0507
vn 0.9854 -0.1624 0.0507
vn 0.6918 -0.7220 -0.0114
vn 0.9692 0.2414 0.0493
vn 0.9295 0.3689 -0.0014
vn 0.9692 0.2413 0.0493
vn 0.9295 0.3689 -0.0015
vn 0.8075 0.5899 -0.0069
vn 0.8426 0.5345 -0.0657
vn 0.8427 0.5344 -0.0657
vn 0.7965 0.6046 0.0080
vn 0.8074 0.5899 -0.0068
vn 0.9940 0.1088 -0.0117
vn 0.8968 0.4378 -0.0638
vn 0.8968 0.4379 -0.0638
vn 0.9940 0.1087 -0.0117
vn 0.8280 0.5606 -0.0091
vn 0.8381 0.5455 -0.0078
vn 0.8066 0.5878 0.0626
vn 0.9977 -0.0119 -0.0673
vn 0.9997 -0.0083 -0.0230
vn 0.9977 -0.0114 -0.0670
vn 0.9866 0.1616 -0.0218
vn 0.9866 0.1616 -0.0219
vn 0.9869 0.1614 0.0034
vn 0.9866 0.1615 -0.0220
vn 0.9844 0.1617 -0.0695
vn 0.9901 0.1197 0.0737
vn 0.9970 0.0625 0.0447
vn 0.7598 -0.6429 -0.0974
vn 0.6433 0.7557 -0.1228
vn 0.9844 0.1616 -0.0696
vn 0.9844 0.1617 -0.0697
vn 0.9612 -0.2600 0.0923
vn 0.9767 -0.2135 0.0207
vn 0.9835 -0.1777 -0.0328
vn 0.9813 -0.1769 -0.0756
vn 0.9901 -0.1383 0.0226
vn 0.9866 -0.1633 0.0005
vn 0.9846 -0.1747 0.0017
vn 0.9196 0.3910 0.0385
vn 0.9201 0.3917 -0.0044
vn 0.9836 -0.1772 -0.0338
vn 0.7442 -0.6629 -0.0822
vn 0.9164 0.3910 -0.0851
vn 0.8968 -0.2962 0.3286
vn 0.8346 -0.4631 0.2985
vn 0.8967 -0.2965 0.3286
vn 0.6435 0.7065 -0.2946
vn 0.6946 0.6523 -0.3034
vn 0.6239 0.7253 -0.2910
vn 0.9159 -0.2149 0.3390
vn 0.9869 0.1610 -0.0087
vn 0.9933 0.0649 0.0954
vn 0.9739 0.1590 0.1620
vn -0.7316 0.6777 0.0738
vn -0.7110 0.7025 0.0309
vn -0.6822 0.7299 -0.0425
vn -0.7323 0.6771 -0.0721
vn -0.6847 0.7279 0.0379
vn -0.7193 0.6944 -0.0208
vn 0.6979 0.7148 0.0440
vn 0.6023 0.7939 -0.0835
vn 0.6898 0.7240 -0.0022
vn 0.7217 0.6853 0.0975
vn 0.7040 0.7035 0.0969
vn -0.6788 0.7306 0.0744
vn -0.6788 0.7305 0.0744
vn 0.8415 0.5334 -0.0859
vn 0.7497 0.6520 -0.1137
vn 0.7288 0.6818 0.0627
vn 0.8517 0.4089 -0.3278
vn 0.8248 0.4523 -0.3392
vn 0.4887 0.8493 0.1999
vn 0.4631 0.8635 0.1996
vn 0.4887 0.8492 0.1999
vn 0.5260 0.8266 0.2002
vn 0.8847 0.3475 -0.3107
vn 0.7907 0.6119 -0.0172
vn 0.7785 0.6264 -0.0390
vn 0.7048 0.7030 0.0954
vn 0.6433 0.7633 -0.0591
vn 0.6666 0.7346 -0.1268
vn 0.7356 0.6676 -0.1152
vn 0.6871 0.7166 -0.1197
vn 0.5419 0.8398 0.0324
vn 0.5796 0.8141 -0.0368
vn -0.9845 0.1733 0.0281
vn -0.9320 0.3523 0.0856
vn -0.8915 0.4421 0.0990
vn -0.7241 0.6707 0.1607
vn -0.6199 0.7713 0.1444
vn 0.1633 0.9866 0.0002
vn 0.1713 0.9848 0.0282
vn 0.3513 0.9323 0.0859
vn 0.4414 0.8918 0.0993
vn 0.6707 0.7241 0.1609
vn 0.6707 0.7240 0.1609
vn 0.7712 0.6199 0.1444
vn 0.4415 0.8917 0.0993
vn 0.9866 -0.1633 0.0002
vn -0.8975 0.4303 0.0963
vn 0.0459 0.9948 0.0912
vn 0.8293 -0.5578 0.0329
vn 0.7887 -0.6100 0.0765
vn 0.7795 -0.6257 0.0295
vn 0.8763 0.4795 -0.0459
vn 0.9518 0.3066 -0.0116
vn 0.8470 -0.5307 -0.0320
vn 0.8674 -0.4923 -0.0731
vn 0.8470 -0.5307 -0.0321
vn 0.8057 -0.5918 0.0247
vn 0.7536 -0.6531 0.0740
vn 0.7537 -0.6531 0.0740
vn 0.9776 0.2088 0.0259
vn 0.9775 0.2102 0.0139
vn 0.9776 0.2088 0.0251
vn 0.9776 0.2101 0.0139
vn 0.8045 -0.5895 -0.0726
vn 0.7720 -0.6350 -0.0278
vn 0.7692 -0.6348 -0.0726
vn 0.5480 -0.8329 -0.0777
vn 0.4930 -0.8688 -0.0461
vn 0.4468 -0.8911 -0.0796
vn 0.5643 -0.8243 -0.0451
vn 0.5559 -0.8311 0.0158
vn 0.1577 -0.9873 0.0199
vn 0.1607 -0.9850 0.0624
vn 0.1613 -0.9865 0.0269
vn -0.0064 -0.9978 0.0659
vn -0.0063 -0.9996 0.0286
vn -0.6090 -0.7899 -0.0716
vn -0.6072 -0.7943 -0.0218
vn -0.6032 -0.7940 -0.0755
vn -0.6221 -0.7820 0.0395
vn -0.5589 -0.8255 0.0788
vn -0.6222 -0.7780 0.0876
vn -0.4230 -0.9039 0.0636
vn -0.3725 -0.9267 0.0492
vn -0.3726 -0.9267 0.0492
vn 0.6103 -0.7920 -0.0180
vn 0.5981 -0.8011 -0.0239
vn 0.6028 -0.7979 0.0042
vn 0.4285 -0.8996 -0.0842
vn 0.4204 -0.9058 -0.0524
vn 0.4203 -0.9059 -0.0524
vn -0.8016 -0.5976 -0.0171
vn -0.8729 -0.4873 -0.0228
vn -0.8015 -0.5977 -0.0173
vn 0.4317 -0.9005 -0.0529
vn 0.3935 -0.9188 -0.0326
vn -0.4920 -0.8698 -0.0370
vn -0.5255 -0.8486 -0.0617
vn 0.0229 -0.9976 -0.0661
vn 0.0309 -0.9990 -0.0316
vn -0.5163 -0.8558 -0.0323
vn -0.4784 -0.8751 -0.0734
vn -0.6633 -0.7466 0.0513
vn -0.6645 -0.7473 0.0050
vn -0.1791 -0.9823 -0.0553
vn -0.1769 -0.9816 -0.0725
vn -0.1769 -0.9814 -0.0746
vn -0.0958 -0.9913 0.0899
vn -0.1598 -0.9786 0.1299
vn -0.1617 -0.9840 0.0751
vn -0.5763 -0.8169 0.0247
vn -0.6362 -0.7679 0.0745
vn 0.0336 -0.9977 0.0584
vn 0.0356 -0.9991 0.0223
vn 0.0337 -0.9977 0.0584
vn 0.0357 -0.9991 0.0223
vn -0.4669 -0.8843 0.0037
vn -0.4693 -0.8812 0.0575
vn 0.3386 -0.9397 0.0476
vn 0.3568 -0.9342 0.0013
vn -0.1631 -0.9853 0.0510
vn -0.1623 -0.9854 0.0510
vn -0.7220 -0.6918 -0.0114
vn 0.2412 -0.9692 0.0495
vn 0.3689 -0.9295 -0.0014
vn 0.5476 -0.8340 -0.0674
vn 0.5940 -0.8045 -0.0013
vn 0.5477 -0.8342 -0.0653
vn 0.5941 -0.8044 -0.0012
vn 0.6014 -0.7989 0.0082
vn 0.5941 -0.8044 -0.0013
vn -0.1759 -0.9839 -0.0306
vn -0.3011 -0.9533 0.0245
vn -0.1758 -0.9840 -0.0307
vn 0.5865 -0.8098 0.0121
vn 0.6039 -0.7927 0.0833
vn -0.0117 -0.9977 -0.0675
vn -0.0083 -0.9997 -0.0231
vn -0.0114 -0.9977 -0.0673
vn -0.0083 -0.9997 -0.0230
vn 0.1616 -0.9866 -0.0219
vn 0.1616 -0.9866 -0.0220
vn 0.1614 -0.9869 0.0034
vn 0.1615 -0.9866 -0.0220
vn 0.1617 -0.9844 -0.0697
vn 0.1196 -0.9901 0.0739
vn 0.0622 -0.9971 0.0448
vn -0.6428 -0.7597 -0.0978
vn 0.7557 -0.6434 -0.1227
vn 0.1616 -0.9844 -0.0698
vn 0.1617 -0.9844 -0.0698
vn -0.2604 -0.9610 0.0928
vn -0.2138 -0.9767 0.0208
vn -0.1776 -0.9836 -0.0330
vn -0.1769 -0.9813 -0.0759
vn -0.1382 -0.9901 0.0226
vn -0.1633 -0.9866 0.0002
vn -0.1747 -0.9846 0.0017
vn 0.3910 -0.9196 0.0385
vn 0.3917 -0.9201 -0.0043
vn -0.1773 -0.9836 -0.0339
vn -0.6629 -0.7442 -0.0822
vn 0.3910 -0.9164 -0.0851
vn -0.2962 -0.8968 0.3286
vn -0.4631 -0.8345 0.2985
vn -0.2964 -0.8968 0.3286
vn 0.7064 -0.6436 -0.2946
vn 0.6523 -0.6946 -0.3034
vn 0.7065 -0.6435 -0.2946
vn 0.7253 -0.6239 -0.2910
vn -0.2149 -0.9159 0.3390
vn 0.1610 -0.9869 -0.0087
vn 0.0646 -0.9933 0.0958
vn 0.1590 -0.9738 0.1624
vn -0.8724 -0.4832 -0.0741
vn -0.8348 -0.5484 -0.0476
vn -0.8559 -0.5153 -0.0437
vn -0.9873 -0.1576 0.0200
vn -0.9850 -0.1607 0.0622
vn -0.9865 -0.1613 0.0270
vn -0.9978 0.0065 0.0657
vn -0.9996 0.0063 0.0285
vn -0.9109 0.4079 0.0620
vn -0.9728 0.2286 0.0374
vn -0.7920 -0.6103 -0.0180
vn -0.8011 -0.5981 -0.0239
vn -0.7944 -0.6073 0.0038
vn -0.8996 -0.4285 -0.0842
vn -0.9059 -0.4203 -0.0520
vn -0.9058 -0.4204 -0.0523
vn -0.5976 0.8016 -0.0169
vn -0.4875 0.8728 -0.0223
vn -0.5979 0.8014 -0.0173
vn -0.9005 -0.4317 -0.0528
vn -0.9188 -0.3935 -0.0326
vn -0.8698 0.4920 -0.0368
vn -0.8485 0.5256 -0.0613
vn -0.7466 0.6633 0.0513
vn -0.7473 0.6645 0.0050
vn -0.9823 0.1791 -0.0551
vn -0.9816 0.1769 -0.0722
vn -0.9814 0.1769 -0.0744
vn -0.9913 0.0961 0.0895
vn -0.9786 0.1598 0.1294
vn -0.9840 0.1617 0.0747
vn -0.8843 0.4669 0.0036
vn -0.8812 0.4693 0.0571
vn -0.9397 -0.3386 0.0474
vn -0.9342 -0.3568 0.0012
vn -0.9342 -0.3568 0.0013
vn -0.9853 0.1629 0.0507
vn -0.9854 0.1624 0.0507
vn -0.9854 0.1623 0.0507
vn -0.6918 0.7220 -0.0114
vn -0.9692 -0.2412 0.0493
vn -0.9295 -0.3689 -0.0014
vn -0.9295 -0.3689 -0.0015
vn -0.8052 -0.5930 -0.0070
vn -0.8395 -0.5394 -0.0654
vn -0.8394 -0.5395 -0.0654
vn -0.7949 -0.6067 0.0078
vn -0.8052 -0.5929 -0.0069
vn -0.8989 -0.4336 -0.0634
vn -0.9945 -0.1040 -0.0116
vn -0.8989 -0.4336 -0.0635
vn -0.8280 -0.5606 -0.0091
vn -0.8381 -0.5455 -0.0078
vn -0.8066 -0.5878 0.0626
vn -0.9977 0.0117 -0.0672
vn -0.9997 0.0083 -0.0230
vn -0.9977 0.0114 -0.0670
vn -0.9866 -0.1616 -0.0218
vn -0.9866 -0.1616 -0.0219
vn -0.9869 -0.1614 0.0034
vn -0.9866 -0.1615 -0.0220
vn -0.9844 -0.1617 -0.0695
vn -0.9901 -0.1197 0.0737
vn -0.9970 -0.0625 0.0447
vn -0.7598 0.6429 -0.0974
vn -0.6433 -0.7557 -0.1228
vn -0.9844 -0.1616 -0.0696
vn -0.9844 -0.1617 -0.0697
vn -0.9612 0.2600 0.0923
vn -0.9767 0.2135 0.0207
vn -0.9836 0.1776 -0.0328
vn -0.9813 0.1769 -0.0756
vn -0.9901 0.1383 0.0226
vn -0.9866 0.1634 0.0011
vn -0.9846 0.1747 0.0017
vn -0.9196 -0.3910 0.0385
vn -0.9201 -0.3917 -0.0043
vn -0.9201 -0.3917 -0.0044
vn -0.9836 0.1773 -0.0338
vn -0.7442 0.6629 -0.0822
vn -0.9164 -0.3910 -0.0851
vn -0.8969 0.2961 0.3286
vn -0.8345 0.4631 0.2985
vn -0.8968 0.2964 0.3286
vn -0.6435 -0.7064 -0.2946
vn -0.6946 -0.6523 -0.3034
vn -0.6435 -0.7065 -0.2946
vn -0.6239 -0.7253 -0.2910
vn -0.9159 0.2149 0.3390
vn -0.9869 -0.1610 -0.0087
vn -0.9933 -0.0649 0.0954
vn -0.9739 -0.1590 0.1620
vn 0.7316 -0.6777 0.0738
vn 0.7110 -0.7025 0.0309
vn 0.6820 -0.7301 -0.0426
vn 0.7323 -0.6771 -0.0721
vn 0.6849 -0.7276 0.0380
vn 0.7193 -0.6944 -0.0208
vn -0.6979 -0.7148 0.0440
vn -0.6023 -0.7939 -0.0835
vn -0.6898 -0.7240 -0.0022
vn -0.7217 -0.6853 0.0975
vn -0.7040 -0.7035 0.0969
vn 0.6788 -0.7306 0.0744
vn 0.6788 -0.7305 0.0744
vn -0.8415 -0.5334 -0.0859
vn -0.7497 -0.6520 -0.1137
vn -0.7288 -0.6818 0.0627
vn -0.8517 -0.4089 -0.3278
vn -0.8248 -0.4523 -0.3392
vn -0.4887 -0.8492 0.1999
vn -0.4631 -0.8635 0.1996
vn -0.5260 -0.8266 0.2002
vn -0.8847 -0.3475 -0.3107
vn -0.7907 -0.6119 -0.0172
vn -0.7785 -0.6264 -0.0390
vn -0.7048 -0.7029 0.0954
vn -0.6433 -0.7633 -0.0591
vn -0.6666 -0.7346 -0.1268
vn -0.7355 -0.6676 -0.1152
vn -0.6871 -0.7166 -0.1197
vn -0.5419 -0.8398 0.0324
vn -0.5796 -0.8141 -0.0368
vn 0.9845 -0.1734 0.0281
vn 0.9320 -0.3522 0.0856
vn 0.8915 -0.4421 0.0990
vn 0.7241 -0.6707 0.1607
vn 0.6200 -0.7712 0.1444
vn -0.1713 -0.9848 0.0282
vn -0.3513 -0.9323 0.0859
vn -0.4414 -0.8918 0.0993
vn -0.6707 -0.7241 0.1609
vn -0.7713 -0.6199 0.1444
vn -0.4415 -0.8918 0.0993
vn -0.9866 0.1632 0.0002
vn 0.8975 -0.4303 0.0963
vn -0.0459 -0.9948 0.0912
vn 0.1220 -0.6334 -0.7641
vn 0.9844 0.1755 0.0117
vn 0.9844 0.1754 0.0117
vn -0.1220 0.6334 0.7641
vn -0.1266 0.7537 -0.6449
vn -0.1615 0.6979 -0.6977
vn -0.0199 0.7046 0.7094
vn 0.1616 -0.6979 0.6977
vn 0.0199 -0.7046 -0.7094
vn -0.2148 -0.9492 0.2301
vn 0.2148 0.9492 -0.2301
vn 0.9753 -0.2208 -0.0004
vn 0.0512 0.2243 0.9732
vn -0.0512 -0.2243 -0.9732
vn 0.0526 0.1725 -0.9836
vn 0.1912 0.9650 0.1795
vn -0.1912 -0.9650 -0.1795
vn -0.0526 -0.1725 0.9836
vn 0.3054 0.6776 0.6690
vn 0.3051 0.6774 0.6693
vn -0.2501 0.9682 -0.0000
vn -0.2502 0.9682 -0.0000
vn -0.2500 0.9682 -0.0000
vn -0.1087 0.5508 -0.8275
vn -0.2049 -0.8629 -0.4619
vn -0.2048 -0.8629 -0.4619
vn -0.0000 0.0001 1.0000
vn -0.1638 -0.6738 0.7206
vn -0.1638 -0.6738 0.7205
vn -0.0001 -0.0000 1.0000
vn 0.9508 -0.3098 0.0012
vn 0.9858 -0.1677 0.0007
vn 0.9851 -0.1720 0.0007
vn 0.9860 0.1666 0.0005
vn 0.9972 0.0753 0.0003
vn 0.9991 -0.0430 0.0004
vn 0.9991 -0.0432 0.0004
vn 0.9971 0.0756 0.0003
vn 0.9991 -0.0427 0.0005
vn 0.9867 -0.1627 0.0007
vn -0.2231 -0.9748 -0.0000
vn -0.2226 -0.9749 -0.0000
vn -0.2225 -0.9749 -0.0000
vn -0.2499 0.9683 -0.0000
vn -0.2231 -0.9748 0.0001
vn -0.0000 0.5023 0.8647
vn -0.0063 -0.5062 -0.8624
vn -0.0080 -0.5083 -0.8611
vn -0.0081 -0.5078 -0.8614
vn -0.0000 0.5023 -0.8647
vn -0.0081 -0.5078 0.8614
vn -0.0122 -0.5073 0.8617
vn -0.0080 -0.5084 0.8611
vn 0.7571 -0.6533 -0.0000
vn -0.0000 -0.5023 0.8647
vn -0.0000 -0.5023 -0.8647
vn 0.7870 0.6134 0.0671
vn 0.8917 -0.3727 -0.2568
vn 0.9801 -0.1976 0.0178
vn 0.8558 0.4912 0.1624
vn 0.8559 0.4910 0.1622
vn 0.8558 0.4912 0.1625
vn 0.9867 0.1285 -0.1000
vn 0.0032 -0.0850 0.9964
vn 0.1266 -0.7537 0.6449
vn 0.0008 0.0073 1.0000
vn 1.0000 0.0004 0.0012
vn 1.0000 0.0001 0.0010
vn 0.4992 0.8664 0.0087
vn 0.4996 0.8662 0.0085
vn 0.4992 0.8665 0.0087
vn -1.0000 -0.0001 -0.0010
vn 0.4995 -0.8663 -0.0071
vn 0.4995 -0.8663 -0.0072
vn 0.4996 0.8662 0.0081
vn 0.4996 0.8662 0.0082
vn -0.4995 0.8663 0.0072
vn -0.4996 -0.8662 -0.0081
vn -0.4996 -0.8662 -0.0085
vn 0.4995 -0.8663 -0.0073
vn 0.4995 -0.8663 -0.0074
vn -1.0000 -0.0001 -0.0011
vn -0.4995 0.8663 0.0080
vn 1.0000 0.0001 0.0011
vn 0.4996 0.8662 0.0091
vn -0.4996 -0.8662 -0.0089
vn 0.4995 -0.8663 -0.0078
vn 0.4995 -0.8663 -0.0077
vn 0.9858 0.0014 0.1680
vn -0.9861 0.0011 0.1664
vn -0.9861 0.0011 0.1663
vn -0.0000 -0.9850 0.1724
vn 0.0003 0.9824 0.1866
vn 0.5074 0.5946 0.6237
vn -0.3669 0.6422 0.6730
vn -0.4995 0.8663 0.0077
vn 0.3734 0.9016 0.2183
vn 0.4796 0.8495 0.2199
vn 0.2100 0.4910 0.8454
vn 0.2101 0.4910 0.8454
vn 0.2100 0.4911 0.8454
vn 0.5857 0.1379 0.7987
vn 0.5523 0.2745 0.7872
vn 0.5858 0.1376 0.7987
vn -0.2525 0.9423 0.2201
vn -0.0000 0.9755 0.2201
vn 0.5517 0.2757 0.7872
vn 0.4266 0.4267 0.7974
vn -0.4426 0.8694 0.2196
vn -0.2525 0.9422 0.2201
vn 0.2904 0.5435 0.7876
vn -0.7989 -0.1825 0.5731
vn -0.7388 -0.3676 0.5649
vn -0.7387 -0.3677 0.5649
vn -0.5982 0.7712 0.2176
vn -0.5984 0.7712 0.2174
vn -0.0000 -0.6237 0.7817
vn 0.1614 -0.6024 0.7817
vn -0.5769 -0.5769 0.5783
vn -0.5769 -0.5768 0.5783
vn 0.2787 -0.5557 0.7833
vn -0.3845 -0.7298 0.5653
vn -0.1369 -0.8071 0.5743
vn -0.3165 -0.7640 0.5623
vn -0.1370 -0.8071 0.5743
vn -0.9755 -0.0000 0.2199
vn -0.9524 0.2110 0.2198
vn -0.9525 0.2110 0.2198
vn 0.4946 -0.3780 0.7826
vn 0.5411 -0.3062 0.7832
vn 0.4948 -0.3780 0.7825
vn -0.0000 -0.8191 0.5736
vn -0.1380 0.5857 0.7987
vn -0.0000 0.5937 0.8047
vn -0.1379 0.5858 0.7986
vn 0.6112 -0.1270 0.7812
vn 0.6236 0.0001 0.7817
vn -0.2756 0.5517 0.7872
vn -0.4266 0.4267 0.7975
vn -0.2746 0.5522 0.7872
vn -0.5434 0.2906 0.7876
vn 0.3679 -0.7386 0.5649
vn 0.1827 -0.7988 0.5731
vn 0.3684 -0.7384 0.5649
vn 0.5769 -0.5768 0.5783
vn 0.7298 -0.3844 0.5654
vn 0.5896 -0.0966 0.8019
vn 0.5722 -0.2369 0.7852
vn -0.5517 -0.2755 0.7872
vn -0.5857 -0.1380 0.7987
vn -0.5858 -0.1378 0.7987
vn -0.4266 -0.4266 0.7975
vn -0.5522 -0.2746 0.7872
vn -0.2905 -0.5434 0.7876
vn -0.4267 -0.4266 0.7975
vn 0.7387 0.3678 0.5649
vn 0.7988 0.1827 0.5732
vn 0.7383 0.3684 0.5650
vn -0.5410 0.3064 0.7832
vn -0.5792 0.2400 0.7791
vn 0.5768 0.5768 0.5784
vn 0.5768 0.5769 0.5784
vn 0.3845 0.7297 0.5654
vn 0.3844 0.7297 0.5654
vn 0.9016 -0.3734 0.2181
vn 0.9525 -0.2109 0.2197
vn 0.1379 -0.5857 0.7987
vn 0.2745 -0.5522 0.7872
vn 0.1381 -0.5857 0.7987
vn 0.2756 -0.5516 0.7872
vn 0.4267 -0.4266 0.7975
vn 0.5435 -0.2904 0.7876
vn -0.1825 0.7988 0.5732
vn -0.3674 0.7388 0.5650
vn -0.3676 0.7387 0.5650
vn -0.5768 0.5769 0.5784
vn -0.7297 0.3845 0.5654
vn 0.0967 0.5896 0.8019
vn -0.8071 0.1370 0.5744
vn -0.8191 0.0001 0.5736
vn 0.5937 0.0001 0.8047
vn 0.1369 0.8070 0.5744
vn -0.0000 0.8191 0.5737
vn -0.0000 -0.5937 0.8047
vn -0.0967 -0.5896 0.8019
vn 0.8071 -0.1369 0.5744
vn 0.8191 0.0001 0.5737
vn 0.8191 0.0001 0.5736
vn -0.5937 0.0001 0.8047
vn -0.5896 0.0968 0.8019
vn 0.5263 0.3008 0.7953
vn 0.8371 0.4833 0.2564
vn -0.0000 0.9663 0.2574
vn -0.0000 -0.6070 0.7947
vn 0.8370 -0.4832 0.2566
vn -0.0076 -0.9664 0.2568
vn -0.8468 -0.4514 0.2814
vn -0.8465 -0.4517 0.2819
vn -0.8466 -0.4516 0.2817
vn 0.0050 0.9570 0.2901
vn 0.0050 0.9570 0.2902
vn -0.8321 0.4770 0.2830
vn 0.5473 -0.2884 0.7857
vn -0.8365 0.4830 0.2586
vn -0.5472 -0.2880 0.7859
vn -0.5471 -0.2877 0.7861
vn -0.5472 -0.2885 0.7857
vn -0.8233 -0.5072 0.2548
vn 0.3756 -0.4899 0.7867
vn -0.8619 0.4587 0.2160
vn -0.7689 0.6047 0.2078
vn -0.7687 0.6051 0.2073
vn 0.2109 0.9524 0.2199
vn -0.1271 -0.6112 0.7812
vn -0.2399 -0.5792 0.7791
vn 0.5982 0.7712 0.2176
vn 0.5984 0.7712 0.2174
vn 0.9423 0.2525 0.2200
vn 0.8787 0.4255 0.2163
vn 0.9755 -0.0000 0.2200
vn -0.5585 -0.2769 0.7819
vn -0.4947 -0.3780 0.7825
vn -0.4948 -0.3780 0.7825
vn -0.6024 -0.1613 0.7817
vn -0.5585 -0.2768 0.7820
vn -0.6237 0.0001 0.7817
vn -0.5263 0.3008 0.7953
vn -0.8366 0.4830 0.2584
vn -0.0000 0.9664 0.2571
vn -0.8365 -0.4829 0.2589
vn 0.0119 -0.9665 0.2563
vn 0.8465 -0.4517 0.2819
vn 0.8468 -0.4514 0.2814
vn 0.8465 -0.4517 0.2817
vn -0.0050 0.9570 0.2902
vn -0.0050 0.9569 0.2902
vn 0.8321 0.4770 0.2830
vn -0.5473 -0.2885 0.7857
vn -0.5473 -0.2884 0.7857
vn 0.5472 -0.2880 0.7859
vn 0.5471 -0.2877 0.7861
vn 0.5470 -0.2873 0.7863
vn 0.8442 -0.4692 0.2590
vn -0.3080 -0.5368 0.7854
vn -0.3756 -0.4899 0.7867
vn -0.3081 -0.5368 0.7855
vn 0.8785 0.4254 0.2172
vn 0.7689 0.6047 0.2078
vn -0.0000 0.0002 1.0000
vn -0.2109 -0.9525 0.2196
vn -0.0000 -0.9755 0.2198
vn -0.6112 0.1272 0.7812
vn -0.4796 -0.8495 0.2197
vn -0.5983 -0.7712 0.2174
vn -0.5984 -0.7712 0.2172
vn 0.1270 0.6112 0.7812
vn -0.0000 0.6237 0.7817
vn -0.8786 -0.4254 0.2171
vn -0.9423 -0.2525 0.2199
vn -0.9423 -0.2524 0.2199
vn 0.5584 0.2770 0.7819
vn 0.4947 0.3782 0.7824
vn 0.6024 0.1615 0.7817
vn 0.5263 -0.3006 0.7954
vn 0.5264 -0.3006 0.7953
vn 0.8397 -0.4848 0.2449
vn -0.0000 -0.9696 0.2448
vn -0.0000 0.6070 0.7947
vn 0.8396 0.4848 0.2450
vn -0.0000 0.9695 0.2450
vn -0.8464 0.4518 0.2820
vn -0.8467 0.4514 0.2815
vn 0.0050 -0.9571 0.2899
vn 0.0050 -0.9570 0.2900
vn -0.8322 -0.4769 0.2829
vn 0.5472 0.2886 0.7856
vn 0.5472 0.2886 0.7857
vn -0.8397 -0.4848 0.2449
vn -0.5471 0.2881 0.7859
vn -0.5470 0.2878 0.7861
vn -0.5470 0.2874 0.7863
vn -0.8396 0.4848 0.2450
vn 0.3080 0.5370 0.7854
vn 0.3756 0.4900 0.7867
vn 0.3080 0.5369 0.7854
vn -0.7689 -0.6047 0.2076
vn -0.8788 -0.4254 0.2161
vn -0.7639 0.3165 0.5624
vn 0.2525 -0.9423 0.2198
vn 0.4426 -0.8694 0.2194
vn 0.5983 -0.7712 0.2175
vn 0.5984 -0.7712 0.2172
vn -0.1614 0.6025 0.7817
vn -0.2786 0.5557 0.7833
vn -0.2786 0.5558 0.7833
vn -0.4947 0.3782 0.7824
vn -0.4947 0.3782 0.7825
vn 0.8620 -0.4586 0.2161
vn 0.8620 -0.4586 0.2158
vn -0.5263 -0.3006 0.7954
vn -0.8377 -0.4836 0.2536
vn -0.0000 -0.9673 0.2537
vn -0.8377 0.4837 0.2534
vn -0.0025 0.9685 0.2490
vn -0.0023 0.9686 0.2486
vn -0.0024 0.9686 0.2487
vn 0.8467 0.4514 0.2815
vn 0.8464 0.4517 0.2820
vn 0.8464 0.4518 0.2821
vn -0.0050 -0.9571 0.2899
vn -0.0050 -0.9570 0.2899
vn 0.8322 -0.4769 0.2829
vn -0.5472 0.2886 0.7857
vn 0.8377 -0.4836 0.2537
vn 0.5471 0.2882 0.7859
vn 0.5470 0.2879 0.7861
vn 0.8385 0.4832 0.2520
vn 0.8380 0.4835 0.2529
vn 0.8382 0.4833 0.2526
vn -0.3756 0.4900 0.7867
vn 0.7690 -0.6046 0.2076
vn 0.7687 -0.6051 0.2072
vn 0.2370 0.5722 0.7851
vn -0.4910 0.2102 0.8454
vn -0.4909 0.2102 0.8455
vn 0.4957 -0.1985 0.8455
vn 0.2370 0.5721 0.7852
vn 0.2904 0.5434 0.7877
vn -0.1986 -0.4957 0.8455
vn -0.1986 -0.4956 0.8455
vn 0.5434 -0.2903 0.7876
vn 0.4910 -0.2100 0.8455
vn -0.2370 -0.5721 0.7852
vn 0.2399 0.5792 0.7791
vn -0.3735 -0.9016 0.2180
vn 0.1271 0.6112 0.7812
vn 0.3164 0.7639 0.5624
vn -0.4796 -0.8496 0.2197
vn -0.4957 0.1987 0.8455
vn -0.2904 -0.5434 0.7877
vn -0.2101 -0.4909 0.8455
vn -0.5721 0.2371 0.7852
vn 0.5792 -0.2398 0.7791
vn -0.9016 0.3735 0.2182
vn 0.7640 -0.3164 0.5623
vn -0.8619 0.4586 0.2161
vn 0.1986 0.4957 0.8455
vn -0.5434 0.2905 0.7876
vn -0.1112 0.1048 0.9883
vn -0.0658 0.1329 0.9889
vn -0.0991 0.1237 0.9874
vn 0.0009 0.0073 1.0000
vn 0.0010 0.0073 1.0000
vn 0.0009 0.0074 1.0000
vn 0.7037 -0.7105 -0.0022
vn 0.7038 -0.7104 -0.0029
vn 0.7038 -0.7104 -0.0026
vn 1.0000 0.0001 0.0012
vn -0.7027 0.7115 0.0028
vn -0.7027 0.7115 0.0025
vn -0.7040 -0.7102 -0.0037
vn -0.7040 -0.7102 -0.0043
vn -0.7040 -0.7102 -0.0046
vn 0.7031 0.7111 0.0044
vn 0.7031 0.7111 0.0043
vn 0.7031 0.7111 0.0045
vn -0.2300 0.9732 0.0073
vn 0.2300 -0.9732 -0.0073
vn 0.9730 0.2308 0.0026
vn -0.9730 -0.2308 -0.0026
vn 0.0683 0.9976 0.0077
vn -0.0683 -0.9976 -0.0077
vn 0.9977 -0.0682 0.0004
vn -0.9977 0.0682 -0.0004
vn 0.0660 0.1122 0.9915
vn 0.0594 0.1129 0.9918
vn 0.1047 0.0979 0.9897
vn 0.1065 -0.1085 0.9884
vn 0.0644 -0.1296 0.9895
vn 0.0800 -0.1270 0.9887
vn -0.0685 -0.1289 0.9893
vn -0.0698 -0.1324 0.9887
vn -0.1002 -0.0986 0.9901
vn 0.5001 0.8659 0.0096
vn 0.5000 0.8660 0.0093
vn 0.4997 0.8662 0.0086
vn 0.4994 0.8663 0.0087
vn 0.4979 0.8672 0.0092
vn -1.0000 -0.0004 -0.0011
vn -1.0000 -0.0002 -0.0011
vn -0.1255 0.0767 0.9891
vn -0.0752 0.0388 0.9964
vn -0.0874 0.0423 0.9953
vn -0.1243 0.0656 0.9901
vn -0.1335 0.0554 0.9895
vn -0.0404 0.0787 0.9961
vn -0.0619 0.1314 0.9894
vn -0.0467 0.1004 0.9938
vn 0.0011 0.0073 1.0000
vn 0.0784 0.0405 0.9961
vn 0.1008 0.0471 0.9938
vn 0.1303 0.0702 0.9890
vn 0.1188 0.1033 0.9875
vn 0.0365 0.0710 0.9968
vn 0.0395 0.0820 0.9958
vn 0.0395 0.0820 0.9959
vn 0.0506 0.1224 0.9912
vn 0.1360 0.0678 0.9884
vn 0.0392 -0.0760 0.9963
vn 0.0454 -0.0973 0.9942
vn 0.1220 -0.0793 0.9894
vn 0.0743 -0.0381 0.9965
vn 0.0866 -0.0417 0.9954
vn 0.1339 -0.0554 0.9894
vn 0.1214 -0.0639 0.9905
vn -0.0769 -0.0395 0.9963
vn -0.0981 -0.0456 0.9941
vn -0.1251 -0.0646 0.9900
vn -0.1009 -0.0979 0.9901
vn -0.0402 -0.0781 0.9961
vn -0.0443 -0.0917 0.9948
vn -0.0604 -0.1458 0.9875
vn -0.1315 -0.0652 0.9892
vn 0.0008 0.0073 -1.0000
vn 1.0000 0.0002 -0.0011
vn 1.0000 0.0004 -0.0012
vn 1.0000 0.0001 -0.0010
vn 0.4992 0.8664 -0.0087
vn 0.4993 0.8664 -0.0087
vn 0.4996 0.8662 -0.0085
vn -1.0000 -0.0001 0.0010
vn 0.4995 -0.8663 0.0072
vn 0.4996 0.8662 -0.0082
vn -0.4995 0.8663 -0.0072
vn -0.4995 0.8663 -0.0071
vn -0.4996 -0.8662 0.0081
vn -0.4996 -0.8662 0.0084
vn -0.4996 -0.8662 0.0085
vn 0.4995 -0.8663 0.0074
vn -1.0000 -0.0001 0.0011
vn -0.4995 0.8663 -0.0080
vn -0.4995 0.8663 -0.0079
vn 1.0000 0.0001 -0.0011
vn 0.4996 0.8662 -0.0091
vn -0.4996 -0.8662 0.0089
vn 0.4995 -0.8663 0.0078
vn 0.9858 0.0014 -0.1680
vn 0.0009 0.0073 -1.0000
vn -0.9861 0.0011 -0.1663
vn -0.9861 0.0011 -0.1664
vn -0.0000 -0.9850 -0.1724
vn 0.0003 0.9824 -0.1866
vn 0.5074 0.5946 -0.6237
vn -0.3669 0.6422 -0.6730
vn -0.4995 0.8663 -0.0078
vn -0.0000 0.0001 -1.0000
vn 0.4796 0.8495 -0.2199
vn 0.3734 0.9016 -0.2183
vn 0.2101 0.4910 -0.8454
vn 0.5857 0.1380 -0.7987
vn 0.5523 0.2745 -0.7872
vn 0.5516 0.2757 -0.7872
vn -0.2525 0.9423 -0.2201
vn -0.0000 0.9755 -0.2201
vn -0.2525 0.9422 -0.2201
vn 0.4266 0.4267 -0.7974
vn -0.4426 0.8694 -0.2196
vn 0.2904 0.5434 -0.7876
vn -0.7384 -0.3683 -0.5649
vn -0.7988 -0.1826 -0.5732
vn -0.7387 -0.3677 -0.5649
vn -0.5982 0.7712 -0.2176
vn -0.5984 0.7712 -0.2174
vn 0.1614 -0.6024 -0.7817
vn -0.0000 -0.6237 -0.7817
vn -0.5769 -0.5768 -0.5783
vn 0.2787 -0.5557 -0.7833
vn 0.1615 -0.6024 -0.7817
vn -0.3845 -0.7298 -0.5653
vn -0.1369 -0.8071 -0.5743
vn -0.3165 -0.7640 -0.5623
vn -0.9755 -0.0000 -0.2199
vn -0.9524 0.2110 -0.2198
vn 0.5411 -0.3062 -0.7832
vn 0.4948 -0.3780 -0.7825
vn -0.0000 -0.8192 -0.5736
vn -0.0000 -0.8191 -0.5736
vn -0.0000 0.5937 -0.8047
vn -0.1380 0.5857 -0.7987
vn -0.1379 0.5858 -0.7986
vn 0.6236 0.0001 -0.7817
vn 0.6112 -0.1270 -0.7812
vn -0.2749 0.5522 -0.7871
vn -0.4266 0.4267 -0.7975
vn -0.5434 0.2905 -0.7876
vn 0.3672 -0.7390 -0.5649
vn 0.1826 -0.7988 -0.5732
vn 0.1827 -0.7988 -0.5731
vn 0.5769 -0.5768 -0.5783
vn 0.3684 -0.7384 -0.5649
vn 0.7298 -0.3844 -0.5653
vn 0.5722 -0.2369 -0.7852
vn 0.5896 -0.0966 -0.8019
vn -0.5858 -0.1377 -0.7987
vn -0.5517 -0.2755 -0.7872
vn -0.5858 -0.1378 -0.7987
vn -0.4267 -0.4266 -0.7975
vn -0.2904 -0.5434 -0.7877
vn 0.7389 0.3674 -0.5649
vn 0.7988 0.1827 -0.5732
vn 0.7989 0.1827 -0.5731
vn -0.5792 0.2400 -0.7791
vn -0.5410 0.3066 -0.7832
vn 0.5768 0.5768 -0.5784
vn 0.7383 0.3684 -0.5650
vn 0.3844 0.7297 -0.5654
vn 0.9016 -0.3734 -0.2181
vn 0.9525 -0.2109 -0.2197
vn 0.1379 -0.5857 -0.7987
vn 0.2746 -0.5522 -0.7872
vn 0.2756 -0.5516 -0.7872
vn 0.4267 -0.4266 -0.7975
vn 0.5435 -0.2903 -0.7876
vn -0.3683 0.7383 -0.5650
vn -0.1827 0.7988 -0.5732
vn -0.3677 0.7386 -0.5650
vn -0.5768 0.5769 -0.5784
vn -0.7297 0.3846 -0.5654
vn -0.7297 0.3845 -0.5654
vn 0.0967 0.5896 -0.8019
vn -0.8191 0.0001 -0.5736
vn -0.8071 0.1370 -0.5744
vn 0.5937 0.0001 -0.8047
vn 0.5857 0.1382 -0.7987
vn -0.0000 0.8191 -0.5737
vn 0.1369 0.8070 -0.5744
vn -0.0000 -0.5937 -0.8047
vn 0.1376 -0.5857 -0.7987
vn -0.0967 -0.5896 -0.8019
vn 0.8191 0.0001 -0.5736
vn 0.8071 -0.1369 -0.5744
vn -0.5937 0.0001 -0.8047
vn -0.5896 0.0968 -0.8019
vn 0.5263 0.3008 -0.7953
vn 0.8371 0.4833 -0.2564
vn -0.0000 0.9663 -0.2574
vn -0.0000 -0.6070 -0.7947
vn 0.8370 -0.4832 -0.2566
vn -0.0076 -0.9664 -0.2568
vn -0.8465 -0.4517 -0.2819
vn -0.8468 -0.4514 -0.2814
vn -0.8462 -0.4519 -0.2823
vn 0.0050 0.9570 -0.2901
vn 0.0050 0.9570 -0.2902
vn -0.8321 0.4770 -0.2830
vn 0.5473 -0.2884 -0.7857
vn -0.8365 0.4830 -0.2586
vn -0.5472 -0.2880 -0.7859
vn -0.5471 -0.2877 -0.7861
vn -0.5470 -0.2873 -0.7863
vn -0.8233 -0.5072 -0.2548
vn 0.3757 -0.4899 -0.7867
vn -0.8619 0.4586 -0.2161
vn -0.7688 0.6049 -0.2075
vn -0.8620 0.4586 -0.2157
vn 0.2110 0.9524 -0.2199
vn -0.1271 -0.6112 -0.7812
vn -0.2399 -0.5791 -0.7791
vn 0.5982 0.7712 -0.2176
vn 0.5984 0.7712 -0.2174
vn 0.9423 0.2525 -0.2200
vn 0.8786 0.4254 -0.2172
vn 0.8787 0.4255 -0.2166
vn 0.9755 -0.0000 -0.2200
vn -0.4947 -0.3780 -0.7826
vn -0.5585 -0.2769 -0.7820
vn -0.4948 -0.3780 -0.7825
vn -0.5585 -0.2768 -0.7820
vn -0.6024 -0.1613 -0.7817
vn -0.6236 0.0001 -0.7817
vn -0.5263 0.3008 -0.7953
vn -0.8366 0.4830 -0.2584
vn -0.0000 0.9664 -0.2571
vn -0.8365 -0.4829 -0.2589
vn 0.0119 -0.9665 -0.2563
vn 0.8468 -0.4514 -0.2814
vn 0.8465 -0.4517 -0.2819
vn 0.8466 -0.4516 -0.2818
vn -0.0050 0.9570 -0.2902
vn -0.0050 0.9570 -0.2901
vn 0.8321 0.4770 -0.2830
vn -0.5473 -0.2884 -0.7857
vn -0.5473 -0.2885 -0.7857
vn 0.5472 -0.2880 -0.7859
vn 0.5471 -0.2877 -0.7861
vn 0.8442 -0.4692 -0.2590
vn -0.3082 -0.5367 -0.7854
vn -0.3756 -0.4899 -0.7867
vn 0.7688 0.6049 -0.2074
vn 0.7687 0.6051 -0.2074
vn -0.2109 -0.9525 -0.2196
vn -0.0000 -0.9755 -0.2198
vn -0.6112 0.1272 -0.7812
vn -0.5983 -0.7712 -0.2174
vn -0.4796 -0.8496 -0.2197
vn -0.5984 -0.7712 -0.2172
vn -0.0000 0.6237 -0.7817
vn 0.1270 0.6112 -0.7812
vn -0.9423 -0.2525 -0.2199
vn -0.8787 -0.4255 -0.2164
vn -0.9423 -0.2524 -0.2199
vn 0.4948 0.3782 -0.7824
vn 0.5584 0.2770 -0.7819
vn 0.6024 0.1615 -0.7817
vn 0.5263 -0.3006 -0.7954
vn 0.5264 -0.3006 -0.7953
vn 0.8397 -0.4848 -0.2449
vn 0.8397 -0.4847 -0.2449
vn 0.2109 0.9524 -0.2199
vn -0.0000 -0.9696 -0.2448
vn -0.0000 0.6070 -0.7947
vn 0.8396 0.4848 -0.2450
vn -0.0000 0.9695 -0.2450
vn -0.8467 0.4514 -0.2815
vn -0.8464 0.4517 -0.2820
vn -0.8466 0.4516 -0.2818
vn 0.0050 -0.9570 -0.2899
vn 0.0051 -0.9570 -0.2900
vn -0.8322 -0.4769 -0.2829
vn 0.5472 0.2886 -0.7857
vn 0.5472 0.2886 -0.7856
vn -0.8397 -0.4848 -0.2449
vn -0.5471 0.2881 -0.7859
vn -0.5470 0.2878 -0.7861
vn -0.5472 0.2886 -0.7857
vn -0.8396 0.4848 -0.2450
vn 0.3081 0.5368 -0.7854
vn 0.3756 0.4900 -0.7867
vn -0.7689 -0.6047 -0.2076
vn -0.7687 -0.6051 -0.2072
vn -0.7639 0.3165 -0.5624
vn 0.2525 -0.9423 -0.2198
vn 0.4426 -0.8694 -0.2195
vn 0.4426 -0.8694 -0.2194
vn 0.5983 -0.7712 -0.2175
vn 0.5984 -0.7712 -0.2172
vn -0.1614 0.6025 -0.7817
vn -0.2786 0.5557 -0.7833
vn -0.4946 0.3782 -0.7825
vn -0.4947 0.3782 -0.7824
vn 0.8621 -0.4586 -0.2156
vn 0.8620 -0.4586 -0.2161
vn -0.5263 -0.3006 -0.7954
vn -0.8377 -0.4836 -0.2536
vn -0.2399 -0.5792 -0.7791
vn -0.0000 -0.9673 -0.2537
vn -0.8377 0.4837 -0.2534
vn -0.0022 0.9687 -0.2484
vn -0.0025 0.9685 -0.2490
vn -0.0024 0.9686 -0.2487
vn 0.8464 0.4517 -0.2820
vn 0.8465 0.4516 -0.2819
vn -0.0050 -0.9571 -0.2899
vn -0.0050 -0.9570 -0.2899
vn 0.8322 -0.4769 -0.2829
vn 0.8377 -0.4836 -0.2537
vn 0.5471 0.2882 -0.7859
vn 0.5470 0.2878 -0.7861
vn 0.5470 0.2874 -0.7863
vn 0.8380 0.4835 -0.2529
vn 0.8385 0.4832 -0.2520
vn 0.8382 0.4833 -0.2527
vn -0.2786 0.5558 -0.7833
vn -0.3756 0.4900 -0.7867
vn 0.7690 -0.6046 -0.2076
vn 0.2370 0.5722 -0.7851
vn -0.4909 0.2102 -0.8455
vn -0.4910 0.2102 -0.8454
vn 0.4957 -0.1985 -0.8455
vn 0.2370 0.5721 -0.7852
vn -0.1986 -0.4957 -0.8455
vn -0.1986 -0.4956 -0.8455
vn 0.4910 -0.2100 -0.8455
vn -0.2370 -0.5721 -0.7852
vn 0.2399 0.5792 -0.7791
vn -0.3735 -0.9016 -0.2180
vn 0.3164 0.7639 -0.5624
vn -0.4957 0.1987 -0.8455
vn -0.2101 -0.4909 -0.8455
vn -0.5721 0.2371 -0.7852
vn 0.5792 -0.2398 -0.7791
vn 0.5793 -0.2398 -0.7791
vn -0.9016 0.3735 -0.2182
vn -0.9525 0.2110 -0.2198
vn 0.7640 -0.3164 -0.5623
vn 0.1986 0.4957 -0.8455
vn -0.1112 0.1046 -0.9883
vn -0.0991 0.1237 -0.9874
vn -0.0658 0.1329 -0.9889
vn 0.0010 0.0073 -1.0000
vn 0.0010 0.0074 -1.0000
vn 0.7036 -0.7106 0.0018
vn 0.7038 -0.7104 0.0027
vn 0.7038 -0.7104 0.0026
vn 1.0000 0.0001 -0.0012
vn -0.7027 0.7115 -0.0025
vn -0.7027 0.7115 -0.0027
vn -0.7027 0.7115 -0.0026
vn -0.7040 -0.7102 0.0042
vn -0.7040 -0.7102 0.0039
vn -0.7040 -0.7102 0.0041
vn 0.7031 0.7111 -0.0045
vn 0.7030 0.7111 -0.0041
vn -0.2300 0.9732 -0.0073
vn 0.2300 -0.9732 0.0073
vn 0.9730 0.2308 -0.0026
vn -0.9730 -0.2308 0.0027
vn -0.9730 -0.2308 0.0026
vn 0.0683 0.9976 -0.0077
vn -0.0683 -0.9976 0.0077
vn 0.9977 -0.0682 -0.0004
vn -0.9977 0.0682 0.0004
vn -0.9977 0.0682 0.0003
vn 0.0661 0.1122 -0.9915
vn 0.1045 0.0979 -0.9897
vn 0.0594 0.1129 -0.9918
vn 0.1065 -0.1085 -0.9884
vn 0.0810 -0.1263 -0.9887
vn 0.0645 -0.1294 -0.9895
vn -0.0682 -0.1289 -0.9893
vn -0.1001 -0.0987 -0.9901
vn -0.0698 -0.1324 -0.9887
vn 0.5001 0.8659 -0.0096
vn 0.4997 0.8662 -0.0086
vn 0.5000 0.8660 -0.0093
vn 0.4979 0.8672 -0.0092
vn -1.0000 -0.0004 0.0011
vn -0.1257 0.0764 -0.9891
vn -0.0874 0.0423 -0.9953
vn -0.0752 0.0388 -0.9964
vn -0.1243 0.0656 -0.9901
vn -0.1335 0.0554 -0.9895
vn -0.0404 0.0787 -0.9961
vn -0.0467 0.1004 -0.9938
vn -0.0619 0.1314 -0.9894
vn -0.0467 0.1004 -0.9939
vn 0.0011 0.0074 -1.0000
vn 0.0009 0.0074 -1.0000
vn 0.1008 0.0471 -0.9938
vn 0.0785 0.0405 -0.9961
vn 0.1304 0.0704 -0.9890
vn 0.1183 0.1038 -0.9875
vn 0.0395 0.0820 -0.9958
vn 0.0365 0.0710 -0.9968
vn 0.0507 0.1224 -0.9912
vn 0.1360 0.0678 -0.9884
vn 0.0454 -0.0973 -0.9942
vn 0.0392 -0.0760 -0.9963
vn 0.1220 -0.0793 -0.9894
vn 0.0866 -0.0417 -0.9954
vn 0.0743 -0.0381 -0.9965
vn 0.1340 -0.0554 -0.9894
vn 0.1214 -0.0639 -0.9905
vn -0.0981 -0.0456 -0.9941
vn -0.0769 -0.0395 -0.9963
vn -0.1252 -0.0648 -0.9900
vn -0.1009 -0.0979 -0.9901
vn -0.0443 -0.0917 -0.9948
vn -0.0402 -0.0781 -0.9961
vn -0.0604 -0.1458 -0.9875
vn -0.1315 -0.0652 -0.9892
vn 0.1793 0.9838 -0.0000
vn 0.3861 0.9225 -0.0000
vn 0.3862 0.9224 -0.0000
vn 0.1603 0.9871 -0.0000
vn 0.1792 0.9838 -0.0000
vn 0.8398 0.5429 -0.0000
vn 0.9639 0.2664 -0.0000
vn 0.9639 0.2664 0.0001
vn 0.9870 0.1607 -0.0000
vn -0.0720 0.0495 -0.9962
vn -0.0348 0.0240 -0.9991
vn -0.0350 0.0241 -0.9991
vn -0.0007 -0.0001 1.0000
vn -0.0001 -0.0007 1.0000
vn 0.0331 -0.0224 0.9992
vn 0.0333 -0.0226 0.9992
vn -0.0006 -0.0004 1.0000
vn -0.0006 -0.0002 1.0000
vn -0.0006 -0.0003 1.0000
vn 0.5065 0.8622 -0.0000
vn 0.0751 -0.0500 0.9959
vn -0.5467 0.8373 -0.0067
vn -0.5456 0.8380 -0.0064
vn -0.2616 0.9652 -0.0058
vn 0.0001 -0.0007 1.0000
vn 0.0003 -0.0007 1.0000
vn 0.0002 -0.0006 1.0000
vn 0.0002 -0.0005 1.0000
vn -0.2616 0.9652 -0.0053
vn -0.1403 0.9901 -0.0048
vn -0.1403 0.9901 -0.0047
vn -0.9961 0.0887 -0.0000
vn -0.9553 0.2957 -0.0000
vn 0.0007 -0.0001 1.0000
vn 0.0006 -0.0001 1.0000
vn 0.0006 -0.0002 1.0000
vn 0.0008 -0.0003 1.0000
vn -0.8785 0.4777 -0.0000
vn 0.6230 -0.3996 0.6725
vn 0.6230 -0.3999 0.6723
vn 0.6118 0.7906 0.0262
vn -0.7879 -0.6126 -0.0623
vn -0.4779 0.6450 -0.5963
vn -0.4780 0.6450 -0.5963
vn -0.7826 -0.4658 0.4129
vn -0.7827 -0.4656 0.4130
vn 0.3647 0.5595 -0.7443
vn 0.3645 0.5597 -0.7442
vn 0.8017 -0.5978 0.0044
vn -0.6543 -0.3787 -0.6546
vn -0.6545 -0.3783 -0.6546
vn -0.6543 -0.3787 -0.6545
vn -0.4623 0.6116 0.6421
vn -0.4623 0.6115 0.6421
vn 0.6314 -0.4034 -0.6623
vn 0.6315 -0.4032 -0.6623
vn 0.3287 0.5893 0.7380
vn 0.3284 0.5894 0.7381
vn 0.3289 0.5893 0.7380
vn -0.6122 0.7904 0.0227
vn -0.1793 -0.9838 -0.0000
vn -0.3862 -0.9224 -0.0000
vn -0.1603 -0.9871 -0.0000
vn -0.1792 -0.9838 -0.0000
vn -0.8398 -0.5429 -0.0000
vn -0.9639 -0.2664 -0.0000
vn -0.9870 -0.1607 -0.0000
vn 0.0720 -0.0495 -0.9962
vn 0.0350 -0.0241 -0.9991
vn 0.0007 0.0001 1.0000
vn 0.0001 0.0007 1.0000
vn -0.0331 0.0224 0.9992
vn -0.0333 0.0226 0.9992
vn 0.0006 0.0004 1.0000
vn 0.0006 0.0002 1.0000
vn 0.0006 0.0003 1.0000
vn -0.5065 -0.8622 -0.0000
vn -0.0751 0.0500 0.9959
vn 0.5467 -0.8373 -0.0068
vn 0.5456 -0.8380 -0.0064
vn 0.2616 -0.9652 -0.0058
vn -0.0001 0.0007 1.0000
vn -0.0003 0.0007 1.0000
vn -0.0002 0.0006 1.0000
vn -0.0002 0.0005 1.0000
vn 0.2616 -0.9652 -0.0053
vn 0.1403 -0.9901 -0.0048
vn 0.1403 -0.9901 -0.0047
vn 0.9553 -0.2957 -0.0000
vn 0.9961 -0.0887 -0.0000
vn -0.0007 0.0001 1.0000
vn -0.0006 0.0001 1.0000
vn -0.0006 0.0002 1.0000
vn -0.0008 0.0003 1.0000
vn 0.8785 -0.4777 -0.0000
vn -0.6230 0.3996 0.6725
vn -0.6230 0.3999 0.6723
vn -0.6118 -0.7906 0.0262
vn 0.7879 0.6126 -0.0623
vn 0.4779 -0.6450 -0.5963
vn 0.4780 -0.6450 -0.5963
vn 0.7826 0.4658 0.4129
vn 0.7827 0.4656 0.4130
vn -0.3647 -0.5595 -0.7443
vn -0.3645 -0.5597 -0.7442
vn -0.8017 0.5978 0.0044
vn 0.6544 0.3785 -0.6546
vn 0.6543 0.3788 -0.6545
vn 0.4623 -0.6116 0.6421
vn 0.4623 -0.6115 0.6421
vn -0.6314 0.4034 -0.6623
vn -0.6315 0.4031 -0.6623
vn -0.3287 -0.5893 0.7380
vn -0.3284 -0.5894 0.7381
vn -0.3288 -0.5893 0.7380
vn 0.6122 -0.7903 0.0227
vn -0.0087 0.0942 0.9955
vn 0.0942 0.0241 0.9953
vn 0.7516 -0.0790 0.6549
vn 0.1589 -0.9873 0.0040
vn -0.1632 -0.9866 0.0038
vn 0.0311 0.0891 0.9955
vn 0.0841 0.0571 0.9948
vn 0.9920 -0.1169 -0.0468
vn 0.9976 0.0514 -0.0462
vn 0.1633 0.9851 -0.0545
vn -0.2855 0.4758 -0.8319
vn 0.6943 0.3772 0.6129
vn 0.6270 0.7752 -0.0768
vn 0.5940 -0.0912 0.7993
vn -0.5747 0.1684 0.8008
vn 0.8135 0.5799 -0.0441
vn -0.9658 -0.2593 -0.0025
vn 0.3820 -0.5653 -0.7311
vn 0.5517 0.5308 -0.6433
vn -0.1716 -0.9852 0.0026
vn -0.1719 -0.9851 0.0024
vn 0.5724 -0.8199 0.0085
vn -0.5677 -0.0764 0.8197
vn 0.6602 0.2253 -0.7165
vn -0.6678 -0.2456 -0.7027
vn -0.0002 -0.9948 0.1016
vn -0.5783 -0.8155 0.0221
vn -0.9947 0.0005 0.1027
vn -0.5766 0.8168 0.0202
vn -0.8168 -0.5765 0.0202
vn -0.6347 -0.7727 -0.0030
vn 0.5313 0.4250 0.7329
vn 0.0481 0.7055 -0.7071
vn 0.0044 -0.9830 0.1836
vn -0.0042 0.9023 0.4310
vn -0.0041 0.9038 0.4280
vn 0.0043 -0.9372 0.3488
vn 0.4792 -0.8253 0.2987
vn 0.4646 0.8145 0.3474
vn 0.0039 -0.9579 0.2869
vn 0.0086 -0.0942 0.9955
vn -0.0944 -0.0239 0.9952
vn -0.7517 0.0783 0.6548
vn -0.1590 0.9873 0.0032
vn 0.9830 0.1835 -0.0024
vn 0.1630 0.9866 0.0027
vn -0.0845 -0.0597 0.9946
vn -0.9922 0.1158 -0.0468
vn 0.7461 -0.6631 -0.0603
vn -0.9967 -0.0667 -0.0464
vn -0.1633 -0.9851 -0.0545
vn 0.2410 -0.4667 -0.8510
vn 0.5700 -0.5068 0.6468
vn -0.6943 -0.3772 0.6129
vn -0.6270 -0.7752 -0.0768
vn 0.2206 -0.9735 -0.0607
vn -0.5940 0.0912 0.7993
vn 0.5747 -0.1684 0.8009
vn 0.9658 0.2593 -0.0025
vn -0.3820 0.5653 -0.7311
vn -0.5517 -0.5308 -0.6433
vn -0.5517 -0.5301 -0.6439
vn -0.5517 -0.5296 -0.6443
vn 0.1719 0.9851 0.0024
vn -0.5727 0.8198 0.0082
vn 0.5676 0.0763 0.8197
vn -0.6602 -0.2253 -0.7165
vn 0.6678 0.2456 -0.7027
vn 0.6678 0.2456 0.7027
vn 0.0002 0.9948 0.1018
vn 0.5783 0.8155 0.0221
vn 0.9947 -0.0005 0.1027
vn 0.5765 -0.8168 0.0202
vn 0.8168 0.5765 0.0202
vn 0.6344 0.7730 -0.0026
vn 0.6345 0.7729 -0.0027
vn -0.2476 0.9688 0.0071
vn -0.5092 -0.4497 0.7338
vn -0.6625 0.2186 -0.7165
vn -0.8697 -0.4937 -0.0000
vn 0.0585 0.6951 -0.7165
vn -0.0044 0.9830 0.1836
vn 0.0041 -0.9037 0.4280
vn -0.0043 0.9372 0.3488
vn -0.9321 -0.0019 0.3622
vn 0.9824 0.0053 0.1867
vn 0.9826 0.0049 0.1857
vn -0.4792 0.8254 0.2986
vn -0.4646 -0.8145 0.3474
vn -0.0039 0.9580 0.2867
vn 0.0048 -0.9173 0.3982
vn -0.2820 -0.5048 0.8159
vn -0.0845 -0.0597 -0.9946
vn -0.5092 -0.4497 -0.7338
vn -0.2477 0.9688 -0.0070
vn -0.2476 0.9688 -0.0071
vn 0.6342 0.7732 0.0023
vn 0.8168 0.5765 -0.0202
vn 0.5765 -0.8168 -0.0202
vn 0.9949 0.0001 -0.1005
vn 0.9948 -0.0002 -0.1014
vn -0.0001 0.9949 -0.1005
vn 0.0002 0.9948 -0.1017
vn 0.5677 0.0763 -0.8197
vn -0.5488 -0.1723 -0.8180
vn -0.3738 -0.5762 0.7268
vn -0.5721 0.8202 -0.0088
vn -0.5724 0.8199 -0.0085
vn 0.1711 0.9852 -0.0030
vn -0.9990 0.0049 0.0455
vn -0.5517 -0.5301 0.6439
vn -0.3821 0.5654 0.7310
vn 0.5747 -0.1684 -0.8009
vn 0.2206 -0.9735 0.0607
vn -0.6943 -0.3772 -0.6129
vn -0.6023 -0.3517 0.7166
vn -0.1633 -0.9851 0.0545
vn 0.7458 -0.6634 0.0599
vn 0.8135 -0.5786 0.0586
vn 0.1632 0.9866 -0.0040
vn 0.1632 0.9866 -0.0038
vn -0.1587 0.9873 -0.0051
vn -0.1589 0.9873 -0.0040
vn -0.1591 0.9873 -0.0033
vn -0.7517 0.0782 -0.6548
vn -0.0944 -0.0239 -0.9952
vn 0.5057 -0.4772 0.7187
vn 0.8165 0.4598 -0.3491
vn -0.0042 0.9023 -0.4310
vn -0.0041 0.9021 -0.4314
vn -0.0041 0.9038 -0.4280
vn -0.9825 -0.0051 -0.1861
vn 0.4790 -0.8253 -0.2990
vn 0.4798 -0.8256 -0.2971
vn 0.0041 -0.9581 -0.2864
vn 0.0841 0.0571 -0.9948
vn 0.5314 0.4252 -0.7327
vn 0.2478 -0.9688 -0.0070
vn -0.6342 -0.7732 0.0023
vn -0.8168 -0.5765 -0.0202
vn -0.5766 0.8168 -0.0202
vn -0.9948 0.0004 -0.1019
vn -0.9949 0.0001 -0.1010
vn -0.9948 0.0004 -0.1023
vn 0.0001 -0.9949 -0.1005
vn -0.0001 -0.9949 -0.1008
vn -0.0002 -0.9948 -0.1015
vn -0.5677 -0.0764 -0.8197
vn 0.3738 0.5762 0.7268
vn 0.5721 -0.8201 -0.0088
vn 0.5725 -0.8198 -0.0084
vn -0.1711 -0.9852 -0.0030
vn 0.9989 -0.0050 0.0457
vn 0.5517 0.5303 0.6437
vn 0.3821 -0.5654 0.7310
vn -0.9658 -0.2593 0.0025
vn -0.5747 0.1684 -0.8008
vn 0.5944 -0.0912 -0.7990
vn 0.6943 0.3772 -0.6129
vn 0.6023 0.3517 0.7166
vn 0.5406 -0.1052 0.8347
vn -0.3506 0.4129 0.8406
vn 0.5309 0.0359 0.8467
vn 0.1633 0.9851 0.0545
vn -0.4977 -0.8670 0.0251
vn -0.6735 -0.7367 0.0600
vn -0.8047 0.5908 0.0585
vn -0.1632 -0.9866 -0.0039
vn -0.1635 -0.9865 -0.0051
vn -0.1632 -0.9866 -0.0036
vn 0.1587 -0.9873 -0.0051
vn -0.0761 0.0848 -0.9935
vn 0.7516 -0.0790 -0.6549
vn 0.0942 0.0241 -0.9953
vn -0.5057 0.4772 0.7187
vn -0.5188 -0.4526 -0.7253
vn -0.8165 -0.4598 -0.3492
vn 0.0041 -0.9037 -0.4281
vn -0.0042 0.9373 -0.3484
vn -0.9321 -0.0019 -0.3622
vn 0.9824 0.0053 -0.1865
vn -0.4794 0.8255 -0.2980
vn -0.4794 0.8254 -0.2982
vn 0.9407 0.0060 -0.3392
vn -0.0043 0.9583 -0.2857
vn -0.8369 0.5416 0.0785
vn -0.9776 -0.2087 0.0259
vn -0.8162 0.5771 -0.0282
vn -0.1608 0.9850 0.0624
vn 0.0064 0.9978 0.0659
vn 0.8729 0.4873 -0.0233
vn -0.4319 0.9004 -0.0530
vn 0.5256 0.8485 -0.0618
vn 0.1629 0.9853 0.0510
vn -0.2412 0.9692 0.0495
vn 0.1759 0.9839 -0.0306
vn 0.0118 0.9976 -0.0676
vn -0.1619 0.9843 -0.0697
vn 0.9850 0.1608 0.0622
vn 0.9978 -0.0064 0.0656
vn 0.9109 -0.4079 0.0621
vn 0.4873 -0.8730 -0.0229
vn 0.9004 0.4319 -0.0529
vn 0.8486 -0.5255 -0.0614
vn 0.9844 0.1614 -0.0695
vn -0.6781 0.7313 -0.0732
vn 0.8369 -0.5416 0.0785
vn 0.8764 0.4795 -0.0459
vn 0.8469 -0.5307 -0.0320
vn 0.9776 0.2087 0.0259
vn 0.8162 -0.5771 -0.0282
vn 0.1608 -0.9850 0.0624
vn -0.0064 -0.9978 0.0658
vn -0.4230 -0.9039 0.0637
vn -0.8729 -0.4873 -0.0233
vn 0.4319 -0.9004 -0.0530
vn -0.5256 -0.8485 -0.0618
vn -0.5255 -0.8485 -0.0617
vn -0.1629 -0.9853 0.0510
vn -0.0119 -0.9976 -0.0676
vn 0.1619 -0.9843 -0.0697
vn -0.9850 -0.1608 0.0622
vn -0.9978 0.0064 0.0656
vn -0.9109 0.4079 0.0621
vn -0.4873 0.8729 -0.0229
vn -0.9004 -0.4319 -0.0528
vn -0.8486 0.5255 -0.0614
vn -0.9854 0.1628 0.0507
vn -0.9692 -0.2413 0.0493
vn -0.9844 -0.1614 -0.0695
vn 0.6781 -0.7313 -0.0732
vn -0.1616 0.6979 -0.6977
vn -0.2048 -0.8630 -0.4619
vn 0.9972 0.0749 0.0003
vn -0.2235 -0.9747 0.0001
vn -0.0062 -0.5064 -0.8623
vn -0.0122 -0.5074 -0.8616
vn -0.0062 -0.5064 0.8623
vn -0.0062 -0.5061 0.8624
vn 0.8559 0.4911 0.1622
vn 0.0033 -0.0850 0.9964
vn -0.4995 0.8663 0.0071
vn -0.4996 -0.8662 -0.0080
vn -0.4996 -0.8662 -0.0084
vn -0.4995 0.8663 0.0079
vn -0.4996 -0.8662 -0.0088
vn -0.4995 0.8663 0.0078
vn -0.4995 0.8663 0.0081
vn -0.7988 -0.1827 0.5732
vn 0.5411 -0.3062 0.7833
vn -0.1827 0.7988 0.5732
vn -0.8471 -0.4510 0.2809
vn 0.8467 -0.4515 0.2816
vn -0.0050 0.9570 0.2901
vn 0.5472 -0.2884 0.7857
vn 0.7687 0.6051 0.2074
vn -0.8468 0.4514 0.2813
vn 0.0050 -0.9570 0.2899
vn -0.5471 0.2882 0.7859
vn -0.7687 -0.6051 0.2072
vn -0.5264 -0.3006 0.7953
vn -0.0024 0.9686 0.2488
vn 0.8466 0.4516 0.2818
vn 0.5470 0.2875 0.7863
vn 0.8383 0.4833 0.2524
vn 0.7038 -0.7104 -0.0028
vn -0.7027 0.7115 0.0027
vn -0.7040 -0.7102 -0.0041
vn -0.7040 -0.7102 -0.0042
vn -0.0684 -0.9976 -0.0077
vn -0.9977 0.0682 -0.0003
vn 0.4995 -0.8663 0.0071
vn 0.4996 0.8662 -0.0081
vn -0.4996 -0.8662 0.0080
vn 0.4995 -0.8663 0.0073
vn -0.4996 -0.8662 0.0088
vn 0.4995 -0.8663 0.0077
vn 0.3735 0.9016 -0.2183
vn 0.2904 0.5435 -0.7876
vn -0.1370 -0.8071 -0.5743
vn -0.2748 0.5521 -0.7872
vn -0.5435 0.2905 -0.7876
vn -0.5522 -0.2745 -0.7872
vn -0.2905 -0.5434 -0.7876
vn -0.5410 0.3063 -0.7832
vn 0.5768 0.5769 -0.5784
vn 0.5435 -0.2904 -0.7876
vn -0.1826 0.7988 -0.5732
vn -0.8468 -0.4514 -0.2815
vn -0.5472 -0.2885 -0.7857
vn 0.3756 -0.4899 -0.7867
vn -0.7687 0.6051 -0.2073
vn 0.8475 -0.4507 -0.2803
vn -0.0050 0.9569 -0.2902
vn -0.5472 -0.2884 -0.7857
vn 0.5470 -0.2873 -0.7863
vn -0.3080 -0.5369 -0.7854
vn 0.1271 0.6112 -0.7812
vn -0.8786 -0.4254 -0.2171
vn -0.8468 0.4514 -0.2815
vn 0.0050 -0.9570 -0.2900
vn -0.5471 0.2878 -0.7860
vn 0.3080 0.5369 -0.7854
vn -0.5264 -0.3006 -0.7953
vn -0.8377 0.4837 -0.2535
vn -0.0024 0.9686 -0.2488
vn 0.8467 0.4514 -0.2815
vn 0.8383 0.4833 -0.2523
vn 0.7687 -0.6051 -0.2072
vn -0.7040 -0.7102 0.0040
vn 0.9730 0.2308 -0.0027
vn -0.0720 0.0496 -0.9962
vn -0.0005 -0.0004 1.0000
vn 0.0001 -0.0006 1.0000
vn 0.0003 -0.0008 1.0000
vn 0.0006 -0.0003 1.0000
vn 0.6230 -0.3993 0.6726
vn -0.7825 -0.4661 0.4129
vn 0.3647 0.5594 -0.7443
vn 0.3649 0.5593 -0.7443
vn -0.6545 -0.3782 -0.6547
vn 0.6313 -0.4036 -0.6622
vn 0.3282 0.5894 0.7382
vn 0.0721 -0.0498 -0.9962
vn -0.0001 0.0006 1.0000
vn -0.0003 0.0008 1.0000
vn 0.9553 -0.2956 -0.0000
vn -0.0006 0.0003 1.0000
vn -0.6230 0.3993 0.6726
vn 0.7825 0.4660 0.4129
vn -0.3647 -0.5594 -0.7443
vn -0.3649 -0.5593 -0.7443
vn 0.6545 0.3781 -0.6547
vn -0.6313 0.4036 -0.6622
vn -0.3282 -0.5894 0.7381
vn 0.6122 -0.7904 0.0227
vn -0.6334 -0.1220 -0.7641
vn 0.1755 -0.9844 0.0117
vn 0.1754 -0.9844 0.0117
vn 0.6334 0.1220 0.7641
vn 0.7537 0.1266 -0.6449
vn 0.6979 0.1615 -0.6977
vn 0.7046 0.0199 0.7094
vn -0.6979 -0.1616 0.6977
vn -0.7046 -0.0199 -0.7094
vn -0.9492 0.2148 0.2301
vn 0.9492 -0.2148 -0.2301
vn -0.2208 -0.9753 -0.0004
vn 0.2243 -0.0512 0.9732
vn -0.2243 0.0512 -0.9732
vn 0.1725 -0.0526 -0.9836
vn 0.9650 -0.1912 0.1795
vn -0.9650 0.1912 -0.1795
vn -0.1725 0.0526 0.9836
vn 0.6776 -0.3054 0.6690
vn 0.6774 -0.3050 0.6694
vn 0.9682 0.2501 -0.0000
vn 0.9682 0.2502 -0.0000
vn 0.9682 0.2500 -0.0000
vn 0.5508 0.1087 -0.8275
vn -0.8629 0.2049 -0.4619
vn -0.8629 0.2048 -0.4619
vn 0.0001 -0.0000 1.0000
vn -0.6738 0.1638 0.7206
vn -0.6738 0.1638 0.7205
vn -0.3098 -0.9508 0.0012
vn -0.1677 -0.9858 0.0007
vn -0.1720 -0.9851 0.0007
vn 0.1666 -0.9860 0.0005
vn 0.0753 -0.9972 0.0003
vn -0.0430 -0.9991 0.0004
vn -0.0432 -0.9991 0.0004
vn 0.0756 -0.9971 0.0003
vn -0.0427 -0.9991 0.0005
vn -0.1627 -0.9867 0.0007
vn -0.9748 0.2231 -0.0000
vn -0.9749 0.2226 -0.0000
vn -0.9749 0.2225 -0.0000
vn 0.9683 0.2499 -0.0000
vn -0.9747 0.2236 0.0002
vn -0.9748 0.2231 0.0001
vn 0.5023 -0.0000 0.8647
vn -0.5062 0.0063 -0.8624
vn -0.5083 0.0080 -0.8611
vn -0.5078 0.0081 -0.8614
vn 0.5023 -0.0000 -0.8647
vn -0.5078 0.0081 0.8614
vn -0.5073 0.0122 0.8617
vn -0.5084 0.0080 0.8611
vn -0.6533 -0.7571 -0.0000
vn -0.5023 -0.0000 0.8647
vn -0.5023 -0.0000 -0.8647
vn 0.6134 -0.7870 0.0671
vn -0.3727 -0.8917 -0.2568
vn -0.1976 -0.9801 0.0178
vn 0.4912 -0.8558 0.1624
vn 0.4910 -0.8559 0.1622
vn 0.4912 -0.8558 0.1625
vn 0.1285 -0.9867 -0.1000
vn -0.0850 -0.0032 0.9964
vn -0.7537 -0.1266 0.6449
vn 0.6979 0.1616 -0.6977
vn -0.8630 0.2048 -0.4619
vn 0.0749 -0.9972 0.0003
vn -0.9747 0.2235 0.0001
vn -0.9748 0.2232 0.0001
vn -0.5064 0.0062 -0.8623
vn -0.5074 0.0122 -0.8616
vn -0.5064 0.0062 0.8623
vn -0.5061 0.0062 0.8625
vn -0.1975 -0.9801 0.0178
vn 0.4911 -0.8559 0.1622
vn -0.1220 0.6334 -0.7641
vn -0.9844 -0.1755 0.0117
vn -0.9844 -0.1754 0.0117
vn 0.1220 -0.6334 0.7641
vn 0.1266 -0.7537 -0.6449
vn 0.1615 -0.6979 -0.6977
vn 0.0199 -0.7046 0.7094
vn -0.1616 0.6979 0.6977
vn -0.0199 0.7046 -0.7094
vn 0.2148 0.9492 0.2301
vn -0.2148 -0.9492 -0.2301
vn -0.9753 0.2208 -0.0004
vn -0.0512 -0.2243 0.9732
vn 0.0512 0.2243 -0.9732
vn -0.0526 -0.1725 -0.9836
vn -0.1912 -0.9650 0.1795
vn 0.1912 0.9650 -0.1795
vn 0.0526 0.1725 0.9836
vn -0.3054 -0.6776 0.6690
vn -0.3051 -0.6774 0.6693
vn 0.2501 -0.9682 -0.0000
vn 0.2502 -0.9682 -0.0000
vn 0.2500 -0.9682 -0.0000
vn 0.1087 -0.5508 -0.8275
vn 0.2049 0.8629 -0.4619
vn 0.2048 0.8629 -0.4619
vn -0.0000 -0.0001 1.0000
vn 0.1638 0.6738 0.7206
vn -0.9508 0.3098 0.0012
vn -0.9858 0.1677 0.0007
vn -0.9851 0.1720 0.0007
vn -0.9860 -0.1666 0.0005
vn -0.9972 -0.0753 0.0003
vn -0.9991 0.0430 0.0004
vn -0.9991 0.0432 0.0004
vn -0.9971 -0.0756 0.0003
vn -0.9991 0.0427 0.0005
vn -0.9867 0.1627 0.0007
vn 0.2231 0.9748 -0.0000
vn 0.2226 0.9749 -0.0000
vn 0.2225 0.9749 -0.0000
vn 0.2499 -0.9683 -0.0000
vn 0.2231 0.9748 0.0001
vn 0.0063 0.5062 -0.8624
vn 0.0080 0.5083 -0.8611
vn 0.0081 0.5078 -0.8614
vn 0.0081 0.5078 0.8614
vn 0.0122 0.5073 0.8617
vn 0.0080 0.5084 0.8611
vn -0.7571 0.6533 -0.0000
vn -0.7870 -0.6134 0.0671
vn -0.8917 0.3727 -0.2568
vn -0.9801 0.1976 0.0178
vn -0.8558 -0.4912 0.1624
vn -0.8559 -0.4910 0.1622
vn -0.8558 -0.4912 0.1625
vn -0.9867 -0.1285 -0.1000
vn -0.0032 0.0850 0.9964
vn -0.1266 0.7537 0.6449
vn 0.1616 -0.6979 -0.6977
vn 0.2048 0.8630 -0.4619
vn -0.9972 -0.0749 0.0003
vn 0.2235 0.9747 0.0001
vn 0.0062 0.5064 -0.8623
vn 0.0122 0.5074 -0.8616
vn 0.0062 0.5064 0.8623
vn 0.0062 0.5061 0.8624
vn -0.8559 -0.4911 0.1622
vn -0.0033 0.0850 0.9964
vn 0.6334 0.1220 -0.7641
vn -0.1755 0.9844 0.0117
vn -0.1754 0.9844 0.0117
vn -0.6334 -0.1220 0.7641
vn -0.7537 -0.1266 -0.6449
vn -0.6979 -0.1615 -0.6977
vn -0.7046 -0.0199 0.7094
vn 0.6979 0.1616 0.6977
vn 0.7046 0.0199 -0.7094
vn 0.9492 -0.2148 0.2301
vn -0.9492 0.2148 -0.2301
vn 0.2208 0.9753 -0.0004
vn -0.2243 0.0512 0.9732
vn 0.2243 -0.0512 -0.9732
vn -0.1725 0.0526 -0.9836
vn -0.9650 0.1912 0.1795
vn 0.9650 -0.1912 -0.1795
vn 0.1725 -0.0526 0.9836
vn -0.6776 0.3054 0.6690
vn -0.6775 0.3052 0.6693
vn -0.9682 -0.2501 -0.0000
vn -0.9682 -0.2502 -0.0000
vn -0.9682 -0.2500 -0.0000
vn -0.5508 -0.1087 -0.8275
vn 0.8629 -0.2049 -0.4619
vn 0.8629 -0.2048 -0.4619
vn 0.6738 -0.1638 0.7206
vn 0.6738 -0.1638 0.7205
vn 0.3098 0.9508 0.0012
vn 0.1677 0.9858 0.0007
vn 0.1720 0.9851 0.0007
vn -0.1666 0.9860 0.0005
vn -0.0753 0.9972 0.0003
vn 0.0430 0.9991 0.0004
vn 0.0432 0.9991 0.0004
vn -0.0756 0.9971 0.0003
vn 0.0427 0.9991 0.0005
vn 0.1627 0.9867 0.0007
vn 0.9748 -0.2231 -0.0000
vn 0.9749 -0.2226 -0.0000
vn 0.9749 -0.2225 -0.0000
vn -0.9683 -0.2499 -0.0000
vn 0.9747 -0.2236 0.0002
vn 0.9748 -0.2231 0.0001
vn 0.5062 -0.0063 -0.8624
vn 0.5083 -0.0080 -0.8611
vn 0.5078 -0.0081 -0.8614
vn 0.5078 -0.0081 0.8614
vn 0.5073 -0.0122 0.8617
vn 0.5084 -0.0080 0.8611
vn 0.6533 0.7571 -0.0000
vn -0.6134 0.7870 0.0671
vn 0.3727 0.8917 -0.2568
vn 0.1976 0.9801 0.0178
vn -0.4912 0.8558 0.1624
vn -0.4910 0.8559 0.1622
vn -0.4912 0.8558 0.1625
vn -0.1285 0.9867 -0.1000
vn 0.0850 0.0033 0.9964
vn 0.0850 0.0032 0.9964
vn 0.7537 0.1266 0.6449
vn -0.6979 -0.1616 -0.6977
vn 0.8630 -0.2048 -0.4619
vn -0.0749 0.9972 0.0003
vn 0.9747 -0.2235 0.0001
vn 0.9748 -0.2232 0.0001
vn 0.5064 -0.0062 -0.8623
vn 0.5074 -0.0122 -0.8616
vn 0.5064 -0.0062 0.8623
vn 0.5061 -0.0062 0.8624
vn -0.4911 0.8559 0.1622
vt 0.705098 0.506330
vt 0.743777 0.437756
vt 0.739090 0.508281
vt 0.496404 0.901829
vt 0.545373 0.863216
vt 0.546726 0.899968
vt 0.476726 0.500277
vt 0.396908 0.532525
vt 0.397872 0.495254
vt 0.921867 0.175725
vt 0.966339 0.237484
vt 0.926141 0.243770
vt 0.706925 0.596141
vt 0.744723 0.663078
vt 0.709874 0.666206
vt 0.913447 0.174679
vt 0.914117 0.246555
vt 0.993264 0.793254
vt 0.979503 0.814487
vt 0.978982 0.793696
vt 0.739430 0.595761
vt 0.475758 0.862368
vt 0.496675 0.864938
vt 0.692196 0.434361
vt 0.686524 0.508186
vt 0.994943 0.510834
vt 0.979746 0.578643
vt 0.979602 0.510684
vt 0.135990 0.937445
vt 0.090242 0.922007
vt 0.136033 0.921915
vt 0.992848 0.891311
vt 0.993208 0.814632
vt 0.778271 0.658426
vt 0.765031 0.595964
vt 0.778263 0.595514
vt 0.909970 0.547673
vt 0.924137 0.481762
vt 0.924556 0.547577
vt 0.561246 0.863340
vt 0.575287 0.895556
vt 0.314982 0.495305
vt 0.312648 0.529853
vt 0.556056 0.526767
vt 0.559320 0.567068
vt 0.547075 0.560594
vt 0.917235 0.594168
vt 0.909926 0.594713
vt 0.518616 0.498601
vt 0.478052 0.487290
vt 0.156043 0.937476
vt 0.156086 0.921931
vt 0.513909 0.510502
vt 0.477320 0.536664
vt 0.640716 0.428759
vt 0.634907 0.504521
vt 0.454629 0.970814
vt 0.495023 0.918097
vt 0.496673 0.970814
vt 0.941400 0.509605
vt 0.992657 0.432762
vt 0.967527 0.515537
vt 0.853736 0.172583
vt 0.857513 0.245912
vt 0.934405 0.634430
vt 0.956028 0.593365
vt 0.958562 0.625920
vt 0.006062 0.700879
vt 0.033203 0.754650
vt 0.005001 0.757008
vt 0.556079 0.966480
vt 0.634907 0.600312
vt 0.991948 0.733382
vt 0.977983 0.746101
vt 0.977822 0.733718
vt 0.399005 0.420535
vt 0.488688 0.431422
vt 0.687026 0.597782
vt 0.642051 0.676583
vt 0.928265 0.590228
vt 0.939965 0.832314
vt 0.911914 0.742311
vt 0.939990 0.740243
vt 0.930161 0.904232
vt 0.911891 0.830585
vt 0.620058 0.483188
vt 0.560011 0.514731
vt 0.584456 0.464377
vt 0.038206 0.681221
vt 0.034158 0.704156
vt 0.930153 0.667842
vt 0.902512 0.673111
vt 0.013386 0.795366
vt 0.038681 0.782899
vt 0.337513 0.967208
vt 0.363941 0.898111
vt 0.363941 0.967892
vt 0.090199 0.937451
vt 0.075557 0.922053
vt 0.548567 0.915244
vt 0.398526 0.486765
vt 0.695726 0.669571
vt 0.580168 0.909562
vt 0.315456 0.487946
vt 0.590584 0.530704
vt 0.455798 0.899924
vt 0.968653 0.710472
vt 0.991857 0.699894
vt 0.975648 0.716955
vt 0.905114 0.909373
vt 0.928281 0.913507
vt 0.697760 0.674210
vt 0.589925 0.543380
vt 0.595427 0.532435
vt 0.648183 0.685020
vt 0.625083 0.491483
vt 0.739664 0.673189
vt 0.709794 0.672240
vt 0.571062 0.569449
vt 0.584257 0.540058
vt 0.535721 0.444962
vt 0.768787 0.588310
vt 0.778271 0.588306
vt 0.618320 0.431989
vt 0.610047 0.422507
vt 0.618399 0.422505
vt 0.969016 0.419970
vt 0.992472 0.424689
vt 0.360544 0.974223
vt 0.920871 0.169630
vt 0.309707 0.487584
vt 0.307864 0.495597
vt 0.857527 0.166916
vt 0.912388 0.169161
vt 0.297489 0.430710
vt 0.953055 0.167031
vt 0.957949 0.174466
vt 0.303831 0.526048
vt 0.984111 0.502447
vt 0.994953 0.502576
vt 0.067294 0.926634
vt 0.075515 0.937463
vt 0.067253 0.937476
vt 0.904623 0.663751
vt 0.928902 0.659123
vt 0.039041 0.671744
vt 0.013401 0.667938
vt 0.017253 0.660076
vt 0.707019 0.430363
vt 0.707666 0.436473
vt 0.581267 0.894507
vt 0.591652 0.958963
vt 0.586148 0.909599
vt 0.598555 0.953331
vt 0.646092 0.420956
vt 0.571879 0.863915
vt 0.739380 0.428156
vt 0.056110 0.882630
vt 0.044256 0.887296
vt 0.048642 0.882757
vt 0.004998 0.920005
vt 0.018407 0.912942
vt 0.013491 0.919644
vt 0.025725 0.883880
vt 0.035476 0.878707
vt 0.035379 0.883584
vt 0.025816 0.888481
vt 0.036383 0.911351
vt 0.026242 0.911683
vt 0.023329 0.869986
vt 0.037072 0.870104
vt 0.036173 0.917145
vt 0.026899 0.923898
vt 0.026893 0.917253
vt 0.353585 0.841922
vt 0.363405 0.837008
vt 0.363722 0.841562
vt 0.344943 0.837965
vt 0.344841 0.841683
vt 0.371891 0.837016
vt 0.363477 0.832162
vt 0.372282 0.833145
vt 0.354672 0.877374
vt 0.366518 0.886410
vt 0.353060 0.886147
vt 0.354012 0.865125
vt 0.346165 0.866388
vt 0.364463 0.864772
vt 0.372305 0.840672
vt 0.372581 0.865487
vt 0.372669 0.870751
vt 0.364762 0.877089
vt 0.364258 0.870580
vt 0.346499 0.871496
vt 0.346419 0.875751
vt 0.354669 0.870706
vt 0.344251 0.834090
vt 0.350948 0.822052
vt 0.353032 0.832577
vt 0.365214 0.822187
vt 0.373020 0.875061
vt 0.375754 0.884007
vt 0.353504 0.837331
vt 0.332739 0.873460
vt 0.341243 0.873099
vt 0.384166 0.835978
vt 0.376688 0.836119
vt 0.994965 0.625700
vt 0.985427 0.656149
vt 0.987504 0.625049
vt 0.779028 0.567786
vt 0.563558 0.429814
vt 0.563007 0.422505
vt 0.531966 0.425337
vt 0.532533 0.432805
vt 0.338232 0.568947
vt 0.985482 0.937766
vt 0.977822 0.891345
vt 0.994772 0.578578
vt 0.982474 0.724447
vt 0.909917 0.481641
vt 0.919099 0.472599
vt 0.992398 0.746299
vt 0.974317 0.670272
vt 0.950187 0.679385
vt 0.987990 0.690118
vt 0.017176 0.884559
vt 0.025235 0.879098
vt 0.043859 0.883644
vt 0.035680 0.888149
vt 0.038373 0.932928
vt 0.044902 0.921632
vt 0.047595 0.930566
vt 0.044283 0.879784
vt 0.016453 0.880699
vt 0.025309 0.932658
vt 0.018664 0.922287
vt 0.018740 0.918041
vt 0.044564 0.917332
vt 0.044486 0.912078
vt 0.036663 0.923629
vt 0.017085 0.888268
vt 0.881252 0.744561
vt 0.886133 0.753110
vt 0.880341 0.752932
vt 0.887210 0.773349
vt 0.892930 0.765517
vt 0.891295 0.773459
vt 0.886430 0.745043
vt 0.892609 0.752653
vt 0.855912 0.744610
vt 0.856938 0.775580
vt 0.880781 0.766132
vt 0.882197 0.774226
vt 0.901657 0.750759
vt 0.901386 0.767235
vt 0.852204 0.744942
vt 0.846991 0.753330
vt 0.848303 0.744424
vt 0.853149 0.775470
vt 0.857183 0.766662
vt 0.851964 0.753525
vt 0.856601 0.753359
vt 0.886357 0.765534
vt 0.849207 0.776234
vt 0.838241 0.769407
vt 0.847477 0.767229
vt 0.838369 0.751457
vt 0.890578 0.744671
vt 0.899176 0.741875
vt 0.852433 0.766689
vt 0.889427 0.787953
vt 0.889058 0.779259
vt 0.851230 0.732455
vt 0.851305 0.740091
vt 0.646904 0.859994
vt 0.670570 0.877375
vt 0.646904 0.877375
vt 0.646904 0.912138
vt 0.670570 0.894757
vt 0.670570 0.912138
vt 0.646904 0.929520
vt 0.670570 0.946901
vt 0.646904 0.946901
vt 0.646904 0.894757
vt 0.670570 0.929520
vt 0.646904 0.964283
vt 0.670570 0.964283
vt 0.373927 0.943366
vt 0.404033 0.943366
vt 0.388980 0.969438
vt 0.609178 0.881963
vt 0.632462 0.899344
vt 0.609178 0.899344
vt 0.609178 0.916726
vt 0.632462 0.934107
vt 0.609178 0.934107
vt 0.609178 0.951489
vt 0.632462 0.968871
vt 0.609178 0.968871
vt 0.632462 0.916726
vt 0.632462 0.951489
vt 0.632462 0.986252
vt 0.609178 0.986252
vt 0.908757 0.950766
vt 0.908757 0.933385
vt 0.923810 0.924694
vt 0.949879 0.353733
vt 0.940848 0.330680
vt 0.949885 0.329538
vt 0.902559 0.353777
vt 0.920093 0.369541
vt 0.899407 0.357240
vt 0.919367 0.313204
vt 0.901377 0.330345
vt 0.898020 0.326707
vt 0.923525 0.313319
vt 0.946431 0.323239
vt 0.924037 0.369484
vt 0.940836 0.352767
vt 0.946296 0.359936
vt 0.897710 0.355046
vt 0.896422 0.329377
vt 0.927197 0.347485
vt 0.929800 0.333920
vt 0.929561 0.349851
vt 0.921467 0.319141
vt 0.913073 0.333325
vt 0.913618 0.350139
vt 0.916183 0.346996
vt 0.926806 0.336360
vt 0.921996 0.363906
vt 0.440643 0.916318
vt 0.430873 0.893386
vt 0.440643 0.892090
vt 0.392645 0.917751
vt 0.410832 0.932622
vt 0.389227 0.922147
vt 0.411220 0.882403
vt 0.387296 0.889545
vt 0.409045 0.876400
vt 0.413162 0.876518
vt 0.436636 0.885175
vt 0.414455 0.932481
vt 0.431071 0.915503
vt 0.437157 0.922955
vt 0.391286 0.894268
vt 0.386802 0.919008
vt 0.385093 0.893299
vt 0.416998 0.910229
vt 0.419946 0.896781
vt 0.419596 0.912791
vt 0.403164 0.897039
vt 0.403587 0.913961
vt 0.406804 0.900473
vt 0.406300 0.910396
vt 0.416541 0.899622
vt 0.412351 0.927349
vt 0.705098 0.506330
vt 0.743777 0.437756
vt 0.739090 0.508281
vt 0.496404 0.901829
vt 0.545373 0.863216
vt 0.397872 0.495254
vt 0.477320 0.536664
vt 0.396908 0.532525
vt 0.706925 0.596141
vt 0.744723 0.663078
vt 0.709874 0.666206
vt 0.993264 0.793254
vt 0.979503 0.814487
vt 0.739430 0.595761
vt 0.475758 0.862368
vt 0.686524 0.508186
vt 0.135990 0.937445
vt 0.090242 0.922007
vt 0.136033 0.921915
vt 0.992848 0.891311
vt 0.993208 0.814632
vt 0.778271 0.658426
vt 0.909970 0.547673
vt 0.561246 0.863340
vt 0.314982 0.495305
vt 0.312648 0.529853
vt 0.547075 0.560594
vt 0.909926 0.594713
vt 0.518616 0.498601
vt 0.476726 0.500277
vt 0.478052 0.487290
vt 0.156043 0.937476
vt 0.156085 0.921931
vt 0.640716 0.428759
vt 0.454628 0.970814
vt 0.941400 0.509605
vt 0.992657 0.432762
vt 0.967527 0.515537
vt 0.853736 0.172583
vt 0.857513 0.245912
vt 0.934405 0.634430
vt 0.005001 0.757008
vt 0.034158 0.704156
vt 0.033203 0.754650
vt 0.556079 0.966480
vt 0.977822 0.733718
vt 0.399005 0.420535
vt 0.939990 0.740243
vt 0.620058 0.483188
vt 0.584456 0.464377
vt 0.006062 0.700879
vt 0.038206 0.681221
vt 0.902512 0.673111
vt 0.013386 0.795366
vt 0.038681 0.782899
vt 0.337513 0.967208
vt 0.363941 0.898111
vt 0.363941 0.967892
vt 0.090199 0.937451
vt 0.075557 0.922053
vt 0.548567 0.915244
vt 0.398526 0.486765
vt 0.695726 0.669571
vt 0.315456 0.487946
vt 0.590584 0.530704
vt 0.455798 0.899924
vt 0.968653 0.710472
vt 0.991857 0.699894
vt 0.975648 0.716955
vt 0.905114 0.909373
vt 0.928281 0.913507
vt 0.589925 0.543380
vt 0.595427 0.532435
vt 0.625083 0.491483
vt 0.739664 0.673189
vt 0.709794 0.672240
vt 0.571062 0.569449
vt 0.535721 0.444962
vt 0.778271 0.588306
vt 0.969016 0.419970
vt 0.992472 0.424689
vt 0.360544 0.974223
vt 0.309707 0.487584
vt 0.307864 0.495597
vt 0.912388 0.169161
vt 0.297489 0.430710
vt 0.957948 0.174466
vt 0.303831 0.526048
vt 0.984111 0.502447
vt 0.994953 0.502576
vt 0.075515 0.937463
vt 0.067253 0.937476
vt 0.904623 0.663751
vt 0.928902 0.659123
vt 0.039041 0.671744
vt 0.013401 0.667938
vt 0.017253 0.660076
vt 0.707666 0.436473
vt 0.591652 0.958963
vt 0.598555 0.953331
vt 0.646092 0.420956
vt 0.056110 0.882630
vt 0.044256 0.887296
vt 0.048642 0.882757
vt 0.004998 0.920005
vt 0.018407 0.912942
vt 0.013491 0.919644
vt 0.025725 0.883880
vt 0.035476 0.878707
vt 0.035379 0.883584
vt 0.025816 0.888481
vt 0.036383 0.911351
vt 0.026242 0.911683
vt 0.023329 0.869986
vt 0.037072 0.870104
vt 0.036173 0.917145
vt 0.026899 0.923898
vt 0.026893 0.917253
vt 0.363722 0.841562
vt 0.353504 0.837331
vt 0.344943 0.837965
vt 0.371891 0.837016
vt 0.372282 0.833145
vt 0.364762 0.877089
vt 0.366518 0.886410
vt 0.346165 0.866388
vt 0.364463 0.864772
vt 0.372305 0.840672
vt 0.372669 0.870751
vt 0.364258 0.870580
vt 0.346499 0.871496
vt 0.354672 0.877374
vt 0.346419 0.875751
vt 0.354668 0.870706
vt 0.344251 0.834090
vt 0.350948 0.822052
vt 0.373020 0.875061
vt 0.341243 0.873099
vt 0.994965 0.625700
vt 0.779028 0.567786
vt 0.532533 0.432805
vt 0.338232 0.568947
vt 0.977822 0.891345
vt 0.994772 0.578578
vt 0.982474 0.724447
vt 0.974317 0.670272
vt 0.950187 0.679385
vt 0.017176 0.884559
vt 0.025235 0.879098
vt 0.043859 0.883644
vt 0.035680 0.888149
vt 0.038373 0.932928
vt 0.044902 0.921632
vt 0.047596 0.930566
vt 0.044284 0.879784
vt 0.016453 0.880699
vt 0.025309 0.932658
vt 0.018664 0.922287
vt 0.018740 0.918041
vt 0.044486 0.912078
vt 0.044564 0.917332
vt 0.036663 0.923629
vt 0.017085 0.888268
vt 0.881252 0.744561
vt 0.886133 0.753110
vt 0.880341 0.752932
vt 0.892930 0.765517
vt 0.891295 0.773459
vt 0.855912 0.744610
vt 0.880781 0.766132
vt 0.852204 0.744942
vt 0.846991 0.753330
vt 0.848303 0.744424
vt 0.853149 0.775470
vt 0.852433 0.766689
vt 0.886357 0.765534
vt 0.849207 0.776234
vt 0.847477 0.767229
vt 0.890579 0.744671
vt 0.889427 0.787953
vt 0.670570 0.859994
vt 0.404033 0.943366
vt 0.388980 0.969438
vt 0.609178 0.899344
vt 0.632462 0.881963
vt 0.609178 0.916726
vt 0.609178 0.934107
vt 0.609178 0.951489
vt 0.609178 0.968871
vt 0.609178 0.986252
vt 0.949879 0.353733
vt 0.902559 0.353777
vt 0.920093 0.369541
vt 0.919367 0.313204
vt 0.901377 0.330345
vt 0.946431 0.323239
vt 0.940836 0.352767
vt 0.897710 0.355046
vt 0.929800 0.333920
vt 0.921467 0.319141
vt 0.913073 0.333325
vt 0.913618 0.350139
vt 0.926805 0.336360
vt 0.440642 0.916318
vt 0.430873 0.893386
vt 0.440642 0.892090
vt 0.410832 0.932622
vt 0.389227 0.922147
vt 0.411220 0.882403
vt 0.387296 0.889545
vt 0.409045 0.876400
vt 0.436636 0.885175
vt 0.414455 0.932481
vt 0.431071 0.915503
vt 0.437157 0.922955
vt 0.391286 0.894268
vt 0.386802 0.919008
vt 0.385093 0.893299
vt 0.416998 0.910229
vt 0.419946 0.896781
vt 0.419596 0.912791
vt 0.403165 0.897039
vt 0.403587 0.913961
vt 0.406804 0.900473
vt 0.406300 0.910396
vt 0.416541 0.899622
vt 0.991645 0.724257
vt 0.610156 0.437093
vt 0.992728 0.656789
vt 0.691093 0.428339
vt 0.293012 0.435093
vt 0.337288 0.973505
vt 0.455066 0.912644
vt 0.335800 0.896292
vt 0.046408 0.916502
vt 0.049830 0.918477
vt 0.015589 0.885361
vt 0.012437 0.884027
vt 0.341625 0.825755
vt 0.343344 0.838772
vt 0.340187 0.837436
vt 0.374514 0.869914
vt 0.377944 0.871885
vt 0.013466 0.872483
vt 0.840912 0.779379
vt 0.853963 0.777111
vt 0.852597 0.780338
vt 0.885789 0.742629
vt 0.887834 0.739146
vt 0.609178 0.881963
vt 0.923810 0.959457
vt 0.938863 0.950766
vt 0.916351 0.336585
vt 0.610156 0.437093
vt 0.691093 0.428339
vt 0.293012 0.435093
vt 0.337288 0.973505
vt 0.455066 0.912644
vt 0.335800 0.896292
vt 0.044487 0.912078
vt 0.046408 0.916502
vt 0.017085 0.888268
vt 0.012437 0.884027
vt 0.025724 0.883880
vt 0.035379 0.883584
vt 0.036383 0.911351
vt 0.026899 0.923898
vt 0.036173 0.917145
vt 0.026893 0.917253
vt 0.363722 0.841562
vt 0.364762 0.877089
vt 0.364463 0.864772
vt 0.372305 0.840672
vt 0.373020 0.875061
vt 0.346419 0.875751
vt 0.354669 0.870706
vt 0.344251 0.834090
vt 0.350948 0.822052
vt 0.365214 0.822187
vt 0.353032 0.832577
vt 0.340187 0.837436
vt 0.374514 0.869914
vt 0.017176 0.884559
vt 0.025235 0.879098
vt 0.044902 0.921632
vt 0.044283 0.879784
vt 0.013466 0.872483
vt 0.018664 0.922287
vt 0.025309 0.932658
vt 0.018740 0.918041
vt 0.018407 0.912942
vt 0.892931 0.765517
vt 0.887210 0.773349
vt 0.892610 0.752653
vt 0.880781 0.766132
vt 0.856938 0.775580
vt 0.882197 0.774226
vt 0.901657 0.750759
vt 0.846991 0.753330
vt 0.852204 0.744942
vt 0.848303 0.744424
vt 0.853149 0.775470
vt 0.849207 0.776234
vt 0.838241 0.769407
vt 0.840912 0.779379
vt 0.838368 0.751457
vt 0.886357 0.765534
vt 0.853963 0.777111
vt 0.885789 0.742629
vt 0.887834 0.739146
vt 0.670570 0.859994
vt 0.670570 0.894757
vt 0.670570 0.929520
vt 0.670570 0.912138
vt 0.670570 0.964283
vt 0.388980 0.969438
vt 0.373927 0.943366
vt 0.609178 0.899344
vt 0.609178 0.881963
vt 0.609178 0.916726
vt 0.609178 0.934107
vt 0.609178 0.951489
vt 0.609178 0.968871
vt 0.609178 0.986252
vt 0.949879 0.353733
vt 0.940848 0.330680
vt 0.899407 0.357240
vt 0.919367 0.313204
vt 0.921467 0.319141
vt 0.923525 0.313319
vt 0.946431 0.323239
vt 0.921996 0.363906
vt 0.897710 0.355046
vt 0.896422 0.329377
vt 0.929561 0.349851
vt 0.913618 0.350139
vt 0.913073 0.333325
vt 0.916351 0.336585
vt 0.440642 0.916318
vt 0.430873 0.893386
vt 0.410832 0.932622
vt 0.392645 0.917751
vt 0.389227 0.922147
vt 0.411220 0.882403
vt 0.414455 0.932481
vt 0.412351 0.927349
vt 0.391286 0.894268
vt 0.416998 0.910229
vt 0.403587 0.913961
vt 0.403164 0.897039
vt 0.406804 0.900473
vt 0.406300 0.910396
vt 0.416542 0.899622
vt 0.812628 0.298996
vt 0.789749 0.411690
vt 0.790538 0.298804
vt 0.815315 0.007068
vt 0.825252 0.122451
vt 0.816761 0.122675
vt 0.841885 0.006401
vt 0.841885 0.122512
vt 0.825632 0.299390
vt 0.837548 0.412367
vt 0.827451 0.412562
vt 0.838524 0.299406
vt 0.819300 0.412078
vt 0.790624 0.122672
vt 0.791167 0.006987
vt 0.736533 0.006398
vt 0.696016 0.121753
vt 0.692531 0.005350
vt 0.735204 0.122379
vt 0.708667 0.297950
vt 0.455121 0.116524
vt 0.487548 0.005831
vt 0.487192 0.117703
vt 0.502079 0.006078
vt 0.585469 0.118727
vt 0.500029 0.117886
vt 0.017971 0.409204
vt 0.037556 0.293571
vt 0.037519 0.409387
vt 0.038322 0.117840
vt 0.015035 0.005877
vt 0.040177 0.005827
vt 0.707588 0.410704
vt 0.691732 0.298445
vt 0.414854 0.050873
vt 0.422066 0.079038
vt 0.405911 0.114625
vt 0.515476 0.411643
vt 0.489491 0.296024
vt 0.509308 0.295605
vt 0.481128 0.412025
vt 0.480521 0.295611
vt 0.612127 0.410884
vt 0.597336 0.295546
vt 0.615533 0.294998
vt 0.581453 0.411175
vt 0.578079 0.295329
vt 0.006606 0.293677
vt 0.013667 0.293548
vt 0.681726 0.294652
vt 0.663290 0.410133
vt 0.665208 0.294548
vt 0.643761 0.215039
vt 0.632423 0.118685
vt 0.641742 0.118617
vt 0.645244 0.294723
vt 0.642765 0.410435
vt 0.602802 0.006784
vt 0.638272 0.006324
vt 0.641088 0.067615
vt 0.679097 0.117884
vt 0.662153 0.005945
vt 0.672134 0.005307
vt 0.666424 0.118233
vt 0.004997 0.117274
vt 0.005521 0.005305
vt 0.012015 0.117508
vt 0.596036 0.118640
vt 0.587237 0.006730
vt 0.595259 0.006618
vt 0.605801 0.118716
vt 0.492174 0.117734
vt 0.494813 0.005967
vt 0.404734 0.409108
vt 0.412361 0.293329
vt 0.407029 0.409272
vt 0.406304 0.293117
vt 0.422440 0.115387
vt 0.690546 0.121563
vt 0.690243 0.005244
vt 0.734409 0.298257
vt 0.446383 0.295071
vt 0.458355 0.411884
vt 0.455637 0.005008
vt 0.443835 0.101353
vt 0.429700 0.410917
vt 0.442794 0.412915
vt 0.651006 0.118491
vt 0.423134 0.066881
vt 0.424068 0.052016
vt 0.421056 0.005792
vt 0.123647 0.411132
vt 0.088501 0.314176
vt 0.128581 0.295234
vt 0.183481 0.118384
vt 0.215177 0.006548
vt 0.215704 0.119185
vt 0.229793 0.006746
vt 0.314426 0.119140
vt 0.228596 0.119216
vt 0.118236 0.007139
vt 0.133955 0.117249
vt 0.120226 0.117681
vt 0.142229 0.052417
vt 0.149787 0.080891
vt 0.246474 0.412943
vt 0.219405 0.297665
vt 0.239235 0.297087
vt 0.212203 0.413624
vt 0.210429 0.297327
vt 0.342852 0.411651
vt 0.327456 0.296430
vt 0.345681 0.295788
vt 0.312212 0.412094
vt 0.308166 0.296323
vt 0.373593 0.215541
vt 0.361611 0.118638
vt 0.370997 0.118480
vt 0.375395 0.295392
vt 0.393925 0.410676
vt 0.373430 0.411061
vt 0.330646 0.006741
vt 0.366004 0.005859
vt 0.369689 0.067125
vt 0.325028 0.118957
vt 0.315049 0.006840
vt 0.323086 0.006649
vt 0.334829 0.118942
vt 0.220707 0.119151
vt 0.222487 0.006660
vt 0.136008 0.295482
vt 0.138263 0.411647
vt 0.132046 0.411387
vt 0.150611 0.117699
vt 0.142070 0.295632
vt 0.094209 0.117923
vt 0.176212 0.297082
vt 0.189498 0.413687
vt 0.183053 0.005836
vt 0.171986 0.103260
vt 0.160897 0.413020
vt 0.173985 0.414874
vt 0.389795 0.005137
vt 0.395932 0.117850
vt 0.380340 0.118263
vt 0.395367 0.295150
vt 0.150752 0.068551
vt 0.151561 0.053498
vt 0.148187 0.006759
vt 0.768926 0.411608
vt 0.762621 0.298678
vt 0.762987 0.122527
vt 0.767273 0.006767
vt 0.066137 0.117968
vt 0.050322 0.353484
vt 0.065717 0.293773
vt 0.093646 0.006311
vt 0.066895 0.006014
vt 0.750993 0.411368
vt 0.732797 0.410997
vt 0.091545 0.410131
vt 0.065536 0.348472
vt 0.064241 0.325984
vt 0.065931 0.336095
vt 0.064439 0.409799
vt 0.404966 0.005190
vt 0.131861 0.006182
vt 0.763238 0.412012
vt 0.812628 0.298996
vt 0.790538 0.298804
vt 0.825252 0.122451
vt 0.819300 0.412078
vt 0.736533 0.006398
vt 0.696016 0.121753
vt 0.708667 0.297950
vt 0.455121 0.116524
vt 0.487192 0.117703
vt 0.500029 0.117886
vt 0.017971 0.409204
vt 0.037556 0.293571
vt 0.037519 0.409387
vt 0.038322 0.117840
vt 0.015035 0.005877
vt 0.040177 0.005827
vt 0.707588 0.410704
vt 0.691732 0.298445
vt 0.414854 0.050873
vt 0.422066 0.079038
vt 0.405911 0.114625
vt 0.481128 0.412025
vt 0.480521 0.295611
vt 0.612127 0.410884
vt 0.597336 0.295546
vt 0.581453 0.411175
vt 0.006606 0.293677
vt 0.013667 0.293548
vt 0.643761 0.215039
vt 0.632423 0.118685
vt 0.642765 0.410435
vt 0.602802 0.006784
vt 0.638272 0.006324
vt 0.679097 0.117884
vt 0.672134 0.005307
vt 0.666425 0.118233
vt 0.004997 0.117274
vt 0.005521 0.005305
vt 0.012015 0.117508
vt 0.596036 0.118640
vt 0.595259 0.006618
vt 0.492174 0.117734
vt 0.494813 0.005967
vt 0.404734 0.409108
vt 0.412361 0.293329
vt 0.407029 0.409272
vt 0.422440 0.115387
vt 0.690546 0.121563
vt 0.458355 0.411884
vt 0.455637 0.005008
vt 0.443835 0.101353
vt 0.429700 0.410917
vt 0.442794 0.412915
vt 0.423134 0.066881
vt 0.424068 0.052016
vt 0.421056 0.005792
vt 0.123647 0.411132
vt 0.088501 0.314176
vt 0.128581 0.295234
vt 0.183481 0.118384
vt 0.215177 0.006548
vt 0.215704 0.119185
vt 0.229793 0.006746
vt 0.314426 0.119140
vt 0.228596 0.119216
vt 0.118236 0.007139
vt 0.120226 0.117681
vt 0.142229 0.052417
vt 0.149787 0.080891
vt 0.246474 0.412943
vt 0.219405 0.297665
vt 0.239235 0.297087
vt 0.212203 0.413624
vt 0.210429 0.297327
vt 0.345681 0.295788
vt 0.308166 0.296323
vt 0.373593 0.215541
vt 0.370997 0.118480
vt 0.375395 0.295392
vt 0.393925 0.410676
vt 0.330646 0.006741
vt 0.325028 0.118957
vt 0.315048 0.006840
vt 0.323086 0.006649
vt 0.334829 0.118942
vt 0.220707 0.119151
vt 0.222487 0.006660
vt 0.136009 0.295482
vt 0.138263 0.411647
vt 0.132046 0.411387
vt 0.150611 0.117699
vt 0.142070 0.295632
vt 0.094209 0.117923
vt 0.176212 0.297082
vt 0.189498 0.413687
vt 0.183053 0.005836
vt 0.171986 0.103260
vt 0.160897 0.413020
vt 0.389795 0.005137
vt 0.395932 0.117850
vt 0.380340 0.118263
vt 0.395367 0.295150
vt 0.150752 0.068551
vt 0.151561 0.053498
vt 0.148187 0.006759
vt 0.762621 0.298678
vt 0.767273 0.006767
vt 0.066136 0.117968
vt 0.050322 0.353484
vt 0.065717 0.293773
vt 0.093646 0.006311
vt 0.066895 0.006014
vt 0.091545 0.410131
vt 0.065536 0.348472
vt 0.064241 0.325984
vt 0.065930 0.336095
vt 0.064439 0.409799
vt 0.131861 0.006182
vt 0.763238 0.412012
vt 0.878149 0.942613
vt 0.871814 0.923360
vt 0.878149 0.923360
vt 0.855906 0.923360
vt 0.871814 0.942613
vt 0.846227 0.926705
vt 0.852561 0.942613
vt 0.846227 0.942613
vt 0.852561 0.948948
vt 0.192248 0.927462
vt 0.195599 0.927462
vt 0.198189 0.933913
vt 0.217023 0.922262
vt 0.198054 0.926962
vt 0.197818 0.923620
vt 0.223384 0.946715
vt 0.217443 0.946715
vt 0.217443 0.928704
vt 0.198189 0.952656
vt 0.198189 0.946715
vt 0.270774 0.424501
vt 0.251520 0.431836
vt 0.251520 0.424501
vt 0.251520 0.458424
vt 0.270774 0.451090
vt 0.270774 0.458424
vt 0.251520 0.451090
vt 0.244185 0.451090
vt 0.278109 0.431836
vt 0.278109 0.451090
vt 0.032826 0.444914
vt 0.038292 0.427945
vt 0.042060 0.447158
vt 0.014286 0.458334
vt 0.033206 0.448514
vt 0.033656 0.457346
vt 0.034116 0.423976
vt 0.033349 0.428965
vt 0.017447 0.430302
vt 0.004992 0.449504
vt 0.013833 0.430107
vt 0.013835 0.449503
vt 0.385454 0.696560
vt 0.385790 0.720267
vt 0.378391 0.710069
vt 0.461723 0.731173
vt 0.402591 0.716440
vt 0.461835 0.717366
vt 0.543996 0.678126
vt 0.533386 0.693351
vt 0.532430 0.676135
vt 0.530068 0.723963
vt 0.517945 0.717317
vt 0.500604 0.566037
vt 0.539144 0.573922
vt 0.534269 0.583931
vt 0.376361 0.585922
vt 0.386572 0.581288
vt 0.386939 0.585146
vt 0.378754 0.574047
vt 0.398467 0.567253
vt 0.545365 0.585886
vt 0.532533 0.623571
vt 0.375682 0.676787
vt 0.371995 0.703311
vt 0.387171 0.623315
vt 0.375253 0.623860
vt 0.462608 0.583218
vt 0.462493 0.565953
vt 0.544682 0.624444
vt 0.387001 0.674941
vt 0.462162 0.676635
vt 0.462529 0.623051
vt 0.462384 0.555183
vt 0.398237 0.556568
vt 0.517950 0.731173
vt 0.500605 0.555166
vt 0.967066 0.069131
vt 0.929528 0.088259
vt 0.929528 0.075848
vt 0.875892 0.050982
vt 0.908160 0.088259
vt 0.875931 0.113900
vt 0.930452 0.158182
vt 0.962904 0.113282
vt 0.979010 0.129770
vt 0.907918 0.006827
vt 0.875805 0.051193
vt 0.859769 0.034681
vt 0.930368 0.006915
vt 0.967477 0.054503
vt 0.919096 0.026148
vt 0.918844 0.094465
vt 0.918844 0.139235
vt 0.967066 0.054044
vt 0.918844 0.069642
vt 0.918844 0.025453
vt 0.908160 0.075848
vt 0.963645 0.113032
vt 0.859749 0.130341
vt 0.867873 0.116283
vt 0.875806 0.113804
vt 0.868319 0.055594
vt 0.851869 0.110720
vt 0.868095 0.054278
vt 0.868095 0.110720
vt 0.773083 0.434166
vt 0.790110 0.434166
vt 0.790110 0.463481
vt 0.790110 0.475142
vt 0.773083 0.463481
vt 0.754486 0.442967
vt 0.764569 0.448824
vt 0.800193 0.428310
vt 0.798624 0.448824
vt 0.808707 0.454681
vt 0.763000 0.469338
vt 0.773083 0.422506
vt 0.968423 0.110257
vt 0.987204 0.111568
vt 0.970365 0.110675
vt 0.967176 0.069579
vt 0.217355 0.926949
vt 0.848081 0.922225
vt 0.852561 0.926705
vt 0.855906 0.917024
vt 0.951323 0.291927
vt 0.961843 0.320269
vt 0.924260 0.297871
vt 0.864717 0.374878
vt 0.923021 0.386398
vt 0.922793 0.409381
vt 0.917452 0.260495
vt 0.921463 0.268088
vt 0.918106 0.278477
vt 0.885475 0.319214
vt 0.884785 0.363669
vt 0.748643 0.930572
vt 0.704370 0.914727
vt 0.748683 0.914116
vt 0.977535 0.306254
vt 0.989484 0.294506
vt 0.931209 0.423705
vt 0.977218 0.378573
vt 0.847893 0.374458
vt 0.865755 0.307332
vt 0.793001 0.930520
vt 0.793040 0.913934
vt 0.961653 0.364527
vt 0.976776 0.142925
vt 0.992630 0.187172
vt 0.976563 0.187240
vt 0.837385 0.914468
vt 0.837347 0.930859
vt 0.856216 0.389398
vt 0.914392 0.423731
vt 0.992529 0.231529
vt 0.976591 0.231598
vt 0.977025 0.275943
vt 0.993157 0.275873
vt 0.020226 0.816312
vt 0.039950 0.804815
vt 0.036432 0.816128
vt 0.028272 0.830385
vt 0.064732 0.807095
vt 0.044854 0.795902
vt 0.034737 0.796079
vt 0.015064 0.807662
vt 0.034823 0.859339
vt 0.020299 0.839146
vt 0.040096 0.850484
vt 0.010160 0.839109
vt 0.070226 0.838884
vt 0.059747 0.816153
vt 0.070086 0.816050
vt 0.064969 0.848031
vt 0.059820 0.838988
vt 0.324470 0.946816
vt 0.318583 0.963350
vt 0.318583 0.947788
vt 0.043614 0.839171
vt 0.051774 0.824914
vt 0.304124 0.947792
vt 0.304124 0.963354
vt 0.298239 0.946820
vt 0.298239 0.964500
vt 0.303148 0.941908
vt 0.303151 0.969269
vt 0.319578 0.969265
vt 0.926574 0.271485
vt 0.983567 0.376116
vt 0.995011 0.376050
vt 0.983862 0.308691
vt 0.995011 0.308625
vt 0.174125 0.745554
vt 0.219700 0.734959
vt 0.176582 0.750503
vt 0.218520 0.729685
vt 0.264893 0.724986
vt 0.832762 0.594295
vt 0.853939 0.635250
vt 0.849117 0.637752
vt 0.310710 0.730284
vt 0.264926 0.719406
vt 0.827436 0.548201
vt 0.837968 0.593050
vt 0.480771 0.790380
vt 0.438760 0.811131
vt 0.436320 0.806168
vt 0.238953 0.664617
vt 0.244732 0.645871
vt 0.251787 0.651739
vt 0.832328 0.501853
vt 0.821829 0.548225
vt 0.527069 0.785891
vt 0.481927 0.795659
vt 0.787971 0.733819
vt 0.743084 0.744687
vt 0.785500 0.728954
vt 0.572853 0.791164
vt 0.527109 0.780321
vt 0.744291 0.749897
vt 0.698386 0.754992
vt 0.652199 0.750035
vt 0.698397 0.760573
vt 0.768724 0.696220
vt 0.795406 0.671809
vt 0.799058 0.675972
vt 0.733431 0.703596
vt 0.734709 0.708884
vt 0.719410 0.710801
vt 0.874256 0.498050
vt 0.845090 0.483791
vt 0.878276 0.495877
vt 0.597072 0.675977
vt 0.629748 0.691653
vt 0.627166 0.696404
vt 0.220473 0.738223
vt 0.178104 0.753520
vt 0.158466 0.702047
vt 0.190353 0.685285
vt 0.192670 0.694225
vt 0.264877 0.728344
vt 0.123035 0.702045
vt 0.157400 0.692979
vt 0.309438 0.735410
vt 0.217041 0.723766
vt 0.111056 0.689785
vt 0.106745 0.698814
vt 0.801196 0.678560
vt 0.264968 0.713502
vt 0.770242 0.699191
vt 0.824501 0.705231
vt 0.312273 0.724548
vt 0.840693 0.479684
vt 0.846695 0.479383
vt 0.354231 0.746851
vt 0.334622 0.733212
vt 0.357015 0.741704
vt 0.013245 0.614574
vt 0.038193 0.639875
vt 0.030847 0.645153
vt 0.672787 0.713540
vt 0.661574 0.708885
vt 0.675408 0.710508
vt 0.393797 0.770939
vt 0.389864 0.775548
vt 0.783974 0.726002
vt 0.821615 0.701921
vt 0.625575 0.699350
vt 0.698378 0.751634
vt 0.742280 0.741431
vt 0.653436 0.744853
vt 0.790755 0.739098
vt 0.745762 0.755614
vt 0.848542 0.457498
vt 0.698414 0.766482
vt 0.650680 0.755831
vt 0.853345 0.459886
vt 0.851121 0.476511
vt 0.440268 0.814142
vt 0.527049 0.789244
vt 0.482701 0.798957
vt 0.571591 0.796286
vt 0.433569 0.800781
vt 0.479362 0.784583
vt 0.873562 0.511176
vt 0.527158 0.774429
vt 0.574404 0.785432
vt 0.244809 0.468100
vt 0.249047 0.486956
vt 0.237848 0.474589
vt 0.841187 0.592239
vt 0.856878 0.633704
vt 0.830808 0.548186
vt 0.837525 0.503084
vt 0.826922 0.595855
vt 0.879855 0.491460
vt 0.890787 0.479299
vt 0.884185 0.495512
vt 0.815892 0.548255
vt 0.826512 0.500342
vt 0.828432 0.709961
vt 0.386978 0.778774
vt 0.350285 0.754496
vt 0.351810 0.751552
vt 0.137019 0.774107
vt 0.872386 0.417024
vt 0.877119 0.420941
vt 0.139895 0.777473
vt 0.133103 0.769303
vt 0.880433 0.423818
vt 0.856353 0.461390
vt 0.877830 0.673643
vt 0.616411 0.807612
vt 0.655996 0.831636
vt 0.652072 0.836248
vt 0.881080 0.670759
vt 0.873189 0.677575
vt 0.649193 0.839476
vt 0.612480 0.815264
vt 0.613998 0.812318
vt 0.398921 0.834599
vt 0.607963 0.733828
vt 0.567499 0.710046
vt 0.571412 0.705313
vt 0.401795 0.837993
vt 0.395010 0.829754
vt 0.574284 0.701999
vt 0.611845 0.726027
vt 0.610345 0.729032
vt 0.332478 0.738813
vt 0.680809 0.726335
vt 0.618650 0.545617
vt 0.624916 0.533179
vt 0.624918 0.546552
vt 0.703619 0.733204
vt 0.710444 0.714238
vt 0.720675 0.717171
vt 0.691130 0.686237
vt 0.684432 0.706917
vt 0.673542 0.704367
vt 0.688320 0.719910
vt 0.328374 0.743094
vt 0.615311 0.556629
vt 0.704625 0.736875
vt 0.615311 0.523096
vt 0.621038 0.520381
vt 0.321713 0.678715
vt 0.311971 0.669248
vt 0.322676 0.672459
vt 0.625991 0.451009
vt 0.625991 0.462516
vt 0.615783 0.468028
vt 0.247448 0.928212
vt 0.233873 0.932933
vt 0.235733 0.923719
vt 0.270370 0.929518
vt 0.296011 0.932088
vt 0.271346 0.938859
vt 0.245506 0.937386
vt 0.678165 0.729067
vt 0.714213 0.692702
vt 0.694180 0.697114
vt 0.347994 0.674984
vt 0.334277 0.672579
vt 0.345292 0.669248
vt 0.723223 0.713613
vt 0.724194 0.718335
vt 0.335194 0.678854
vt 0.717801 0.705344
vt 0.707512 0.700827
vt 0.055256 0.671325
vt 0.067563 0.668941
vt 0.063882 0.677631
vt 0.364083 0.804059
vt 0.332152 0.788117
vt 0.334766 0.783463
vt 0.285947 0.769043
vt 0.299983 0.775953
vt 0.284411 0.774486
vt 0.193117 0.783835
vt 0.229170 0.776975
vt 0.195580 0.788838
vt 0.165890 0.808099
vt 0.162242 0.803815
vt 0.225285 0.676395
vt 0.220040 0.668936
vt 0.324555 0.775575
vt 0.336375 0.780585
vt 0.252130 0.635162
vt 0.261146 0.638682
vt 0.366213 0.801610
vt 0.316032 0.775568
vt 0.301079 0.770802
vt 0.282196 0.549312
vt 0.272684 0.582891
vt 0.272994 0.550163
vt 0.274879 0.514268
vt 0.265515 0.516577
vt 0.227876 0.771500
vt 0.239218 0.766663
vt 0.241895 0.769706
vt 0.227090 0.768165
vt 0.191633 0.780831
vt 0.247229 0.753711
vt 0.292408 0.471242
vt 0.286140 0.483678
vt 0.286137 0.472171
vt 0.287134 0.762745
vt 0.267706 0.756640
vt 0.270105 0.746731
vt 0.277526 0.766215
vt 0.251018 0.773224
vt 0.257965 0.793859
vt 0.240113 0.775922
vt 0.254821 0.760167
vt 0.320351 0.777181
vt 0.316308 0.781372
vt 0.288510 0.458451
vt 0.271106 0.743057
vt 0.288510 0.497405
vt 0.292412 0.484614
vt 0.005001 0.496312
vt 0.014678 0.506722
vt 0.008953 0.509447
vt 0.948205 0.436874
vt 0.948347 0.448380
vt 0.938453 0.454256
vt 0.099841 0.771416
vt 0.104558 0.757840
vt 0.109055 0.769553
vt 0.103245 0.734919
vt 0.100669 0.709278
vt 0.109677 0.711666
vt 0.095384 0.759785
vt 0.244551 0.750970
vt 0.260894 0.782935
vt 0.280971 0.787136
vt 0.014666 0.473171
vt 0.005059 0.483256
vt 0.008939 0.470458
vt 0.289684 0.766234
vt 0.011278 0.495419
vt 0.274199 0.779090
vt 0.301773 0.767540
vt 0.281539 0.584033
vt 0.270953 0.590679
vt 0.626342 0.864817
vt 0.594425 0.848922
vt 0.597029 0.844267
vt 0.878894 0.512275
vt 0.548104 0.829974
vt 0.562227 0.836859
vt 0.546573 0.835461
vt 0.455242 0.844524
vt 0.491302 0.837640
vt 0.457712 0.849545
vt 0.424186 0.864580
vt 0.427821 0.868857
vt 0.061875 0.450306
vt 0.096807 0.441415
vt 0.067119 0.457764
vt 0.886020 0.476715
vt 0.878160 0.487209
vt 0.883073 0.475124
vt 0.035372 0.474962
vt 0.035030 0.491537
vt 0.026012 0.488019
vt 0.628506 0.862325
vt 0.004997 0.543250
vt 0.014080 0.577231
vt 0.005077 0.578291
vt 0.021645 0.610123
vt 0.012731 0.612397
vt 0.490019 0.832175
vt 0.501323 0.827399
vt 0.503981 0.830438
vt 0.453749 0.841482
vt 0.489248 0.828873
vt 0.422060 0.861924
vt 0.509358 0.814510
vt 0.554399 0.676368
vt 0.560647 0.663880
vt 0.560648 0.675485
vt 0.539460 0.826793
vt 0.532239 0.807648
vt 0.549298 0.823617
vt 0.513064 0.833975
vt 0.519878 0.854686
vt 0.502183 0.836619
vt 0.516912 0.820978
vt 0.232399 0.657615
vt 0.558106 0.689216
vt 0.533243 0.803979
vt 0.554399 0.662995
vt 0.563865 0.652730
vt 0.283271 0.668705
vt 0.293536 0.659236
vt 0.296119 0.664995
vt 0.211831 0.434548
vt 0.206034 0.444602
vt 0.194429 0.444608
vt 0.170284 0.985159
vt 0.175002 0.971579
vt 0.179498 0.983293
vt 0.173691 0.948658
vt 0.171107 0.923018
vt 0.180115 0.925403
vt 0.165829 0.973527
vt 0.506697 0.811762
vt 0.522899 0.843769
vt 0.543023 0.848213
vt 0.257051 0.664995
vt 0.270781 0.662455
vt 0.269899 0.668704
vt 0.551863 0.827133
vt 0.282386 0.662455
vt 0.536284 0.840080
vt 0.563308 0.831690
vt 0.563995 0.828418
vt 0.015932 0.536306
vt 0.014222 0.544293
vt 0.886334 0.618443
vt 0.910605 0.644708
vt 0.906471 0.648360
vt 0.879108 0.583271
vt 0.873819 0.584544
vt 0.871865 0.569183
vt 0.834984 0.477587
vt 0.906486 0.446658
vt 0.130435 0.433773
vt 0.094439 0.432028
vt 0.129582 0.424515
vt 0.163410 0.434294
vt 0.164611 0.425287
vt 0.176129 0.437200
vt 0.180346 0.428492
vt 0.883411 0.619945
vt 0.870542 0.585327
vt 0.843278 0.454751
vt 0.256490 0.481726
vt 0.273686 0.512286
vt 0.868930 0.522411
vt 0.871970 0.525022
vt 0.226216 0.462332
vt 0.232006 0.455385
vt 0.903925 0.444497
vt 0.856155 0.530479
vt 0.797817 0.618919
vt 0.788255 0.629064
vt 0.792078 0.616249
vt 0.849327 0.553386
vt 0.868575 0.560527
vt 0.865468 0.570467
vt 0.896352 0.540667
vt 0.875584 0.534040
vt 0.878107 0.523138
vt 0.862632 0.537982
vt 0.313948 0.771604
vt 0.296030 0.573293
vt 0.298453 0.559564
vt 0.301766 0.570617
vt 0.845644 0.554407
vt 0.794528 0.641514
vt 0.788265 0.642436
vt 0.797822 0.652553
vt 0.792107 0.655245
vt 0.859218 0.280544
vt 0.849231 0.274765
vt 0.859239 0.257467
vt 0.897906 0.932246
vt 0.893188 0.918667
vt 0.902401 0.920533
vt 0.896596 0.955168
vt 0.894014 0.980807
vt 0.887255 0.956139
vt 0.888732 0.930299
vt 0.853408 0.527839
vt 0.890079 0.563886
vt 0.885456 0.543786
vt 0.292190 0.560484
vt 0.298448 0.548026
vt 0.869047 0.573019
vt 0.864307 0.574002
vt 0.296013 0.534299
vt 0.292184 0.547111
vt 0.877358 0.567561
vt 0.881877 0.557217
vt 0.219657 0.457766
vt 0.223358 0.449054
vt 0.335459 0.749131
vt 0.332694 0.744732
vt 0.323353 0.744555
vt 0.308579 0.738645
vt 0.846633 0.488866
vt 0.840809 0.503921
vt 0.576191 0.832458
vt 0.590542 0.803918
vt 0.578286 0.836419
vt 0.594635 0.799625
vt 0.594866 0.805544
vt 0.597643 0.809936
vt 0.048206 0.462084
vt 0.054761 0.469085
vt 0.582608 0.838020
vt 0.578578 0.842221
vt 0.586807 0.836404
vt 0.598634 0.841387
vt 0.596765 0.794017
vt 0.619186 0.802456
vt 0.042427 0.480828
vt 0.585526 0.805391
vt 0.570738 0.799519
vt 0.648462 0.708173
vt 0.634204 0.737276
vt 0.646296 0.704155
vt 0.630104 0.741657
vt 0.629807 0.735671
vt 0.626941 0.731252
vt 0.042493 0.658664
vt 0.049405 0.652189
vt 0.641888 0.702573
vt 0.645938 0.698252
vt 0.662682 0.703558
vt 0.637642 0.704263
vt 0.628008 0.747347
vt 0.605222 0.739083
vt 0.061018 0.664393
vt 0.639267 0.735743
vt 0.654275 0.741580
vt 0.735485 0.712133
vt 0.195016 0.466829
vt 0.044761 0.500425
vt 0.174965 0.450479
vt 0.723963 0.794809
vt 0.563763 0.598477
vt 0.582197 0.580219
vt 0.582189 0.647449
vt 0.360336 0.651877
vt 0.313080 0.651877
vt 0.313089 0.584658
vt 0.623589 0.653356
vt 0.623596 0.647449
vt 0.313101 0.578622
vt 0.360335 0.584658
vt 0.623589 0.574805
vt 0.582185 0.574850
vt 0.578039 0.651591
vt 0.563759 0.629220
vt 0.313092 0.657419
vt 0.360341 0.657375
vt 0.288738 0.603002
vt 0.294651 0.633647
vt 0.288959 0.633743
vt 0.558046 0.629122
vt 0.290702 0.637747
vt 0.309209 0.655843
vt 0.308826 0.580384
vt 0.294654 0.602904
vt 0.290448 0.598742
vt 0.559943 0.594535
vt 0.872349 0.942909
vt 0.852803 0.923366
vt 0.872363 0.923366
vt 0.872335 0.917923
vt 0.852775 0.917923
vt 0.872321 0.948352
vt 0.852789 0.942909
vt 0.847347 0.942828
vt 0.877791 0.942835
vt 0.877805 0.923293
vt 0.802910 0.791108
vt 0.822450 0.771548
vt 0.822450 0.791110
vt 0.827893 0.791106
vt 0.827893 0.771544
vt 0.797467 0.791104
vt 0.802910 0.771546
vt 0.802993 0.766104
vt 0.802992 0.796550
vt 0.822532 0.796552
vt 0.309452 0.685046
vt 0.790618 0.587909
vt 0.566886 0.750579
vt 0.384606 0.781497
vt 0.857997 0.292701
vt 0.930500 0.263807
vt 0.984137 0.304421
vt 0.983837 0.380188
vt 0.989648 0.390059
vt 0.606060 0.462516
vt 0.606060 0.451009
vt 0.616025 0.445255
vt 0.928417 0.448625
vt 0.938170 0.431243
vt 0.928417 0.436822
vt 0.188621 0.434560
vt 0.194418 0.424507
vt 0.206024 0.424501
vt 0.849227 0.263163
vt 0.869227 0.263245
vt 0.869216 0.274784
vt 0.819245 0.699127
vt 0.660870 0.712202
vt 0.290606 0.761565
vt 0.142257 0.780314
vt 0.160159 0.801222
vt 0.870239 0.510479
vt 0.883824 0.668389
vt 0.903966 0.650449
vt 0.552784 0.822437
vt 0.404155 0.840855
vt 0.124130 0.692637
vt 0.112194 0.676220
vt 0.242399 0.626275
vt 0.092144 0.659871
vt 0.246372 0.600711
vt 0.040788 0.525989
vt 0.650544 0.790825
vt 0.553625 0.725775
vt 0.842351 0.725725
vt 0.750462 0.786742
vt 0.623595 0.580219
vt 0.119243 0.753357
vt 0.171373 0.740255
vt 0.220947 0.690100
vt 0.262476 0.682225
vt 0.407748 0.755636
vt 0.857824 0.691471
vt 0.843955 0.640552
vt 0.788132 0.509607
vt 0.856683 0.403135
vt 0.381165 0.813616
vt 0.480664 0.750599
vt 0.523043 0.740275
vt 0.669906 0.816348
vt 0.883229 0.426183
vt 0.646827 0.842200
vt 0.576645 0.699202
vt 0.594949 0.678498
vt 0.951323 0.291927
vt 0.923021 0.386398
vt 0.922793 0.409381
vt 0.918106 0.278477
vt 0.885475 0.319214
vt 0.865755 0.307332
vt 0.748643 0.930572
vt 0.704329 0.930859
vt 0.989484 0.294506
vt 0.931209 0.423705
vt 0.977218 0.378573
vt 0.849227 0.306917
vt 0.793001 0.930520
vt 0.837385 0.914468
vt 0.837347 0.930859
vt 0.856216 0.389398
vt 0.992529 0.231529
vt 0.977025 0.275943
vt 0.020226 0.816312
vt 0.036432 0.816128
vt 0.039950 0.804815
vt 0.028272 0.830385
vt 0.064732 0.807095
vt 0.044854 0.795902
vt 0.034737 0.796079
vt 0.015064 0.807662
vt 0.034823 0.859339
vt 0.020299 0.839146
vt 0.015110 0.847857
vt 0.010160 0.839109
vt 0.010153 0.816274
vt 0.059747 0.816153
vt 0.070226 0.838884
vt 0.064969 0.848031
vt 0.040096 0.850484
vt 0.045195 0.859441
vt 0.324470 0.946816
vt 0.324470 0.964496
vt 0.043614 0.839171
vt 0.059819 0.838988
vt 0.051774 0.824914
vt 0.303148 0.941908
vt 0.319576 0.941904
vt 0.319578 0.969265
vt 0.983862 0.308691
vt 0.176582 0.750503
vt 0.218521 0.729685
vt 0.174125 0.745554
vt 0.264893 0.724986
vt 0.264926 0.719406
vt 0.853939 0.635250
vt 0.849117 0.637752
vt 0.310710 0.730284
vt 0.821829 0.548225
vt 0.438760 0.811131
vt 0.480771 0.790380
vt 0.436320 0.806168
vt 0.244732 0.645871
vt 0.251787 0.651739
vt 0.832328 0.501853
vt 0.743084 0.744687
vt 0.744291 0.749897
vt 0.572853 0.791164
vt 0.698386 0.754992
vt 0.698397 0.760573
vt 0.652199 0.750035
vt 0.768724 0.696220
vt 0.766212 0.691319
vt 0.719409 0.710801
vt 0.845090 0.483791
vt 0.600793 0.671824
vt 0.220473 0.738223
vt 0.219700 0.734959
vt 0.158466 0.702047
vt 0.190353 0.685285
vt 0.157400 0.692979
vt 0.264877 0.728344
vt 0.123035 0.702045
vt 0.124130 0.692637
vt 0.217041 0.723766
vt 0.111056 0.689785
vt 0.106745 0.698814
vt 0.799058 0.675972
vt 0.824501 0.705231
vt 0.785500 0.728954
vt 0.312273 0.724548
vt 0.846695 0.479383
vt 0.334622 0.733212
vt 0.332478 0.738813
vt 0.013245 0.614574
vt 0.038193 0.639875
vt 0.021645 0.610123
vt 0.672787 0.713540
vt 0.393797 0.770939
vt 0.389864 0.775548
vt 0.783974 0.726002
vt 0.625575 0.699350
vt 0.627166 0.696404
vt 0.698378 0.751634
vt 0.653436 0.744853
vt 0.790755 0.739098
vt 0.848541 0.457498
vt 0.650680 0.755831
vt 0.851121 0.476511
vt 0.853345 0.459886
vt 0.440268 0.814142
vt 0.481927 0.795659
vt 0.527049 0.789244
vt 0.433569 0.800781
vt 0.244809 0.468100
vt 0.249047 0.486956
vt 0.830808 0.548186
vt 0.826922 0.595855
vt 0.879855 0.491460
vt 0.886020 0.476715
vt 0.828432 0.709961
vt 0.350285 0.754496
vt 0.386978 0.778774
vt 0.351810 0.751552
vt 0.137019 0.774107
vt 0.877119 0.420941
vt 0.139895 0.777473
vt 0.178104 0.753520
vt 0.133103 0.769303
vt 0.856353 0.461390
vt 0.880433 0.423818
vt 0.655996 0.831636
vt 0.652072 0.836248
vt 0.881080 0.670759
vt 0.856878 0.633704
vt 0.612480 0.815264
vt 0.649194 0.839476
vt 0.613998 0.812318
vt 0.567499 0.710046
vt 0.607963 0.733828
vt 0.571412 0.705313
vt 0.401795 0.837993
vt 0.574284 0.701999
vt 0.624916 0.533179
vt 0.618650 0.545617
vt 0.691130 0.686237
vt 0.688320 0.719910
vt 0.328374 0.743094
vt 0.621038 0.559349
vt 0.618648 0.534109
vt 0.321713 0.678715
vt 0.311971 0.669248
vt 0.309273 0.674984
vt 0.233873 0.932933
vt 0.247448 0.928212
vt 0.235733 0.923719
vt 0.296011 0.932088
vt 0.293621 0.923080
vt 0.245507 0.937386
vt 0.678165 0.729067
vt 0.347994 0.674984
vt 0.334277 0.672579
vt 0.735485 0.712133
vt 0.055256 0.671325
vt 0.067563 0.668941
vt 0.061018 0.664393
vt 0.662682 0.703558
vt 0.364083 0.804059
vt 0.334766 0.783463
vt 0.285947 0.769043
vt 0.299983 0.775953
vt 0.301079 0.770802
vt 0.193117 0.783835
vt 0.229170 0.776975
vt 0.227876 0.771500
vt 0.165890 0.808099
vt 0.162242 0.803815
vt 0.225285 0.676395
vt 0.194617 0.693483
vt 0.324555 0.775575
vt 0.252130 0.635162
vt 0.261146 0.638682
vt 0.366213 0.801610
vt 0.316033 0.775568
vt 0.282196 0.549312
vt 0.272684 0.582891
vt 0.281539 0.584033
vt 0.274879 0.514268
vt 0.272994 0.550163
vt 0.241895 0.769706
vt 0.191633 0.780831
vt 0.247229 0.753711
vt 0.286140 0.483678
vt 0.292412 0.484614
vt 0.287134 0.762745
vt 0.267706 0.756640
vt 0.277526 0.766215
vt 0.257964 0.793859
vt 0.251018 0.773224
vt 0.240113 0.775922
vt 0.254821 0.760167
vt 0.288510 0.458451
vt 0.286137 0.472171
vt 0.288510 0.497405
vt 0.005001 0.496312
vt 0.014678 0.506722
vt 0.011278 0.495419
vt 0.938453 0.454256
vt 0.104558 0.757840
vt 0.109055 0.769553
vt 0.103245 0.734919
vt 0.100669 0.709278
vt 0.093904 0.733945
vt 0.244552 0.750970
vt 0.280971 0.787136
vt 0.260894 0.782935
vt 0.005059 0.483256
vt 0.014666 0.473171
vt 0.008939 0.470458
vt 0.289684 0.766234
vt 0.290606 0.761565
vt 0.011327 0.484184
vt 0.284411 0.774486
vt 0.270953 0.590679
vt 0.279553 0.594500
vt 0.594425 0.848922
vt 0.626342 0.864817
vt 0.548104 0.829974
vt 0.455242 0.844524
vt 0.490019 0.832175
vt 0.457712 0.849545
vt 0.061875 0.450306
vt 0.092543 0.433218
vt 0.035030 0.491537
vt 0.035372 0.474962
vt 0.026012 0.488019
vt 0.628505 0.862325
vt 0.014080 0.577231
vt 0.004997 0.543250
vt 0.005077 0.578291
vt 0.012731 0.612397
vt 0.453749 0.841482
vt 0.509358 0.814510
vt 0.532239 0.807648
vt 0.539460 0.826793
vt 0.549298 0.823617
vt 0.519878 0.854686
vt 0.502183 0.836619
vt 0.220040 0.668936
vt 0.558106 0.689216
vt 0.560648 0.675485
vt 0.533243 0.803979
vt 0.563865 0.652730
vt 0.558106 0.650147
vt 0.283271 0.668705
vt 0.293536 0.659236
vt 0.282386 0.662455
vt 0.211831 0.434548
vt 0.194429 0.444608
vt 0.206034 0.444602
vt 0.175002 0.971579
vt 0.170284 0.985159
vt 0.179498 0.983293
vt 0.173691 0.948658
vt 0.171107 0.923018
vt 0.164351 0.947687
vt 0.165829 0.973527
vt 0.506697 0.811762
vt 0.522899 0.843769
vt 0.270781 0.662455
vt 0.259631 0.659236
vt 0.551863 0.827133
vt 0.552784 0.822437
vt 0.546573 0.835461
vt 0.536284 0.840080
vt 0.015932 0.536306
vt 0.007001 0.532395
vt 0.886334 0.618443
vt 0.910605 0.644708
vt 0.891195 0.615949
vt 0.879108 0.583271
vt 0.871865 0.569183
vt 0.877358 0.567561
vt 0.834985 0.477587
vt 0.906486 0.446658
vt 0.910605 0.450353
vt 0.094439 0.432028
vt 0.130435 0.433773
vt 0.129582 0.424515
vt 0.163410 0.434294
vt 0.164611 0.425287
vt 0.176129 0.437200
vt 0.180346 0.428492
vt 0.883411 0.619945
vt 0.903966 0.650449
vt 0.870542 0.585327
vt 0.265515 0.516577
vt 0.273686 0.512286
vt 0.871970 0.525022
vt 0.226216 0.462332
vt 0.232006 0.455385
vt 0.903925 0.444497
vt 0.856155 0.530479
vt 0.849327 0.553386
vt 0.896352 0.540667
vt 0.878107 0.523138
vt 0.862633 0.537982
vt 0.313948 0.771604
vt 0.296030 0.573293
vt 0.298453 0.559564
vt 0.292190 0.560484
vt 0.794519 0.629976
vt 0.897906 0.932246
vt 0.896596 0.955168
vt 0.903021 0.978423
vt 0.888732 0.930299
vt 0.885456 0.543786
vt 0.298448 0.548026
vt 0.869046 0.573019
vt 0.881877 0.557217
vt 0.219657 0.457766
vt 0.332694 0.744732
vt 0.316308 0.781372
vt 0.323353 0.744555
vt 0.884185 0.495512
vt 0.846633 0.488866
vt 0.590542 0.803918
vt 0.576191 0.832458
vt 0.578286 0.836419
vt 0.594866 0.805544
vt 0.048206 0.462084
vt 0.596765 0.794017
vt 0.042427 0.480828
vt 0.634204 0.737276
vt 0.648462 0.708173
vt 0.630104 0.741657
vt 0.626940 0.731252
vt 0.042493 0.658664
vt 0.030847 0.645153
vt 0.645938 0.698252
vt 0.639267 0.735743
vt 0.724194 0.718335
vt 0.864307 0.574002
vt 0.195016 0.466829
vt 0.174965 0.450479
vt 0.044761 0.500425
vt 0.698414 0.766482
vt 0.582189 0.647449
vt 0.582197 0.580219
vt 0.360336 0.651877
vt 0.313081 0.651877
vt 0.623589 0.653356
vt 0.582177 0.653312
vt 0.313101 0.578622
vt 0.360341 0.578666
vt 0.623589 0.574805
vt 0.582185 0.574850
vt 0.578039 0.651591
vt 0.563759 0.629220
vt 0.559687 0.633228
vt 0.360341 0.657375
vt 0.294651 0.633647
vt 0.288959 0.633743
vt 0.558275 0.598380
vt 0.308826 0.580384
vt 0.290448 0.598742
vt 0.559943 0.594535
vt 0.578433 0.576390
vt 0.852789 0.942909
vt 0.872335 0.917923
vt 0.852761 0.948352
vt 0.847361 0.923285
vt 0.877791 0.942835
vt 0.822450 0.771548
vt 0.797467 0.771542
vt 0.802993 0.766104
vt 0.822533 0.766106
vt 0.822450 0.791110
vt 0.822532 0.796552
vt 0.309452 0.685046
vt 0.264968 0.713502
vt 0.790618 0.587909
vt 0.566886 0.750579
vt 0.857997 0.292701
vt 0.930500 0.263807
vt 0.984137 0.304421
vt 0.938170 0.431243
vt 0.928417 0.448625
vt 0.928417 0.436822
vt 0.194418 0.424507
vt 0.188621 0.434560
vt 0.206024 0.424501
vt 0.849227 0.263163
vt 0.869227 0.263245
vt 0.869216 0.274784
vt 0.654275 0.741580
vt 0.660870 0.712202
vt 0.308579 0.738645
vt 0.301773 0.767540
vt 0.142257 0.780314
vt 0.160159 0.801222
vt 0.489248 0.828873
vt 0.482701 0.798957
vt 0.570738 0.799519
vt 0.404155 0.840855
vt 0.112194 0.676220
vt 0.242399 0.626275
vt 0.232399 0.657615
vt 0.092144 0.659871
vt 0.049405 0.652189
vt 0.246372 0.600711
vt 0.040788 0.525989
vt 0.014222 0.544293
vt 0.237848 0.474589
vt 0.054761 0.469085
vt 0.650544 0.790825
vt 0.842351 0.725725
vt 0.750462 0.786742
vt 0.623595 0.647449
vt 0.171373 0.740255
vt 0.119243 0.753357
vt 0.220947 0.690100
vt 0.262476 0.682225
vt 0.407748 0.755636
vt 0.843955 0.640552
vt 0.857824 0.691471
vt 0.788132 0.509607
vt 0.843278 0.454751
vt 0.381165 0.813616
vt 0.523043 0.740275
vt 0.619186 0.802456
vt 0.288759 0.830926
vt 0.274044 0.897036
vt 0.272119 0.832271
vt 0.322486 0.828804
vt 0.289894 0.898271
vt 0.177368 0.884913
vt 0.166376 0.896711
vt 0.152031 0.896009
vt 0.152432 0.832265
vt 0.080634 0.899063
vt 0.083983 0.824043
vt 0.259531 0.831749
vt 0.274955 0.818559
vt 0.292146 0.817281
vt 0.324809 0.815279
vt 0.149615 0.909723
vt 0.079695 0.912994
vt 0.276585 0.910498
vt 0.322876 0.899763
vt 0.293443 0.911572
vt 0.150848 0.818723
vt 0.250146 0.884416
vt 0.248967 0.843192
vt 0.263552 0.896708
vt 0.262277 0.910699
vt 0.168335 0.832191
vt 0.168224 0.818033
vt 0.791777 0.844499
vt 0.802566 0.822159
vt 0.821586 0.823322
vt 0.890342 0.818404
vt 0.822577 0.807515
vt 0.890673 0.804304
vt 0.889445 0.893332
vt 0.822991 0.904847
vt 0.823568 0.886446
vt 0.682768 0.894155
vt 0.714834 0.901367
vt 0.685046 0.909839
vt 0.083951 0.703844
vt 0.046859 0.772629
vt 0.046859 0.703844
vt 0.052330 0.690226
vt 0.087467 0.690588
vt 0.083951 0.772629
vt 0.052335 0.786178
vt 0.706390 0.821350
vt 0.682858 0.805103
vt 0.709447 0.810535
vt 0.681844 0.820309
vt 0.726212 0.837569
vt 0.810209 0.887023
vt 0.808287 0.901698
vt 0.686210 0.540680
vt 0.677108 0.536732
vt 0.686210 0.537006
vt 0.705715 0.540843
vt 0.686210 0.544402
vt 0.686210 0.540690
vt 0.686210 0.532755
vt 0.705715 0.536275
vt 0.686210 0.536450
vt 0.686210 0.532411
vt 0.677108 0.528639
vt 0.686210 0.528733
vt 0.677108 0.536722
vt 0.677108 0.533378
vt 0.677108 0.542299
vt 0.677108 0.546334
vt 0.705715 0.536859
vt 0.705715 0.540528
vt 0.705715 0.532575
vt 0.713793 0.536722
vt 0.705715 0.532564
vt 0.713793 0.528639
vt 0.713793 0.531995
vt 0.713793 0.536732
vt 0.713793 0.539703
vt 0.713793 0.546334
vt 0.705715 0.544551
vt 0.705715 0.528882
vt 0.762726 0.658466
vt 0.498884 0.541493
vt 0.902524 0.899298
vt 0.971661 0.414285
vt 0.058355 0.918304
vt 0.049830 0.918477
vt 0.046408 0.916502
vt 0.045570 0.884292
vt 0.004998 0.884368
vt 0.012437 0.884027
vt 0.015589 0.885361
vt 0.016772 0.917464
vt 0.344250 0.884303
vt 0.341625 0.825755
vt 0.374248 0.825111
vt 0.332739 0.837777
vt 0.340187 0.837436
vt 0.343344 0.838772
vt 0.344528 0.870916
vt 0.386480 0.871695
vt 0.374514 0.869914
vt 0.373615 0.837662
vt 0.778903 0.535744
vt 0.369094 0.569926
vt 0.992942 0.938434
vt 0.909926 0.472498
vt 0.046566 0.871814
vt 0.013466 0.872483
vt 0.016510 0.930829
vt 0.899480 0.775673
vt 0.840325 0.741928
vt 0.852945 0.787953
vt 0.886826 0.775900
vt 0.887721 0.730429
vt 0.887834 0.739146
vt 0.885789 0.742629
vt 0.852850 0.743244
vt 0.373927 0.960747
vt 0.388980 0.934675
vt 0.404033 0.960747
vt 0.938863 0.933385
vt 0.938863 0.950766
vt 0.916351 0.336585
vt 0.762726 0.658466
vt 0.498884 0.541493
vt 0.058354 0.918304
vt 0.045570 0.884292
vt 0.004998 0.884368
vt 0.016772 0.917464
vt 0.344250 0.884303
vt 0.374248 0.825111
vt 0.344528 0.870916
vt 0.386480 0.871695
vt 0.373615 0.837662
vt 0.909926 0.472498
vt 0.046566 0.871814
vt 0.016510 0.930829
vt 0.852945 0.787953
vt 0.886826 0.775900
vt 0.887721 0.730429
vt 0.852850 0.743244
vt 0.388980 0.934675
vt 0.404033 0.960747
vt 0.938863 0.933385
vt 0.058354 0.918304
vt 0.056110 0.882630
vt 0.048642 0.882757
vt 0.045570 0.884292
vt 0.013491 0.919644
vt 0.375754 0.884007
vt 0.332739 0.837777
vt 0.332739 0.873460
vt 0.386480 0.871695
vt 0.899480 0.775673
vt 0.840325 0.741928
vt 0.899176 0.741875
vt 0.852945 0.787953
vt 0.889058 0.779259
vt 0.887721 0.730429
vt 0.851230 0.732455
vt 0.670570 0.877375
vt 0.670570 0.946901
vt 0.373927 0.960747
vt 0.388980 0.934675
vt 0.949885 0.329538
vt 0.440642 0.892090
vt 0.437157 0.922955
vt 0.823435 0.006514
vt 0.693477 0.411771
vt 0.491955 0.412763
vt 0.597530 0.411736
vt 0.008394 0.409596
vt 0.681777 0.410284
vt 0.223020 0.414261
vt 0.328273 0.412571
vt 0.823435 0.006514
vt 0.693477 0.411771
vt 0.491955 0.412763
vt 0.008394 0.409596
vt 0.223020 0.414261
vt 0.328273 0.412571
vt 0.871814 0.948948
vt 0.192248 0.946715
vt 0.218685 0.927462
vt 0.223384 0.927462
vt 0.217443 0.952656
vt 0.270774 0.431836
vt 0.244185 0.431836
vt 0.014735 0.421195
vt 0.004990 0.430108
vt 0.391941 0.730081
vt 0.548604 0.692684
vt 0.545866 0.701759
vt 0.505316 0.556187
vt 0.375849 0.582107
vt 0.390887 0.559942
vt 0.919157 0.138878
vt 0.970531 0.115278
vt 0.867884 0.048719
vt 0.978749 0.035270
vt 0.907966 0.158227
vt 0.869094 0.110063
vt 0.851869 0.054278
vt 0.773083 0.475142
vt 0.763000 0.428310
vt 0.808707 0.442967
vt 0.800193 0.469338
vt 0.754486 0.454681
vt 0.790110 0.422506
vt 0.989926 0.055271
vt 0.851427 0.918880
vt 0.871814 0.917024
vt 0.849227 0.306917
vt 0.993168 0.142858
vt 0.015110 0.847857
vt 0.010153 0.816274
vt 0.045195 0.859441
vt 0.324470 0.964496
vt 0.319576 0.941904
vt 0.618648 0.534109
vt 0.701191 0.723380
vt 0.621038 0.559349
vt 0.293621 0.923080
vt 0.360382 0.808063
vt 0.194617 0.693483
vt 0.282782 0.461163
vt 0.282782 0.494684
vt 0.093904 0.733945
vt 0.011327 0.484184
vt 0.279553 0.594500
vt 0.622649 0.868821
vt 0.092543 0.433218
vt 0.529826 0.817473
vt 0.563865 0.686635
vt 0.558106 0.650147
vt 0.164351 0.947687
vt 0.259631 0.659236
vt 0.007001 0.532395
vt 0.891195 0.615949
vt 0.910605 0.450353
vt 0.794519 0.629976
vt 0.859181 0.550920
vt 0.301766 0.536908
vt 0.582177 0.653312
vt 0.360341 0.578666
vt 0.578433 0.576390
vt 0.852761 0.948352
vt 0.847361 0.923285
vt 0.884785 0.363669
vt 0.793040 0.913934
vt 0.192670 0.694225
vt 0.701191 0.723380
vt 0.621038 0.520381
vt 0.322676 0.672459
vt 0.271346 0.938859
vt 0.345292 0.669248
vt 0.063882 0.677631
vt 0.360382 0.808063
vt 0.282782 0.461163
vt 0.282782 0.494684
vt 0.008953 0.509447
vt 0.109677 0.711666
vt 0.622649 0.868821
vt 0.427821 0.868857
vt 0.529826 0.817473
vt 0.563865 0.686635
vt 0.296119 0.664995
vt 0.180115 0.925403
vt 0.859181 0.550920
vt 0.301766 0.570617
vt 0.887255 0.956139
vt 0.301766 0.536908
vt 0.223358 0.449054
vt 0.178935 0.845695
vt 0.258363 0.817652
vt 0.325450 0.912977
vt 0.165430 0.911031
vt 0.084039 0.810688
vt 0.794132 0.871100
vt 0.889272 0.907686
vt 0.801743 0.811392
vt 0.712013 0.890665
vt 0.087467 0.785887
vt 0.728353 0.875920
vt 0.677108 0.539855
vt 0.677108 0.531698
vt 0.713793 0.533183
vt 0.713793 0.542575
s 1
usemtl None.006
f 10/1/1 2121/2/2 1/3/3
f 2/4/4 13/5/5 2112/6/6
f 21/7/7 3/8/8 4/9/9
f 5/10/10 230/11/11 7/12/11
f 6/13/12 2114/14/13 63/15/13
f 2106/16/14 7/12/15 30/17/15
f 8/18/16 24/19/17 2104/20/16
f 6/13/12 1/3/3 17/21/18
f 2/4/4 23/22/19 9/23/4
f 80/24/20 10/1/21 25/25/22
f 11/26/23 1/27/24 2121/28/25
f 12/29/26 13/30/27 9/31/28
f 14/32/29 24/19/17 15/33/30
f 16/34/31 2115/35/32 69/36/33
f 19/37/34 2114/38/35 17/39/36
f 2112/6/6 2125/40/37 54/41/38
f 55/42/39 3/8/8 2116/43/40
f 56/44/41 37/45/42 18/46/41
f 19/37/43 117/47/43 20/48/43
f 126/49/44 21/7/45 38/50/45
f 22/51/46 9/31/28 23/52/46
f 127/53/47 24/54/7 21/7/7
f 46/55/48 25/25/49 26/56/50
f 27/57/51 58/58/52 36/59/53
f 28/60/54 72/61/55 29/62/56
f 2119/63/57 30/17/58 31/64/58
f 68/65/59 32/66/60 33/67/61
f 34/68/62 35/69/63 36/70/63
f 58/58/64 34/71/64 36/59/64
f 25/25/49 41/72/65 26/56/50
f 122/73/66 18/74/67 37/75/68
f 38/50/69 28/76/70 40/77/69
f 39/78/65 62/79/71 41/72/65
f 28/60/54 32/66/60 40/80/60
f 41/81/72 42/82/73 26/83/73
f 62/84/74 43/85/75 41/81/72
f 60/86/76 57/87/77 44/88/76
f 34/68/62 2122/89/78 45/90/79
f 46/91/80 42/82/73 47/92/80
f 27/93/81 35/69/63 48/94/81
f 2119/95/82 49/96/83 50/97/84
f 51/98/85 2125/99/86 13/30/27
f 52/100/87 2/4/87 2112/6/87
f 53/101/88 21/7/45 4/9/89
f 39/78/90 63/15/90 2107/102/91
f 52/100/92 54/41/92 2124/103/92
f 2118/104/93 4/9/89 55/42/93
f 2109/105/94 56/44/95 57/87/94
f 25/25/22 6/13/96 39/78/97
f 58/58/98 59/106/99 2/4/98
f 60/107/100 61/108/100 65/109/100
f 61/110/101 62/84/102 65/111/102
f 63/15/103 64/112/104 2107/102/104
f 66/113/105 2109/105/105 64/114/105
f 2107/102/106 65/115/107 62/79/108
f 64/114/109 60/86/110 65/116/110
f 63/15/111 121/117/112 66/118/113
f 121/119/114 67/120/115 66/113/116
f 68/121/117 38/50/69 40/77/69
f 69/36/118 75/122/119 71/123/118
f 75/124/120 70/125/121 71/126/122
f 2105/127/123 73/128/123 72/61/124
f 73/129/125 2119/95/126 50/97/127
f 2106/16/128 74/130/129 5/10/129
f 2117/131/130 55/42/130 74/132/130
f 2106/16/131 2120/133/131 2117/134/131
f 2117/131/132 2105/135/132 2118/104/132
f 5/10/133 75/136/134 2115/137/134
f 75/138/135 55/42/135 2116/43/135
f 28/76/70 2118/104/136 2105/135/137
f 11/26/138 76/139/139 77/140/138
f 76/141/140 2111/142/141 77/143/142
f 46/91/143 79/144/143 78/145/143
f 79/146/144 2110/147/144 78/148/145
f 80/24/146 82/149/146 81/150/146
f 82/151/147 2124/103/147 54/41/147
f 2110/152/148 2123/153/149 78/154/148
f 78/155/150 80/24/150 46/55/150
f 54/41/151 76/156/152 82/151/153
f 76/157/154 81/150/155 82/149/156
f 52/100/157 2110/152/158 34/71/159
f 2150/158/160 131/159/160 83/160/160
f 2151/161/161 133/162/161 84/163/161
f 128/164/162 88/165/163 85/166/164
f 136/167/165 86/168/166 87/169/167
f 88/165/168 89/170/168 90/171/168
f 91/172/169 92/173/169 93/174/169
f 112/175/170 94/176/171 2139/177/170
f 2142/178/172 112/175/173 2141/179/174
f 2145/180/175 113/181/176 95/182/177
f 96/183/178 97/184/178 98/185/178
f 2141/179/174 99/186/179 100/187/179
f 108/188/180 115/189/181 2144/190/180
f 101/191/182 102/192/183 103/193/184
f 2143/194/185 96/183/186 104/195/187
f 101/191/182 108/188/180 2144/190/180
f 2143/194/185 99/186/179 109/196/188
f 98/185/189 104/195/187 96/183/186
f 2140/197/190 110/198/191 2138/199/192
f 111/200/193 95/182/177 113/181/176
f 97/184/194 105/201/183 106/202/195
f 2145/180/175 2139/177/196 94/176/197
f 2142/178/172 2138/199/192 107/203/198
f 108/188/199 109/196/200 99/186/201
f 103/193/202 96/183/202 109/196/202
f 113/181/203 110/198/203 111/200/203
f 112/175/204 108/188/199 99/186/201
f 107/203/205 113/181/206 94/176/171
f 114/204/161 100/187/161 104/205/161
f 2137/206/160 115/189/160 95/207/160
f 86/168/166 93/174/207 87/169/167
f 2148/208/208 117/209/209 116/210/210
f 1/3/3 117/211/211 17/21/18
f 70/125/212 119/212/212 118/213/212
f 2147/214/213 119/212/214 2146/215/215
f 3/8/8 119/216/216 2116/43/40
f 14/32/217 2146/217/217 3/218/218
f 120/219/219 116/210/219 1/27/219
f 121/220/220 122/73/221 37/75/220
f 123/221/222 121/222/223 2114/38/224
f 2104/20/16 124/223/225 8/18/16
f 68/65/59 125/224/226 44/225/227
f 126/49/228 56/44/229 127/53/230
f 44/88/231 126/49/231 68/121/231
f 18/46/41 127/53/47 56/44/41
f 44/225/227 2113/226/232 60/107/233
f 2131/227/234 2134/228/235 128/164/236
f 2129/229/237 2133/230/238 85/166/239
f 134/231/240 2127/232/241 2126/233/240
f 90/171/242 83/234/243 88/165/244
f 129/235/245 89/170/246 2134/228/235
f 135/236/247 84/237/248 92/173/249
f 2132/238/250 87/169/251 93/174/250
f 2128/239/252 86/168/253 130/240/253
f 2132/238/250 92/173/249 84/237/248
f 2128/239/252 2135/241/241 91/172/254
f 86/168/253 131/159/255 130/240/253
f 132/242/256 87/169/251 133/162/251
f 92/173/257 134/231/257 135/236/257
f 2129/229/237 88/165/244 83/234/243
f 2131/227/234 136/167/258 132/242/256
f 2133/230/259 128/164/162 85/166/164
f 2159/243/260 2155/244/261 153/245/260
f 2158/246/262 156/247/263 159/248/263
f 137/249/264 155/250/265 2155/244/261
f 153/245/260 138/251/266 2159/243/260
f 139/252/267 140/253/268 141/254/268
f 156/247/269 142/255/269 148/256/269
f 143/257/270 144/258/271 145/259/272
f 146/260/273 158/261/274 139/252/267
f 158/261/275 147/262/276 2157/263/275
f 2158/246/262 140/253/268 154/264/277
f 148/256/278 159/248/263 156/247/263
f 149/265/279 157/266/280 2156/267/281
f 150/268/282 145/259/272 144/258/271
f 142/255/283 2160/269/265 151/270/284
f 143/257/270 2157/263/285 147/262/270
f 146/260/273 2156/267/281 152/271/273
f 153/245/286 154/264/287 140/253/286
f 154/264/288 155/250/288 156/247/288
f 144/258/289 157/266/289 150/268/289
f 158/261/290 153/245/286 140/253/286
f 152/271/291 144/258/292 147/262/276
f 2152/272/161 141/254/161 159/273/161
f 2154/274/160 138/251/160 145/275/160
f 166/276/293 164/277/293 2162/278/293
f 160/279/294 169/280/294 161/281/294
f 165/282/295 167/283/295 162/284/295
f 163/285/296 164/277/296 169/280/296
f 165/282/297 161/281/297 2161/286/297
f 166/287/298 167/283/298 168/288/298
f 2161/289/299 169/290/299 168/291/299
f 170/292/300 179/293/300 171/294/300
f 174/295/301 2164/296/301 2163/297/301
f 176/298/302 172/299/302 173/300/302
f 174/295/303 179/293/303 175/301/303
f 176/298/304 2164/296/304 177/302/304
f 173/300/305 178/303/305 170/304/305
f 175/305/306 179/306/306 178/307/306
f 184/308/307 196/309/307 180/310/307
f 190/311/308 181/312/308 185/313/308
f 182/314/309 193/315/309 183/316/309
f 196/309/310 182/317/310 180/318/310
f 181/319/311 195/320/311 184/321/311
f 193/315/312 185/322/313 183/323/314
f 186/324/315 187/325/316 194/326/315
f 2165/327/317 187/325/317 188/328/317
f 189/329/317 190/311/317 188/328/317
f 191/330/160 192/331/160 186/324/160
f 188/328/318 191/330/319 189/329/320
f 192/331/321 188/328/321 187/325/321
f 189/329/322 186/324/322 194/326/323
f 2165/327/317 188/328/317 193/315/317
f 193/315/317 188/328/317 190/311/317
f 190/311/317 189/329/317 2166/332/317
f 2166/332/317 194/326/317 195/320/317
f 189/329/317 194/326/317 2166/332/317
f 195/320/317 194/326/317 196/309/317
f 196/309/317 194/326/317 187/325/317
f 204/333/324 201/334/325 197/335/326
f 198/336/327 202/337/328 206/338/329
f 2168/339/330 199/340/331 200/341/332
f 201/334/333 200/342/333 197/343/333
f 202/344/334 203/345/334 204/346/334
f 205/347/335 206/348/336 199/349/335
f 211/350/337 207/351/338 212/352/339
f 2168/339/340 207/351/340 208/353/340
f 210/354/340 198/336/340 208/353/340
f 2171/355/160 211/350/160 209/356/160
f 208/353/341 209/356/342 210/354/343
f 2170/357/344 208/353/345 207/351/346
f 210/354/347 211/350/348 212/352/349
f 2168/339/340 208/353/340 205/347/340
f 205/347/340 208/353/340 198/336/340
f 198/336/340 210/354/340 2169/358/340
f 2169/358/340 212/352/340 203/345/340
f 210/354/340 212/352/340 2169/358/340
f 203/345/340 212/352/340 201/334/340
f 201/334/340 212/352/340 207/351/340
f 220/359/350 213/360/351 328/361/352
f 2178/362/353 214/363/354 215/6/355
f 216/364/356 218/365/357 2173/366/358
f 2172/10/359 23/11/19 59/12/19
f 265/367/360 2181/368/361 262/369/361
f 275/16/362 59/12/99 236/17/99
f 217/370/363 218/371/364 2175/20/363
f 265/367/360 328/361/352 2174/372/365
f 2178/362/353 230/373/11 219/23/353
f 287/24/366 220/359/367 232/374/368
f 280/26/369 328/27/370 213/28/369
f 221/375/371 214/376/372 219/377/373
f 326/378/374 218/371/364 222/379/375
f 22/380/46 2183/35/376 223/36/377
f 224/381/378 2181/38/379 2174/39/380
f 215/6/355 2186/382/381 225/41/382
f 276/383/383 2173/366/358 226/384/384
f 264/44/385 2182/45/386 245/385/387
f 224/381/388 227/47/388 228/386/388
f 333/387/389 229/388/390 246/389/391
f 16/390/31 219/377/373 230/391/31
f 231/53/392 218/365/357 229/388/357
f 288/392/393 232/374/394 250/56/395
f 31/393/58 241/58/396 233/59/397
f 247/394/398 234/395/399 235/396/398
f 257/397/400 236/17/401 27/398/51
f 237/80/402 238/67/403 271/399/404
f 233/400/405 239/401/406 240/402/407
f 241/58/408 242/403/409 233/59/410
f 232/374/394 243/72/411 250/56/395
f 244/73/412 245/74/413 2182/404/412
f 246/389/414 247/405/415 237/77/416
f 261/78/411 251/79/417 243/72/411
f 247/394/398 248/66/402 237/80/402
f 243/81/418 249/82/419 250/406/419
f 251/84/420 252/85/418 243/81/418
f 253/407/421 254/87/422 332/408/423
f 242/409/406 255/410/424 239/401/406
f 288/91/425 249/82/419 256/411/425
f 31/412/83 240/402/407 49/413/83
f 257/414/426 48/415/81 258/416/426
f 259/417/427 2186/418/428 214/376/372
f 241/58/429 215/6/430 2176/419/430
f 260/420/431 229/388/390 216/364/431
f 261/78/432 262/369/432 263/421/432
f 285/103/433 215/6/433 225/41/433
f 279/422/434 216/364/431 276/383/434
f 2180/423/435 264/44/435 254/87/435
f 232/374/368 265/367/436 261/78/437
f 241/58/438 7/424/15 2178/362/438
f 253/425/439 266/426/439 267/427/439
f 266/428/440 251/84/441 267/429/441
f 262/369/442 268/112/443 263/421/443
f 270/430/444 2180/423/444 268/431/444
f 263/421/445 267/115/446 251/79/446
f 268/431/447 253/407/448 267/432/448
f 262/369/449 269/433/450 270/434/449
f 269/435/451 2179/120/452 270/430/452
f 271/436/453 246/389/414 237/77/416
f 223/36/454 272/122/454 273/437/455
f 272/124/456 323/125/457 273/126/458
f 278/438/459 274/439/459 234/395/460
f 274/440/461 257/414/462 258/416/463
f 275/16/464 2185/130/465 2172/10/465
f 277/441/466 276/383/466 2185/442/466
f 275/16/467 2184/133/467 277/443/467
f 277/441/468 278/444/468 279/422/468
f 2172/10/469 272/136/470 2183/445/470
f 272/446/471 276/383/472 226/384/471
f 247/405/415 279/422/473 278/444/474
f 280/26/475 289/447/476 282/448/475
f 289/141/477 281/449/478 282/450/479
f 288/91/480 283/451/480 286/452/480
f 283/453/481 284/454/482 286/455/482
f 287/24/483 291/149/483 290/456/483
f 291/151/484 285/103/484 225/41/484
f 284/457/485 2187/153/486 286/458/485
f 286/459/487 287/24/487 288/392/487
f 225/41/488 289/156/489 291/151/490
f 289/157/491 290/456/492 291/149/493
f 2176/419/494 284/457/495 242/403/496
f 292/460/160 347/461/160 339/462/160
f 293/463/161 294/464/161 295/465/161
f 296/466/497 298/467/498 337/468/499
f 2208/469/500 297/470/501 342/471/502
f 298/467/503 340/472/503 299/473/503
f 345/474/504 349/475/504 343/476/504
f 300/477/505 301/478/506 317/176/507
f 302/479/508 2193/175/509 303/179/510
f 304/480/511 320/181/512 322/481/513
f 305/185/514 310/482/514 306/483/514
f 303/179/510 307/186/515 308/484/515
f 309/485/516 321/486/517 2200/190/516
f 2201/487/518 310/482/519 2196/488/520
f 311/489/521 312/490/522 313/491/523
f 2201/487/518 309/485/516 2200/190/516
f 308/484/515 318/492/524 311/489/521
f 305/185/525 313/491/523 312/490/522
f 314/493/526 315/494/527 2197/199/528
f 319/200/529 322/481/513 320/181/512
f 306/483/530 316/495/531 2199/202/530
f 304/480/511 300/477/532 317/176/511
f 302/479/508 2197/199/528 301/478/533
f 309/485/534 318/492/535 307/186/536
f 318/492/537 310/482/537 312/490/537
f 320/181/538 315/494/538 319/200/538
f 2193/175/539 309/485/534 307/186/536
f 301/478/506 320/181/540 317/176/507
f 2194/204/161 308/484/161 313/496/161
f 2195/206/160 321/486/160 322/207/160
f 297/470/501 343/476/541 342/471/502
f 2205/497/542 227/209/543 2202/210/544
f 328/361/352 227/498/545 2174/372/365
f 323/125/546 324/212/546 2203/213/546
f 2204/214/547 324/212/548 325/499/549
f 2173/366/358 324/500/550 226/384/384
f 326/378/551 325/217/551 2173/501/551
f 327/502/552 2202/210/552 328/27/552
f 269/503/553 244/73/554 2182/404/555
f 329/221/556 269/222/557 2181/38/558
f 2175/20/363 330/223/559 217/370/363
f 271/399/404 331/504/560 332/505/561
f 333/387/562 264/44/563 231/53/564
f 332/408/565 333/387/566 271/436/567
f 245/385/387 231/53/392 264/44/385
f 253/425/568 331/504/560 334/226/569
f 335/506/570 336/507/571 296/466/572
f 2189/508/573 351/509/574 337/468/575
f 350/510/576 338/511/577 2188/512/578
f 299/473/579 339/513/580 298/467/580
f 2191/514/581 340/472/582 336/507/571
f 341/515/583 295/516/584 349/475/585
f 2192/517/586 342/471/587 343/476/588
f 344/518/589 345/474/590 297/470/589
f 2192/517/586 349/475/585 295/516/584
f 346/519/591 2207/520/577 345/474/590
f 297/470/589 347/461/592 344/518/589
f 348/521/593 342/471/587 294/464/587
f 349/475/594 350/510/594 341/515/594
f 2189/508/573 298/467/580 339/513/580
f 335/506/570 2208/469/595 348/521/593
f 351/509/596 296/466/497 337/468/499
f 2219/522/597 2213/523/598 363/524/597
f 2217/246/599 366/525/600 368/526/600
f 2220/249/601 2209/250/602 2213/523/598
f 363/524/597 369/527/603 2219/522/597
f 352/252/604 364/528/605 353/254/605
f 366/525/606 354/255/606 357/256/606
f 2221/529/607 355/530/608 370/531/609
f 2216/532/610 356/261/611 352/252/604
f 2214/263/612 362/533/613 361/262/614
f 353/254/605 365/534/615 2217/246/599
f 357/256/616 368/526/600 366/525/600
f 2215/535/617 367/266/618 358/536/619
f 359/268/620 370/531/609 355/530/608
f 354/255/621 360/537/602 2218/270/622
f 2221/529/607 2214/263/623 361/262/624
f 2216/532/610 358/536/619 362/533/610
f 363/524/625 365/534/626 364/528/625
f 365/534/627 2209/250/627 366/525/627
f 355/530/628 367/266/628 359/268/628
f 356/261/629 363/524/625 364/528/625
f 362/533/613 355/530/630 361/262/614
f 2210/538/161 353/254/161 368/273/161
f 2212/274/160 369/527/160 370/275/160
f 373/278/631 371/539/631 2223/277/631
f 2222/279/632 380/280/632 376/281/632
f 375/282/296 372/283/296 377/284/296
f 373/278/295 380/280/295 374/285/295
f 375/282/633 376/281/633 379/286/633
f 377/284/634 371/288/634 378/287/634
f 379/289/635 380/540/635 371/541/635
f 2227/542/636 381/543/636 382/293/636
f 385/544/637 383/296/637 386/545/637
f 384/546/303 387/299/303 2228/547/303
f 385/544/302 382/293/302 2225/301/302
f 386/545/638 2226/302/638 384/546/638
f 2224/548/639 387/299/639 381/303/639
f 2225/305/640 382/306/640 381/307/640
f 388/549/641 389/309/641 390/310/641
f 391/550/642 392/551/642 395/313/642
f 393/552/643 394/553/643 396/316/643
f 389/309/644 393/317/644 390/554/644
f 392/319/645 403/555/645 388/321/645
f 394/553/646 395/556/647 396/323/648
f 402/324/649 401/557/650 397/326/649
f 2229/558/651 401/557/651 398/559/651
f 399/560/651 391/550/651 398/559/651
f 400/330/160 2231/561/160 402/324/160
f 398/559/652 400/330/653 399/560/654
f 2231/561/655 398/559/655 401/557/655
f 399/560/656 402/324/657 397/326/657
f 2229/558/651 398/559/651 394/553/651
f 394/553/651 398/559/651 391/550/651
f 391/550/651 399/560/651 2230/332/651
f 2230/332/651 397/326/651 403/555/651
f 399/560/651 397/326/651 2230/332/651
f 403/555/651 397/326/651 389/309/651
f 389/309/651 397/326/651 401/557/651
f 409/562/658 421/563/659 404/564/660
f 413/336/661 408/565/662 405/566/663
f 406/567/664 410/568/665 407/569/666
f 421/563/667 407/342/667 404/570/667
f 408/571/668 2233/572/668 409/573/668
f 419/574/669 405/575/669 410/576/669
f 417/577/670 411/578/671 418/579/672
f 406/567/673 411/578/673 416/580/673
f 412/581/673 413/336/673 416/580/673
f 414/582/160 417/577/160 415/583/160
f 416/580/674 415/583/674 412/581/675
f 2234/584/676 416/580/677 411/578/678
f 412/581/679 417/577/680 418/579/680
f 406/567/673 416/580/673 419/574/673
f 419/574/673 416/580/673 413/336/673
f 413/336/673 412/581/673 420/358/673
f 420/358/673 418/579/673 2233/572/673
f 412/581/673 418/579/673 420/358/673
f 2233/572/673 418/579/673 421/563/673
f 421/563/673 418/579/673 411/578/673
f 462/425/681 422/504/682 2253/505/683
f 2257/53/684 423/385/685 424/44/686
f 2253/408/687 426/387/688 425/87/689
f 424/44/690 426/387/691 2257/53/692
f 2236/399/693 422/504/682 427/67/693
f 428/223/694 2235/20/695 429/370/695
f 460/222/696 532/221/697 531/38/698
f 460/503/699 488/73/700 2237/585/701
f 2241/210/702 430/502/702 431/27/703
f 2240/217/704 432/378/704 433/501/704
f 437/500/705 433/366/706 434/384/707
f 2239/214/708 437/212/709 435/213/710
f 436/125/711 437/212/711 434/586/712
f 498/498/713 431/361/714 2275/372/715
f 2238/497/716 498/209/717 2258/587/718
f 482/457/719 438/419/720 490/403/721
f 543/456/722 447/157/723 2243/149/724
f 2244/41/725 447/156/726 439/382/726
f 444/459/727 442/24/727 440/588/727
f 482/457/728 440/153/729 441/103/729
f 2243/151/730 441/103/731 440/153/731
f 2243/149/732 442/24/732 543/456/732
f 482/454/733 443/453/733 444/455/733
f 480/91/734 443/451/734 445/411/734
f 446/449/735 447/141/736 448/450/737
f 536/26/738 447/447/739 2242/28/740
f 449/405/741 2246/422/742 450/420/743
f 457/446/744 453/383/745 454/442/744
f 457/136/746 2278/10/747 2279/445/746
f 2247/441/748 451/444/748 2248/589/748
f 541/16/749 2248/133/749 452/397/749
f 453/383/750 2247/441/750 454/442/750
f 454/130/751 541/16/751 2278/10/752
f 455/440/753 452/414/754 2248/590/755
f 455/439/756 451/438/756 456/395/757
f 436/125/758 457/124/759 458/126/760
f 459/36/761 457/122/762 2279/35/763
f 2236/436/764 475/389/765 426/387/764
f 2251/120/766 460/435/767 2250/430/766
f 461/369/768 460/433/769 531/368/770
f 462/407/771 463/431/772 464/432/771
f 464/115/773 474/421/774 484/79/773
f 2249/423/775 2250/430/776 463/431/776
f 463/112/777 461/369/778 474/421/779
f 484/84/780 465/428/780 464/429/780
f 462/425/781 465/426/781 466/226/781
f 467/58/782 468/424/783 469/591/784
f 470/367/785 471/374/786 472/78/787
f 424/44/788 2249/423/788 425/87/789
f 2246/422/790 500/364/791 450/420/791
f 441/103/792 473/6/792 438/419/792
f 461/369/793 472/78/793 474/421/793
f 450/420/791 494/388/794 475/389/794
f 473/6/795 467/58/795 438/419/795
f 476/417/796 439/418/797 446/449/797
f 452/414/798 477/415/799 478/592/799
f 493/412/800 479/402/801 2256/400/801
f 480/91/802 481/82/803 489/406/804
f 490/409/805 2245/410/806 482/454/807
f 462/407/808 425/87/809 2249/423/808
f 483/85/810 484/84/811 485/81/812
f 481/82/803 485/81/812 489/406/804
f 486/66/813 449/394/814 487/80/813
f 484/79/815 472/78/816 485/72/816
f 449/405/741 475/389/765 487/77/817
f 488/73/818 423/74/819 428/223/694
f 485/72/816 471/374/820 489/56/821
f 490/403/822 467/58/823 2256/59/824
f 2256/400/801 491/401/805 490/409/805
f 427/67/693 487/80/813 2236/399/693
f 452/397/825 492/17/826 541/16/827
f 449/394/814 456/395/828 451/438/828
f 493/393/829 467/58/830 469/591/831
f 480/392/832 471/374/820 442/24/833
f 534/365/834 2257/53/684 494/388/835
f 495/390/836 2277/377/837 496/375/838
f 494/388/794 426/387/839 475/389/794
f 497/381/840 498/47/840 2275/39/840
f 424/44/686 499/45/841 2251/120/841
f 453/383/842 433/366/706 500/364/843
f 439/382/844 473/6/845 2244/41/846
f 501/518/161 555/593/161 545/594/161
f 556/521/160 502/595/160 544/596/160
f 503/467/163 504/466/162 505/468/847
f 553/471/848 559/509/165 558/469/165
f 549/472/168 503/467/168 548/473/168
f 552/475/169 506/474/169 507/476/169
f 508/176/849 510/175/170 509/477/170
f 510/175/196 529/479/175 528/179/181
f 511/181/192 512/480/172 2274/481/190
f 513/483/178 524/490/178 514/185/178
f 523/186/180 528/179/181 515/484/180
f 522/485/179 516/486/174 509/477/173
f 517/487/185 2268/482/850 530/495/187
f 524/490/851 2272/489/852 518/491/853
f 522/485/179 517/487/185 519/190/179
f 2272/489/852 523/186/180 515/484/180
f 518/491/853 514/185/194 524/490/851
f 520/493/177 527/494/193 2270/597/854
f 2274/481/190 521/200/191 511/181/192
f 513/483/189 530/495/187 2268/482/850
f 512/480/172 509/477/173 516/486/174
f 529/479/175 2269/199/176 520/493/177
f 526/492/200 522/485/201 523/186/199
f 524/490/202 525/488/202 526/492/202
f 527/494/203 511/181/203 521/200/203
f 522/485/201 510/175/855 523/186/199
f 511/181/206 2266/478/205 508/176/849
f 528/179/160 529/598/160 520/599/160
f 519/190/161 517/600/161 530/601/161
f 507/476/207 554/470/167 553/471/848
f 497/381/856 531/38/857 532/221/858
f 2279/35/859 533/380/860 459/36/861
f 534/371/862 432/378/863 535/379/864
f 496/375/838 542/376/865 476/417/796
f 536/26/866 431/27/867 430/502/868
f 537/359/869 442/24/870 471/374/786
f 538/362/871 539/373/872 468/424/872
f 470/367/873 431/361/714 537/359/874
f 429/370/695 534/371/862 535/379/864
f 540/12/875 541/16/876 492/17/877
f 531/368/878 470/367/873 461/369/878
f 2276/11/879 2278/10/880 540/12/879
f 500/364/843 534/365/834 494/388/835
f 542/363/881 538/362/871 473/6/845
f 537/359/874 2242/360/882 543/456/883
f 502/506/237 2265/507/244 544/514/243
f 2261/508/234 559/509/258 2260/461/256
f 557/510/884 545/511/248 546/520/249
f 547/513/245 548/473/246 503/467/235
f 544/514/243 549/472/242 2262/602/242
f 550/516/885 551/515/886 552/475/241
f 2264/517/254 553/471/253 2263/464/253
f 554/470/251 555/519/887 501/518/251
f 552/475/241 2264/517/254 550/516/885
f 555/519/887 546/520/249 545/511/248
f 554/470/251 2260/461/256 559/509/258
f 553/471/253 556/521/255 2263/464/253
f 557/510/257 552/475/257 551/515/257
f 503/467/235 2261/508/234 547/513/245
f 558/469/238 502/506/237 556/521/255
f 505/468/847 558/469/259 559/509/259
f 560/522/268 580/523/888 561/249/262
f 569/525/265 562/246/261 563/526/265
f 561/249/262 579/250/263 564/537/263
f 565/524/268 2289/527/267 566/263/274
f 577/528/260 567/252/266 568/254/260
f 576/255/269 569/525/269 570/256/269
f 581/530/281 2290/529/889 2288/531/279
f 582/261/285 571/532/890 567/252/266
f 572/262/891 582/261/275 566/263/275
f 562/246/261 577/528/260 568/254/260
f 563/526/265 570/256/892 569/525/265
f 573/535/272 574/266/893 2285/603/893
f 2288/531/279 575/268/280 581/530/281
f 576/255/894 564/537/263 579/250/263
f 2290/529/889 566/263/274 2289/527/267
f 571/532/890 2284/536/271 573/535/272
f 578/534/287 565/524/286 577/528/286
f 578/534/288 579/250/288 580/523/288
f 574/266/289 581/530/289 575/268/289
f 565/524/286 582/261/290 577/528/286
f 581/530/292 2282/533/895 572/262/891
f 567/252/160 571/604/160 573/605/160
f 560/522/161 561/606/161 564/607/161
f 2295/277/633 588/276/633 583/278/633
f 584/279/634 2293/280/634 585/285/634
f 2294/283/295 586/282/295 587/284/295
f 585/285/296 2295/277/296 583/278/296
f 586/282/631 2296/281/631 584/279/631
f 588/287/632 2294/283/632 587/284/632
f 2291/541/896 2293/540/896 2292/289/896
f 2299/293/638 589/608/638 593/542/638
f 596/296/639 590/544/639 591/545/639
f 2298/299/302 594/546/302 592/547/302
f 590/544/303 2299/293/303 593/542/303
f 594/546/636 596/296/636 591/545/636
f 2297/303/637 592/547/637 589/548/637
f 595/305/897 596/609/897 597/610/897
f 598/549/898 601/309/899 614/555/898
f 603/551/900 2301/550/901 604/313/900
f 599/552/902 600/553/902 606/558/902
f 599/317/903 601/309/903 602/554/903
f 603/319/904 614/555/904 2300/332/904
f 604/556/905 600/553/906 605/323/906
f 611/557/907 613/324/908 2302/326/909
f 606/558/910 611/557/910 601/309/910
f 612/560/910 610/559/910 2301/550/910
f 607/330/161 608/561/161 609/611/161
f 610/559/911 607/330/912 609/611/913
f 610/559/914 608/561/914 611/557/914
f 612/560/915 613/324/915 607/330/916
f 606/558/910 600/553/910 610/559/910
f 600/553/910 2301/550/910 610/559/910
f 2301/550/910 2300/332/910 612/560/910
f 2300/332/910 614/555/910 2302/326/910
f 612/560/910 2300/332/910 2302/326/910
f 614/555/910 601/309/910 2302/326/910
f 601/309/910 611/557/910 2302/326/910
f 2304/562/917 615/563/918 616/572/919
f 617/565/920 625/336/921 618/566/921
f 621/568/922 623/567/923 619/569/924
f 619/342/925 615/563/925 620/570/925
f 617/571/926 616/572/926 2303/358/926
f 618/575/927 628/574/927 621/576/927
f 627/578/928 622/577/929 629/579/928
f 623/567/930 627/578/930 615/563/930
f 2306/581/930 624/580/930 625/336/930
f 622/577/161 2307/582/161 626/583/161
f 624/580/931 626/583/932 2307/582/931
f 624/580/933 2305/584/934 627/578/935
f 2306/581/936 622/577/937 626/583/938
f 623/567/930 628/574/930 624/580/930
f 628/574/930 625/336/930 624/580/930
f 625/336/930 2303/358/930 2306/581/930
f 2303/358/930 616/572/930 629/579/930
f 2306/581/930 2303/358/930 629/579/930
f 616/572/930 615/563/930 629/579/930
f 615/563/930 627/578/930 629/579/930
f 630/226/939 2323/225/940 671/107/941
f 634/53/942 631/46/943 632/44/943
f 2323/88/944 633/49/944 2308/87/944
f 632/44/945 633/49/946 634/53/947
f 635/65/948 636/224/949 637/67/948
f 638/223/950 639/20/951 640/18/951
f 670/222/952 743/221/953 742/38/954
f 670/220/955 697/73/956 2309/585/957
f 2311/210/958 748/219/958 641/27/959
f 642/217/960 744/32/960 643/218/961
f 647/216/962 643/8/963 648/43/964
f 644/214/965 647/212/966 645/213/967
f 646/125/968 647/212/968 648/612/969
f 651/211/970 641/3/971 649/21/972
f 650/208/973 651/209/974 2327/587/975
f 652/152/976 2326/100/977 699/71/978
f 2344/150/979 655/157/980 653/149/981
f 654/41/982 655/156/983 708/40/983
f 2314/155/984 657/24/984 656/613/984
f 652/152/985 656/153/986 681/103/986
f 653/151/987 681/103/988 656/153/988
f 653/149/989 657/24/989 2344/150/989
f 652/147/990 659/146/990 2314/148/990
f 658/91/991 659/144/991 660/92/991
f 685/142/992 655/141/993 2315/143/994
f 747/26/995 655/139/996 2312/28/997
f 694/76/998 661/104/999 680/101/998
f 668/138/1000 2321/42/1000 2317/132/1000
f 668/136/1001 662/10/1002 2345/137/1001
f 663/131/1003 2316/135/1003 664/614/1003
f 702/16/1004 664/133/1004 701/63/1004
f 2321/42/1005 663/131/1005 2317/132/1005
f 2317/130/1006 702/16/1007 662/10/1006
f 665/129/1008 701/95/1009 664/615/1010
f 665/128/1011 2316/127/1011 703/61/1012
f 646/125/1013 668/124/1014 666/126/1015
f 667/36/1016 668/122/1017 2345/35/1018
f 635/121/1019 669/50/1020 633/49/1021
f 2319/120/1022 670/119/1023 674/113/1022
f 675/15/1024 670/117/1025 742/14/1026
f 671/86/1027 672/114/1028 2320/116/1027
f 2320/115/1029 682/102/1030 692/79/1031
f 673/105/1032 674/113/1032 672/114/1032
f 672/112/1033 675/15/1034 682/102/1035
f 692/84/1036 676/110/1036 2320/111/1036
f 671/107/1037 676/108/1037 630/226/1037
f 700/58/1038 540/106/875 492/616/877
f 677/13/1039 698/25/1040 678/78/1041
f 632/44/1042 673/105/1043 2308/87/1043
f 661/104/1044 679/9/1045 680/101/1045
f 654/41/1046 2326/100/1046 681/103/1046
f 675/15/1047 678/78/1047 682/102/1048
f 680/101/1045 683/7/1049 669/50/1049
f 2326/100/1050 750/4/1050 700/58/1050
f 684/98/1051 708/99/1052 685/142/1052
f 701/95/1053 686/96/800 493/617/800
f 478/93/799 687/69/1054 688/70/1054
f 658/91/1055 689/82/1056 690/83/1056
f 699/68/1057 2313/89/1058 652/147/1059
f 671/86/1060 2308/87/1061 673/105/1060
f 691/85/1062 692/84/1063 695/81/1064
f 689/82/1056 695/81/1064 690/83/1056
f 693/66/1065 694/60/1066 696/80/1065
f 692/79/1067 678/78/1068 695/72/1068
f 694/76/998 669/50/1020 696/77/1069
f 697/73/1070 631/74/1071 638/223/950
f 695/72/1068 698/25/1072 690/56/1073
f 699/71/1074 700/58/1074 688/59/1074
f 687/69/1054 699/68/1057 688/70/1054
f 635/65/948 693/66/1065 696/80/1065
f 701/63/1075 469/17/831 702/16/1076
f 694/60/1066 703/61/1077 2316/127/1077
f 478/57/1078 700/58/1079 492/616/826
f 658/55/1080 698/25/1072 657/24/1081
f 704/54/1082 634/53/942 683/7/1082
f 533/51/860 705/31/1083 706/29/1084
f 683/7/1049 633/49/1085 669/50/1049
f 707/37/1086 651/47/1086 649/39/1086
f 632/44/943 2310/45/1087 2319/120/1088
f 2321/42/1089 643/8/963 679/9/1090
f 708/40/1091 709/6/1092 654/41/1093
f 710/618/161 711/619/161 754/594/161
f 712/620/160 713/595/160 751/621/160
f 717/467/498 714/622/497 2346/623/1094
f 715/624/502 761/469/500 760/471/1095
f 716/472/503 717/467/503 756/473/503
f 758/625/504 718/626/504 2350/627/504
f 726/628/505 2335/478/506 737/175/505
f 737/175/1096 739/479/1097 738/179/517
f 719/181/1098 720/480/533 721/481/1099
f 722/185/514 727/629/514 723/490/514
f 734/186/516 738/179/517 724/484/516
f 725/630/515 2343/631/510 726/628/509
f 741/487/1100 727/629/1101 728/632/523
f 723/490/1102 2340/489/1103 729/633/531
f 725/630/515 741/487/1100 740/190/515
f 733/634/520 724/484/516 2340/489/1103
f 729/633/531 722/185/1104 723/490/1102
f 730/635/1105 731/636/529 732/597/1106
f 721/481/1099 736/637/527 719/181/1098
f 2337/483/525 728/632/523 727/629/1101
f 720/480/533 726/628/509 2343/631/510
f 739/479/1097 2339/638/512 730/635/1105
f 733/634/535 725/630/534 734/186/1107
f 733/634/537 727/629/537 735/488/537
f 731/636/538 719/181/538 736/637/538
f 725/630/534 737/175/539 734/186/1107
f 719/181/540 2335/478/506 2336/176/507
f 738/179/160 739/598/160 730/639/160
f 740/190/161 741/640/161 728/601/161
f 2350/627/541 715/624/502 760/471/1095
f 707/37/1108 742/38/1109 743/221/1108
f 2345/35/1110 495/34/836 667/36/1111
f 704/19/1112 744/32/1113 745/33/1114
f 706/29/1084 746/30/1115 684/98/1051
f 747/26/1116 641/27/1117 748/219/1118
f 749/1/1119 657/24/1120 698/25/1040
f 750/4/1121 2276/22/879 540/106/879
f 677/13/1122 641/3/971 749/1/1123
f 640/18/951 704/19/1112 745/33/1114
f 468/12/783 702/16/1124 469/17/784
f 742/14/1125 677/13/1122 675/15/1125
f 539/11/872 662/10/1126 468/12/872
f 643/8/963 683/7/1082 679/9/1090
f 746/5/1127 750/4/1121 709/6/1092
f 749/1/1123 2312/2/1128 2344/150/1129
f 713/641/573 2333/642/1130 751/514/580
f 2329/508/570 752/509/595 2328/461/593
f 753/510/583 754/643/584 2334/520/585
f 755/644/581 756/473/582 717/467/581
f 751/514/580 716/472/579 2330/645/579
f 2332/646/1131 757/647/1132 758/625/577
f 759/648/590 760/471/589 2331/649/589
f 710/618/587 718/626/588 711/519/588
f 758/625/577 759/648/590 2332/646/1131
f 711/519/588 2334/520/585 754/643/584
f 715/624/587 2328/461/593 752/509/595
f 760/471/589 712/620/592 2331/649/589
f 753/510/594 758/625/594 757/647/594
f 717/467/581 2329/508/570 755/644/581
f 761/469/574 713/641/573 712/620/592
f 752/509/596 714/622/497 761/469/596
f 762/522/605 2351/523/615 782/249/599
f 2352/650/602 763/651/598 764/526/602
f 782/249/599 765/652/600 783/537/600
f 777/524/605 2360/527/604 2353/263/611
f 778/653/597 766/654/603 2357/655/597
f 767/656/606 2352/650/606 768/256/606
f 769/657/619 770/658/610 771/659/617
f 772/261/623 773/660/607 766/654/603
f 2353/263/612 774/533/613 772/261/612
f 763/651/598 778/653/597 2357/655/597
f 764/526/602 768/256/621 2352/650/602
f 775/661/609 776/662/620 2355/663/620
f 771/659/617 780/664/618 769/657/619
f 767/656/616 783/537/600 765/652/600
f 770/658/610 2353/263/611 2360/527/604
f 773/660/607 2354/536/608 775/661/609
f 779/665/626 777/524/625 778/653/1133
f 779/665/627 765/652/627 2351/523/627
f 780/664/628 2354/536/628 769/657/628
f 777/524/625 772/261/629 778/653/1133
f 769/657/630 774/533/613 781/262/614
f 766/654/160 773/666/160 775/605/160
f 762/522/161 782/667/161 783/668/161
f 788/278/297 791/669/297 784/276/297
f 790/279/298 792/670/298 785/285/298
f 786/284/296 787/671/296 789/282/296
f 792/670/295 788/278/295 785/285/295
f 789/282/293 2363/672/293 790/279/293
f 791/673/294 786/284/294 784/287/294
f 791/674/1134 792/540/1134 787/675/1134
f 793/676/304 794/543/304 795/677/304
f 2365/296/305 796/678/305 798/679/305
f 2366/299/303 799/680/303 800/681/303
f 796/678/302 797/293/302 793/676/302
f 2364/302/300 798/679/300 799/680/300
f 795/682/301 2366/299/301 800/681/301
f 801/305/1135 2365/609/1135 2364/610/1135
f 802/683/1136 809/684/1137 818/555/1136
f 807/551/1138 803/550/1139 808/685/1138
f 804/686/1140 805/553/1140 2368/687/1140
f 804/688/1141 809/684/1141 806/689/1141
f 807/319/1142 818/555/1142 817/690/1142
f 808/691/1143 805/553/1144 2367/692/1144
f 813/557/1145 815/324/1146 819/693/1146
f 2368/687/1147 813/557/1147 809/684/1147
f 814/694/1147 810/695/1147 803/550/1147
f 816/330/161 812/561/161 811/696/161
f 810/695/1148 816/330/1149 811/696/1150
f 810/695/1151 812/561/1151 813/557/1151
f 814/694/1152 815/324/1153 816/330/1152
f 2368/687/1147 805/553/1147 810/695/1147
f 805/553/1147 803/550/1147 810/695/1147
f 803/550/1147 817/690/1147 814/694/1147
f 817/690/1147 818/555/1147 819/693/1147
f 814/694/1147 817/690/1147 819/693/1147
f 818/555/1147 809/684/1147 819/693/1147
f 809/684/1147 813/557/1147 819/693/1147
f 2370/697/1154 827/698/1155 820/572/1156
f 821/699/1157 2371/700/1158 822/701/1159
f 823/568/1160 826/702/1161 824/569/1162
f 824/342/1163 827/698/1163 2369/570/1163
f 821/703/1164 820/572/1164 836/704/1164
f 822/575/1165 835/705/1165 823/576/1165
f 833/578/1166 828/706/1166 825/579/1167
f 826/702/1168 833/578/1168 827/698/1168
f 834/707/1168 829/708/1168 2371/700/1168
f 828/706/161 831/709/161 830/710/161
f 829/708/1169 830/710/1169 831/709/1169
f 829/708/1170 832/711/1171 833/578/1172
f 834/707/1173 828/706/1174 830/710/1175
f 826/702/1168 835/705/1168 829/708/1168
f 835/705/1168 2371/700/1168 829/708/1168
f 2371/700/1168 836/704/1168 834/707/1168
f 836/704/1168 820/572/1168 825/579/1168
f 834/707/1168 836/704/1168 825/579/1168
f 820/572/1168 827/698/1168 825/579/1168
f 827/698/1168 833/578/1168 825/579/1168
f 844/712/1176 837/713/1177 838/714/1178
f 845/715/1179 840/716/1180 839/717/1181
f 840/716/1182 841/718/1183 1114/719/1184
f 843/720/1185 1107/721/1186 842/722/1186
f 843/720/1185 1114/719/1184 1108/723/1185
f 2372/724/1187 843/720/1188 842/722/1189
f 844/712/1190 840/716/1180 843/720/1190
f 845/715/1191 846/725/1192 847/726/1193
f 846/725/1192 844/712/1176 838/714/1178
f 848/727/1194 849/728/1195 888/729/1196
f 850/730/1197 851/731/1198 849/728/1195
f 852/732/1199 881/733/1200 2378/734/1201
f 853/735/1202 879/736/1203 884/737/1203
f 854/738/1204 855/739/1205 981/740/1206
f 856/741/1207 873/742/1208 857/743/1209
f 890/744/1210 859/745/1211 851/731/1212
f 910/746/1213 858/747/1214 859/748/1215
f 891/749/1216 860/750/1217 861/751/1218
f 860/750/1219 862/752/1220 863/753/1221
f 904/754/1222 864/755/1223 903/756/1223
f 864/755/1224 893/757/1225 892/758/1224
f 854/738/1226 865/759/1227 982/760/1228
f 865/761/1229 866/762/1230 867/763/1229
f 868/764/1231 906/765/1232 907/766/1232
f 869/767/1233 866/762/1234 870/768/1235
f 880/769/1236 871/770/1237 909/771/1238
f 872/772/1239 901/773/1240 874/774/1240
f 872/772/1239 867/763/1229 902/775/1239
f 873/742/1241 872/776/1242 874/777/1243
f 875/778/1242 865/759/1227 872/776/1242
f 876/779/1244 877/780/1245 878/781/1245
f 864/755/1224 879/736/1244 876/779/1244
f 880/769/1246 876/779/1247 878/781/1246
f 905/782/1247 864/755/1223 876/779/1247
f 882/783/1248 881/733/1249 883/784/1249
f 882/783/1250 863/753/1221 2378/734/1250
f 853/735/1251 882/783/1252 883/784/1251
f 884/737/1253 860/750/1217 882/783/1253
f 889/785/1254 885/786/1255 900/787/1256
f 886/788/1257 887/789/1258 885/786/1259
f 888/729/1260 886/790/1261 889/791/1262
f 849/728/1263 859/745/1211 886/790/1261
f 968/792/1264 890/744/1265 851/731/1198
f 891/749/1266 892/758/1267 893/757/1266
f 861/751/1267 879/736/1203 892/758/1267
f 852/732/1199 863/753/1268 899/793/1269
f 887/789/1270 899/793/1269 885/786/1271
f 894/794/1272 863/753/1268 862/752/1272
f 895/795/1273 852/732/1199 896/796/1274
f 897/797/1275 899/793/1275 898/798/1275
f 894/794/1276 898/798/1276 899/793/1276
f 885/786/1271 897/797/1277 900/787/1278
f 909/771/1238 901/773/1279 902/775/1280
f 903/756/1281 870/768/1235 904/754/1282
f 905/782/1283 906/765/1284 868/764/1285
f 868/764/1286 907/766/1287 908/799/1287
f 868/764/1285 902/775/1280 867/763/1288
f 907/766/1232 906/765/1232 909/771/1289
f 908/799/1287 907/766/1287 909/771/1290
f 858/747/1291 910/746/1292 911/800/1293
f 911/800/1294 910/746/1295 912/801/1296
f 912/801/1296 896/796/1297 911/800/1294
f 911/800/1293 896/796/1298 858/747/1291
f 852/732/1199 887/789/1270 896/796/1274
f 887/789/1270 858/747/1299 896/796/1274
f 896/796/1274 912/801/1300 895/795/1273
f 912/801/1300 913/802/1301 895/795/1273
f 944/803/1302 914/804/1303 943/805/1304
f 915/806/1305 916/807/1306 2382/808/1307
f 939/809/1308 935/810/1309 917/811/1310
f 946/812/1311 919/813/1312 918/814/1312
f 963/815/1313 964/816/1314 919/813/1315
f 920/817/1316 922/818/1317 921/819/1318
f 922/818/1319 923/820/1320 949/821/1321
f 924/822/1322 925/823/1323 926/824/1323
f 925/823/1324 948/825/1325 947/826/1324
f 959/827/1326 927/828/1327 960/829/1327
f 928/830/1328 992/831/1329 929/832/1330
f 930/833/1331 931/834/1332 932/835/1333
f 936/836/1334 933/837/1335 934/838/1335
f 925/823/1324 935/810/1334 936/836/1334
f 930/833/1336 936/836/1337 934/838/1338
f 937/839/1339 925/823/1323 936/836/1337
f 938/840/1340 916/807/1341 940/841/1342
f 938/840/1343 949/821/1321 2382/808/1343
f 939/809/1344 938/840/1345 940/841/1346
f 917/811/1347 922/818/1317 938/840/1345
f 945/842/1348 957/843/1349 941/844/1350
f 945/842/1348 942/845/1351 950/846/1352
f 943/805/1353 941/844/1354 944/803/1355
f 943/805/1353 919/813/1312 945/842/1356
f 943/805/1304 976/847/1357 918/814/1358
f 976/847/1357 946/812/1359 918/814/1358
f 920/817/1360 947/826/1361 948/825/1362
f 921/819/1361 935/810/1309 947/826/1361
f 915/806/1305 949/821/1363 954/848/1364
f 942/845/1365 954/848/1364 950/846/1366
f 955/849/1367 949/821/1363 923/820/1367
f 951/850/1368 915/806/1305 952/851/1369
f 953/852/1370 954/848/1370 956/853/1370
f 955/849/1371 956/853/1371 954/848/1371
f 950/846/1366 953/852/1372 957/843/1373
f 932/835/1333 958/854/1374 994/855/1375
f 926/824/1376 929/832/1330 924/822/1377
f 937/839/1378 927/828/1379 959/827/1380
f 959/827/1381 960/829/1382 984/856/1382
f 959/827/1380 994/855/1375 961/857/1383
f 960/829/1327 927/828/1327 932/835/1384
f 984/856/1382 960/829/1382 932/835/1385
f 964/816/1386 963/815/1387 962/858/1388
f 962/858/1389 963/815/1390 965/859/1389
f 965/859/1389 952/851/1391 962/858/1389
f 962/858/1388 952/851/1392 964/816/1386
f 915/806/1305 942/845/1365 952/851/1369
f 942/845/1365 964/816/1393 952/851/1369
f 952/851/1369 965/859/1394 951/850/1368
f 965/859/1394 966/860/1395 951/850/1368
f 838/714/1178 986/861/1396 985/862/1397
f 848/727/1194 967/863/1398 850/730/1197
f 846/725/1192 2383/864/1399 847/726/1193
f 968/792/1400 967/863/1401 985/862/1397
f 846/725/1192 985/862/1397 967/863/1401
f 857/743/1209 969/865/1402 856/741/1207
f 981/740/1206 855/739/1205 979/866/1403
f 855/739/1205 969/865/1402 970/867/1404
f 971/868/1405 969/865/1402 972/869/1406
f 968/792/1400 973/870/1407 2379/871/1408
f 974/872/1409 975/873/1410 914/804/1303
f 976/847/1411 970/867/1404 969/865/1402
f 977/874/1412 914/804/1413 978/875/1412
f 978/875/1414 914/804/1415 975/873/1416
f 975/873/1416 979/866/1417 978/875/1414
f 978/875/1412 979/866/1418 977/874/1412
f 970/867/1419 914/804/1303 977/874/1420
f 976/847/1411 971/868/1405 946/812/1421
f 855/739/1205 970/867/1404 977/874/1422
f 979/866/1423 975/873/1410 980/876/1424
f 855/739/1205 977/874/1422 979/866/1403
f 979/866/1423 980/876/1424 981/740/1425
f 856/741/1207 855/739/1205 875/778/1426
f 855/739/1205 982/760/1427 875/778/1426
f 976/847/1357 914/804/1303 970/867/1419
f 887/789/1258 859/748/1215 858/747/1214
f 859/748/1428 2374/877/1429 910/746/1430
f 2374/877/1429 913/802/1431 910/746/1430
f 913/802/1431 912/801/1432 910/746/1430
f 906/765/1284 905/782/1283 909/771/1238
f 905/782/1283 880/769/1236 909/771/1238
f 902/775/1280 908/799/1433 909/771/1238
f 909/771/1238 871/770/1237 901/773/1279
f 869/767/1233 903/756/1281 868/764/1285
f 903/756/1281 905/782/1283 868/764/1285
f 867/763/1288 869/767/1233 868/764/1285
f 868/764/1285 908/799/1433 902/775/1280
f 942/845/1351 919/813/1315 964/816/1314
f 919/813/1434 983/878/1435 963/815/1436
f 983/878/1435 966/860/1437 963/815/1436
f 966/860/1438 965/859/1439 963/815/1440
f 927/828/1379 937/839/1378 932/835/1333
f 937/839/1378 930/833/1331 932/835/1333
f 994/855/1375 984/856/1441 932/835/1333
f 932/835/1333 931/834/1332 958/854/1374
f 928/830/1328 926/824/1376 959/827/1380
f 926/824/1376 937/839/1378 959/827/1380
f 961/857/1383 928/830/1328 959/827/1380
f 959/827/1380 984/856/1441 994/855/1375
f 968/792/1264 850/730/1197 967/863/1398
f 973/870/1442 985/862/1442 987/879/1442
f 985/862/1443 986/861/1443 987/879/1443
f 996/880/1444 988/713/1445 989/881/1446
f 997/715/1447 991/882/1448 990/717/1448
f 991/882/1449 992/718/1450 961/719/1451
f 995/720/1452 958/721/1453 993/722/1454
f 995/720/1452 961/719/1451 994/723/1452
f 2384/883/1455 995/720/1456 993/722/1457
f 996/880/1458 991/882/1448 995/720/1458
f 997/715/1459 998/725/1460 999/726/1461
f 998/725/1460 996/880/1444 989/881/1446
f 1000/884/1462 1001/885/1463 1042/729/1464
f 1002/730/1465 1003/886/1466 1001/885/1463
f 1004/887/1467 1005/733/1468 2390/888/1469
f 1006/735/1470 1033/736/1471 1039/889/1471
f 1018/890/1472 1007/891/1473 1133/892/1474
f 1008/893/1475 1009/894/1476 1010/895/1477
f 1044/896/1478 1011/897/1479 1003/886/1480
f 1061/898/1481 1063/899/1482 1011/900/1483
f 1012/749/1484 1013/750/1485 1047/751/1486
f 1013/750/1487 1014/901/1488 1015/902/1489
f 1056/903/1490 1016/904/1491 1017/756/1491
f 1016/904/1492 1046/905/1493 1045/758/1492
f 1018/890/1494 1020/906/1495 1019/907/1495
f 1020/761/1496 1021/762/1497 1022/763/1496
f 1058/908/1498 1057/909/1499 1023/766/1499
f 1024/767/1500 1021/762/1501 1025/910/1502
f 1026/911/1503 1027/912/1504 1059/771/1505
f 1031/913/1506 1028/773/1507 1029/914/1507
f 1031/913/1506 1022/763/1496 1030/915/1506
f 1009/894/1508 1031/916/1509 1029/917/1510
f 1032/918/1511 1020/906/1495 1031/916/1509
f 1034/919/1512 2386/780/1513 1035/920/1513
f 1016/904/1492 1033/736/1512 1034/919/1512
f 1026/911/1514 1034/919/1515 1035/920/1514
f 1036/782/1515 1016/904/1491 1034/919/1515
f 1038/921/1516 1005/733/1517 1037/922/1517
f 1038/921/1518 1015/902/1489 2390/888/1518
f 1006/735/1519 1038/921/1520 1037/922/1519
f 1039/889/1520 1013/750/1485 1038/921/1520
f 1040/923/1521 1049/924/1522 1055/925/1523
f 1041/788/1524 1048/926/1525 1049/924/1526
f 1042/729/1527 1041/927/1528 1040/791/1529
f 1001/885/1528 1011/897/1479 1041/927/1528
f 1043/792/1530 1044/896/1531 1003/886/1466
f 1012/749/1532 1045/758/1533 1046/905/1534
f 1047/751/1535 1033/736/1471 1045/758/1533
f 1004/887/1467 1015/902/1536 1052/793/1537
f 1048/926/1538 1052/793/1537 1049/924/1539
f 1050/928/1540 1015/902/1536 1014/901/1540
f 1051/929/1541 1004/887/1467 1062/930/1542
f 1054/931/1543 1052/793/1543 1053/932/1543
f 1050/928/1544 1053/932/1544 1052/793/1544
f 1049/924/1539 1054/931/1545 1055/925/1546
f 1059/771/1505 1028/773/1547 1030/915/1548
f 1017/756/1549 1025/910/1502 1056/903/1550
f 1036/782/1551 1057/909/1552 1058/908/1553
f 1058/908/1554 1023/766/1555 1136/799/1555
f 1058/908/1553 1030/915/1548 1022/763/1556
f 1023/766/1499 1057/909/1499 1059/771/1557
f 1136/799/1555 1023/766/1555 1059/771/1558
f 1063/899/1559 1061/898/1560 1060/933/1561
f 1060/933/1562 1061/898/1563 1135/934/1564
f 1135/934/1564 1062/930/1565 1060/933/1562
f 1060/933/1561 1062/930/1566 1063/899/1559
f 1004/887/1467 1048/926/1538 1062/930/1542
f 1048/926/1538 1063/899/1567 1062/930/1542
f 1062/930/1542 1135/934/1568 1051/929/1541
f 1135/934/1568 1064/935/1569 1051/929/1541
f 1090/936/1570 1065/937/1571 1093/938/1572
f 1066/939/1573 1087/940/1574 1067/941/1575
f 1068/942/1576 1069/943/1577 1070/944/1577
f 1095/945/1578 1071/813/1579 1072/946/1579
f 1073/947/1580 1116/948/1581 1071/813/1582
f 1096/949/1583 1075/950/1584 1074/951/1585
f 1075/950/1586 1099/952/1587 1097/953/1588
f 1109/822/1589 1077/823/1590 1076/954/1590
f 1077/823/1591 1078/825/1592 1079/955/1591
f 1112/956/1593 1111/828/1594 1113/957/1594
f 1080/958/1595 841/959/1596 1081/832/1597
f 1082/960/1598 1083/834/1599 1115/835/1600
f 1084/961/1601 2392/962/1602 1085/963/1602
f 1077/823/1591 1069/943/1601 1084/961/1601
f 1082/960/1603 1084/961/1604 1085/963/1603
f 1110/964/1605 1077/823/1590 1084/961/1604
f 1086/965/1606 1087/940/1607 1088/966/1608
f 1086/965/1609 1097/953/1588 1067/941/1609
f 1068/942/1610 1086/965/1611 1088/966/1610
f 1070/944/1612 1075/950/1584 1086/965/1611
f 1091/967/1613 1106/968/1614 1092/969/1615
f 1091/967/1613 1089/970/1616 1098/971/1617
f 1090/936/1618 1091/967/1619 1092/969/1620
f 1093/938/1619 1071/813/1579 1091/967/1619
f 1093/938/1572 1094/972/1621 1072/946/1622
f 1094/972/1621 1095/945/1623 1072/946/1622
f 1096/949/1624 1079/955/1625 1078/825/1626
f 1074/951/1625 1069/943/1577 1079/955/1625
f 1066/939/1573 1097/953/1627 1103/973/1628
f 1089/970/1629 1103/973/1628 1098/971/1630
f 1105/974/1631 1097/953/1627 1099/952/1631
f 1100/975/1632 1066/939/1573 1101/976/1633
f 1102/977/1634 1103/973/1634 1104/853/1634
f 1105/974/1635 1104/853/1635 1103/973/1635
f 1098/971/1630 1102/977/1636 1106/968/1637
f 1115/835/1600 1107/978/1638 1108/979/1639
f 1076/954/1640 1081/832/1597 1109/822/1641
f 1110/964/1642 1111/828/1643 1112/956/1644
f 1112/956/1645 1113/957/1646 1139/980/1647
f 1112/956/1644 1108/979/1639 1114/981/1648
f 1113/957/1594 1111/828/1594 1115/835/1649
f 1139/980/1647 1113/957/1646 1115/835/1650
f 1116/948/1651 1073/947/1652 1117/982/1653
f 1117/982/1654 1073/947/1655 1138/983/1656
f 1138/983/1656 1101/976/1657 1117/982/1654
f 1117/982/1653 1101/976/1658 1116/948/1651
f 1066/939/1573 1089/970/1629 1101/976/1633
f 1089/970/1629 1116/948/1659 1101/976/1633
f 1101/976/1633 1138/983/1660 1100/975/1632
f 1138/983/1660 1118/984/1661 1100/975/1632
f 989/881/1446 1119/861/1662 1120/985/1663
f 1000/884/1462 1121/863/1664 1002/730/1465
f 998/725/1460 2395/986/1665 999/726/1461
f 1043/792/1666 1121/863/1667 1120/985/1663
f 998/725/1460 1120/985/1663 1121/863/1667
f 1010/895/1477 1122/987/1668 1008/893/1475
f 1133/892/1474 1007/891/1473 1129/988/1669
f 1007/891/1473 1122/987/1668 1130/989/1670
f 1123/990/1671 1122/987/1668 1124/991/1672
f 1043/792/1666 1125/870/1673 2391/871/1674
f 1126/992/1675 1128/993/1676 1065/937/1571
f 1094/972/1677 1130/989/1670 1122/987/1668
f 1131/994/1678 1065/937/1679 1127/995/1678
f 1127/995/1680 1065/937/1681 1128/993/1680
f 1128/993/1680 1129/988/1682 1127/995/1680
f 1127/995/1678 1129/988/1683 1131/994/1678
f 1130/989/1684 1065/937/1571 1131/994/1685
f 1094/972/1677 1123/990/1671 1095/945/1686
f 1007/891/1473 1130/989/1670 1131/994/1687
f 1129/988/1688 1128/993/1676 1132/996/1689
f 1007/891/1473 1131/994/1687 1129/988/1669
f 1129/988/1688 1132/996/1689 1133/892/1690
f 1008/893/1475 1007/891/1473 1032/918/1691
f 1007/891/1473 1019/907/1692 1032/918/1691
f 1094/972/1621 1065/937/1571 1130/989/1684
f 1048/926/1525 1011/900/1483 1063/899/1482
f 1011/900/1693 1134/877/1694 1061/898/1695
f 1134/877/1694 1064/935/1696 1061/898/1695
f 1064/935/1696 1135/934/1697 1061/898/1695
f 1057/909/1552 1036/782/1551 1059/771/1505
f 1036/782/1551 1026/911/1503 1059/771/1505
f 1030/915/1548 1136/799/1552 1059/771/1505
f 1059/771/1505 1027/912/1504 1028/773/1547
f 1024/767/1500 1017/756/1549 1058/908/1553
f 1017/756/1549 1036/782/1551 1058/908/1553
f 1022/763/1556 1024/767/1500 1058/908/1553
f 1058/908/1553 1136/799/1552 1030/915/1548
f 1089/970/1616 1071/813/1582 1116/948/1581
f 1071/813/1698 1137/997/1699 1073/947/1700
f 1137/997/1699 1118/984/1701 1073/947/1700
f 1118/984/1701 1138/983/1702 1073/947/1703
f 1111/828/1643 1110/964/1642 1115/835/1600
f 1110/964/1642 1082/960/1598 1115/835/1600
f 1108/979/1639 1139/980/1704 1115/835/1600
f 1115/835/1600 1083/834/1599 1107/978/1638
f 1080/958/1595 1076/954/1640 1112/956/1644
f 1076/954/1640 1110/964/1642 1112/956/1644
f 1114/981/1648 1080/958/1595 1112/956/1644
f 1112/956/1644 1139/980/1704 1108/979/1639
f 1043/792/1530 1002/730/1465 1121/863/1664
f 1125/870/1705 1120/985/1705 1140/998/1705
f 1120/985/1706 1119/861/1706 1140/998/1706
f 2396/999/1707 1222/1000/1707 2418/1001/1707
f 1141/1002/1708 1222/1000/1709 1144/1003/1708
f 1220/1004/1710 1142/1005/1710 1143/1006/1710
f 1144/1003/1711 1143/1007/1711 1142/1005/1711
f 1145/1008/1712 1218/1009/1712 2416/1010/1712
f 1146/1011/1713 1218/1012/1713 1145/1013/1713
f 1147/1014/1714 1149/1015/1714 1148/1016/1714
f 1149/1015/1715 2397/1017/1715 1150/1018/1715
f 1156/1019/1716 1153/1020/1716 1151/1021/1716
f 1154/1022/1717 1152/1023/1717 1157/1024/1717
f 1153/1020/1718 1152/1023/1718 1155/1025/1718
f 1154/1026/1719 1153/1020/1719 1155/1025/1719
f 1152/1023/1720 1156/1027/1720 1157/1028/1720
f 1158/1029/1721 1162/1030/1721 1161/1031/1721
f 1159/1032/1722 1160/1033/1722 1161/1034/1722
f 1162/1035/1723 2399/1036/1723 1216/1037/1723
f 1159/1038/1724 2415/1039/1724 1217/1040/1724
f 1176/1041/1725 1163/1042/1726 1177/1043/1725
f 1164/1044/1727 1165/1045/1728 1186/1046/1729
f 1166/1047/161 1168/1048/161 1167/1049/161
f 1168/1048/1730 1169/1050/1730 1170/1051/1730
f 2405/1052/1731 1173/1053/1732 1171/1054/1732
f 1172/1055/160 2404/1056/1733 1185/1057/1733
f 2403/1058/1734 1184/1059/1735 2404/1056/1734
f 1173/1060/161 1174/1061/161 1171/1054/161
f 1175/1062/160 1176/1041/160 1177/1063/1736
f 1172/1055/160 1178/1064/160 1179/1065/160
f 2405/1052/1737 1180/1066/1738 1181/1067/1737
f 1182/1068/161 1167/1049/161 1174/1061/161
f 1179/1065/160 1183/1069/160 1175/1062/160
f 1184/1059/1737 1180/1066/1738 1185/1057/1739
f 1170/1051/1740 1186/1046/1740 1187/1070/1741
f 1185/1057/1739 1188/1071/1742 1178/1064/1743
f 1188/1071/1742 1183/1069/1744 1178/1064/1743
f 1174/1061/1745 1180/1066/1738 1171/1054/1746
f 1174/1061/1745 1187/1070/1741 1188/1071/1742
f 1187/1070/1741 1186/1046/1740 1165/1045/1740
f 1189/1072/1747 1184/1059/1748 1190/1073/1749
f 1169/1074/1750 1186/1046/1729 1170/1051/1750
f 2402/1075/1747 1181/1067/1751 1189/1072/1747
f 1214/1076/296 1191/1077/296 1192/1078/296
f 1195/1079/296 1193/1080/296 1194/1081/296
f 2409/1082/1752 1213/1083/1752 1215/1084/1752
f 1197/1085/1753 1195/1086/1754 1196/1087/1755
f 1197/1088/1756 1199/1089/1756 1201/1090/1756
f 1194/1081/296 1198/1091/296 2406/1092/296
f 1199/1093/296 1200/1094/296 1201/1095/296
f 1195/1079/296 1200/1094/296 1202/1096/296
f 1213/1097/296 1198/1091/296 1191/1077/296
f 1204/1098/1757 1203/1099/1758 1194/1100/1759
f 1194/1081/1760 2407/1101/1760 1195/1079/1760
f 1204/1102/303 2407/1103/303 1203/1104/303
f 1211/1105/296 1205/1106/296 1206/1107/296
f 2414/1108/302 2411/1109/302 1206/1107/302
f 1207/1110/1761 1211/1105/1761 2412/1111/1761
f 1208/1112/1762 2410/1113/1762 1205/1106/1762
f 1209/1114/1756 1206/1107/1756 2410/1113/1756
f 1210/1115/1752 2412/1111/1752 2411/1109/1752
f 2413/1116/303 1205/1106/303 1211/1105/303
f 1212/1117/1763 1213/1097/1763 1214/1076/1763
f 1215/1118/302 1212/1119/302 1214/1120/302
f 1216/1037/1764 2399/1036/1764 1158/1029/1764
f 1158/1029/1765 1217/1040/1765 1216/1037/1765
f 1148/1016/1766 1218/1012/1767 1219/1121/1768
f 2416/1010/1769 1149/1015/1769 1150/1018/1769
f 1220/1122/1770 1141/1002/1770 1221/1123/1770
f 2417/1124/1771 1222/1000/1771 1141/1002/1771
f 1254/1125/1772 1223/1126/1772 1224/1127/1772
f 1225/1128/1772 1232/1129/1772 1239/1130/1772
f 1226/1131/1773 1227/1132/1773 1235/1133/1773
f 1225/1128/1772 2420/1134/1772 1233/1135/1772
f 1228/1136/1774 1229/1137/1774 1232/1138/1774
f 1255/1139/1775 1254/1125/1776 1230/1140/1777
f 1240/1141/1778 1239/1130/1778 1256/1142/1778
f 1231/1143/1779 1236/1144/1780 1225/1128/1779
f 1237/1145/1781 1232/1138/1782 1233/1146/1781
f 1256/1142/1772 1232/1129/1772 1229/1147/1772
f 1238/1148/1778 1224/1149/1778 1234/1150/1778
f 1235/1133/1772 2420/1134/1772 1236/1144/1772
f 1237/1145/1783 2420/1151/1783 1238/1152/1783
f 1231/1153/1784 1239/1130/1784 1240/1154/1784
f 1234/1150/1785 1223/1155/1785 2421/1156/1785
f 2419/1157/1786 1223/1155/1787 1229/1158/1786
f 1243/1159/1772 2422/1160/1772 1241/1161/1772
f 1243/1159/1772 1241/1161/1772 1252/1162/1772
f 1246/1163/1788 2422/1160/1788 1242/1164/1788
f 1242/1165/1789 1243/1159/1789 2424/1166/1789
f 2425/1167/1790 1244/1168/1790 1247/1169/1790
f 2423/1170/1791 1243/1159/1791 1244/1168/1791
f 1245/1171/1792 1249/1172/1792 1246/1173/1792
f 1245/1174/1793 1247/1169/1793 1248/1175/1794
f 1241/1176/1795 1250/1177/1795 2426/1178/1795
f 1244/1168/1772 1251/1179/1772 1247/1169/1772
f 1244/1168/1772 1243/1159/1772 1252/1162/1772
f 1248/1175/1772 1253/1180/1772 1249/1172/1772
f 1248/1175/1772 1247/1169/1772 1251/1179/1772
f 1249/1172/1772 1241/1161/1772 2422/1160/1772
f 2427/1181/1772 1250/1177/1772 2428/1182/1772
f 1252/1183/1796 2428/1182/1797 1251/1184/1797
f 1252/1185/1798 2426/1178/1798 2427/1181/1798
f 1251/1186/1799 1250/1177/1799 1253/1187/1799
f 1254/1125/1800 1235/1133/1800 1227/1188/1800
f 1255/1139/1772 1229/1147/1772 1223/1126/1772
f 1255/1139/1801 2429/1189/1801 1256/1142/1801
f 1545/1190/1802 1544/1191/1789 1230/1192/1789
f 1257/1193/1733 1283/1194/1733 1258/1195/1733
f 1259/1196/1733 1260/1197/1733 1283/1194/1733
f 1261/1198/1733 1315/1199/1733 1317/1200/1733
f 1262/1201/1733 1260/1197/1733 1263/1202/1733
f 1261/1198/1733 1264/1203/1733 1265/1204/1733
f 1266/1205/1733 1304/1206/1733 1333/1207/1733
f 1378/1208/1803 1570/1209/1804 1267/1210/1804
f 1320/1211/1733 1264/1203/1733 1268/1212/1733
f 1266/1205/1733 1306/1213/1733 1302/1214/1733
f 1321/1215/1733 1298/1216/1733 1294/1217/1733
f 1311/1218/1733 1306/1213/1733 1309/1219/1733
f 1269/1220/1733 1270/1221/1733 1298/1216/1733
f 1271/1222/1733 1270/1221/1733 1300/1223/1733
f 1272/1224/1733 1273/1225/1733 1286/1226/1733
f 1274/1227/1733 1272/1224/1733 1275/1228/1733
f 2448/1229/1733 1274/1227/1733 1275/1228/1733
f 1276/1230/1805 2468/1231/1806 1277/1232/1807
f 1296/1233/1733 1278/1234/1733 1297/1235/1733
f 1258/1195/1808 1279/1236/1809 1280/1237/1810
f 1281/1238/1811 1282/1239/1812 1273/1240/1812
f 1283/1194/1813 1496/1241/1814 1279/1236/1809
f 1274/1242/1815 1568/1243/1816 1281/1238/1811
f 1343/1244/1817 1496/1241/1814 1260/1197/1814
f 1257/1193/1818 1594/1245/1819 1259/1196/1820
f 1284/1246/1821 1274/1242/1815 1349/1247/1822
f 1285/1248/1823 1272/1224/1824 1286/1226/1823
f 1263/1202/1825 1594/1245/1819 1532/1249/1826
f 1547/1250/1824 1275/1228/1827 1272/1224/1824
f 1294/1217/1733 1293/1251/1733 1321/1215/1733
f 1263/1202/1825 1531/1252/1828 1262/1201/1828
f 1287/1253/1733 1472/1254/1733 2468/1231/1733
f 1288/1255/1829 1289/1256/1830 1593/1257/1831
f 1400/1258/1832 1290/1259/1833 1278/1260/1834
f 1291/1261/1835 1357/1262/1836 1337/1263/1837
f 1288/1255/1829 1292/1264/1838 1293/1265/1838
f 1548/1266/1839 2434/1267/1840 1294/1217/1841
f 1295/1268/1842 1296/1233/1843 1297/1235/1842
f 1298/1216/1844 1548/1266/1839 1294/1217/1841
f 1298/1216/1844 1550/1269/1845 1549/1270/1846
f 1490/1271/1847 1550/1269/1845 1270/1221/1845
f 1269/1220/1848 1586/1272/1849 1299/1273/1850
f 1325/1274/1733 1472/1254/1733 1287/1253/1733
f 1300/1223/1851 1299/1273/1850 1501/1275/1851
f 1300/1223/1851 1584/1276/1852 1271/1222/1852
f 1301/1277/1853 1538/1278/1854 1472/1254/1854
f 1302/1214/1855 1303/1279/1856 1304/1206/1857
f 1302/1214/1855 1305/1280/1858 1563/1281/1859
f 1483/1282/1860 1305/1280/1858 1306/1213/1861
f 1266/1205/1862 1307/1283/1863 1308/1284/1864
f 1394/1285/1865 1276/1230/1866 1277/1232/1866
f 1309/1219/1867 1308/1284/1864 1536/1286/1868
f 1309/1219/1867 1310/1287/1869 1311/1218/1870
f 1312/1288/1871 1313/1289/1872 1314/1290/1871
f 1315/1199/1873 1498/1291/1874 1562/1292/1875
f 1265/1204/1876 1560/1293/1877 1498/1291/1874
f 1316/1294/1878 1560/1293/1877 1264/1203/1877
f 1317/1200/1879 1318/1295/1880 1261/1198/1881
f 1319/1296/1733 1443/1297/1733 1312/1298/1733
f 1268/1212/1882 1318/1295/1880 1533/1299/1882
f 1268/1212/1882 1602/1300/1883 1320/1211/1883
f 1292/1301/1838 1321/1215/1849 1293/1251/1838
f 2434/1302/1840 1322/1303/1884 1323/1304/1884
f 1293/1265/1733 1323/1304/1733 1288/1255/1733
f 1258/1195/1733 1324/1305/1733 1257/1193/1733
f 1325/1274/1885 1601/1306/1886 1324/1307/1886
f 1280/1237/1810 2439/1308/1887 1258/1195/1808
f 1601/1309/1886 1257/1193/1818 1324/1305/1886
f 2439/1310/1887 1326/1311/1853 1301/1277/1853
f 1324/1307/1733 1301/1277/1733 1325/1274/1733
f 1315/1199/1733 1327/1312/1733 1317/1200/1733
f 1330/1313/1888 1595/1314/1889 1327/1315/1889
f 1562/1292/1875 2441/1316/1890 1315/1199/1873
f 1595/1317/1889 1317/1200/1879 1327/1312/1889
f 2441/1318/1890 1328/1319/1891 1329/1320/1891
f 1327/1315/1733 1329/1320/1733 1330/1313/1733
f 1304/1206/1733 1331/1321/1733 1333/1207/1733
f 1335/1322/1892 1332/1323/1893 1331/1324/1894
f 1303/1279/1856 2443/1325/1895 1304/1206/1857
f 1332/1326/1893 1333/1207/1863 1331/1321/1894
f 2443/1327/1895 1542/1328/1896 1334/1329/1896
f 1331/1324/1733 1334/1329/1733 1335/1322/1733
f 1262/1201/1828 1289/1256/1830 1336/1330/1830
f 1341/1331/1897 1291/1261/1897 1337/1263/1897
f 1546/1332/1898 1338/1333/1898 1344/1334/1898
f 1351/1335/1733 1354/1336/1733 1339/1337/1733
f 2448/1229/1733 1339/1337/1733 1354/1336/1733
f 1340/1338/1733 1344/1339/1733 1356/1340/1733
f 1337/1263/1733 1338/1341/1733 1341/1331/1733
f 1262/1201/1733 1342/1342/1733 1343/1244/1733
f 1344/1334/1899 1345/1343/1899 1546/1332/1899
f 1339/1337/1900 1551/1344/1900 1351/1335/1900
f 1338/1333/1901 1347/1345/1901 1346/1346/1901
f 1354/1347/1902 1347/1348/1902 2449/1349/1902
f 1345/1350/1733 1348/1351/1733 2449/1352/1733
f 1352/1353/1903 1284/1354/1904 1349/1355/1905
f 1338/1341/1733 1351/1335/1733 1341/1331/1733
f 1340/1356/1906 1572/1357/1907 2447/1358/1906
f 1340/1356/1908 1350/1359/1908 1352/1353/1908
f 1351/1335/1909 1552/1360/1909 1341/1331/1909
f 1352/1361/1733 1353/1362/1733 1340/1338/1733
f 1353/1363/1910 1348/1364/1910 1345/1365/1910
f 1339/1337/1911 1495/1366/1912 2445/1367/1913
f 1354/1347/1914 1348/1364/1914 1355/1368/1914
f 1349/1369/1733 1354/1336/1733 1355/1370/1733
f 1352/1361/1733 1349/1369/1733 1355/1370/1733
f 1275/1228/1827 1495/1366/1915 2448/1229/1915
f 1489/1371/1916 1572/1372/1917 1356/1373/1918
f 1357/1262/1733 1356/1340/1733 1337/1263/1733
f 1356/1340/1733 1344/1339/1733 1337/1263/1733
f 1286/1374/1733 1358/1375/1733 1359/1376/1733
f 1360/1377/1733 1267/1378/1733 1368/1379/1733
f 1361/1380/1733 1362/1381/1733 1363/1382/1733
f 1361/1380/1733 1370/1383/1733 1364/1384/1733
f 1358/1385/1919 1282/1239/1812 1365/1386/1919
f 1359/1376/1920 1366/1387/1921 1537/1388/1920
f 1267/1210/1804 1367/1389/1922 1368/1390/1923
f 1359/1376/1920 1285/1391/1823 1286/1374/1823
f 1470/1392/1733 1267/1378/1733 1391/1393/1733
f 1363/1394/1924 1369/1395/1925 1577/1396/1924
f 1370/1397/1926 1577/1396/1924 1371/1398/1926
f 1392/1399/1927 1559/1400/1928 1372/1401/1929
f 1361/1380/1930 1373/1402/1931 1392/1399/1927
f 1364/1384/1932 1374/1403/1930 1361/1380/1930
f 1559/1400/1933 1383/1404/1933 1372/1401/1933
f 1375/1405/1934 1376/1406/1934 1377/1407/1934
f 1380/1408/1733 1381/1409/1733 1387/1410/1733
f 1360/1377/1733 1382/1411/1733 1380/1408/1733
f 1375/1412/1733 1384/1413/1733 2456/1414/1733
f 1372/1401/1733 2450/1415/1733 1375/1412/1733
f 2467/1416/1733 1358/1375/1733 1378/1417/1733
f 1377/1407/1935 1389/1418/1935 1375/1405/1935
f 1379/1419/1900 1380/1408/1900 1387/1410/1900
f 1381/1420/1936 1376/1406/1936 2450/1421/1936
f 1382/1422/1937 2451/1423/1937 1381/1424/1937
f 1388/1425/1733 1377/1426/1733 1376/1427/1733
f 1367/1428/1938 1386/1429/1939 1368/1430/1940
f 1387/1410/1733 2450/1415/1733 1383/1404/1733
f 1384/1431/1941 1385/1432/1941 2456/1433/1942
f 1569/1434/1943 1384/1431/1943 1386/1429/1943
f 1497/1435/1944 1387/1410/1945 1383/1404/1944
f 1389/1436/1733 1386/1437/1733 1384/1413/1733
f 1388/1438/1898 1390/1439/1898 1389/1440/1898
f 1380/1408/1946 1558/1441/1947 1360/1377/1948
f 1390/1439/1949 2452/1442/1949 1382/1422/1949
f 1368/1379/1733 1382/1411/1733 1360/1377/1733
f 1386/1437/1733 1390/1443/1733 1368/1379/1733
f 1391/1393/1950 1558/1441/1951 1556/1444/1952
f 1362/1445/1953 1385/1446/1954 1369/1395/1925
f 1392/1399/1733 2456/1414/1733 1362/1381/1733
f 2456/1414/1733 1372/1401/1733 1375/1412/1733
f 1407/1447/1733 1401/1448/1733 1405/1449/1733
f 1277/1232/1733 1393/1450/1955 1394/1285/1733
f 1395/1451/1733 1396/1452/1733 1424/1453/1733
f 1397/1454/1733 1398/1455/1733 1399/1456/1733
f 1296/1457/1733 1399/1456/1733 1400/1458/1733
f 1401/1459/1956 1402/1460/1957 1580/1461/1956
f 1435/1462/1958 1606/1463/1866 1403/1464/1958
f 1396/1465/1959 1404/1466/1960 1424/1467/1961
f 1405/1449/1962 1406/1468/1963 1407/1447/1963
f 1320/1211/1733 2468/1231/1733 1316/1294/1733
f 1398/1469/1964 1408/1470/1965 1399/1471/1966
f 1399/1471/1966 1574/1472/1832 1400/1473/1832
f 1431/1474/1967 1409/1475/1968 1413/1476/1968
f 1431/1474/1967 1567/1477/1969 1410/1478/1967
f 1397/1454/1969 1411/1479/1843 1567/1477/1969
f 1409/1475/1970 1412/1480/1971 1413/1476/1970
f 1418/1481/1972 1423/1482/1972 1417/1483/1972
f 1420/1484/1733 1419/1485/1733 1414/1486/1733
f 1395/1451/1733 1420/1484/1733 1414/1486/1733
f 1418/1487/1733 1425/1488/1733 1415/1489/1733
f 1413/1476/1733 1416/1490/1733 1418/1487/1733
f 1378/1208/1803 1365/1386/1919 1571/1491/1803
f 1417/1483/1973 1427/1492/1973 1418/1481/1973
f 2461/1493/1974 1414/1486/1974 1419/1485/1974
f 1416/1494/1975 1421/1495/1975 1423/1482/1975
f 1420/1496/1976 1421/1497/1976 1422/1498/1976
f 2458/1499/1733 1417/1500/1733 1423/1501/1733
f 1404/1502/1977 1426/1503/1978 1424/1504/1977
f 1419/1485/1733 1416/1490/1733 1412/1480/1733
f 1425/1505/1979 1576/1506/1980 1415/1507/1980
f 1499/1508/1981 1425/1505/1981 1426/1503/1981
f 2457/1509/1982 1419/1485/1983 1412/1480/1982
f 1427/1510/1733 1426/1511/1733 1425/1488/1733
f 1427/1512/1984 1428/1513/1984 1429/1514/1984
f 1414/1486/1985 1430/1515/1986 1395/1451/1987
f 1429/1514/1988 2459/1516/1988 1420/1496/1988
f 1424/1453/1733 1420/1484/1733 1395/1451/1733
f 1426/1511/1733 1429/1517/1733 1424/1453/1733
f 1481/1518/1989 1430/1515/1990 1566/1519/1991
f 1398/1469/1964 1576/1520/1992 1575/1521/1993
f 1431/1474/1733 1415/1489/1733 1398/1455/1733
f 1415/1489/1733 1413/1476/1733 1418/1487/1733
f 1432/1522/1733 1433/1523/1733 1407/1524/1733
f 1439/1525/1733 1432/1522/1733 1442/1526/1733
f 1434/1527/1733 1439/1525/1733 1442/1526/1733
f 1320/1211/1883 1600/1528/1994 1287/1253/1994
f 1364/1529/1733 1443/1297/1733 1435/1462/1733
f 1436/1530/1995 1433/1531/1957 1437/1532/1995
f 1438/1533/1996 1437/1532/1995 1439/1534/1996
f 1458/1535/1997 1439/1534/1996 1459/1536/1998
f 1407/1524/1963 1440/1537/1999 1432/1522/1999
f 1432/1522/1999 1441/1538/2000 1442/1526/2001
f 1325/1274/1885 1600/1528/1994 1599/1539/1885
f 1371/1398/1926 1443/1540/1872 1370/1541/1926
f 1447/1542/2002 1394/1285/1865 1452/1543/2003
f 1312/1288/1871 1444/1544/2004 1393/1545/2005
f 1435/1462/1958 1445/1546/1932 1364/1529/1932
f 1446/1547/2006 1447/1542/2006 1452/1543/2006
f 1448/1548/2007 1449/1549/2007 1450/1550/2007
f 1451/1551/1733 1465/1552/1733 1454/1553/1733
f 1434/1527/1733 1454/1553/1733 1465/1552/1733
f 1460/1554/1733 1450/1555/1733 2465/1556/1733
f 1452/1543/1733 1449/1557/1733 1446/1547/1733
f 1391/1393/1950 1557/1558/1921 1470/1392/1921
f 1450/1559/2008 1453/1560/2008 1448/1561/2008
f 1454/1553/1974 1561/1562/1974 1451/1551/1974
f 1449/1549/2009 1457/1563/2009 1455/1564/2009
f 1455/1564/2010 2466/1565/2011 1465/1566/2012
f 1453/1567/1733 1456/1568/1733 1457/1569/1733
f 1463/1570/2013 1458/1571/2014 1459/1572/2015
f 1449/1557/1733 1451/1551/1733 1446/1547/1733
f 1460/1573/2016 1578/1574/2017 1461/1575/2016
f 1460/1573/2018 1500/1576/2018 1463/1570/2018
f 1451/1551/2019 1462/1577/2019 1446/1547/2019
f 1463/1578/1733 2464/1579/1733 1460/1554/1733
f 2464/1580/2020 1456/1581/2020 1453/1560/2020
f 1454/1553/2021 1467/1582/2022 1464/1583/1983
f 1465/1584/2023 1456/1581/2024 1466/1585/2025
f 1459/1586/1733 1465/1552/1733 1466/1587/1733
f 1463/1578/1733 1459/1586/1733 1466/1587/1733
f 1442/1526/2001 1467/1582/2026 1434/1527/2026
f 1393/1545/2005 1578/1588/2027 2465/1589/2028
f 1394/1285/1733 2465/1556/1733 1452/1543/1733
f 2465/1556/1733 1450/1555/1733 1452/1543/1733
f 1323/1304/1884 1468/1590/2029 1469/1591/2029
f 1288/1255/1733 1469/1591/1733 1336/1330/1733
f 1336/1330/1733 1469/1591/1733 1342/1342/1733
f 1557/1558/2030 1342/1342/2031 1470/1392/2030
f 2467/1416/1733 1378/1417/1733 1470/1392/1733
f 1470/1392/1733 1469/1591/1733 2467/1416/1733
f 1366/1387/2032 1469/1591/2032 1468/1590/2032
f 1343/1244/1817 1555/1592/2033 1471/1593/2034
f 1319/1296/1733 1312/1298/1733 1277/1232/1733
f 1277/1232/1733 1472/1254/1733 1319/1296/1733
f 1606/1463/2035 1472/1254/2036 1538/1278/2036
f 1316/1294/1878 2430/1594/1854 1473/1595/2037
f 1474/1596/2038 1477/1597/2038 1478/1598/2038
f 1475/1599/1733 1476/1600/1733 1477/1597/1733
f 1330/1313/1733 1476/1600/1733 1475/1599/1733
f 1329/1320/1891 1540/1601/2039 1476/1600/2039
f 1481/1518/1989 1474/1596/2040 1478/1598/2040
f 1479/1602/2041 1580/1461/1956 1480/1603/2041
f 2469/1604/1733 1401/1448/1733 1479/1605/1733
f 1478/1598/1733 1396/1452/1733 1481/1518/1733
f 1405/1449/1962 1482/1606/2040 1539/1607/2042
f 1311/1218/1733 1477/1597/1733 1483/1282/1733
f 1311/1218/1870 1605/1608/2043 1475/1599/2043
f 1330/1313/1888 1605/1608/2043 1484/1609/1888
f 1479/1602/2041 1579/1610/2044 1396/1465/1959
f 2469/1604/1733 1479/1605/1733 1478/1598/1733
f 1478/1598/1733 1476/1600/1733 2469/1604/1733
f 1482/1606/2045 1476/1600/2045 1540/1601/2045
f 1483/1282/1860 1565/1611/2039 1564/1612/2046
f 1554/1613/2047 1485/1614/2047 1488/1615/2047
f 1492/1616/1733 1486/1617/1733 1485/1614/1733
f 1335/1322/1733 1486/1617/1733 1492/1616/1733
f 1334/1329/1896 1541/1618/2048 1486/1617/2048
f 1357/1262/1836 1554/1613/2049 1488/1615/2049
f 1487/1619/2050 1290/1259/1833 1573/1620/2050
f 2470/1621/1733 1278/1234/1733 1487/1622/1733
f 1488/1615/1733 1489/1623/1733 1357/1262/1733
f 1297/1235/1842 1607/1624/2049 1295/1268/1842
f 1271/1222/1733 1485/1614/1733 1490/1271/1733
f 1271/1222/1852 1491/1625/2051 1492/1616/2051
f 1335/1322/1892 1491/1625/2051 1583/1626/1892
f 1487/1619/2050 1493/1627/2052 1489/1371/1916
f 2470/1621/1733 1487/1622/1733 1488/1615/1733
f 1488/1615/1733 1486/1617/1733 2470/1621/1733
f 1607/1624/2053 1486/1617/2053 1541/1618/2053
f 1490/1271/1847 1553/1628/2048 1494/1629/2054
f 2445/1367/1733 1495/1366/1733 2433/1630/1733
f 1496/1241/1733 1379/1419/1733 1497/1435/1733
f 1464/1583/1733 1441/1538/1733 1498/1291/1733
f 1305/1280/1733 2461/1493/1733 2457/1509/1733
f 1461/1631/1733 1499/1632/1733 1500/1633/1733
f 1501/1275/2055 1299/1273/2056 1502/1634/2057
f 1514/1635/1772 1510/1636/2058 1503/1637/2059
f 1511/1638/2060 1504/1639/2058 1505/1640/2058
f 1506/1641/303 1503/1637/303 1507/1642/303
f 1508/1643/303 1589/1644/303 1505/1640/303
f 1509/1645/302 1510/1636/302 2475/1646/302
f 2471/1647/2061 1587/1648/2062 1503/1637/2063
f 1516/1649/302 1511/1638/302 1512/1650/302
f 1517/1651/1788 1513/1652/1788 1515/1653/1788
f 2474/1654/1790 1514/1635/2064 1587/1648/1790
f 1515/1655/2065 1504/1639/2066 1516/1656/2065
f 1508/1657/2067 1588/1658/2068 1517/1659/2069
f 1518/1660/2070 1510/1636/2071 1514/1635/2072
f 1521/1661/1772 1520/1662/1772 1519/1663/1772
f 1524/1664/2073 1520/1662/2073 2477/1665/2073
f 1523/1666/2074 1522/1667/2074 1521/1661/2074
f 2476/1668/2075 1520/1662/2075 1522/1667/2075
f 1523/1669/2076 1519/1663/2076 1524/1670/2076
f 2480/1671/1772 1528/1672/1772 2478/1673/1772
f 1525/1674/2077 1528/1672/2077 2479/1675/2077
f 1526/1676/2078 1529/1677/2078 2480/1671/2078
f 1527/1678/2079 1528/1672/2079 1529/1677/2079
f 1526/1679/2080 2478/1673/2080 1525/1680/2080
f 1530/1681/2081 1531/1252/2082 1532/1249/2083
f 1533/1299/2084 1318/1295/2085 1534/1682/2086
f 1535/1683/2087 1310/1287/2088 1536/1286/2089
f 1322/1303/1733 2436/1684/1733 1537/1388/1733
f 1403/1464/1733 1538/1278/1733 1326/1311/1733
f 1539/1607/1733 1540/1601/1733 1328/1319/1733
f 1295/1268/1733 1541/1618/1733 1542/1328/1733
f 1248/1175/1772 1251/1179/1772 1253/1180/1772
f 1224/1127/1772 1235/1133/1772 1254/1125/1772
f 1254/1125/1772 1255/1139/1772 1223/1126/1772
f 1236/1144/1774 1543/1685/1774 1235/1133/1774
f 1543/1685/1774 1226/1131/1790 1235/1133/1774
f 1227/1188/2090 1226/1686/2091 1254/1125/2092
f 1226/1686/2091 1230/1140/2093 1254/1125/2092
f 1230/1140/1777 1544/1687/2094 1255/1139/1775
f 2429/1688/2095 1545/1689/2096 1256/1142/2096
f 1545/1689/2096 1240/1141/1778 1256/1142/2096
f 2449/1352/1733 1347/1690/1733 2446/1691/1733
f 2446/1691/1733 1546/1692/1733 2449/1352/1733
f 1546/1692/1733 1345/1350/1733 2449/1352/1733
f 1376/1427/1733 2451/1693/1733 2454/1694/1733
f 2451/1693/1733 2452/1695/1733 2454/1694/1733
f 2454/1694/1733 1388/1425/1733 1376/1427/1733
f 1423/1501/1733 1421/1696/1733 2459/1697/1733
f 2459/1697/1733 1428/1698/1733 1423/1501/1733
f 1428/1698/1733 2458/1499/1733 1423/1501/1733
f 2466/1699/1733 1457/1569/1733 1456/1568/1733
f 1457/1569/1733 2463/1700/1733 1453/1567/1733
f 2463/1700/1733 1448/1701/1733 1453/1567/1733
f 1285/1248/1733 2436/1702/1733 1547/1250/1733
f 2436/1702/1733 1548/1266/1733 1547/1250/1733
f 1548/1266/1733 1549/1270/1733 1547/1250/1733
f 1549/1270/1733 1550/1269/1733 1551/1344/1733
f 1547/1250/1733 1549/1270/1733 2433/1630/1733
f 1550/1269/1733 1494/1629/1733 1552/1360/1733
f 1494/1629/1733 1553/1628/1733 2435/1703/1733
f 1552/1360/1733 1494/1629/1733 2435/1703/1733
f 1553/1628/1733 1554/1613/1733 2435/1703/1733
f 2435/1703/1733 1291/1261/1733 1552/1360/1733
f 2433/1630/1733 1549/1270/1733 2445/1367/1733
f 1550/1269/1733 1552/1360/1733 1551/1344/1733
f 2445/1367/1733 1549/1270/1733 1551/1344/1733
f 1280/1237/1733 1279/1236/1733 1373/1402/1733
f 1279/1236/1733 1496/1241/1733 1497/1435/1733
f 1496/1241/1733 1471/1593/1733 1379/1419/1733
f 1471/1593/1733 1555/1592/1733 1556/1444/1733
f 1555/1592/1733 1557/1558/1733 1556/1444/1733
f 1556/1444/1733 1558/1441/1733 2455/1704/1733
f 1556/1444/1733 2455/1704/1733 1471/1593/1733
f 2455/1704/1733 1379/1419/1733 1471/1593/1733
f 2440/1705/1733 1280/1237/1733 1374/1403/1733
f 1279/1236/1733 1497/1435/1733 1373/1402/1733
f 1374/1403/1733 1445/1706/1733 2440/1705/1733
f 1497/1435/1733 1559/1400/1733 1373/1402/1733
f 1373/1402/1733 1374/1403/1733 1280/1237/1733
f 1473/1595/1733 2430/1594/1733 2437/1707/1733
f 2430/1594/1733 1276/1230/1733 2437/1707/1733
f 2437/1707/1733 1447/1542/1733 1462/1577/1733
f 1498/1291/1733 1560/1293/1733 1561/1562/1733
f 1560/1293/1733 1473/1595/1733 1462/1577/1733
f 1561/1562/1733 1560/1293/1733 1462/1577/1733
f 2442/1708/1733 1562/1292/1733 1440/1537/1733
f 1562/1292/1733 1498/1291/1733 1441/1538/1733
f 1440/1537/1733 1406/1709/1733 2442/1708/1733
f 1464/1583/1733 1467/1582/1733 1441/1538/1733
f 1441/1538/1733 1440/1537/1733 1562/1292/1733
f 1473/1595/1733 2437/1707/1733 1462/1577/1733
f 1561/1562/1733 1464/1583/1733 1498/1291/1733
f 1303/1279/1733 1563/1281/1733 1410/1478/1733
f 1563/1281/1733 1305/1280/1733 2457/1509/1733
f 1305/1280/1733 1564/1612/1733 2461/1493/1733
f 1564/1612/1733 1565/1611/1733 1566/1519/1733
f 1565/1611/1733 1474/1596/1733 1566/1519/1733
f 1566/1519/1733 1430/1515/1733 2462/1710/1733
f 1566/1519/1733 2462/1710/1733 1564/1612/1733
f 2462/1710/1733 2461/1493/1733 1564/1612/1733
f 2444/1711/1733 1303/1279/1733 1567/1477/1733
f 1563/1281/1733 2457/1509/1733 1410/1478/1733
f 1567/1477/1733 1411/1479/1733 2444/1711/1733
f 2457/1509/1733 1409/1475/1733 1410/1478/1733
f 1410/1478/1733 1567/1477/1733 1303/1279/1733
f 1568/1243/1733 2431/1712/1733 1350/1713/1733
f 2431/1712/1733 1284/1246/1733 1350/1713/1733
f 1365/1386/1733 1282/1239/1733 1569/1714/1733
f 1282/1239/1733 1568/1243/1733 1350/1713/1733
f 1569/1714/1733 1282/1239/1733 1350/1713/1733
f 1367/1389/1733 1570/1209/1733 1569/1714/1733
f 1570/1209/1733 1571/1491/1733 1569/1714/1733
f 1571/1491/1733 1365/1386/1733 1569/1714/1733
f 1350/1713/1733 2447/1715/1733 1569/1714/1733
f 2447/1715/1733 1572/1372/1733 1493/1627/1733
f 1573/1620/1733 1290/1259/1733 2447/1715/1733
f 1290/1259/1733 1574/1472/1733 2447/1715/1733
f 2447/1715/1733 1493/1627/1733 1573/1620/1733
f 1369/1395/1733 1385/1446/1733 2453/1716/1733
f 2453/1716/1733 1569/1714/1733 2447/1715/1733
f 2460/1717/1733 1574/1472/1733 1408/1470/1733
f 2447/1715/1733 1574/1472/1733 2460/1717/1733
f 1408/1470/1733 1575/1521/1733 2460/1717/1733
f 1575/1521/1733 1576/1520/1733 2460/1717/1733
f 2453/1716/1733 2447/1715/1733 2460/1717/1733
f 1577/1396/1733 1369/1395/1733 2453/1716/1733
f 1371/1398/1733 1577/1396/1733 2453/1716/1733
f 1314/1290/1733 1313/1289/1733 1461/1631/1733
f 1313/1289/1733 1371/1398/1733 1461/1631/1733
f 1578/1588/1733 1444/1544/1733 1461/1631/1733
f 1444/1544/1733 1314/1290/1733 1461/1631/1733
f 1371/1398/1733 2453/1716/1733 1461/1631/1733
f 2453/1716/1733 2460/1717/1733 1461/1631/1733
f 2460/1717/1733 1499/1632/1733 1461/1631/1733
f 1499/1632/1733 1404/1466/1733 1579/1610/1733
f 1579/1610/1733 1480/1603/1733 1499/1632/1733
f 1480/1603/1733 1580/1461/1733 1499/1632/1733
f 1580/1461/1733 1402/1460/1733 1499/1632/1733
f 1402/1460/1733 1436/1530/1733 1500/1633/1733
f 1499/1632/1733 1402/1460/1733 1500/1633/1733
f 1436/1530/1733 1438/1533/1733 1500/1633/1733
f 1438/1533/1733 1458/1535/1733 1500/1633/1733
f 1502/1634/2057 1581/1718/2097 1501/1275/2055
f 1581/1718/2097 1582/1719/2098 1583/1626/2099
f 1584/1276/2100 1581/1718/2097 1491/1625/2101
f 1582/1719/2098 1332/1323/1733 1583/1626/2099
f 1583/1626/2099 1491/1625/2101 1581/1718/2097
f 1592/1720/2102 1585/1721/2103 1586/1272/2104
f 1585/1721/2103 1502/1634/2057 1299/1273/2056
f 1586/1272/2104 1292/1301/1733 1592/1720/2102
f 1299/1273/2056 1586/1272/2104 1585/1721/2103
f 1581/1718/2097 1584/1276/2100 1501/1275/2055
f 2473/1722/2105 1507/1642/2105 1510/1636/2105
f 1507/1642/2105 1503/1637/2059 1510/1636/2058
f 1503/1637/2059 1587/1648/2058 1514/1635/1772
f 1513/1652/2058 1588/1658/1772 1504/1639/2058
f 1588/1658/1772 1505/1640/2058 1504/1639/2058
f 1505/1640/2058 1589/1644/2058 1511/1638/2058
f 1601/1309/1733 1598/1723/2106 2432/1724/2107
f 1598/1723/2106 1590/1725/2108 2432/1724/2107
f 1590/1725/2108 1591/1726/2109 1532/1249/2083
f 1591/1726/2109 1530/1681/2081 1532/1249/2083
f 1530/1681/2081 1592/1727/2110 1593/1257/2111
f 1592/1727/2110 1292/1264/1733 1593/1257/2112
f 1593/1257/2111 1289/1256/2113 1530/1681/2081
f 1289/1256/2113 1531/1252/2082 1530/1681/2081
f 1594/1245/2114 2432/1724/2107 1590/1725/2108
f 1532/1249/2083 1594/1245/2114 1590/1725/2108
f 1595/1317/1733 1596/1728/2115 2438/1729/2116
f 1596/1728/2115 1534/1682/2086 2438/1729/2116
f 1534/1682/2086 1597/1730/2117 1533/1299/2084
f 1597/1730/2117 1598/1731/2118 1599/1539/2119
f 1600/1528/2120 1597/1730/2117 1599/1539/2119
f 1598/1731/2118 1601/1306/1733 1599/1539/2119
f 1318/1295/2085 2438/1729/2116 1534/1682/2086
f 1597/1730/2117 1600/1528/2120 1602/1300/2121
f 1597/1730/2117 1602/1300/2121 1533/1299/2084
f 1332/1326/1733 1582/1732/2122 1307/1283/2123
f 1582/1732/2122 1603/1733/2124 1307/1283/2123
f 1603/1733/2124 1604/1734/2125 1536/1286/2089
f 1604/1734/2125 1535/1683/2087 1536/1286/2089
f 1535/1683/2087 1596/1735/2126 1484/1609/2127
f 1596/1735/2126 1595/1314/1733 1484/1609/2127
f 1484/1609/2127 1605/1608/2128 1535/1683/2087
f 1605/1608/2128 1310/1287/2088 1535/1683/2087
f 1308/1284/2129 1307/1283/2123 1603/1733/2124
f 1536/1286/2089 1308/1284/2129 1603/1733/2124
f 2436/1684/1733 1285/1391/1733 1537/1388/1733
f 1537/1388/1733 1366/1387/1733 1468/1590/1733
f 1468/1590/1733 1322/1303/1733 1537/1388/1733
f 1326/1311/1733 2440/1736/1733 1403/1464/1733
f 2440/1736/1733 1445/1546/1733 1403/1464/1733
f 1403/1464/1733 1606/1463/1733 1538/1278/1733
f 1328/1319/1733 2442/1737/1733 1539/1607/1733
f 2442/1737/1733 1406/1468/1733 1539/1607/1733
f 1539/1607/1733 1482/1606/1733 1540/1601/1733
f 1542/1328/1733 2444/1738/1733 1295/1268/1733
f 2444/1738/1733 1411/1739/1733 1295/1268/1733
f 1295/1268/1733 1607/1624/1733 1541/1618/1733
f 1608/1740/2130 2485/1127/2130 1622/1126/2130
f 2482/1741/2130 2483/1128/2130 1620/1742/2130
f 1920/1131/2131 1640/1743/2131 1639/1132/2132
f 2483/1128/2130 2484/1744/2130 1614/1745/2130
f 1609/1746/2133 2486/1137/2133 1610/1747/2133
f 1611/1139/2134 1612/1748/2135 1608/1740/2136
f 1613/1749/2137 1617/1750/2137 1620/1742/2137
f 1621/1143/2138 1614/1745/2138 1615/1751/2138
f 1616/1752/2139 2482/1138/2139 1609/1746/2139
f 1617/1750/2130 2482/1741/2130 1620/1742/2130
f 2485/1149/2137 1619/1148/2137 1618/1150/2137
f 2484/1744/2130 1640/1743/2130 1614/1745/2130
f 2484/1753/2140 1616/1752/2141 1619/1754/2140
f 1620/1742/2142 1621/1755/2142 1613/1154/2142
f 1622/1756/2143 1618/1150/2143 1623/1156/2144
f 1610/1757/2145 1622/1756/2145 1623/1156/2145
f 1627/1758/2130 1633/1759/2130 1624/1760/2130
f 1627/1758/2130 1637/1761/2130 1633/1759/2130
f 1624/1760/2146 1625/1762/2146 1626/1763/2146
f 1627/1758/2147 1626/1764/2148 1628/1765/2147
f 1632/1766/2149 1629/1767/2149 1630/1768/2149
f 1630/1769/2150 1627/1758/2150 1628/1770/2150
f 2487/1771/2151 1631/1772/2151 1625/1173/2151
f 1631/1773/2152 1635/1774/2152 1632/1775/2152
f 1633/1776/2153 1636/1177/2153 1634/1777/2153
f 1638/1778/2130 1629/1767/2130 1635/1774/2130
f 1629/1767/2130 1637/1761/2130 1627/1758/2130
f 2488/1779/2130 2487/1771/2154 1634/1780/2154
f 2488/1779/2130 1638/1778/2130 1635/1774/2130
f 1633/1759/2130 2487/1771/2154 1624/1760/2130
f 2491/1181/2130 1636/1177/2130 2489/1178/2130
f 2490/1182/2155 1637/1183/2156 1638/1184/2155
f 1637/1781/2157 2489/1178/2157 1633/1782/2157
f 1636/1177/2158 1638/1186/2158 1634/1783/2158
f 1608/1740/2159 1639/1188/2159 1640/1743/2159
f 1611/1139/2130 2486/1147/2130 1617/1750/2130
f 2493/1189/2160 1611/1139/2160 1617/1750/2160
f 2492/1784/2147 1921/1190/2161 1612/1192/2147
f 1641/1785/2162 1642/1786/2162 1665/1787/2162
f 1642/1786/2162 1662/1788/2162 1668/1789/2162
f 1695/1790/2162 1697/1198/2162 1696/1791/2162
f 1662/1788/2162 1643/1792/2162 1668/1789/2162
f 1697/1198/2162 1644/1203/2162 1700/1793/2162
f 1645/1794/2162 1646/1795/2162 1690/1796/2162
f 1951/1797/2163 1838/1208/2164 1647/1798/2163
f 1644/1203/2162 1648/1799/2162 1700/1793/2162
f 1646/1795/2162 1649/1213/2162 1692/1219/2162
f 1650/1215/2162 1651/1800/2162 1652/1801/2162
f 1649/1213/2162 1694/1802/2162 1692/1219/2162
f 1652/1801/2162 1653/1803/2162 1654/1804/2162
f 1653/1803/2162 1687/1805/2162 1654/1804/2162
f 1655/1806/2162 1744/1225/2162 1660/1807/2162
f 1655/1806/2162 1656/1227/2162 1657/1228/2162
f 1734/1808/2162 1656/1227/2162 1658/1369/2162
f 1672/1809/2165 1691/1230/2165 1775/1232/2165
f 1681/1233/2162 1858/1234/2162 1675/1810/2162
f 1641/1785/2166 1659/1811/2167 2494/1812/2168
f 1660/1813/2169 1661/1814/2170 1947/1815/2171
f 2494/1812/2168 1867/1816/2172 1662/1788/2172
f 1656/1817/2173 1947/1815/2171 1948/1818/2173
f 1867/1816/2172 1663/1244/2174 1662/1788/2172
f 1664/1819/2175 1665/1787/2176 1642/1786/2177
f 1656/1817/2173 1666/1820/2178 1658/1821/2179
f 1655/1806/2180 1667/1248/2181 1739/1822/2181
f 1668/1789/2182 1664/1819/2175 1642/1786/2177
f 1657/1228/2183 1926/1250/2184 1655/1806/2180
f 1679/1823/2162 1669/1824/2162 1650/1215/2162
f 1670/1825/2185 1668/1789/2182 1643/1792/2185
f 1671/1253/2162 1672/1809/2162 1673/1826/2162
f 1703/1255/2186 1674/1827/2187 1721/1828/2187
f 1675/1829/2188 1953/1830/2189 1954/1831/2188
f 1676/1262/2190 1930/1832/2191 1677/1263/2191
f 1678/1833/2192 1703/1255/2186 1679/1834/2193
f 1680/1267/2194 1927/1835/2195 1669/1824/2196
f 1681/1233/2197 1918/1836/2198 1682/1837/2198
f 1927/1835/2195 1651/1800/2199 1669/1824/2196
f 1651/1800/2199 1683/1838/2200 1653/1803/2200
f 1683/1838/2200 1684/1839/2201 1653/1803/2200
f 1652/1801/2202 1966/1840/2203 1650/1215/2204
f 1673/1826/2162 1685/1841/2162 1671/1253/2162
f 1654/1804/2205 1874/1273/2206 1652/1801/2202
f 1686/1842/2207 1654/1804/2205 1687/1805/2207
f 1915/1843/2208 1706/1844/2209 1673/1826/2208
f 1688/1845/2210 2496/1846/2211 1645/1794/2212
f 2496/1846/2211 1870/1847/2213 1649/1213/2213
f 1870/1847/2213 2499/1282/2214 1649/1213/2213
f 1646/1795/2215 1689/1848/2216 1690/1796/2217
f 1691/1230/2218 1776/1285/2219 1775/1232/2218
f 1692/1219/2220 1693/1284/2221 1646/1795/2215
f 1912/1287/2222 1692/1219/2220 1694/1802/2222
f 1842/1849/2223 1958/1850/2224 1698/1540/2224
f 1695/1790/2225 1869/1291/2226 2495/1204/2227
f 2495/1204/2227 1940/1851/2228 1644/1203/2228
f 1940/1851/2228 2498/1294/2229 1644/1203/2228
f 1909/1852/2230 1696/1791/2231 1697/1198/2232
f 1843/1853/2162 1698/1297/2162 1699/1854/2162
f 1700/1793/2233 1909/1852/2230 1697/1198/2232
f 1701/1300/2234 1700/1793/2233 1648/1799/2235
f 1650/1215/2204 1678/1855/2192 1679/1823/2193
f 1913/1856/2236 1680/1857/2194 1702/1858/2236
f 1702/1858/2162 1679/1834/2162 1703/1255/2162
f 1704/1859/2162 1641/1785/2162 1665/1787/2162
f 1970/1306/2237 1685/1841/2238 1704/1860/2237
f 2510/1861/2239 1931/1862/2240 1641/1785/2166
f 1665/1787/2176 1970/1863/2237 1704/1859/2237
f 1705/1864/2209 2510/1865/2239 1706/1844/2209
f 1706/1844/2162 1704/1860/2162 1685/1841/2162
f 1708/1312/2162 1695/1790/2162 1696/1791/2162
f 1985/1866/2241 1707/1313/2242 1708/1867/2241
f 1709/1868/2243 1943/1869/2244 1695/1790/2225
f 1696/1791/2231 1985/1317/2241 1708/1312/2241
f 1710/1870/2245 1709/1871/2243 1711/1872/2245
f 1711/1872/2162 1708/1867/2162 1707/1313/2162
f 1712/1321/2162 1645/1794/2162 1690/1796/2162
f 1979/1873/2246 1713/1874/2247 1712/1875/2246
f 1714/1876/2248 1688/1845/2210 1645/1794/2212
f 1690/1796/2217 1979/1326/2246 1712/1321/2246
f 1919/1328/2249 1714/1877/2248 1715/1329/2249
f 1715/1329/2162 1712/1875/2162 1713/1874/2162
f 1674/1827/2187 1643/1792/2185 1721/1828/2187
f 1930/1832/2250 1716/1331/2250 1677/1263/2250
f 1717/1878/2251 1718/1879/2251 1719/1334/2251
f 1720/1336/2162 1723/1335/2162 1722/1337/2162
f 1734/1808/2162 1720/1336/2162 1722/1337/2162
f 1719/1339/2162 1728/1880/2162 2517/1340/2162
f 1677/1263/2162 1717/1881/2162 1719/1339/2162
f 1643/1792/2162 1841/1882/2162 1721/1828/2162
f 1719/1334/2252 1726/1343/2252 1733/1883/2252
f 2516/1344/2253 1722/1337/2253 1723/1335/2253
f 1717/1878/2254 1725/1345/2254 1724/1884/2254
f 1720/1885/2255 1725/1886/2255 2514/1887/2255
f 1726/1350/2162 2515/1352/2162 1727/1351/2162
f 1666/1888/2256 1732/1889/2257 1658/1890/2258
f 1723/1335/2162 1717/1881/2162 1716/1331/2162
f 1728/1356/2259 1729/1891/2260 2517/1892/2260
f 1730/1893/2261 1728/1356/2261 1732/1889/2261
f 1731/1894/2262 1723/1335/2262 1716/1331/2262
f 1733/1362/2162 1732/1361/2162 1728/1880/2162
f 1733/1895/2263 1727/1896/2263 1735/1368/2263
f 1722/1337/2264 1866/1366/2265 1734/1808/2266
f 1727/1896/2267 1720/1885/2267 1735/1368/2267
f 1658/1369/2162 1720/1336/2162 1734/1808/2162
f 1732/1361/2162 1735/1370/2162 1658/1369/2162
f 1657/1228/2183 1866/1366/2268 1865/1897/2183
f 1737/1898/2269 1729/1899/2270 1736/1900/2271
f 1676/1262/2162 2517/1340/2162 1737/1901/2162
f 2517/1340/2162 1677/1263/2162 1719/1339/2162
f 1738/1375/2162 1739/1902/2162 1740/1903/2162
f 2522/1904/2162 1647/1905/2162 1769/1906/2162
f 1741/1907/2162 1742/1908/2162 1750/1909/2162
f 1749/1910/2162 1741/1907/2162 1743/1911/2162
f 1738/1912/2272 1661/1814/2170 1744/1913/2170
f 1740/1903/2273 1745/1914/2274 1746/1416/2274
f 1762/1915/2275 1647/1798/2163 1767/1916/2276
f 1667/1917/2181 1740/1903/2273 1739/1902/2181
f 1647/1905/2162 1747/1918/2162 1769/1906/2162
f 1748/1919/2277 1955/1920/2278 1742/1921/2279
f 1749/1922/2280 1957/1923/2277 1748/1919/2277
f 1936/1400/2281 1750/1909/2282 1753/1924/2283
f 1932/1402/2284 1741/1907/2285 1750/1909/2282
f 1751/1925/2285 1743/1911/2286 1741/1907/2285
f 1752/1926/2287 1936/1400/2287 1753/1924/2287
f 1754/1405/2288 1760/1927/2288 1755/1928/2288
f 1757/1929/2162 2519/1930/2162 2523/1931/2162
f 2522/1904/2162 1757/1929/2162 2523/1931/2162
f 1763/1932/2162 1754/1933/2162 1770/1934/2162
f 1753/1924/2162 1755/1935/2162 1752/1926/2162
f 1746/1416/2162 1738/1375/2162 1740/1903/2162
f 1756/1936/2289 1761/1937/2289 1754/1405/2289
f 1757/1929/2253 1758/1419/2253 1759/1410/2253
f 1760/1927/2290 2519/1938/2290 1755/1928/2290
f 2523/1939/2291 1922/1940/2291 1923/1941/2291
f 2518/1425/2162 1760/1942/2162 1761/1426/2162
f 1764/1943/2292 1762/1428/2293 1767/1944/2294
f 1755/1935/2162 1759/1410/2162 1752/1926/2162
f 1763/1945/2295 1956/1946/2295 2520/1947/2296
f 1763/1945/2297 1950/1434/2297 1764/1943/2297
f 1759/1410/2298 1868/1948/2299 1752/1926/2299
f 1764/1949/2162 1756/1950/2162 1763/1932/2162
f 1768/1951/2251 2518/1952/2251 1756/1953/2251
f 1757/1929/2300 1765/1954/2301 1766/1955/2301
f 1768/1951/2302 1923/1941/2302 2521/1956/2302
f 1767/1957/2162 2523/1931/2162 1768/1443/2162
f 1764/1949/2162 1767/1957/2162 1768/1443/2162
f 1769/1906/2303 1765/1954/2304 2522/1904/2304
f 1742/1921/2279 1956/1958/2305 1770/1959/2306
f 1750/1909/2162 1770/1934/2162 1753/1924/2162
f 1770/1934/2162 1754/1933/2162 1753/1924/2162
f 1771/1960/2162 1772/1961/2162 1773/1449/2162
f 1774/1450/2162 1775/1232/2162 1776/1285/2162
f 2532/1962/2162 1780/1452/2162 1805/1518/2162
f 1777/1963/2162 1783/1455/2162 1778/1964/2162
f 1681/1457/2162 1784/1965/2162 1777/1963/2162
f 1771/1966/2307 1779/1460/2308 1807/1967/2308
f 1699/1854/2309 1987/1463/2218 1843/1853/2218
f 1961/1968/2310 1780/1969/2311 1804/1970/2312
f 1781/1971/2313 1773/1449/2314 1772/1961/2313
f 1648/1799/2162 1672/1809/2162 1671/1253/2162
f 1782/1972/2315 1783/1973/2316 1784/1974/2317
f 1954/1831/2188 1784/1974/2317 1675/1975/2188
f 1946/1475/2318 1778/1964/2319 1785/1476/2318
f 1778/1964/2319 1944/1976/2320 1777/1963/2320
f 1777/1963/2320 1945/1479/2197 1681/1457/2197
f 1790/1977/2321 1946/1475/2322 1785/1476/2321
f 1791/1481/2323 1794/1482/2323 1786/1494/2324
f 1798/1978/2162 1787/1979/2162 1788/1980/2162
f 2532/1962/2162 1788/1980/2162 1787/1979/2162
f 1795/1981/2162 1791/1487/2162 1789/1982/2162
f 1785/1476/2162 1786/1490/2162 1790/1977/2162
f 1838/1208/2164 1949/1983/2325 1738/1912/2272
f 1799/1984/2326 2527/1985/2326 1791/1481/2326
f 1788/1980/2327 2531/1986/2327 1798/1978/2327
f 1786/1494/2328 1792/1987/2328 2528/1988/2328
f 1787/1989/2329 1792/1990/2329 1793/1991/2329
f 1801/1992/2162 1794/1993/2162 2527/1994/2162
f 1797/1995/2330 1961/1996/2331 1804/1997/2332
f 1786/1490/2162 1798/1978/2162 1790/1977/2162
f 1795/1998/2333 1806/1999/2334 2530/2000/2333
f 1795/1998/2335 1796/2001/2335 1797/1995/2335
f 1798/1978/2336 2526/2002/2337 1790/1977/2337
f 1797/1511/2162 1799/2003/2162 1795/1981/2162
f 1799/1512/2338 1800/2004/2338 1801/2005/2338
f 1788/1980/2339 1802/2006/2340 2529/2007/2341
f 1803/1514/2342 1793/1991/2342 1800/2004/2342
f 1804/2008/2162 1787/1979/2162 1803/2009/2162
f 1797/1511/2162 1804/2008/2162 1803/2009/2162
f 1805/1518/2343 1802/2006/2344 2532/1962/2344
f 1783/1973/2316 1806/2010/2345 1789/2011/2346
f 1778/1964/2162 1789/1982/2162 1785/1476/2162
f 1789/1982/2162 1791/1487/2162 1785/1476/2162
f 1813/2012/2162 1807/2013/2162 1810/2014/2162
f 1813/2012/2162 1808/2015/2162 1809/1526/2162
f 1834/2016/2162 1808/2015/2162 1812/2017/2162
f 1978/2018/2347 1648/1799/2235 1671/1253/2347
f 1743/2019/2162 1698/1297/2162 1749/2020/2162
f 1807/2021/2308 1963/2022/2348 1810/2023/2348
f 1810/2023/2348 1811/2024/2349 1808/2025/2350
f 1808/2025/2350 1826/2026/2351 1812/2027/2352
f 1772/1524/2313 1942/2028/2353 1781/2029/2313
f 1813/2012/2353 1814/2030/2354 1942/2028/2353
f 1685/1841/2238 1978/2018/2347 1671/1253/2347
f 1698/1540/2224 1815/2031/2280 1749/2032/2280
f 1776/1285/2219 1939/1542/2355 1821/2033/2356
f 1816/2034/2357 1842/1849/2223 1774/2035/2358
f 1699/1854/2309 1935/2036/2286 1817/1464/2309
f 1939/1542/2359 1818/2037/2359 1821/2033/2359
f 1824/1549/2360 1925/1548/2360 1819/1550/2360
f 1835/1552/2162 1829/2038/2162 1832/1553/2162
f 1834/2016/2162 1835/1552/2162 1832/1553/2162
f 1819/1555/2162 1827/2039/2162 1820/2040/2162
f 1821/2033/2162 1824/2041/2162 1819/1555/2162
f 1837/2042/2361 1769/1906/2303 1747/1918/2361
f 1819/2043/2362 1822/2044/2362 1823/2045/2362
f 2535/1562/2327 1832/1553/2327 1829/2038/2327
f 1824/1549/2363 1825/1563/2363 1924/2046/2363
f 2537/1565/2364 2534/1564/2365 1835/1566/2366
f 1822/1567/2162 1825/1569/2162 1831/1568/2162
f 1826/1571/2367 1830/2047/2368 1812/1572/2368
f 1829/2038/2162 1824/2041/2162 1818/2037/2162
f 1827/2048/2369 1959/1574/2370 1820/2049/2370
f 1872/2050/2371 1827/2048/2371 1830/2047/2371
f 1828/1577/2341 1829/2038/2341 1818/2037/2341
f 1823/2051/2162 1830/1578/2162 1827/2039/2162
f 1823/2045/2372 1831/2052/2372 1836/1585/2372
f 1832/1553/2373 1833/2053/2374 1834/2016/2375
f 1831/2052/2376 1835/1584/2377 1836/1585/2378
f 1812/2017/2162 1835/1552/2162 1834/2016/2162
f 1830/1578/2162 1836/2054/2162 1812/2017/2162
f 1809/1526/2379 1833/2053/2380 1814/2030/2354
f 1774/2035/2358 1959/2055/2381 1816/2034/2357
f 1776/1285/2162 1820/2040/2162 1774/1450/2162
f 1820/2040/2162 1821/2033/2162 1819/1555/2162
f 1986/1590/2382 1702/1858/2236 1839/2056/2382
f 1839/2056/2162 1703/1255/2162 1721/1828/2162
f 1721/1828/2162 1841/1882/2162 1839/2056/2162
f 1841/1882/2383 1837/2042/2384 1747/1918/2384
f 1746/1416/2162 1747/1918/2162 1838/2057/2162
f 1839/2056/2162 1747/1918/2162 1746/1416/2162
f 1745/1914/2385 1839/2056/2385 1746/1416/2385
f 1663/1244/2174 1840/2058/2386 1841/1882/2386
f 1843/1853/2162 1775/1232/2162 1842/2059/2162
f 1673/1826/2162 1775/1232/2162 1843/1853/2162
f 1987/1463/2387 1673/1826/2388 1843/1853/2388
f 2498/1294/2229 2500/2060/2208 1672/1809/2208
f 1853/2061/2389 1846/2062/2389 1844/2063/2389
f 1850/1599/2162 1853/2061/2162 1845/2064/2162
f 1845/2064/2162 1707/1313/2162 1850/1599/2162
f 1917/1601/2390 1711/1872/2245 1845/2064/2390
f 1846/2062/2391 1805/1518/2343 1844/2063/2391
f 1851/2065/2392 1847/1461/2307 1771/1966/2307
f 1848/1604/2162 1771/1960/2162 1773/1449/2162
f 1780/1452/2162 1844/2063/2162 1805/1518/2162
f 1773/1449/2314 1852/1606/2391 1848/1604/2391
f 1694/1802/2162 1853/2061/2162 1850/1599/2162
f 1849/2066/2393 1694/1802/2222 1850/1599/2393
f 1707/1313/2242 1849/2066/2393 1850/1599/2393
f 1960/2067/2311 1851/2065/2392 1780/1969/2311
f 1848/1604/2162 1844/2063/2162 1851/1605/2162
f 1845/2064/2162 1844/2063/2162 1848/1604/2162
f 1852/1606/2394 1845/2064/2394 1848/1604/2394
f 2499/1282/2214 2538/1611/2390 1853/2061/2390
f 1863/2068/2395 1929/2069/2395 1854/1615/2395
f 1861/2070/2162 1863/2068/2162 1855/1617/2162
f 1855/1617/2162 1713/1874/2162 1861/2070/2162
f 1856/2071/2396 1715/1329/2249 1855/1617/2396
f 1929/2069/2397 1676/1262/2190 1854/1615/2398
f 1857/2072/2399 1953/1830/2189 1858/2073/2400
f 1859/1621/2162 1858/1234/2162 1682/1837/2162
f 1737/1901/2162 1854/1615/2162 1676/1262/2162
f 1682/1837/2198 1862/1624/2397 1859/1621/2397
f 1687/1805/2162 1863/2068/2162 1861/2070/2162
f 1860/1625/2401 1687/1805/2207 1861/2070/2401
f 1713/1874/2247 1860/1625/2401 1861/2070/2401
f 1736/1900/2271 1857/2072/2399 1737/1898/2269
f 1859/1621/2162 1854/1615/2162 1857/2074/2162
f 1855/1617/2162 1854/1615/2162 1859/1621/2162
f 1862/1624/2402 1855/1617/2402 1859/1621/2402
f 1684/1839/2201 2539/2075/2396 1863/2068/2396
f 1864/2076/2162 1865/1897/2162 1866/1366/2162
f 1867/1816/2162 1868/1948/2162 1758/1419/2162
f 2536/2077/2162 1869/1291/2162 1814/2030/2162
f 1870/1847/2162 2526/2002/2162 2531/1986/2162
f 1871/2078/2162 1872/2079/2162 1796/2080/2162
f 2505/2081/2403 1873/1634/2404 1874/1273/2405
f 1889/1635/2130 1877/2082/2406 1880/2083/2407
f 1883/2084/2154 2542/1640/2154 1875/2085/2154
f 1876/2086/303 1877/2082/303 1882/2087/303
f 1891/2088/303 1878/1644/303 1879/2089/303
f 1880/2083/302 1881/2090/302 1893/2091/302
f 1882/2092/2408 1968/2093/2409 1888/2094/2410
f 1883/2084/302 1884/1649/302 1885/2095/302
f 1886/2096/2146 1892/1651/2146 1887/2097/2146
f 1888/1654/2411 1889/1635/2411 1890/2098/2411
f 1875/2085/2412 1887/1655/2413 1884/1656/2414
f 1969/1658/2415 1891/2099/2416 1892/2100/2417
f 1890/2101/2418 1880/2083/2419 1893/2102/2418
f 1894/1661/2130 1897/1662/2130 2544/2103/2130
f 1897/1662/2420 1900/2104/2420 1898/1665/2420
f 1895/1666/2421 2544/2103/2421 1896/2105/2421
f 1896/1668/2422 1897/1662/2422 1898/2106/2422
f 1899/1663/2423 1895/2107/2424 1900/1670/2423
f 2547/1671/2130 1904/2108/2130 2546/1677/2130
f 1904/2108/2425 1905/1674/2425 1901/1675/2425
f 1902/1676/2426 2546/1677/2426 1903/2109/2426
f 1903/2110/2427 1904/2108/2427 1901/2111/2427
f 2545/2112/2428 1902/1679/2429 1905/2113/2428
f 1906/2114/2430 2501/2115/2431 1670/1825/2432
f 1907/1299/2433 1908/2116/2434 1909/1852/2435
f 1910/2117/2436 1911/1286/2437 1912/1287/2438
f 1913/1856/2162 1914/1388/2162 2503/1684/2162
f 1817/1464/2162 1705/1864/2162 1915/1843/2162
f 1916/1607/2162 1710/1870/2162 1917/1601/2162
f 1918/1836/2162 1919/1328/2162 1856/2071/2162
f 2488/1779/2130 1634/1780/2154 1638/1778/2130
f 2485/1127/2130 1608/1740/2130 1640/1743/2130
f 1608/1740/2130 1622/1126/2130 1611/1139/2130
f 1614/1745/2133 1640/1743/2133 1615/2118/2133
f 1615/2118/2149 1640/1743/2131 1920/1131/2131
f 1639/1188/2439 1608/1740/2440 1920/2119/2441
f 1920/2119/2441 1608/1740/2136 1612/1748/2135
f 1612/1748/2135 1611/1139/2134 2492/2120/2442
f 2493/1688/2443 1617/1750/2443 1921/1689/2443
f 1921/1689/2137 1617/1750/2137 1613/1749/2137
f 2515/1352/2162 1724/1691/2162 1725/1690/2162
f 1724/1691/2162 2515/1352/2162 1718/1692/2162
f 1718/1692/2162 2515/1352/2162 1726/1350/2162
f 1760/1942/2162 2521/2121/2162 1922/2122/2162
f 1922/2122/2162 2521/2121/2162 1923/2123/2162
f 2521/2121/2162 1760/1942/2162 2518/1425/2162
f 1794/1993/2162 1793/2124/2162 1792/2125/2162
f 1793/2124/2162 1794/1993/2162 1800/2126/2162
f 1800/2126/2162 1794/1993/2162 1801/1992/2162
f 2537/2127/2162 1831/1568/2162 1825/1569/2162
f 1825/1569/2162 1822/1567/2162 1924/2128/2162
f 1924/2128/2162 1822/1567/2162 1925/2129/2162
f 1667/1248/2162 1926/1250/2162 2503/1702/2162
f 2503/1702/2162 1926/1250/2162 1927/1835/2162
f 1927/1835/2162 1926/1250/2162 1928/1270/2162
f 1928/1270/2162 2516/1344/2162 1683/1838/2162
f 1926/1250/2162 1865/1897/2162 1928/1270/2162
f 1683/1838/2162 1731/1894/2162 2504/2130/2162
f 2504/2130/2162 2502/2131/2162 2539/2075/2162
f 1731/1894/2162 2502/2131/2162 2504/2130/2162
f 2539/2075/2162 2502/2131/2162 1929/2069/2162
f 2502/2131/2162 1731/1894/2162 1930/1832/2162
f 1865/1897/2162 1864/2076/2162 1928/1270/2162
f 1683/1838/2162 2516/1344/2162 1731/1894/2162
f 1864/2076/2162 2516/1344/2162 1928/1270/2162
f 1931/1862/2162 1932/1402/2162 1659/1811/2162
f 1659/1811/2162 1868/1948/2162 1867/1816/2162
f 1867/1816/2162 1758/1419/2162 1933/2132/2162
f 1933/2132/2162 1934/2133/2162 1840/2058/2162
f 1840/2058/2162 1934/2133/2162 1837/2042/2162
f 1934/2133/2162 1766/1955/2162 1765/1954/2162
f 1934/2133/2162 1933/2132/2162 1766/1955/2162
f 1766/1955/2162 1933/2132/2162 1758/1419/2162
f 2511/2134/2162 1751/1925/2162 1931/1862/2162
f 1659/1811/2162 1932/1402/2162 1868/1948/2162
f 1751/1925/2162 2511/2134/2162 1935/2135/2162
f 1868/1948/2162 1932/1402/2162 1936/1400/2162
f 1932/1402/2162 1931/1862/2162 1751/1925/2162
f 1937/1595/2162 1938/1707/2162 2500/2060/2162
f 2500/2060/2162 1938/1707/2162 1691/1230/2162
f 1938/1707/2162 1828/1577/2162 1939/1542/2162
f 1869/1291/2162 2535/1562/2162 1940/1851/2162
f 1940/1851/2162 1828/1577/2162 1937/1595/2162
f 2535/1562/2162 1828/1577/2162 1940/1851/2162
f 1941/1708/2162 1942/2028/2162 1943/1869/2162
f 1943/1869/2162 1814/2030/2162 1869/1291/2162
f 1942/2028/2162 1941/1708/2162 1781/2029/2162
f 2536/2077/2162 1814/2030/2162 1833/2053/2162
f 1814/2030/2162 1943/1869/2162 1942/2028/2162
f 1937/1595/2162 1828/1577/2162 1938/1707/2162
f 2535/1562/2162 1869/1291/2162 2536/2077/2162
f 1688/1845/2162 2525/2136/2162 2506/2137/2162
f 2506/2137/2162 2526/2002/2162 1870/1847/2162
f 1870/1847/2162 2531/1986/2162 2507/2138/2162
f 2507/2138/2162 2533/1519/2162 2538/1611/2162
f 2538/1611/2162 2533/1519/2162 1846/2062/2162
f 2533/1519/2162 2529/2007/2162 1802/2006/2162
f 2533/1519/2162 2507/2138/2162 2529/2007/2162
f 2529/2007/2162 2507/2138/2162 2531/1986/2162
f 2513/2139/2162 1944/1976/2162 1688/1845/2162
f 2506/2137/2162 2525/2136/2162 2526/2002/2162
f 1944/1976/2162 2513/2139/2162 1945/1479/2162
f 2526/2002/2162 2525/2136/2162 1946/1475/2162
f 2525/2136/2162 1688/1845/2162 1944/1976/2162
f 1947/1815/2162 1730/2140/2162 1948/1818/2162
f 1948/1818/2162 1730/2140/2162 1666/1820/2162
f 1949/1983/2162 1950/2141/2162 1661/1814/2162
f 1661/1814/2162 1730/2140/2162 1947/1815/2162
f 1950/2141/2162 1730/2140/2162 1661/1814/2162
f 1762/1915/2162 1950/2141/2162 1951/1797/2162
f 1951/1797/2162 1950/2141/2162 2497/2142/2162
f 2497/2142/2162 1950/2141/2162 1949/1983/2162
f 1730/2140/2162 1950/2141/2162 1952/2143/2162
f 1952/2143/2162 1736/1900/2162 1729/1899/2162
f 2540/2144/2162 1952/2143/2162 1953/1830/2162
f 1953/1830/2162 1952/2143/2162 1954/1831/2162
f 1952/2143/2162 2540/2144/2162 1736/1900/2162
f 1955/1920/2162 2520/2145/2162 1956/1958/2162
f 2520/2145/2162 1952/2143/2162 1950/2141/2162
f 2530/2146/2162 1782/1972/2162 1954/1831/2162
f 1952/2143/2162 2530/2146/2162 1954/1831/2162
f 1782/1972/2162 2530/2146/2162 2524/2147/2162
f 2524/2147/2162 2530/2146/2162 1806/2010/2162
f 2520/2145/2162 2530/2146/2162 1952/2143/2162
f 1957/1923/2162 2520/2145/2162 1955/1920/2162
f 1815/2031/2162 2520/2145/2162 1957/1923/2162
f 2508/2148/2162 1871/2078/2162 1958/1850/2162
f 1958/1850/2162 1871/2078/2162 1815/2031/2162
f 1959/2055/2162 1871/2078/2162 1816/2034/2162
f 1816/2034/2162 1871/2078/2162 2508/2148/2162
f 1815/2031/2162 1871/2078/2162 2520/2145/2162
f 2520/2145/2162 1871/2078/2162 2530/2146/2162
f 2530/2146/2162 1871/2078/2162 1796/2080/2162
f 1796/2080/2162 1960/2067/2162 1961/1968/2162
f 1960/2067/2162 1796/2080/2162 1962/2149/2162
f 1962/2149/2162 1796/2080/2162 1847/1461/2162
f 1847/1461/2162 1796/2080/2162 1779/1460/2162
f 1779/1460/2162 1872/2079/2162 1963/2022/2162
f 1796/2080/2162 1872/2079/2162 1779/1460/2162
f 1963/2022/2162 1872/2079/2162 1811/2024/2162
f 1811/2024/2162 1872/2079/2162 1826/2026/2162
f 1873/1634/2404 2505/2081/2403 1964/2150/2444
f 1964/2150/2444 2512/1626/2445 1980/1719/2446
f 1686/1842/2447 1860/1625/2448 1964/2150/2444
f 1980/1719/2446 2512/1626/2445 1979/1873/2162
f 2512/1626/2445 1964/2150/2444 1860/1625/2448
f 1965/2151/2449 1966/1840/2450 1967/2152/2451
f 1967/2152/2451 1874/1273/2405 1873/1634/2404
f 1966/1840/2452 1965/2151/2449 1678/1855/2162
f 1874/1273/2405 1967/2152/2451 1966/1840/2450
f 1964/2150/2444 2505/2081/2403 1686/1842/2447
f 2543/1722/2453 1880/2083/2407 2541/2153/2453
f 2541/2153/2453 1880/2083/2407 1877/2082/2406
f 1877/2082/2406 1889/1635/2130 1968/2093/2154
f 1886/2096/2154 1875/2085/2154 1969/1658/2130
f 1969/1658/2130 1875/2085/2154 2542/1640/2154
f 2542/1640/2154 1883/2084/2154 1878/1644/2454
f 1970/1863/2162 1971/2154/2455 1977/2155/2456
f 1977/2155/2456 1971/2154/2455 1972/2156/2457
f 1972/2156/2457 2501/2115/2431 1973/2157/2458
f 1973/2157/2458 2501/2115/2431 1906/2114/2430
f 1906/2114/2430 1974/1257/2459 1965/2158/2460
f 1965/2158/2460 1974/1257/2459 1678/1833/2162
f 1974/1257/2459 1906/2114/2430 1674/1827/2461
f 1674/1827/2461 1906/2114/2430 1670/1825/2432
f 1664/1819/2462 1972/2156/2457 1971/2154/2455
f 2501/2115/2431 1972/2156/2457 1664/1819/2462
f 1985/1317/2162 2509/2159/2463 1984/2160/2464
f 1984/2160/2464 2509/2159/2463 1908/2116/2434
f 1908/2116/2434 1907/1299/2433 1975/2161/2465
f 1975/2161/2465 1976/2162/2466 1977/1731/2467
f 1978/2018/2468 1976/2162/2466 1975/2161/2465
f 1977/1731/2467 1976/2162/2466 1970/1306/2162
f 1909/1852/2435 1908/2116/2434 2509/2159/2463
f 1975/2161/2465 1701/1300/2469 1978/2018/2468
f 1975/2161/2465 1907/1299/2433 1701/1300/2469
f 1979/1326/2162 1689/1848/2470 1980/2163/2471
f 1980/2163/2471 1689/1848/2470 1981/1733/2472
f 1981/1733/2472 1911/1286/2437 1982/2164/2473
f 1982/2164/2473 1911/1286/2437 1910/2117/2436
f 1910/2117/2436 1983/2165/2474 1984/1735/2475
f 1984/1735/2475 1983/2165/2474 1985/1866/2162
f 1983/2165/2474 1910/2117/2436 1849/2066/2476
f 1849/2066/2476 1910/2117/2436 1912/1287/2438
f 1693/1284/2477 1981/1733/2472 1689/1848/2470
f 1911/1286/2437 1981/1733/2472 1693/1284/2477
f 2503/1684/2162 1914/1388/2162 1667/1917/2162
f 1914/1388/2162 1986/1590/2162 1745/1914/2162
f 1986/1590/2162 1914/1388/2162 1913/1856/2162
f 1705/1864/2162 1817/1464/2162 2511/1736/2162
f 2511/1736/2162 1817/1464/2162 1935/2036/2162
f 1817/1464/2162 1915/1843/2162 1987/1463/2162
f 1710/1870/2162 1916/1607/2162 1941/1737/2162
f 1941/1737/2162 1916/1607/2162 1781/1971/2162
f 1916/1607/2162 1917/1601/2162 1852/1606/2162
f 1919/1328/2162 1918/1836/2162 2513/1738/2162
f 2513/1738/2162 1918/1836/2162 1945/1739/2162
f 1918/1836/2162 1856/2071/2162 1862/1624/2162
f 2001/2166/2478 1988/2167/2479 1989/2168/2480
f 1995/2169/2481 1990/2170/2482 2001/2166/2478
f 2041/2171/2483 2043/2172/2483 1991/2173/2484
f 1992/2174/2485 1998/2175/2486 2004/2176/2486
f 1993/2177/2487 1994/2178/2488 1989/2168/2489
f 1995/2169/161 1996/2179/161 1997/2180/161
f 1998/2175/2490 1999/2181/2490 2000/2182/2490
f 2001/2166/161 1994/2178/2488 1996/2179/161
f 1990/2170/2491 2002/2183/2492 1988/2167/2493
f 2548/2184/2491 2003/2185/2491 1990/2170/2491
f 2043/2172/2494 1999/2181/2495 1991/2173/2496
f 2004/2176/161 2005/2186/161 1992/2174/161
f 2006/2187/2497 2038/2188/2497 1989/2168/2480
f 2558/2189/2498 2002/2183/2492 2007/2190/2498
f 2008/2191/161 2005/2186/161 2009/2192/161
f 2010/2193/2499 2017/2194/2500 2011/2195/2501
f 2012/2196/2502 2013/2197/2502 2014/2198/2502
f 2015/2199/161 2016/2200/161 2020/2201/161
f 2017/2194/2503 2013/2197/2504 2011/2195/2505
f 2021/2202/161 2018/2203/161 2019/2204/161
f 2020/2201/2506 2012/2196/2507 2015/2199/2508
f 2022/2205/2509 2025/2206/2510 2021/2207/2510
f 2022/2205/161 2019/2208/161 2023/2209/161
f 2555/2210/2511 2024/2211/2512 2025/2206/2513
f 2565/2212/2514 2024/2213/2514 2026/2214/2514
f 2021/2202/2510 2025/2215/2510 2030/2216/2515
f 2563/2217/161 2016/2200/161 2027/2218/161
f 2006/2219/2516 2028/2220/2516 2029/2221/2517
f 2030/2222/2518 2031/2223/2518 2562/2224/2518
f 2010/2225/2519 2040/2226/2519 2561/2227/2519
f 2032/2228/2520 2033/2229/2520 2034/2230/2521
f 2010/2225/2522 2035/2231/2523 2017/2232/2523
f 2557/2233/2524 2031/2223/2524 2036/2234/2525
f 2006/2219/2526 2037/2235/2526 2038/2236/2526
f 2560/2237/2527 2039/2238/2528 2040/2226/2529
f 2041/2239/2530 2042/2240/2531 2043/2241/2531
f 2038/2236/2532 2044/2242/2532 1993/2243/2533
f 2030/2222/2534 2045/2244/2535 2559/2245/2536
f 2032/2228/2537 2564/2246/2537 2041/2239/2537
f 2058/2166/2538 2061/2167/2539 2046/2168/2539
f 2052/2169/2540 2059/2170/2541 2058/2166/2538
f 2047/2171/2542 2063/2172/2542 2048/2173/2543
f 2049/2174/2543 2055/2175/2544 2050/2176/2544
f 2101/2177/2545 2051/2178/2546 2046/2168/2546
f 2052/2169/161 2053/2179/161 2054/2180/161
f 2055/2175/2547 2056/2181/2547 2057/2182/2547
f 2058/2166/161 2051/2178/2546 2053/2179/161
f 2059/2170/2548 2060/2183/2549 2061/2167/2550
f 2566/2184/2548 2062/2185/2548 2059/2170/2548
f 2063/2172/2551 2056/2181/2552 2048/2173/2553
f 2050/2176/161 2064/2186/161 2049/2174/161
f 2087/2187/2554 2065/2188/2554 2046/2168/2539
f 2572/2189/2555 2060/2183/2549 2066/2190/2555
f 2578/2191/161 2064/2186/161 2067/2192/161
f 2068/2193/2556 2072/2194/2557 2073/2195/2558
f 2078/2196/2559 2069/2197/2559 2070/2198/2559
f 2079/2199/161 2071/2200/161 2077/2201/161
f 2072/2194/2560 2069/2197/2561 2073/2195/2562
f 2074/2202/161 2075/2203/161 2076/2204/161
f 2077/2201/2563 2078/2196/2564 2079/2199/2565
f 2074/2207/2566 2080/2210/2567 2084/2206/2566
f 2081/2205/161 2076/2208/161 2082/2209/161
f 2080/2210/2568 2083/2211/2569 2084/2206/2570
f 2582/2212/2571 2083/2213/2571 2085/2214/2571
f 2074/2202/2566 2084/2215/2566 2089/2216/2572
f 2580/2217/161 2071/2200/161 2086/2218/161
f 2087/2219/2573 2088/2220/2573 2579/2221/2574
f 2089/2222/2575 2090/2223/2575 2091/2224/2575
f 2068/2225/2576 2098/2226/2576 2092/2227/2576
f 2567/2228/2577 2093/2229/2578 2583/2230/2578
f 2068/2225/2579 2094/2231/2580 2072/2232/2580
f 2577/2233/2581 2090/2223/2581 2095/2234/2582
f 2087/2219/2583 2096/2235/2583 2065/2236/2583
f 2573/2237/2584 2097/2238/2584 2098/2226/2585
f 2047/2239/2586 2099/2240/2587 2063/2241/2587
f 2065/2236/2588 2100/2242/2588 2101/2243/2589
f 2089/2222/2590 2102/2244/2591 2103/2245/2592
f 2567/2228/2593 2581/2246/2593 2047/2239/2593
f 10/1/1 81/150/2594 2121/2/2
f 2/4/4 9/23/4 13/5/5
f 21/7/7 24/54/7 3/8/8
f 5/10/10 2115/137/2595 230/11/11
f 6/13/12 17/21/18 2114/14/13
f 2106/16/14 5/10/2596 7/12/15
f 8/18/16 15/33/30 24/19/17
f 6/13/12 10/1/1 1/3/3
f 2/4/4 59/106/19 23/22/19
f 80/24/20 81/150/20 10/1/21
f 11/26/23 120/219/2597 1/27/24
f 12/29/26 51/98/85 13/30/27
f 14/32/29 3/218/29 24/19/17
f 16/34/31 230/2247/31 2115/35/32
f 19/37/34 123/221/2598 2114/38/35
f 2112/6/6 13/5/5 2125/40/37
f 55/42/39 4/9/9 3/8/8
f 56/44/41 67/120/2599 37/45/42
f 19/37/43 17/39/43 117/47/43
f 126/49/44 127/53/44 21/7/45
f 22/51/46 12/29/26 9/31/28
f 127/53/47 2104/2248/2600 24/54/7
f 46/55/48 80/24/48 25/25/49
f 27/57/51 236/616/401 58/58/52
f 28/60/54 2105/127/55 72/61/55
f 2119/63/57 2106/16/2601 30/17/58
f 68/65/59 40/80/60 32/66/60
f 34/68/62 45/90/79 35/69/63
f 58/58/64 52/100/64 34/71/64
f 25/25/49 39/78/65 41/72/65
f 122/73/66 124/223/225 18/74/67
f 38/50/69 53/101/2602 28/76/70
f 39/78/65 2107/102/2603 62/79/71
f 28/60/54 29/62/56 32/66/60
f 41/81/72 43/85/75 42/82/73
f 62/84/74 2108/2249/74 43/85/75
f 60/86/76 2109/105/76 57/87/77
f 34/68/62 2110/147/2604 2122/89/78
f 46/91/80 26/83/73 42/82/73
f 27/93/81 36/70/63 35/69/63
f 2119/95/82 31/617/83 49/96/83
f 51/98/85 2111/142/86 2125/99/86
f 52/100/87 58/58/87 2/4/87
f 53/101/88 38/50/45 21/7/45
f 39/78/90 6/13/90 63/15/90
f 52/100/92 2112/6/92 54/41/92
f 2118/104/93 53/101/88 4/9/89
f 2109/105/94 67/120/95 56/44/95
f 25/25/22 10/1/21 6/13/96
f 58/58/98 236/616/99 59/106/99
f 60/107/100 2113/226/100 61/108/100
f 61/110/101 2108/2249/101 62/84/102
f 63/15/103 66/118/2605 64/112/104
f 66/113/105 67/120/105 2109/105/105
f 2107/102/106 64/112/2606 65/115/107
f 64/114/109 2109/105/109 60/86/110
f 63/15/111 2114/14/2607 121/117/112
f 121/119/114 37/45/2608 67/120/115
f 68/121/117 126/49/2609 38/50/69
f 69/36/118 2115/35/118 75/122/119
f 75/124/120 2116/612/2610 70/125/121
f 2105/127/123 2120/2250/2611 73/128/123
f 73/129/2612 2120/615/127 2119/95/126
f 2106/16/128 2117/134/129 74/130/129
f 2117/131/130 2118/104/130 55/42/130
f 2106/16/131 2119/63/131 2120/133/131
f 2117/131/132 2120/614/132 2105/135/132
f 5/10/133 74/130/134 75/136/134
f 75/138/135 74/132/135 55/42/135
f 28/76/70 53/101/2602 2118/104/136
f 11/26/2613 2121/28/2614 76/139/2614
f 76/141/140 2125/99/2615 2111/142/141
f 46/91/143 47/92/143 79/144/143
f 79/146/144 2122/89/144 2110/147/144
f 80/24/146 2123/613/146 82/149/146
f 82/151/147 2123/153/147 2124/103/147
f 2110/152/148 2124/103/149 2123/153/149
f 78/155/150 2123/613/150 80/24/150
f 54/41/151 2125/40/152 76/156/152
f 76/157/154 2121/2/2616 81/150/155
f 52/100/157 2124/103/159 2110/152/158
f 2150/158/160 2126/2251/160 130/240/160
f 2126/2251/160 2127/2252/160 130/240/160
f 2127/2252/160 2128/2253/160 130/240/160
f 130/240/160 131/159/160 2150/158/160
f 131/159/160 2129/2254/160 83/160/160
f 2151/161/161 2130/2255/161 133/162/161
f 2130/2255/161 129/2256/161 132/242/161
f 129/2256/161 2131/2257/161 132/242/161
f 132/242/161 133/162/161 2130/2255/161
f 133/162/161 2132/2258/161 84/163/161
f 128/164/162 2134/228/163 88/165/163
f 136/167/165 2133/230/165 86/168/166
f 88/165/168 2134/228/168 89/170/168
f 91/172/169 2135/241/169 92/173/169
f 112/175/170 107/203/205 94/176/171
f 2142/178/172 107/203/198 112/175/173
f 2145/180/175 94/176/197 113/181/176
f 96/183/178 102/192/178 97/184/178
f 2141/179/174 112/175/173 99/186/179
f 108/188/180 2139/177/196 115/189/181
f 101/191/182 105/201/853 102/192/183
f 2143/194/185 109/196/188 96/183/186
f 101/191/182 103/193/184 108/188/180
f 2143/194/185 100/187/179 99/186/179
f 98/185/189 114/2259/2617 104/195/187
f 2140/197/190 2136/2260/2618 110/198/191
f 111/200/193 2137/2261/854 95/182/177
f 97/184/194 102/192/183 105/201/853
f 2145/180/175 115/189/181 2139/177/196
f 2142/178/172 2140/197/190 2138/199/192
f 108/188/199 103/193/200 109/196/200
f 103/193/202 102/192/202 96/183/202
f 113/181/203 2138/199/203 110/198/203
f 112/175/204 2139/177/204 108/188/199
f 107/203/205 2138/199/206 113/181/206
f 114/204/161 2136/2262/161 100/187/161
f 2136/2262/161 2140/2263/161 2141/179/161
f 2140/2263/161 2142/2264/161 2141/179/161
f 2141/179/161 100/187/161 2136/2262/161
f 100/187/161 2143/2265/161 104/205/161
f 2137/206/160 106/2266/160 2144/190/160
f 106/2266/160 105/601/160 2144/190/160
f 105/601/160 101/2267/160 2144/190/160
f 2144/190/160 115/189/160 2137/206/160
f 115/189/160 2145/2268/160 95/207/160
f 86/168/166 91/172/207 93/174/207
f 2148/208/208 20/587/2619 117/209/209
f 1/3/3 116/2269/211 117/211/211
f 70/125/212 2116/612/2620 119/212/212
f 2147/214/213 118/213/2621 119/212/214
f 3/8/8 2146/2270/216 119/216/216
f 14/32/217 2147/2271/2622 2146/217/217
f 120/219/219 2148/208/2623 116/210/219
f 121/220/221 2149/585/2624 122/73/221
f 123/221/222 2149/2272/222 121/222/223
f 2104/20/16 18/74/67 124/223/225
f 68/65/59 33/67/61 125/224/226
f 126/49/228 57/87/2625 56/44/229
f 44/88/231 57/87/231 126/49/231
f 18/46/41 2104/2248/2600 127/53/47
f 44/225/227 125/224/226 2113/226/232
f 2131/227/234 129/235/245 2134/228/235
f 2129/229/237 131/159/255 2133/230/238
f 134/231/240 2135/241/241 2127/232/885
f 90/171/242 2150/2273/242 83/234/243
f 129/235/245 2130/2274/246 89/170/246
f 135/236/247 2151/2275/884 84/237/248
f 2132/238/250 133/162/251 87/169/251
f 2128/239/252 91/172/254 86/168/253
f 2132/238/250 93/174/250 92/173/249
f 2128/239/252 2127/232/885 2135/241/241
f 86/168/253 2133/230/238 131/159/255
f 132/242/256 136/167/258 87/169/251
f 92/173/257 2135/241/257 134/231/257
f 2129/229/237 85/166/239 88/165/244
f 2131/227/234 128/164/236 136/167/258
f 2133/230/259 136/167/259 128/164/162
f 2159/243/260 137/249/264 2155/244/261
f 2158/246/262 154/264/277 156/247/263
f 137/249/264 2160/269/265 155/250/265
f 153/245/260 2157/263/285 138/251/266
f 139/252/267 158/261/274 140/253/268
f 156/247/269 155/250/269 142/255/269
f 143/257/270 147/262/270 144/258/271
f 146/260/273 152/271/273 158/261/274
f 158/261/275 152/271/291 147/262/276
f 2158/246/262 141/254/268 140/253/268
f 148/256/278 2152/2276/278 159/248/263
f 149/265/279 2153/603/2626 157/266/2626
f 150/268/282 2154/2277/282 145/259/272
f 142/255/283 155/250/265 2160/269/265
f 143/257/270 138/251/266 2157/263/285
f 146/260/273 149/265/279 2156/267/281
f 153/245/286 2155/244/287 154/264/287
f 154/264/288 2155/244/288 155/250/288
f 144/258/289 2156/267/289 157/266/289
f 158/261/290 2157/263/290 153/245/286
f 152/271/291 2156/267/292 144/258/292
f 2152/272/161 2153/2278/161 141/254/161
f 2153/2278/161 149/605/161 139/252/161
f 149/605/161 146/604/161 139/252/161
f 139/252/161 141/254/161 2153/2278/161
f 141/254/161 2158/2279/161 159/273/161
f 2154/274/160 151/2280/160 2159/243/160
f 151/2280/160 2160/2281/160 2159/243/160
f 2160/2281/160 137/2282/160 2159/243/160
f 2159/243/160 138/251/160 2154/274/160
f 138/251/160 143/2283/160 145/275/160
f 166/276/293 168/539/293 164/277/293
f 160/279/294 163/285/294 169/280/294
f 165/282/295 2161/286/295 167/283/295
f 163/285/296 2162/278/296 164/277/296
f 165/282/297 160/279/297 161/281/297
f 166/287/298 162/284/298 167/283/298
f 168/291/299 167/2284/299 2161/289/299
f 2161/289/299 161/2285/299 169/290/299
f 169/290/299 164/2286/299 168/291/299
f 170/292/300 178/543/300 179/293/300
f 174/295/301 175/301/301 2164/296/301
f 176/298/302 177/302/302 172/299/302
f 174/295/303 171/294/303 179/293/303
f 176/298/304 2163/297/304 2164/296/304
f 173/300/305 172/299/305 178/303/305
f 178/307/306 172/2287/306 175/305/306
f 172/2287/306 177/2288/306 175/305/306
f 177/2288/306 2164/609/306 175/305/306
f 184/308/2627 195/320/2627 196/309/2627
f 190/311/308 2166/332/308 181/312/308
f 182/314/309 2165/327/309 193/315/309
f 196/309/310 2165/327/310 182/317/310
f 181/319/311 2166/332/311 195/320/311
f 193/315/312 190/311/2628 185/322/313
f 186/324/315 192/331/2629 187/325/316
f 2165/327/317 196/309/317 187/325/317
f 191/330/160 2167/2289/160 192/331/160
f 188/328/318 2167/2289/2630 191/330/319
f 192/331/321 2167/2289/321 188/328/321
f 189/329/322 191/330/323 186/324/322
f 204/333/324 203/345/325 201/334/325
f 198/336/327 2169/358/2631 202/337/328
f 2168/339/330 205/347/2632 199/340/331
f 201/334/333 2168/339/333 200/342/333
f 202/344/334 2169/358/334 203/345/334
f 205/347/335 198/336/335 206/348/336
f 211/350/337 2170/357/337 207/351/338
f 2168/339/340 201/334/340 207/351/340
f 2171/355/160 2170/357/160 211/350/160
f 208/353/341 2171/355/341 209/356/342
f 2170/357/344 2171/355/2633 208/353/345
f 210/354/347 209/356/349 211/350/348
f 220/359/350 290/456/2634 213/360/351
f 2178/362/353 219/23/353 214/363/354
f 216/364/356 229/388/357 218/365/357
f 2172/10/359 2183/445/2635 23/11/19
f 265/367/360 2174/372/365 2181/368/361
f 275/16/362 2172/10/2636 59/12/99
f 217/370/363 222/379/375 218/371/364
f 265/367/360 220/359/350 328/361/352
f 2178/362/353 7/424/11 230/373/11
f 287/24/366 290/456/366 220/359/367
f 280/26/369 327/502/2637 328/27/370
f 221/375/371 259/417/427 214/376/372
f 326/378/374 2173/501/2638 218/371/364
f 22/380/46 23/2290/46 2183/35/376
f 224/381/378 329/221/2639 2181/38/379
f 215/6/355 214/363/354 2186/382/381
f 276/383/383 216/364/356 2173/366/358
f 264/44/385 2179/120/386 2182/45/386
f 224/381/388 2174/39/388 227/47/388
f 333/387/389 231/53/389 229/388/390
f 16/390/31 221/375/371 219/377/373
f 231/53/392 2175/2291/2640 218/365/357
f 288/392/393 287/24/393 232/374/394
f 31/393/58 30/591/58 241/58/396
f 247/394/398 278/438/399 234/395/399
f 257/397/400 275/16/2641 236/17/401
f 237/80/402 248/66/402 238/67/403
f 233/400/405 242/409/406 239/401/406
f 241/58/408 2176/419/2642 242/403/409
f 232/374/394 261/78/411 243/72/411
f 244/73/412 330/223/559 245/74/413
f 246/389/414 260/420/2643 247/405/415
f 261/78/411 263/421/2644 251/79/417
f 247/394/398 235/396/398 248/66/402
f 243/81/418 252/85/418 249/82/419
f 251/84/420 2177/2249/420 252/85/418
f 253/407/421 2180/423/423 254/87/422
f 242/409/406 284/454/2645 255/410/424
f 288/91/425 250/406/419 249/82/419
f 31/412/83 233/400/405 240/402/407
f 257/414/426 27/592/81 48/415/81
f 259/417/427 281/449/428 2186/418/428
f 241/58/429 2178/362/2646 215/6/430
f 260/420/431 246/389/391 229/388/390
f 261/78/432 265/367/432 262/369/432
f 285/103/433 2176/419/433 215/6/433
f 279/422/434 260/420/431 216/364/431
f 2180/423/435 2179/120/435 264/44/435
f 232/374/368 220/359/367 265/367/436
f 241/58/438 30/591/15 7/424/15
f 253/425/439 334/226/439 266/426/439
f 266/428/440 2177/2249/440 251/84/441
f 262/369/442 270/434/2647 268/112/443
f 270/430/444 2179/120/444 2180/423/444
f 263/421/445 268/112/2648 267/115/446
f 268/431/447 2180/423/2649 253/407/448
f 262/369/449 2181/368/2650 269/433/450
f 269/435/451 2182/45/2651 2179/120/452
f 271/436/453 333/387/453 246/389/414
f 223/36/454 2183/35/455 272/122/454
f 272/124/456 226/586/2652 323/125/457
f 278/438/459 2184/2250/2653 274/439/459
f 274/440/2654 2184/590/2655 257/414/2656
f 275/16/464 277/443/465 2185/130/465
f 277/441/466 279/422/466 276/383/466
f 275/16/467 257/397/467 2184/133/467
f 277/441/468 2184/589/468 278/444/468
f 2172/10/469 2185/130/470 272/136/470
f 272/446/471 2185/442/471 276/383/472
f 247/405/415 260/420/2643 279/422/473
f 280/26/476 213/28/2657 289/447/2657
f 289/141/477 2186/418/2658 281/449/478
f 288/91/480 256/411/480 283/451/480
f 283/453/481 255/410/481 284/454/482
f 287/24/483 2187/588/483 291/149/483
f 291/151/484 2187/153/484 285/103/484
f 284/457/485 285/103/486 2187/153/486
f 286/459/487 2187/588/487 287/24/487
f 225/41/488 2186/382/489 289/156/489
f 289/157/491 213/360/2659 290/456/492
f 2176/419/494 285/103/496 284/457/495
f 292/460/160 2188/2292/160 344/518/160
f 2188/2292/160 338/594/160 344/518/160
f 338/594/160 346/593/160 344/518/160
f 344/518/160 347/461/160 292/460/160
f 347/461/160 2189/2293/160 339/462/160
f 293/463/161 2190/2294/161 294/464/161
f 2190/2294/161 2191/596/161 348/521/161
f 2191/596/161 335/595/161 348/521/161
f 348/521/161 294/464/161 2190/2294/161
f 294/464/161 2192/2295/161 295/465/161
f 296/466/497 336/507/498 298/467/498
f 2208/469/500 351/509/500 297/470/501
f 298/467/503 336/507/503 340/472/503
f 345/474/504 2207/520/504 349/475/504
f 300/477/505 2193/175/505 301/478/506
f 302/479/508 301/478/533 2193/175/509
f 304/480/511 317/176/511 320/181/512
f 305/185/514 312/490/514 310/482/514
f 303/179/510 2193/175/509 307/186/515
f 309/485/516 300/477/532 321/486/517
f 2201/487/518 316/495/531 310/482/519
f 311/489/521 318/492/524 312/490/522
f 2201/487/518 2196/488/520 309/485/516
f 308/484/515 307/186/515 318/492/524
f 305/185/525 2194/2296/2660 313/491/523
f 314/493/526 2198/597/2661 315/494/527
f 319/200/529 2195/2297/2662 322/481/513
f 306/483/530 310/482/519 316/495/531
f 304/480/511 321/486/517 300/477/532
f 302/479/508 314/493/526 2197/199/528
f 309/485/534 2196/488/535 318/492/535
f 318/492/537 2196/488/537 310/482/537
f 320/181/538 2197/199/538 315/494/538
f 2193/175/539 300/477/539 309/485/534
f 301/478/506 2197/199/540 320/181/540
f 2194/204/161 2198/2262/161 308/484/161
f 2198/2262/161 314/599/161 303/179/161
f 314/599/161 302/598/161 303/179/161
f 303/179/161 308/484/161 2198/2262/161
f 308/484/161 311/2298/161 313/496/161
f 2195/206/160 2199/2299/160 2200/190/160
f 2199/2299/160 316/601/160 2200/190/160
f 316/601/160 2201/600/160 2200/190/160
f 2200/190/160 321/486/160 2195/206/160
f 321/486/160 304/2300/160 322/207/160
f 297/470/501 345/474/541 343/476/541
f 2205/497/542 228/587/2663 227/209/543
f 328/361/352 2202/2269/545 227/498/545
f 323/125/546 226/586/2664 324/212/546
f 2204/214/547 2203/213/2665 324/212/548
f 2173/366/358 325/2270/550 324/500/550
f 326/378/551 2204/2271/2666 325/217/551
f 327/502/552 2205/497/2667 2202/210/552
f 269/503/2668 2206/585/2669 244/73/2669
f 329/221/556 2206/2301/2670 269/222/557
f 2175/20/363 245/74/413 330/223/559
f 271/399/404 238/67/403 331/504/560
f 333/387/562 254/87/2671 264/44/563
f 332/408/565 254/87/567 333/387/566
f 245/385/387 2175/2291/2640 231/53/392
f 253/425/568 332/505/561 331/504/560
f 335/506/570 2191/514/581 336/507/571
f 2189/508/573 347/461/592 351/509/574
f 350/510/576 2207/520/577 338/511/1131
f 299/473/579 292/2302/579 339/513/580
f 2191/514/581 2190/602/582 340/472/582
f 341/515/583 293/2303/2672 295/516/584
f 2192/517/586 294/464/587 342/471/587
f 344/518/589 346/519/591 345/474/590
f 2192/517/586 343/476/588 349/475/585
f 346/519/591 338/511/1131 2207/520/577
f 297/470/589 351/509/574 347/461/592
f 348/521/593 2208/469/595 342/471/587
f 349/475/594 2207/520/594 350/510/594
f 2189/508/573 337/468/575 298/467/580
f 335/506/570 296/466/572 2208/469/595
f 351/509/596 2208/469/596 296/466/497
f 2219/522/597 2220/249/601 2213/523/598
f 2217/246/599 365/534/615 366/525/600
f 2220/249/601 360/537/602 2209/250/602
f 363/524/597 2214/263/623 369/527/603
f 352/252/604 356/261/611 364/528/605
f 366/525/606 2209/250/606 354/255/606
f 2221/529/607 361/262/624 355/530/608
f 2216/532/610 362/533/610 356/261/611
f 2214/263/612 356/261/2673 362/533/613
f 353/254/605 364/528/605 365/534/615
f 357/256/616 2210/2276/2674 368/526/600
f 2215/535/617 2211/603/618 367/266/618
f 359/268/620 2212/2277/620 370/531/609
f 354/255/621 2209/250/602 360/537/602
f 2221/529/607 369/527/603 2214/263/623
f 2216/532/610 2215/535/617 358/536/619
f 363/524/625 2213/523/626 365/534/626
f 365/534/627 2213/523/627 2209/250/627
f 355/530/628 358/536/628 367/266/628
f 356/261/629 2214/263/629 363/524/625
f 362/533/613 358/536/630 355/530/630
f 2210/538/161 2211/2304/161 353/254/161
f 2211/2304/161 2215/605/161 352/252/161
f 2215/605/161 2216/604/161 352/252/161
f 352/252/161 353/254/161 2211/2304/161
f 353/254/161 2217/2305/161 368/273/161
f 2212/274/160 2218/2306/160 2219/522/160
f 2218/2306/160 360/607/160 2219/522/160
f 360/607/160 2220/606/160 2219/522/160
f 2219/522/160 369/527/160 2212/274/160
f 369/527/160 2221/2307/160 370/275/160
f 373/278/631 378/276/631 371/539/631
f 2222/279/632 374/285/632 380/280/632
f 375/282/296 379/286/296 372/283/296
f 373/278/295 2223/277/295 380/280/295
f 375/282/633 2222/279/633 376/281/633
f 377/284/634 372/283/634 371/288/634
f 371/541/635 372/2284/635 379/289/635
f 379/289/635 376/2308/635 380/540/635
f 380/540/635 2223/2309/635 371/541/635
f 2227/542/636 2224/608/636 381/543/636
f 385/544/637 2225/301/637 383/296/637
f 384/546/303 2226/302/303 387/299/303
f 385/544/302 2227/542/302 382/293/302
f 386/545/638 383/296/638 2226/302/638
f 2224/548/639 2228/547/639 387/299/639
f 381/307/640 387/2310/640 2225/305/640
f 387/2310/640 2226/610/640 2225/305/640
f 2226/610/640 383/609/640 2225/305/640
f 388/549/2675 403/555/2675 389/309/2675
f 391/550/642 2230/332/642 392/551/642
f 393/552/643 2229/558/643 394/553/643
f 389/309/644 2229/558/644 393/317/644
f 392/319/645 2230/332/645 403/555/645
f 394/553/646 391/550/647 395/556/647
f 402/324/649 2231/561/2676 401/557/650
f 2229/558/651 389/309/651 401/557/651
f 400/330/160 2232/611/160 2231/561/160
f 398/559/652 2232/611/2677 400/330/653
f 2231/561/655 2232/611/2678 398/559/655
f 399/560/656 400/330/656 402/324/657
f 409/562/2679 2233/572/2679 421/563/2680
f 413/336/661 420/358/2681 408/565/662
f 406/567/664 419/574/2682 410/568/665
f 421/563/667 406/567/667 407/342/667
f 408/571/668 420/358/668 2233/572/668
f 419/574/669 413/336/669 405/575/669
f 417/577/670 2234/584/670 411/578/671
f 406/567/673 421/563/673 411/578/673
f 414/582/160 2234/584/160 417/577/160
f 416/580/674 414/582/674 415/583/674
f 2234/584/676 414/582/2683 416/580/677
f 412/581/679 415/583/2684 417/577/680
f 462/425/681 466/226/2685 422/504/682
f 2257/53/684 2235/2291/2686 423/385/685
f 2253/408/687 2236/436/689 426/387/688
f 424/44/690 425/87/2687 426/387/691
f 2236/399/693 2253/505/683 422/504/682
f 428/223/694 423/74/819 2235/20/695
f 460/222/2688 2237/2301/2689 532/221/697
f 460/503/699 499/404/2690 488/73/700
f 2241/210/702 2238/497/2691 430/502/702
f 2240/217/704 2239/2271/2692 432/378/704
f 437/500/705 2240/2270/705 433/366/706
f 2239/214/708 2240/499/2693 437/212/2694
f 436/125/711 435/213/711 437/212/711
f 498/498/713 2241/2269/713 431/361/714
f 2238/497/2695 2241/210/2696 498/209/717
f 482/457/719 441/103/721 438/419/720
f 543/456/722 2242/360/2697 447/157/723
f 2244/41/725 2243/151/2698 447/156/726
f 444/459/727 480/392/727 442/24/727
f 482/457/728 444/458/728 440/153/729
f 2243/151/730 2244/41/731 441/103/731
f 2243/149/732 440/588/732 442/24/732
f 482/454/2699 2245/410/2699 443/453/2699
f 480/91/734 444/452/734 443/451/734
f 446/449/2700 439/418/2701 447/141/736
f 536/26/738 448/448/2702 447/447/739
f 449/405/741 451/444/2703 2246/422/742
f 457/446/744 434/384/744 453/383/745
f 457/136/746 454/130/746 2278/10/747
f 2247/441/748 2246/422/748 451/444/748
f 541/16/749 2247/443/749 2248/133/749
f 453/383/750 2246/422/750 2247/441/750
f 454/130/751 2247/443/752 541/16/751
f 455/440/753 2252/416/2704 452/414/754
f 455/439/756 2248/2250/2705 451/438/756
f 436/125/758 434/586/758 457/124/759
f 459/36/761 458/437/763 457/122/762
f 2236/436/764 487/77/817 475/389/765
f 2251/120/766 499/45/2706 460/435/767
f 461/369/768 2250/434/768 460/433/769
f 462/407/771 2249/423/2707 463/431/772
f 464/115/773 463/112/774 474/421/774
f 2249/423/775 2251/120/776 2250/430/776
f 463/112/777 2250/434/2708 461/369/778
f 484/84/2709 2254/2249/2709 465/428/2709
f 462/425/781 464/427/781 465/426/781
f 467/58/782 538/362/782 468/424/783
f 470/367/785 537/359/869 471/374/786
f 424/44/788 2251/120/788 2249/423/788
f 2246/422/790 453/383/790 500/364/791
f 441/103/792 2244/41/792 473/6/792
f 461/369/793 470/367/793 472/78/793
f 450/420/791 500/364/791 494/388/794
f 473/6/795 538/362/795 467/58/795
f 476/417/796 542/376/865 439/418/797
f 452/414/798 2252/416/798 477/415/799
f 493/412/800 686/413/800 479/402/801
f 480/91/802 445/411/802 481/82/803
f 490/409/805 491/401/805 2245/410/806
f 462/407/808 2253/408/808 425/87/809
f 483/85/810 2254/2249/811 484/84/811
f 481/82/803 483/85/810 485/81/812
f 486/66/813 2255/396/814 449/394/814
f 484/79/815 474/421/2710 472/78/816
f 449/405/741 450/420/743 475/389/765
f 488/73/818 499/404/818 423/74/819
f 485/72/816 472/78/816 471/374/820
f 490/403/822 438/419/2711 467/58/823
f 2256/400/801 479/402/801 491/401/805
f 427/67/693 486/66/813 487/80/813
f 452/397/825 478/398/1078 492/17/826
f 449/394/814 2255/396/814 456/395/828
f 493/393/829 2256/59/2712 467/58/830
f 480/392/832 489/56/821 471/374/820
f 534/365/834 2235/2291/2686 2257/53/684
f 495/390/836 539/391/836 2277/377/837
f 494/388/794 2257/53/839 426/387/839
f 497/381/840 2258/386/840 498/47/840
f 424/44/686 423/385/685 499/45/841
f 453/383/842 434/384/707 433/366/706
f 439/382/844 542/363/881 473/6/845
f 545/594/161 2259/2292/161 501/518/161
f 2259/2292/161 2280/460/161 501/518/161
f 2280/460/161 547/462/161 2260/461/161
f 547/462/161 2261/2293/161 2260/461/161
f 2260/461/161 501/518/161 2280/460/161
f 544/596/160 2262/2294/160 556/521/160
f 2262/2294/160 2281/463/160 2263/464/160
f 556/521/160 2262/2294/160 2263/464/160
f 2281/463/160 550/465/160 2263/464/160
f 550/465/160 2264/2295/160 2263/464/160
f 503/467/163 2265/507/163 504/466/162
f 553/471/848 554/470/167 559/509/165
f 549/472/168 2265/507/168 503/467/168
f 552/475/169 546/520/169 506/474/169
f 508/176/849 2266/478/205 510/175/170
f 510/175/196 2266/478/175 529/479/175
f 511/181/192 508/176/198 512/480/172
f 513/483/178 2268/482/178 524/490/178
f 523/186/180 510/175/196 528/179/181
f 522/485/179 519/190/179 516/486/174
f 517/487/185 525/488/188 2268/482/850
f 524/490/851 526/492/184 2272/489/852
f 522/485/179 525/488/188 517/487/185
f 2272/489/852 526/492/184 523/186/180
f 518/491/183 2271/2296/195 514/185/194
f 520/493/177 2269/199/176 527/494/193
f 2274/481/190 2267/2297/2618 521/200/191
f 513/483/189 2273/202/2617 530/495/187
f 512/480/172 508/176/198 509/477/173
f 529/479/175 2266/478/175 2269/199/176
f 526/492/200 525/488/200 522/485/201
f 524/490/202 2268/482/202 525/488/202
f 527/494/203 2269/199/203 511/181/203
f 522/485/201 509/477/855 510/175/855
f 511/181/206 2269/199/206 2266/478/205
f 520/599/160 2270/2262/160 528/179/160
f 2270/2262/160 2271/204/160 515/484/160
f 528/179/160 2270/2262/160 515/484/160
f 2271/204/160 518/496/160 515/484/160
f 518/496/160 2272/2298/160 515/484/160
f 530/601/161 2273/2299/161 519/190/161
f 2273/2299/161 2267/206/161 519/190/161
f 2267/206/161 2274/207/161 516/486/161
f 2274/207/161 512/2300/161 516/486/161
f 516/486/161 519/190/161 2267/206/161
f 507/476/207 506/474/207 554/470/167
f 497/381/856 2275/39/2713 531/38/2714
f 2279/35/859 2276/2290/860 533/380/860
f 534/371/862 433/501/863 432/378/863
f 496/375/838 2277/377/837 542/376/865
f 536/26/2715 2242/28/2716 431/27/2717
f 537/359/869 543/456/870 442/24/870
f 538/362/871 2277/23/871 539/373/872
f 470/367/873 2275/372/715 431/361/714
f 429/370/695 2235/20/695 534/371/862
f 540/12/875 2278/10/2718 541/16/876
f 531/368/878 2275/372/715 470/367/873
f 2276/11/879 2279/445/2719 2278/10/880
f 500/364/843 433/366/706 534/365/834
f 542/363/881 2277/23/871 538/362/871
f 537/359/874 431/361/714 2242/360/882
f 502/506/237 504/466/239 2265/507/244
f 2261/508/234 505/468/236 559/509/258
f 557/510/884 2259/512/884 545/511/248
f 547/513/245 2280/2302/246 548/473/246
f 544/514/243 2265/507/244 549/472/242
f 550/516/241 2281/2303/240 551/515/886
f 2264/517/254 507/476/254 553/471/253
f 554/470/251 506/474/250 555/519/887
f 552/475/241 507/476/254 2264/517/254
f 555/519/887 506/474/250 546/520/249
f 554/470/251 501/518/251 2260/461/256
f 553/471/253 558/469/238 556/521/255
f 557/510/257 546/520/257 552/475/257
f 503/467/235 505/468/236 2261/508/234
f 558/469/238 504/466/239 502/506/237
f 505/468/847 504/466/162 558/469/259
f 560/522/268 565/524/268 580/523/888
f 569/525/265 578/534/2720 562/246/261
f 561/249/262 580/523/888 579/250/263
f 565/524/268 560/522/268 2289/527/267
f 577/528/260 582/261/285 567/252/266
f 576/255/269 579/250/269 569/525/269
f 581/530/281 572/262/889 2290/529/889
f 582/261/285 2282/533/890 571/532/890
f 572/262/891 2282/533/895 582/261/275
f 562/246/261 578/534/2720 577/528/260
f 563/526/265 2283/2276/284 570/256/892
f 573/535/272 2284/536/271 574/266/893
f 2288/531/279 2287/2277/280 575/268/280
f 576/255/894 2286/270/278 564/537/263
f 2290/529/889 572/262/889 566/263/274
f 571/532/890 2282/533/890 2284/536/271
f 578/534/287 580/523/287 565/524/286
f 578/534/288 569/525/288 579/250/288
f 574/266/289 2284/536/289 581/530/289
f 565/524/286 566/263/290 582/261/290
f 581/530/292 2284/536/292 2282/533/895
f 573/605/160 2285/2304/160 567/252/160
f 2285/2304/160 2283/538/160 568/254/160
f 567/252/160 2285/2304/160 568/254/160
f 2283/538/160 563/273/160 568/254/160
f 563/273/160 562/2305/160 568/254/160
f 564/607/161 2286/2306/161 560/522/161
f 2286/2306/161 2287/274/161 560/522/161
f 2287/274/161 2288/275/161 2289/527/161
f 2288/275/161 2290/2307/161 2289/527/161
f 2289/527/161 560/522/161 2287/274/161
f 2295/277/633 2291/539/633 588/276/633
f 584/279/634 2296/281/634 2293/280/634
f 2294/283/295 2292/286/295 586/282/295
f 585/285/296 2293/280/296 2295/277/296
f 586/282/631 2292/286/631 2296/281/631
f 588/287/632 2291/288/632 2294/283/632
f 2292/289/896 2294/2284/896 2291/541/896
f 2291/541/896 2295/2309/896 2293/540/896
f 2293/540/896 2296/2308/896 2292/289/896
f 2299/293/638 2297/543/638 589/608/638
f 596/296/639 595/301/639 590/544/639
f 2298/299/302 597/302/302 594/546/302
f 590/544/303 595/301/303 2299/293/303
f 594/546/636 597/302/636 596/296/636
f 2297/303/637 2298/299/637 592/547/637
f 597/610/897 2298/2310/897 595/305/897
f 2298/2310/897 2297/307/897 595/305/897
f 2297/307/897 2299/306/897 595/305/897
f 598/549/898 602/310/899 601/309/899
f 603/551/900 2300/332/900 2301/550/2721
f 599/552/902 605/316/902 600/553/902
f 599/317/903 606/558/903 601/309/903
f 603/319/904 598/321/904 614/555/904
f 604/556/2722 2301/550/2722 600/553/2723
f 611/557/907 608/561/2724 613/324/908
f 606/558/910 610/559/910 611/557/910
f 607/330/161 613/324/161 608/561/161
f 610/559/911 612/560/913 607/330/912
f 610/559/914 609/611/914 608/561/914
f 612/560/915 2302/326/916 613/324/915
f 2304/562/917 620/564/2725 615/563/918
f 617/565/920 2303/358/2726 625/336/2727
f 621/568/922 628/574/922 623/567/923
f 619/342/925 623/567/925 615/563/925
f 617/571/926 2304/573/926 616/572/926
f 618/575/927 625/336/927 628/574/927
f 627/578/928 2305/584/929 622/577/929
f 623/567/930 624/580/930 627/578/930
f 622/577/161 2305/584/161 2307/582/161
f 624/580/931 2306/581/931 626/583/932
f 624/580/933 2307/582/2728 2305/584/934
f 2306/581/936 629/579/938 622/577/937
f 630/226/939 636/224/949 2323/225/940
f 634/53/942 639/2248/2729 631/46/943
f 2323/88/944 635/121/944 633/49/944
f 632/44/945 2308/87/2730 633/49/946
f 635/65/948 2323/225/940 636/224/949
f 638/223/950 631/74/1071 639/20/951
f 670/222/2731 2309/2272/953 743/221/953
f 670/220/955 2310/75/2732 697/73/956
f 2311/210/958 650/208/2733 748/219/958
f 642/217/960 644/2271/2734 744/32/960
f 647/216/962 642/2270/962 643/8/963
f 644/214/2735 642/215/2736 647/212/2737
f 646/125/968 645/213/968 647/212/968
f 651/211/970 2311/2269/970 641/3/971
f 650/208/2738 2311/210/2739 651/209/2740
f 652/152/976 681/103/978 2326/100/977
f 2344/150/979 2312/2/2741 655/157/980
f 654/41/982 653/151/982 655/156/983
f 2314/155/984 658/55/984 657/24/984
f 652/152/985 2314/154/985 656/153/986
f 653/151/987 654/41/988 681/103/988
f 653/149/989 656/613/989 657/24/989
f 652/147/2742 2313/89/2742 659/146/2742
f 658/91/991 2314/145/991 659/144/991
f 685/142/2743 708/99/2744 655/141/993
f 747/26/995 2315/140/2745 655/139/996
f 694/76/998 2316/135/2746 661/104/999
f 668/138/1000 648/43/1000 2321/42/1000
f 668/136/1001 2317/130/1001 662/10/1002
f 663/131/1003 661/104/1003 2316/135/1003
f 702/16/1004 663/134/1004 664/133/1004
f 2321/42/1005 661/104/1005 663/131/1005
f 2317/130/1006 663/134/1006 702/16/1007
f 665/129/1008 2318/97/2747 701/95/1009
f 665/128/1011 664/2250/2748 2316/127/1011
f 646/125/1013 648/612/2749 668/124/1014
f 667/36/1016 666/123/1018 668/122/1017
f 635/121/1019 696/77/1069 669/50/1020
f 2319/120/1022 2310/45/2750 670/119/1023
f 675/15/1024 674/118/2751 670/117/1025
f 671/86/1027 673/105/1028 672/114/1028
f 2320/115/1029 672/112/1030 682/102/1030
f 673/105/1032 2319/120/1032 674/113/1032
f 672/112/1033 674/118/2752 675/15/1034
f 692/84/2753 2324/2249/2753 676/110/2753
f 671/107/1037 2320/109/1037 676/108/1037
f 700/58/1038 750/4/1038 540/106/875
f 677/13/1039 749/1/1119 698/25/1040
f 632/44/1042 2319/120/1042 673/105/1043
f 661/104/1044 2321/42/1044 679/9/1045
f 654/41/1046 709/6/1046 2326/100/1046
f 675/15/1047 677/13/1047 678/78/1047
f 680/101/1045 679/9/1045 683/7/1049
f 2326/100/1050 709/6/1050 750/4/1050
f 684/98/1051 746/30/1115 708/99/1052
f 701/95/1053 2318/97/2754 686/96/800
f 478/93/799 477/94/799 687/69/1054
f 658/91/1055 660/92/1055 689/82/1056
f 699/68/1057 2322/90/2755 2313/89/1058
f 671/86/1060 2323/88/1060 2308/87/1061
f 691/85/1062 2324/2249/1063 692/84/1063
f 689/82/1056 691/85/1062 695/81/1064
f 693/66/1065 2325/62/2756 694/60/1066
f 692/79/1067 682/102/2757 678/78/1068
f 694/76/998 680/101/998 669/50/1020
f 697/73/1070 2310/75/2758 631/74/2759
f 695/72/1068 678/78/1068 698/25/1072
f 699/71/1074 2326/100/1074 700/58/1074
f 687/69/1054 2322/90/2755 699/68/1057
f 635/65/948 637/67/948 693/66/1065
f 701/63/1075 493/64/829 469/17/831
f 694/60/1066 2325/62/2756 703/61/1077
f 478/57/1078 688/59/2760 700/58/1079
f 658/55/1080 690/56/1073 698/25/1072
f 704/54/1082 639/2248/2729 634/53/942
f 533/51/860 2276/52/860 705/31/1083
f 683/7/1049 634/53/1085 633/49/1085
f 707/37/1086 2327/48/1086 651/47/1086
f 632/44/943 631/46/943 2310/45/1087
f 2321/42/1089 648/43/964 643/8/963
f 708/40/1091 746/5/1127 709/6/1092
f 754/594/161 2347/2311/161 710/618/161
f 2347/2311/161 2348/2312/161 710/618/161
f 2348/2312/161 755/2313/161 2328/461/161
f 755/2313/161 2329/2314/161 2328/461/161
f 2328/461/161 710/618/161 2348/2312/161
f 751/621/160 2330/2294/160 712/620/160
f 2330/2294/160 2349/463/160 2331/649/160
f 712/620/160 2330/2294/160 2331/649/160
f 2349/463/160 2332/2315/160 2331/649/160
f 2332/2315/160 759/2295/160 2331/649/160
f 717/467/498 2333/642/498 714/622/497
f 715/624/502 752/509/500 761/469/500
f 716/472/503 2333/642/503 717/467/503
f 758/625/504 2334/520/504 718/626/504
f 726/628/505 2336/176/507 2335/478/506
f 737/175/1096 2335/478/511 739/479/1097
f 719/181/1098 2336/176/533 720/480/533
f 722/185/514 2337/483/514 727/629/514
f 734/186/516 737/175/1096 738/179/517
f 725/630/515 740/190/515 2343/631/510
f 741/487/1100 735/488/1100 727/629/1101
f 723/490/1102 733/634/520 2340/489/1103
f 725/630/515 735/488/1100 741/487/1100
f 733/634/520 734/186/516 724/484/516
f 729/633/531 2338/2296/530 722/185/1104
f 730/635/1105 2339/638/512 731/636/529
f 721/481/1099 2342/2297/2661 736/637/527
f 2337/483/525 2341/2316/2660 728/632/523
f 720/480/533 2336/176/533 726/628/509
f 739/479/1097 2335/478/511 2339/638/512
f 733/634/535 735/488/535 725/630/534
f 733/634/537 723/490/537 727/629/537
f 731/636/538 2339/638/538 719/181/538
f 725/630/534 726/628/539 737/175/539
f 719/181/540 2339/638/540 2335/478/506
f 730/639/160 732/2317/160 738/179/160
f 732/2317/160 2338/2318/160 724/484/160
f 738/179/160 732/2317/160 724/484/160
f 2338/2318/160 729/496/160 724/484/160
f 729/496/160 2340/2298/160 724/484/160
f 728/601/161 2341/2319/161 740/190/161
f 2341/2319/161 2342/206/161 740/190/161
f 2342/206/161 721/207/161 2343/631/161
f 721/207/161 720/2300/161 2343/631/161
f 2343/631/161 740/190/161 2342/206/161
f 2350/627/541 718/626/541 715/624/502
f 707/37/2761 649/39/2762 742/38/2763
f 2345/35/1110 539/2247/836 495/34/836
f 704/19/1112 643/218/1113 744/32/1113
f 706/29/1084 705/31/1083 746/30/1115
f 747/26/2764 2312/28/2764 641/27/1117
f 749/1/1119 2344/150/1120 657/24/1120
f 750/4/1121 705/23/2765 2276/22/879
f 677/13/1122 649/21/972 641/3/971
f 640/18/951 639/20/951 704/19/1112
f 468/12/783 662/10/2766 702/16/1124
f 742/14/1125 649/21/972 677/13/1122
f 539/11/872 2345/137/2767 662/10/1126
f 643/8/963 704/54/1082 683/7/1082
f 746/5/1127 705/23/2765 750/4/1121
f 749/1/1123 641/3/971 2312/2/1128
f 713/641/573 714/622/575 2333/642/1130
f 2329/508/570 2346/623/572 752/509/595
f 753/510/583 2347/512/2672 754/643/584
f 755/644/581 2348/2302/582 756/473/582
f 751/514/580 2333/642/1130 716/472/579
f 2332/646/577 2349/2303/578 757/647/1132
f 759/648/590 2350/627/590 760/471/589
f 710/618/587 715/624/587 718/626/588
f 758/625/577 2350/627/590 759/648/590
f 711/519/588 718/626/588 2334/520/585
f 715/624/587 710/618/587 2328/461/593
f 760/471/589 761/469/574 712/620/592
f 753/510/594 2334/520/594 758/625/594
f 717/467/581 2346/623/572 2329/508/570
f 761/469/574 714/622/575 713/641/573
f 752/509/596 2346/623/1094 714/622/497
f 762/522/605 777/524/605 2351/523/615
f 2352/650/602 779/665/2768 763/651/598
f 782/249/599 2351/523/615 765/652/600
f 777/524/605 762/522/605 2360/527/604
f 778/653/597 772/261/623 766/654/603
f 767/656/606 765/652/606 2352/650/606
f 769/657/619 781/262/2769 770/658/610
f 772/261/623 774/533/607 773/660/607
f 2353/263/612 781/262/614 774/533/613
f 763/651/598 779/665/2768 778/653/597
f 764/526/602 2356/2320/622 768/256/621
f 775/661/609 2354/536/608 776/662/620
f 771/659/617 2359/2321/618 780/664/618
f 767/656/616 2358/2322/2674 783/537/600
f 770/658/610 781/262/2769 2353/263/611
f 773/660/607 774/533/607 2354/536/608
f 779/665/626 2351/523/626 777/524/625
f 779/665/627 2352/650/627 765/652/627
f 780/664/628 776/662/628 2354/536/628
f 777/524/625 2353/263/629 772/261/629
f 769/657/630 2354/536/630 774/533/613
f 775/605/160 2355/2323/160 766/654/160
f 2355/2323/160 2356/538/160 2357/655/160
f 766/654/160 2355/2323/160 2357/655/160
f 2356/538/160 764/2324/160 2357/655/160
f 764/2324/160 763/2305/160 2357/655/160
f 783/668/161 2358/2325/161 762/522/161
f 2358/2325/161 2359/2326/161 762/522/161
f 2359/2326/161 771/275/161 2360/527/161
f 771/275/161 770/2307/161 2360/527/161
f 2360/527/161 762/522/161 2359/2326/161
f 788/278/297 2361/2327/297 791/669/297
f 790/279/298 2363/672/298 792/670/298
f 786/284/296 2362/2328/296 787/671/296
f 792/670/295 2361/2327/295 788/278/295
f 789/282/293 787/671/293 2363/672/293
f 791/673/294 2362/2328/294 786/284/294
f 787/675/1134 2362/2329/1134 791/674/1134
f 791/674/1134 2361/2309/1134 792/540/1134
f 792/540/1134 2363/2330/1134 787/675/1134
f 793/676/304 797/293/304 794/543/304
f 2365/296/305 801/301/305 796/678/305
f 2366/299/303 2364/302/303 799/680/303
f 796/678/302 801/301/302 797/293/302
f 2364/302/300 2365/296/300 798/679/300
f 795/682/301 794/303/301 2366/299/301
f 2364/610/1135 2366/2310/1135 801/305/1135
f 2366/2310/1135 794/307/1135 801/305/1135
f 794/307/1135 797/306/1135 801/305/1135
f 802/683/1136 806/2331/1137 809/684/1137
f 807/551/1138 817/690/1138 803/550/2770
f 804/686/1140 2367/316/1140 805/553/1140
f 804/688/1141 2368/687/1141 809/684/1141
f 807/319/1142 802/321/1142 818/555/1142
f 808/691/1143 803/550/1143 805/553/1143
f 813/557/1145 812/561/2771 815/324/1146
f 2368/687/1147 810/695/1147 813/557/1147
f 816/330/161 815/324/161 812/561/161
f 810/695/1148 814/694/2772 816/330/1149
f 810/695/1151 811/696/2773 812/561/1151
f 814/694/1152 819/693/1153 815/324/1153
f 2370/697/1154 2369/2332/2774 827/698/1155
f 821/699/1157 836/704/2775 2371/700/2776
f 823/568/1160 835/705/1160 826/702/1161
f 824/342/1163 826/702/1163 827/698/1163
f 821/703/1164 2370/2333/1164 820/572/1164
f 822/575/1165 2371/700/1165 835/705/1165
f 833/578/1166 832/711/1166 828/706/1166
f 826/702/1168 829/708/1168 833/578/1168
f 828/706/161 832/711/161 831/709/161
f 829/708/1169 834/707/2777 830/710/1169
f 829/708/1170 831/709/2778 832/711/1171
f 834/707/1173 825/579/1174 828/706/1174
f 844/712/1176 2372/724/2779 837/713/1177
f 845/715/1179 2373/2334/1179 840/716/1180
f 840/716/1182 2373/2334/1183 841/718/1183
f 843/720/1185 1108/723/1185 1107/721/1186
f 843/720/1185 840/716/1182 1114/719/1184
f 2372/724/2780 844/712/1190 843/720/1190
f 844/712/1190 839/717/1181 840/716/1180
f 845/715/1191 839/717/2781 846/725/1192
f 846/725/1192 839/717/2781 844/712/1176
f 848/727/1194 850/730/1197 849/728/1195
f 850/730/1197 968/792/1264 851/731/1198
f 852/732/1199 895/795/1273 881/733/2782
f 853/735/1202 877/780/2783 879/736/1203
f 854/738/1204 982/760/1427 855/739/1205
f 856/741/1207 875/778/1426 873/742/1208
f 890/744/1210 2374/2335/1210 859/745/1211
f 891/749/1216 2375/2336/1216 860/750/1217
f 860/750/1219 2375/2336/2784 862/752/1220
f 904/754/1222 2376/2337/2785 864/755/1223
f 864/755/1224 2376/2337/2786 893/757/1225
f 854/738/1226 2377/2338/1226 865/759/1227
f 865/761/1229 2377/2339/1230 866/762/1230
f 869/767/1233 867/763/1288 866/762/1234
f 872/772/1239 902/775/1239 901/773/1240
f 872/772/1239 865/761/1229 867/763/1229
f 873/742/1241 875/778/1242 872/776/1242
f 875/778/1242 982/760/1228 865/759/1227
f 876/779/1244 879/736/1244 877/780/1245
f 864/755/1224 892/758/1224 879/736/1244
f 880/769/1246 905/782/1247 876/779/1247
f 905/782/1247 903/756/1223 864/755/1223
f 882/783/1248 2378/734/2787 881/733/1249
f 882/783/1250 860/750/1219 863/753/1221
f 853/735/2788 884/737/1253 882/783/1253
f 884/737/1253 861/751/1218 860/750/1217
f 889/785/1254 886/788/1257 885/786/1259
f 886/788/1257 859/748/1215 887/789/1258
f 888/729/2789 849/728/1263 886/790/1261
f 849/728/1263 851/731/1212 859/745/1211
f 968/792/1264 2379/871/1265 890/744/1265
f 891/749/2790 861/751/1267 892/758/1267
f 861/751/1267 884/737/1203 879/736/1203
f 852/732/1199 2378/734/1201 863/753/1268
f 887/789/1270 852/732/1199 899/793/1269
f 894/794/2791 899/793/1269 863/753/1268
f 885/786/1271 899/793/1269 897/797/1277
f 903/756/1281 869/767/1233 870/768/1235
f 944/803/1302 974/872/1409 914/804/1303
f 915/806/1305 951/850/1368 916/807/2792
f 939/809/1308 933/837/2793 935/810/1309
f 946/812/1311 983/878/2794 919/813/1312
f 920/817/1316 2380/2340/1316 922/818/1317
f 922/818/1319 2380/2340/2795 923/820/1320
f 924/822/1322 2381/2341/2796 925/823/1323
f 925/823/1324 2381/2341/2797 948/825/1325
f 928/830/1328 961/857/1383 992/831/1329
f 936/836/1334 935/810/1334 933/837/1335
f 925/823/1324 947/826/1324 935/810/1334
f 930/833/1336 937/839/1339 936/836/1337
f 937/839/1339 926/824/1323 925/823/1323
f 938/840/1340 2382/808/1340 916/807/1341
f 938/840/1343 922/818/1319 949/821/1321
f 939/809/1344 917/811/1347 938/840/1345
f 917/811/1347 921/819/1318 922/818/1317
f 945/842/1348 950/846/1352 957/843/1349
f 945/842/1348 919/813/1315 942/845/1351
f 943/805/1353 945/842/1356 941/844/1354
f 943/805/1353 918/814/1312 919/813/1312
f 943/805/1304 914/804/1303 976/847/1357
f 920/817/1360 921/819/1361 947/826/1361
f 921/819/1361 917/811/1310 935/810/1309
f 915/806/1305 2382/808/1307 949/821/1363
f 942/845/1365 915/806/1305 954/848/1364
f 955/849/2798 954/848/1364 949/821/1363
f 950/846/1366 954/848/1364 953/852/1372
f 926/824/1376 928/830/1328 929/832/1330
f 838/714/1178 837/713/1177 986/861/1396
f 848/727/1194 2383/864/2799 967/863/1398
f 846/725/1192 967/863/1401 2383/864/1399
f 846/725/1192 838/714/1178 985/862/1397
f 857/743/1209 972/869/1406 969/865/1402
f 855/739/1205 856/741/1207 969/865/1402
f 971/868/1405 976/847/1411 969/865/1402
f 968/792/1400 985/862/1397 973/870/1407
f 974/872/1409 980/876/1424 975/873/1410
f 996/880/1444 2384/883/2800 988/713/1445
f 997/715/1447 2385/2342/2801 991/882/1448
f 991/882/2802 2385/2342/1450 992/718/1450
f 995/720/1452 994/723/1452 958/721/1453
f 995/720/1452 991/882/1449 961/719/1451
f 2384/883/2803 996/880/1458 995/720/1458
f 996/880/1458 990/717/1448 991/882/1448
f 997/715/1459 990/717/2804 998/725/1460
f 998/725/1460 990/717/2804 996/880/1444
f 1000/884/1462 1002/730/1465 1001/885/1463
f 1002/730/1465 1043/792/1530 1003/886/1466
f 1004/887/1467 1051/929/1541 1005/733/2805
f 1006/735/1470 2386/780/2806 1033/736/1471
f 1018/890/1472 1019/907/1692 1007/891/1473
f 1008/893/1475 1032/918/1691 1009/894/1476
f 1044/896/1478 1134/2343/2807 1011/897/1479
f 1012/749/1484 2387/2344/1484 1013/750/1485
f 1013/750/1487 2387/2344/2808 1014/901/1488
f 1056/903/1490 2388/2337/2809 1016/904/1491
f 1016/904/1492 2388/2337/2810 1046/905/2811
f 1018/890/1494 2389/2345/1494 1020/906/1495
f 1020/761/1496 2389/2339/1497 1021/762/1497
f 1024/767/1500 1022/763/1556 1021/762/1501
f 1031/913/1506 1030/915/1506 1028/773/1507
f 1031/913/1506 1020/761/1496 1022/763/1496
f 1009/894/1508 1032/918/1511 1031/916/1509
f 1032/918/1511 1019/907/1495 1020/906/1495
f 1034/919/1512 1033/736/1512 2386/780/1513
f 1016/904/1492 1045/758/1492 1033/736/1512
f 1026/911/1514 1036/782/1515 1034/919/1515
f 1036/782/1515 1017/756/1491 1016/904/1491
f 1038/921/1516 2390/888/2812 1005/733/1517
f 1038/921/1518 1013/750/1487 1015/902/1489
f 1006/735/1519 1039/889/1520 1038/921/1520
f 1039/889/1520 1047/751/1486 1013/750/1485
f 1040/923/1521 1041/788/1524 1049/924/1526
f 1041/788/1524 1011/900/1483 1048/926/1525
f 1042/729/1527 1001/885/1528 1041/927/1528
f 1001/885/1528 1003/886/1480 1011/897/1479
f 1043/792/1530 2391/871/1531 1044/896/1531
f 1012/749/2813 1047/751/1535 1045/758/1533
f 1047/751/1535 1039/889/1471 1033/736/1471
f 1004/887/1467 2390/888/1469 1015/902/1536
f 1048/926/1538 1004/887/1467 1052/793/1537
f 1050/928/2814 1052/793/1537 1015/902/1536
f 1049/924/1539 1052/793/1537 1054/931/1545
f 1017/756/1549 1024/767/1500 1025/910/1502
f 1090/936/1570 1126/992/1675 1065/937/1571
f 1066/939/1573 1100/975/1632 1087/940/2815
f 1068/942/1576 2392/962/2816 1069/943/1577
f 1095/945/1578 1137/997/2817 1071/813/1579
f 1096/949/1583 2393/2346/1583 1075/950/1584
f 1075/950/1586 2393/2346/2818 1099/952/1587
f 1109/822/1589 2394/2347/2819 1077/823/1590
f 1077/823/1591 2394/2347/2820 1078/825/1592
f 1080/958/1595 1114/981/1648 841/959/1596
f 1084/961/1601 1069/943/1601 2392/962/1602
f 1077/823/1591 1079/955/1591 1069/943/1601
f 1082/960/1603 1110/964/1605 1084/961/1604
f 1110/964/1605 1076/954/1590 1077/823/1590
f 1086/965/1606 1067/941/2821 1087/940/1607
f 1086/965/1609 1075/950/1586 1097/953/1588
f 1068/942/2822 1070/944/1612 1086/965/1611
f 1070/944/1612 1074/951/1585 1075/950/1584
f 1091/967/1613 1098/971/1617 1106/968/1614
f 1091/967/1613 1071/813/1582 1089/970/1616
f 1090/936/1618 1093/938/1619 1091/967/1619
f 1093/938/1619 1072/946/1579 1071/813/1579
f 1093/938/1572 1065/937/1571 1094/972/1621
f 1096/949/1624 1074/951/1625 1079/955/1625
f 1074/951/1625 1070/944/1577 1069/943/1577
f 1066/939/1573 1067/941/1575 1097/953/1627
f 1089/970/1629 1066/939/1573 1103/973/1628
f 1105/974/2823 1103/973/1628 1097/953/1627
f 1098/971/1630 1103/973/1628 1102/977/1636
f 1076/954/1640 1080/958/1595 1081/832/1597
f 989/881/1446 988/713/1445 1119/861/1662
f 1000/884/1462 2395/986/2824 1121/863/1664
f 998/725/1460 1121/863/1667 2395/986/1665
f 998/725/1460 989/881/1446 1120/985/1663
f 1010/895/1477 1124/991/1672 1122/987/1668
f 1007/891/1473 1008/893/1475 1122/987/1668
f 1123/990/1671 1094/972/1677 1122/987/1668
f 1043/792/1666 1120/985/1663 1125/870/1673
f 1126/992/1675 1132/996/1689 1128/993/1676
f 2396/999/1707 1144/1003/1707 1222/1000/1707
f 1142/1005/1708 1221/1123/1708 1144/1003/1708
f 1221/1123/1708 1141/1002/1708 1144/1003/1708
f 1220/1004/1710 1221/1123/1710 1142/1005/1710
f 1144/1003/1711 2396/2348/1711 1143/1007/1711
f 1150/1018/2825 2397/2349/2825 2416/1010/2825
f 2397/2349/2825 1145/1008/2825 2416/1010/2825
f 1146/1011/1713 1219/1121/1713 1218/1012/1713
f 1219/2350/1714 1146/2351/1714 1148/1016/1714
f 1146/2351/1714 1147/1014/1714 1148/1016/1714
f 1149/1015/1715 1147/2352/1715 2397/1017/1715
f 1156/1019/1716 2398/2353/1716 1153/1020/1716
f 1154/1022/1717 1155/1025/1717 1152/1023/1717
f 1153/1020/1718 2398/2353/1718 1152/1023/1718
f 1154/1026/1719 1151/2354/1719 1153/1020/1719
f 1152/1023/1720 2398/2353/1720 1156/1027/1720
f 1161/1031/1721 1160/1033/1721 1158/1029/1721
f 1158/1029/1721 2399/1036/1721 1162/1030/1721
f 1159/1032/1722 1217/1040/1722 1160/1033/1722
f 2415/1039/1723 2400/2355/1723 1216/1037/1723
f 2400/2355/1723 1162/1035/1723 1216/1037/1723
f 1159/1038/1724 2400/2356/1724 2415/1039/1724
f 1176/1041/1725 1165/1045/1725 1163/1042/1726
f 1164/1044/1727 1163/2357/1728 1165/1045/1728
f 1166/1047/161 2401/2358/161 1168/1048/161
f 1168/1048/1730 2401/2359/1730 1169/1050/1730
f 2405/1052/1731 2402/2360/2826 1173/1053/2826
f 1172/1055/160 2403/2361/160 2404/1056/1733
f 2403/1058/1734 1190/2362/1734 1184/1059/1735
f 1173/1060/161 1182/1068/161 1174/1061/161
f 1175/1062/160 1183/1069/160 1176/1041/160
f 1172/1055/160 1185/1057/1733 1178/1064/160
f 2405/1052/1737 1171/1054/1746 1180/1066/1738
f 1182/1068/161 1166/1047/161 1167/1049/161
f 1179/1065/160 1178/1064/160 1183/1069/160
f 1185/1057/1739 2404/1056/1737 1184/1059/1737
f 1184/1059/1737 1181/1067/1737 1180/1066/1738
f 1187/1070/1741 1167/1049/2827 1168/1048/1740
f 1168/1048/1740 1170/1051/1740 1187/1070/1741
f 1185/1057/1739 1180/1066/1738 1188/1071/1742
f 1188/1071/1742 1187/1070/1741 1183/1069/1744
f 1174/1061/1745 1188/1071/1742 1180/1066/1738
f 1174/1061/1745 1167/1049/2827 1187/1070/1741
f 1176/1041/1740 1183/1069/1744 1165/1045/1740
f 1183/1069/1744 1187/1070/1741 1165/1045/1740
f 1189/1072/1747 1181/1067/1751 1184/1059/1748
f 1169/1074/1750 1164/1044/1727 1186/1046/1729
f 2402/1075/2828 2405/1052/2828 1181/1067/2828
f 1192/1078/296 1199/1093/296 1214/1076/296
f 1214/1076/296 1213/1097/296 1191/1077/296
f 1195/1079/296 1202/1096/296 1193/1080/296
f 2406/2363/1752 1213/1083/1752 2409/1082/1752
f 1213/1083/1752 1212/2364/1752 1215/1084/1752
f 1201/1090/2829 1195/1086/1754 1197/1085/1753
f 1195/1086/1754 2407/2365/2830 1196/1087/1755
f 1197/1088/1756 2408/2366/1756 1199/1089/1756
f 1194/1081/296 1193/1080/296 1198/1091/296
f 1199/1093/296 1192/1078/296 1200/1094/296
f 1195/1079/296 1201/1095/296 1200/1094/296
f 1213/1097/296 2406/1092/296 1198/1091/296
f 1194/1100/1759 2406/2363/2831 2409/2367/2832
f 2409/2367/2832 1204/1098/1757 1194/1100/1759
f 1194/1081/1760 1203/2368/1760 2407/1101/1760
f 1204/1102/303 1196/2369/303 2407/1103/303
f 1205/1106/296 2410/1113/296 1206/1107/296
f 1206/1107/296 2411/1109/296 1211/1105/296
f 2411/1109/296 2412/1111/296 1211/1105/296
f 2414/1108/302 1210/2370/302 2411/1109/302
f 1207/1110/1761 2413/2371/1761 1211/1105/1761
f 1208/1112/1762 1209/2372/1762 2410/1113/1762
f 1209/1114/1756 2414/2373/1756 1206/1107/1756
f 1210/1115/1752 1207/2374/1752 2412/1111/1752
f 2413/1116/303 1208/2375/303 1205/1106/303
f 1214/1120/302 1199/1089/302 2408/2376/302
f 2408/2376/302 1215/1118/302 1214/1120/302
f 1160/1033/1765 1217/1040/1765 1158/1029/1765
f 1217/1040/1765 2415/1039/1765 1216/1037/1765
f 1148/1016/1766 2416/1010/2833 1218/1012/1767
f 2416/1010/1769 1148/1016/1769 1149/1015/1769
f 1220/1122/1770 2417/2377/2834 1141/1002/1770
f 2417/1124/1771 2418/2378/1771 1222/1000/1771
f 1225/1128/1772 1233/1135/1772 1232/1129/1772
f 1225/1128/1772 1236/1144/1772 2420/1134/1772
f 1228/1136/1774 2419/1747/1790 1229/1137/1774
f 1231/1143/1779 1543/2379/1780 1236/1144/1780
f 1237/1145/1781 1228/1136/1782 1232/1138/1782
f 1256/1142/1772 1239/1130/1772 1232/1129/1772
f 1238/1148/1778 2420/2380/1778 1224/1149/1778
f 1235/1133/1772 1224/1127/1772 2420/1134/1772
f 1237/1145/2835 1233/1146/2835 2420/1151/2835
f 1231/1153/2836 1225/1128/2836 1239/1130/2836
f 1234/1150/2837 1224/1149/2837 1223/1155/2837
f 2419/1157/1786 2421/1156/1787 1223/1155/1787
f 1246/1163/1788 1249/1172/1788 2422/1160/1788
f 1242/1165/2838 2422/1160/2838 1243/1159/2838
f 2425/1167/1790 2423/2381/1790 1244/1168/1790
f 2423/1170/1791 2424/2382/1791 1243/1159/1791
f 1245/1171/2839 1248/1175/2839 1249/1172/2839
f 1245/1174/1793 2425/2383/1793 1247/1169/1793
f 1241/1176/1795 1253/2384/1795 1250/1177/1795
f 1244/1168/1772 1252/1162/1772 1251/1179/1772
f 1249/1172/1772 1253/1180/1772 1241/1161/1772
f 2427/1181/1772 2426/1178/1772 1250/1177/1772
f 1252/1183/1796 2427/1181/1796 2428/1182/1797
f 1252/1185/1798 1241/2385/1798 2426/1178/1798
f 1251/1186/1799 2428/1182/1799 1250/1177/1799
f 1255/1139/1772 1256/1142/1772 1229/1147/1772
f 1255/1139/1801 1544/1191/1801 2429/1189/1801
f 1545/1190/2840 2429/1189/2840 1544/1191/2841
f 1257/1193/1733 1259/1196/1733 1283/1194/1733
f 1259/1196/1733 1263/1202/1733 1260/1197/1733
f 1261/1198/1733 1265/1204/1733 1315/1199/1733
f 1262/1201/1733 1343/1244/1733 1260/1197/1733
f 1261/1198/1733 1268/1212/1733 1264/1203/1733
f 1266/1205/1733 1302/1214/1733 1304/1206/1733
f 1378/1208/1803 1571/1491/1803 1570/1209/1804
f 1320/1211/1733 1316/1294/1733 1264/1203/1733
f 1266/1205/1733 1309/1219/1733 1306/1213/1733
f 1321/1215/1733 1269/1220/1733 1298/1216/1733
f 1311/1218/1733 1483/1282/1733 1306/1213/1733
f 1269/1220/1733 1300/1223/1733 1270/1221/1733
f 1271/1222/1733 1490/1271/1733 1270/1221/1733
f 1272/1224/1733 1281/1807/1733 1273/1225/1733
f 1274/1227/1733 1281/1807/1733 1272/1224/1733
f 2448/1229/1733 1349/1369/1733 1274/1227/1733
f 1276/1230/1805 2430/1594/1806 2468/1231/1806
f 1296/1233/1733 1400/1810/1733 1278/1234/1733
f 1258/1195/1808 1283/1194/1813 1279/1236/1809
f 1281/1238/1811 1568/1243/1816 1282/1239/1812
f 1283/1194/1813 1260/1197/1814 1496/1241/1814
f 1274/1242/1815 2431/1712/1815 1568/1243/1816
f 1343/1244/1817 1471/1593/2034 1496/1241/1814
f 1257/1193/1818 2432/1724/2842 1594/1245/1819
f 1284/1246/1821 2431/1712/1815 1274/1242/1815
f 1285/1248/1823 1547/1250/1824 1272/1224/1824
f 1263/1202/1825 1259/1196/1820 1594/1245/1819
f 1547/1250/1824 2433/1630/1827 1275/1228/1827
f 1294/1217/1733 2434/1267/1733 1293/1251/1733
f 1263/1202/1825 1532/1249/1826 1531/1252/1828
f 1288/1255/1829 1336/1330/1830 1289/1256/1830
f 1400/1258/1832 1574/1472/1832 1290/1259/1833
f 1291/1261/1835 2435/1703/2843 1357/1262/1836
f 1288/1255/1829 1593/1257/1831 1292/1264/1838
f 1548/1266/1839 2436/1702/1840 2434/1267/1840
f 1295/1268/1842 1411/1739/1843 1296/1233/1843
f 1298/1216/1844 1549/1270/1846 1548/1266/1839
f 1298/1216/1844 1270/1221/1845 1550/1269/1845
f 1490/1271/1847 1494/1629/2054 1550/1269/1845
f 1269/1220/1848 1321/1215/1849 1586/1272/1849
f 1325/1274/1733 1301/1277/1733 1472/1254/1733
f 1300/1223/1851 1269/1220/1848 1299/1273/1850
f 1300/1223/1851 1501/1275/1851 1584/1276/1852
f 1301/1277/1853 1326/1311/1853 1538/1278/1854
f 1302/1214/1855 1563/1281/1859 1303/1279/1856
f 1302/1214/1855 1306/1213/1861 1305/1280/1858
f 1483/1282/1860 1564/1612/2046 1305/1280/1858
f 1266/1205/1862 1333/1207/1863 1307/1283/1863
f 1394/1285/1865 2437/1707/1865 1276/1230/1866
f 1309/1219/1867 1266/1205/1862 1308/1284/1864
f 1309/1219/1867 1536/1286/1868 1310/1287/1869
f 1312/1288/1871 1443/1540/1872 1313/1289/1872
f 1315/1199/1873 1265/1204/1876 1498/1291/1874
f 1265/1204/1876 1264/1203/1877 1560/1293/1877
f 1316/1294/1878 1473/1595/2037 1560/1293/1877
f 1317/1200/1879 2438/1729/2844 1318/1295/1880
f 1319/1296/1733 1435/1462/1733 1443/1297/1733
f 1268/1212/1882 1261/1198/1881 1318/1295/1880
f 1268/1212/1882 1533/1299/1882 1602/1300/1883
f 1292/1301/1838 1586/1272/1849 1321/1215/1849
f 2434/1302/1840 2436/1684/1840 1322/1303/1884
f 1293/1265/1733 2434/1302/1733 1323/1304/1733
f 1258/1195/1733 2439/1308/1733 1324/1305/1733
f 1325/1274/1885 1599/1539/1885 1601/1306/1886
f 1280/1237/1810 2440/1705/1887 2439/1308/1887
f 1601/1309/1886 2432/1724/2842 1257/1193/1818
f 2439/1310/1887 2440/1736/1887 1326/1311/1853
f 1324/1307/1733 2439/1310/1733 1301/1277/1733
f 1315/1199/1733 2441/1316/1733 1327/1312/1733
f 1330/1313/1888 1484/1609/1888 1595/1314/1889
f 1562/1292/1875 2442/1708/1890 2441/1316/1890
f 1595/1317/1889 2438/1729/2844 1317/1200/1879
f 2441/1318/1890 2442/1737/1890 1328/1319/1891
f 1327/1315/1733 2441/1318/1733 1329/1320/1733
f 1304/1206/1733 2443/1325/1733 1331/1321/1733
f 1335/1322/1892 1583/1626/1892 1332/1323/1893
f 1303/1279/1856 2444/1711/1895 2443/1325/1895
f 1332/1326/1893 1307/1283/1863 1333/1207/1863
f 2443/1327/1895 2444/1738/1895 1542/1328/1896
f 1331/1324/1733 2443/1327/1733 1334/1329/1733
f 1262/1201/1828 1531/1252/1828 1289/1256/1830
f 1341/1331/1897 1552/1360/1897 1291/1261/1897
f 1546/1332/1898 2446/2386/1898 1338/1333/1898
f 1351/1335/1733 1346/2387/1733 1354/1336/1733
f 1340/1338/1733 1353/1362/1733 1344/1339/1733
f 1337/1263/1733 1344/1339/1733 1338/1341/1733
f 1262/1201/1733 1336/1330/1733 1342/1342/1733
f 1344/1334/1899 1353/2388/1899 1345/1343/1899
f 1339/1337/1900 2445/1367/1900 1551/1344/1900
f 1338/1333/1901 2446/2386/1901 1347/1345/1901
f 1354/1347/1902 1346/1887/1902 1347/1348/1902
f 1352/1353/1903 1350/1359/2845 1284/1354/1904
f 1338/1341/1733 1346/2387/1733 1351/1335/1733
f 1340/1356/1906 1356/2389/1907 1572/1357/1907
f 1340/1356/1908 2447/1358/1908 1350/1359/1908
f 1351/1335/1909 1551/1344/1909 1552/1360/1909
f 1352/1361/1733 1355/1370/1733 1353/1362/1733
f 1353/1363/1910 1355/1368/1910 1348/1364/1910
f 1339/1337/1911 2448/1229/1913 1495/1366/1912
f 1354/1347/1914 2449/1349/1914 1348/1364/1914
f 1349/1369/1733 2448/1229/1733 1354/1336/1733
f 1275/1228/1827 2433/1630/1827 1495/1366/1915
f 1489/1371/1916 1493/1627/2052 1572/1372/1917
f 1357/1262/1733 1489/1623/1733 1356/1340/1733
f 1286/1374/1733 1273/2390/1733 1358/1375/1733
f 1360/1377/1733 1391/1393/1733 1267/1378/1733
f 1361/1380/1733 1392/1399/1733 1362/1381/1733
f 1361/1380/1733 1363/1382/1733 1370/1383/1733
f 1358/1385/1919 1273/2391/1812 1282/1239/1812
f 1359/1376/1920 2467/1416/1921 1366/1387/1921
f 1267/1210/1804 1570/1209/1804 1367/1389/1922
f 1359/1376/1920 1537/1388/1920 1285/1391/1823
f 1470/1392/1733 1378/1417/1733 1267/1378/1733
f 1363/1394/1924 1362/1445/1953 1369/1395/1925
f 1370/1397/1926 1363/1394/1924 1577/1396/1924
f 1392/1399/1927 1373/1402/1931 1559/1400/1928
f 1361/1380/1930 1374/1403/1930 1373/1402/1931
f 1364/1384/1932 1445/1706/1932 1374/1403/1930
f 1559/1400/1933 1497/1435/1933 1383/1404/1933
f 1375/1405/1934 2450/1421/1934 1376/1406/1934
f 1380/1408/1733 1382/1411/1733 1381/1409/1733
f 1375/1412/1733 1389/1436/1733 1384/1413/1733
f 1372/1401/1733 1383/1404/1733 2450/1415/1733
f 2467/1416/1733 1359/1376/1733 1358/1375/1733
f 1377/1407/1935 1388/2392/1935 1389/1418/1935
f 1379/1419/1900 2455/1704/1900 1380/1408/1900
f 1381/1420/1936 2451/2393/1936 1376/1406/1936
f 1382/1422/1937 2452/1442/1937 2451/1423/1937
f 1367/1428/1938 1569/1434/2846 1386/1429/1939
f 1387/1410/1733 1381/1409/1733 2450/1415/1733
f 1384/1431/1941 2453/2394/2847 1385/1432/1941
f 1569/1434/1943 2453/2394/1943 1384/1431/1943
f 1497/1435/1944 1379/1419/1945 1387/1410/1945
f 1389/1436/1733 1390/1443/1733 1386/1437/1733
f 1388/1438/1898 2454/2395/1898 1390/1439/1898
f 1380/1408/1946 2455/1704/2848 1558/1441/1947
f 1390/1439/1949 2454/2395/1949 2452/1442/1949
f 1368/1379/1733 1390/1443/1733 1382/1411/1733
f 1391/1393/1950 1360/1377/1951 1558/1441/1951
f 1362/1445/1953 2456/2396/2849 1385/1446/1954
f 1392/1399/1733 1372/1401/1733 2456/1414/1733
f 1407/1447/1733 1433/2397/1733 1401/1448/1733
f 1277/1232/1733 1312/1298/1733 1393/1450/1955
f 1395/1451/1733 1481/1518/1733 1396/1452/1733
f 1397/1454/1733 1431/1474/1733 1398/1455/1733
f 1296/1457/1733 1397/1454/1733 1399/1456/1733
f 1401/1459/1956 1433/2398/1957 1402/1460/1957
f 1435/1462/1958 1319/1296/1866 1606/1463/1866
f 1396/1465/1959 1579/1610/2044 1404/1466/1960
f 1405/1449/1962 1539/1607/2042 1406/1468/1963
f 1320/1211/1733 1287/1253/1733 2468/1231/1733
f 1398/1469/1964 1575/1521/1993 1408/1470/1965
f 1399/1471/1966 1408/1470/1965 1574/1472/1832
f 1431/1474/1967 1410/1478/1967 1409/1475/1968
f 1431/1474/1967 1397/1454/1969 1567/1477/1969
f 1397/1454/1969 1296/1457/1843 1411/1479/1843
f 1409/1475/1970 2457/1509/1970 1412/1480/1971
f 1418/1481/1972 1416/1494/1972 1423/1482/1972
f 1420/1484/1733 1422/2399/1733 1419/1485/1733
f 1418/1487/1733 1427/1510/1733 1425/1488/1733
f 1413/1476/1733 1412/1480/1733 1416/1490/1733
f 1378/1208/1803 1358/1385/1919 1365/1386/1919
f 1417/1483/1973 2458/2400/1973 1427/1492/1973
f 2461/1493/1974 2462/1710/1974 1414/1486/1974
f 1416/1494/1975 1422/2401/1975 1421/1495/1975
f 1420/1496/1976 2459/1516/1976 1421/1497/1976
f 1404/1502/1977 1499/1508/2850 1426/1503/1978
f 1419/1485/1733 1422/2399/1733 1416/1490/1733
f 1425/1505/1979 2460/2402/2851 1576/1506/1980
f 1499/1508/1981 2460/2402/1981 1425/1505/1981
f 2457/1509/1982 2461/1493/1983 1419/1485/1983
f 1427/1510/1733 1429/1517/1733 1426/1511/1733
f 1427/1512/1984 2458/2403/1984 1428/1513/1984
f 1414/1486/1985 2462/1710/2852 1430/1515/1986
f 1429/1514/1988 1428/1513/1988 2459/1516/1988
f 1424/1453/1733 1429/1517/1733 1420/1484/1733
f 1481/1518/1989 1395/1451/1990 1430/1515/1990
f 1398/1469/1964 1415/2404/2853 1576/1520/1992
f 1431/1474/1733 1413/1476/1733 1415/1489/1733
f 1432/1522/1733 1437/2405/1733 1433/1523/1733
f 1439/1525/1733 1437/2405/1733 1432/1522/1733
f 1434/1527/1733 1459/1586/1733 1439/1525/1733
f 1320/1211/1883 1602/1300/1883 1600/1528/1994
f 1364/1529/1733 1370/2406/1733 1443/1297/1733
f 1436/1530/1995 1402/1460/1957 1433/1531/1957
f 1438/1533/1996 1436/1530/1995 1437/1532/1995
f 1458/1535/1997 1438/1533/1996 1439/1534/1996
f 1407/1524/1963 1406/1709/1963 1440/1537/1999
f 1432/1522/1999 1440/1537/1999 1441/1538/2000
f 1325/1274/1885 1287/1253/1994 1600/1528/1994
f 1371/1398/1926 1313/1289/1872 1443/1540/1872
f 1447/1542/2002 2437/1707/1865 1394/1285/1865
f 1312/1288/1871 1314/1290/1871 1444/1544/2004
f 1435/1462/1958 1403/1464/1958 1445/1546/1932
f 1446/1547/2006 1462/1577/2854 1447/1542/2006
f 1448/1548/2007 2463/2407/2007 1449/1549/2007
f 1451/1551/1733 1455/2408/1733 1465/1552/1733
f 1460/1554/1733 2464/1579/1733 1450/1555/1733
f 1452/1543/1733 1450/1555/1733 1449/1557/1733
f 1391/1393/1950 1556/1444/1952 1557/1558/1921
f 1450/1559/2008 2464/1580/2008 1453/1560/2008
f 1454/1553/1974 1464/1583/1974 1561/1562/1974
f 1449/1549/2009 2463/2407/2009 1457/1563/2009
f 1455/1564/2010 1457/1563/2855 2466/1565/2011
f 1463/1570/2013 1500/1576/2856 1458/1571/2014
f 1449/1557/1733 1455/2408/1733 1451/1551/1733
f 1460/1573/2016 2465/2049/2017 1578/1574/2017
f 1460/1573/2018 1461/1575/2018 1500/1576/2018
f 1451/1551/2019 1561/1562/2019 1462/1577/2019
f 1463/1578/1733 1466/1587/1733 2464/1579/1733
f 2464/1580/2020 1466/1585/2020 1456/1581/2020
f 1454/1553/2021 1434/1527/2857 1467/1582/2022
f 1465/1584/2023 2466/2409/2858 1456/1581/2024
f 1459/1586/1733 1434/1527/1733 1465/1552/1733
f 1442/1526/2001 1441/1538/2000 1467/1582/2026
f 1393/1545/2005 1444/1544/2004 1578/1588/2027
f 1394/1285/1733 1393/1450/1955 2465/1556/1733
f 1323/1304/1884 1322/1303/1884 1468/1590/2029
f 1288/1255/1733 1323/1304/1733 1469/1591/1733
f 1557/1558/2030 1555/1592/2031 1342/1342/2031
f 1470/1392/1733 1342/1342/1733 1469/1591/1733
f 1366/1387/2032 2467/1416/2032 1469/1591/2032
f 1343/1244/1817 1342/1342/2033 1555/1592/2033
f 1277/1232/1733 2468/1231/1733 1472/1254/1733
f 1606/1463/2035 1319/1296/2036 1472/1254/2036
f 1316/1294/1878 2468/1231/1854 2430/1594/1854
f 1474/1596/2038 1565/1611/2038 1477/1597/2038
f 1330/1313/1733 1329/1320/1733 1476/1600/1733
f 1329/1320/1891 1328/1319/1891 1540/1601/2039
f 1481/1518/1989 1566/1519/1991 1474/1596/2040
f 1479/1602/2041 1401/1459/1956 1580/1461/1956
f 2469/1604/1733 1405/1449/1733 1401/1448/1733
f 1478/1598/1733 1479/1605/1733 1396/1452/1733
f 1405/1449/1962 2469/1604/2040 1482/1606/2040
f 1311/1218/1733 1475/1599/1733 1477/1597/1733
f 1311/1218/1870 1310/1287/1869 1605/1608/2043
f 1330/1313/1888 1475/1599/2043 1605/1608/2043
f 1479/1602/2041 1480/1603/2041 1579/1610/2044
f 1478/1598/1733 1477/1597/1733 1476/1600/1733
f 1482/1606/2045 2469/1604/2045 1476/1600/2045
f 1483/1282/1860 1477/1597/2039 1565/1611/2039
f 1554/1613/2047 1553/1628/2047 1485/1614/2047
f 1335/1322/1733 1334/1329/1733 1486/1617/1733
f 1334/1329/1896 1542/1328/1896 1541/1618/2048
f 1357/1262/1836 2435/1703/2843 1554/1613/2049
f 1487/1619/2050 1278/1260/1834 1290/1259/1833
f 2470/1621/1733 1297/1235/1733 1278/1234/1733
f 1488/1615/1733 1487/1622/1733 1489/1623/1733
f 1297/1235/1842 2470/1621/2049 1607/1624/2049
f 1271/1222/1733 1492/1616/1733 1485/1614/1733
f 1271/1222/1852 1584/1276/1852 1491/1625/2051
f 1335/1322/1892 1492/1616/2051 1491/1625/2051
f 1487/1619/2050 1573/1620/2050 1493/1627/2052
f 1488/1615/1733 1485/1614/1733 1486/1617/1733
f 1607/1624/2053 2470/1621/2053 1486/1617/2053
f 1490/1271/1847 1485/1614/2048 1553/1628/2048
f 1506/1641/303 2471/2410/303 1503/1637/303
f 1508/1643/303 2472/2411/303 1589/1644/303
f 1509/1645/302 2473/1722/302 1510/1636/302
f 2471/1647/2061 2474/2094/2859 1587/1648/2062
f 1516/1649/302 1504/1639/302 1511/1638/302
f 1517/1651/1788 1588/1658/1788 1513/1652/1788
f 2474/1654/1790 1518/2098/2064 1514/1635/2064
f 1515/1655/2065 1513/1652/2860 1504/1639/2066
f 1508/1657/2067 1505/1640/2861 1588/1658/2862
f 1518/1660/2070 2475/2412/2072 1510/1636/2071
f 1521/1661/1772 1522/1667/1772 1520/1662/1772
f 1524/1664/2073 1519/1663/2073 1520/1662/2073
f 1523/1666/2074 2476/2413/2074 1522/1667/2074
f 2476/1668/2075 2477/2414/2075 1520/1662/2075
f 1523/1669/2076 1521/1661/2076 1519/1663/2076
f 2480/1671/1772 1529/1677/1772 1528/1672/1772
f 1525/1674/2077 2478/1673/2077 1528/1672/2077
f 1526/1676/2078 1527/2109/2863 1529/1677/2078
f 1527/1678/2079 2479/2111/2079 1528/1672/2079
f 1526/1679/2864 2480/1671/2864 2478/1673/2864
f 2482/1741/2130 2481/2415/2130 2483/1128/2130
f 2483/1128/2130 2481/2415/2130 2484/1744/2130
f 1609/1746/2133 2482/1138/2133 2486/1137/2133
f 1621/1143/2865 2483/1128/2865 1614/1745/2865
f 1616/1752/2866 2481/2416/2866 2482/1138/2866
f 1617/1750/2130 2486/1147/2130 2482/1741/2130
f 2485/1149/2137 2484/2380/2137 1619/1148/2137
f 2484/1744/2130 2485/1127/2130 1640/1743/2130
f 2484/1753/2140 2481/2416/2141 1616/1752/2141
f 1620/1742/2142 2483/1128/2867 1621/1755/2142
f 1622/1756/2143 2485/1149/2143 1618/1150/2143
f 1610/1757/2868 2486/1158/2868 1622/1756/2868
f 1624/1760/2146 2487/1771/2146 1625/1762/2146
f 1627/1758/2147 1624/1760/2148 1626/1764/2148
f 1632/1766/2149 1635/1774/2149 1629/1767/2149
f 1630/1769/2150 1629/1767/2150 1627/1758/2150
f 2487/1771/2151 2488/1779/2869 1631/1772/2151
f 1631/1773/2870 2488/1779/2870 1635/1774/2870
f 1633/1776/2153 2489/1178/2153 1636/1177/2153
f 1638/1778/2130 1637/1761/2130 1629/1767/2130
f 1633/1759/2130 1634/1780/2154 2487/1771/2154
f 2491/1181/2130 2490/1182/2130 1636/1177/2130
f 2490/1182/2155 2491/1181/2156 1637/1183/2156
f 1637/1781/2157 2491/1181/2157 2489/1178/2157
f 1636/1177/2158 2490/1182/2158 1638/1186/2158
f 1611/1139/2130 1622/1126/2130 2486/1147/2130
f 2493/1189/2160 2492/1784/2160 1611/1139/2160
f 2492/1784/2147 2493/1189/2161 1921/1190/2161
f 1641/1785/2162 2494/1812/2162 1642/1786/2162
f 1642/1786/2162 2494/1812/2162 1662/1788/2162
f 1695/1790/2162 2495/1204/2162 1697/1198/2162
f 1662/1788/2162 1663/1244/2162 1643/1792/2162
f 1697/1198/2162 2495/1204/2162 1644/1203/2162
f 1645/1794/2162 2496/1846/2162 1646/1795/2162
f 1951/1797/2163 2497/2142/2871 1838/1208/2164
f 1644/1203/2162 2498/1294/2162 1648/1799/2162
f 1646/1795/2162 2496/1846/2162 1649/1213/2162
f 1650/1215/2162 1669/1824/2162 1651/1800/2162
f 1649/1213/2162 2499/1282/2162 1694/1802/2162
f 1652/1801/2162 1651/1800/2162 1653/1803/2162
f 1653/1803/2162 1684/1839/2162 1687/1805/2162
f 1655/1806/2162 1739/1822/2162 1744/1225/2162
f 1655/1806/2162 1660/1807/2162 1656/1227/2162
f 1734/1808/2162 1657/1228/2162 1656/1227/2162
f 1672/1809/2165 2500/2060/2165 1691/1230/2165
f 1681/1233/2162 1682/1837/2162 1858/1234/2162
f 1641/1785/2166 1931/1862/2240 1659/1811/2167
f 1660/1813/2169 1744/2417/2170 1661/1814/2170
f 2494/1812/2168 1659/1811/2167 1867/1816/2172
f 1656/1817/2173 1660/1813/2169 1947/1815/2171
f 1867/1816/2172 1933/2132/2872 1663/1244/2174
f 1664/1819/2175 1971/2154/2176 1665/1787/2176
f 1656/1817/2173 1948/1818/2173 1666/1820/2178
f 1655/1806/2180 1926/1250/2184 1667/1248/2181
f 1668/1789/2182 2501/2115/2182 1664/1819/2175
f 1657/1228/2183 1865/1897/2183 1926/1250/2184
f 1679/1823/2162 1680/1267/2162 1669/1824/2162
f 1670/1825/2185 2501/2115/2182 1668/1789/2182
f 1703/1255/2186 1974/1257/2873 1674/1827/2187
f 1675/1829/2188 1858/2073/2400 1953/1830/2189
f 1676/1262/2190 2502/2131/2190 1930/1832/2191
f 1678/1833/2192 1974/1257/2873 1703/1255/2186
f 1680/1267/2194 2503/1702/2194 1927/1835/2195
f 1681/1233/2197 1945/1739/2197 1918/1836/2198
f 1927/1835/2195 1928/1270/2874 1651/1800/2199
f 1651/1800/2199 1928/1270/2874 1683/1838/2200
f 1683/1838/2200 2504/2130/2875 1684/1839/2201
f 1652/1801/2202 1874/1273/2206 1966/1840/2203
f 1673/1826/2162 1706/1844/2162 1685/1841/2162
f 1654/1804/2205 2505/2081/2205 1874/1273/2206
f 1686/1842/2207 2505/2081/2205 1654/1804/2205
f 1915/1843/2208 1705/1864/2209 1706/1844/2209
f 1688/1845/2210 2506/2137/2876 2496/1846/2211
f 2496/1846/2211 2506/2137/2876 1870/1847/2213
f 1870/1847/2213 2507/2138/2877 2499/1282/2214
f 1646/1795/2215 1693/1284/2221 1689/1848/2216
f 1691/1230/2218 1938/1707/2878 1776/1285/2219
f 1692/1219/2220 1911/1286/2879 1693/1284/2221
f 1912/1287/2222 1911/1286/2879 1692/1219/2220
f 1842/1849/2223 2508/2148/2223 1958/1850/2224
f 1695/1790/2225 1943/1869/2244 1869/1291/2226
f 2495/1204/2227 1869/1291/2226 1940/1851/2228
f 1940/1851/2228 1937/1595/2880 2498/1294/2229
f 1909/1852/2230 2509/2159/2881 1696/1791/2231
f 1843/1853/2162 1842/2059/2162 1698/1297/2162
f 1700/1793/2233 1907/1299/2233 1909/1852/2230
f 1701/1300/2234 1907/1299/2233 1700/1793/2233
f 1650/1215/2204 1966/1840/2203 1678/1855/2192
f 1913/1856/2236 2503/1684/2194 1680/1857/2194
f 1702/1858/2162 1680/1857/2162 1679/1834/2162
f 1704/1859/2162 2510/1861/2162 1641/1785/2162
f 1970/1306/2237 1976/2162/2238 1685/1841/2238
f 2510/1861/2239 2511/2134/2239 1931/1862/2240
f 1665/1787/2176 1971/2154/2176 1970/1863/2237
f 1705/1864/2209 2511/1736/2239 2510/1865/2239
f 1706/1844/2162 2510/1865/2162 1704/1860/2162
f 1708/1312/2162 1709/1868/2162 1695/1790/2162
f 1985/1866/2241 1983/2165/2242 1707/1313/2242
f 1709/1868/2243 1941/1708/2243 1943/1869/2244
f 1696/1791/2231 2509/2159/2881 1985/1317/2241
f 1710/1870/2245 1941/1737/2243 1709/1871/2243
f 1711/1872/2162 1709/1871/2162 1708/1867/2162
f 1712/1321/2162 1714/1876/2162 1645/1794/2162
f 1979/1873/2246 2512/1626/2247 1713/1874/2247
f 1714/1876/2248 2513/2139/2248 1688/1845/2210
f 1690/1796/2217 1689/1848/2216 1979/1326/2246
f 1919/1328/2249 2513/1738/2248 1714/1877/2248
f 1715/1329/2162 1714/1877/2162 1712/1875/2162
f 1674/1827/2187 1670/1825/2185 1643/1792/2185
f 1930/1832/2250 1731/1894/2250 1716/1331/2250
f 1717/1878/2251 1724/1884/2251 1718/1879/2251
f 1720/1336/2162 2514/2418/2162 1723/1335/2162
f 1719/1339/2162 1733/1362/2162 1728/1880/2162
f 1677/1263/2162 1716/1331/2162 1717/1881/2162
f 1643/1792/2162 1663/1244/2162 1841/1882/2162
f 1719/1334/2252 1718/1879/2252 1726/1343/2252
f 2516/1344/2253 1864/2076/2253 1722/1337/2253
f 1717/1878/2254 2514/2419/2254 1725/1345/2254
f 1720/1885/2255 2515/2420/2255 1725/1886/2255
f 1666/1888/2256 1730/1893/2882 1732/1889/2257
f 1723/1335/2162 2514/2418/2162 1717/1881/2162
f 1728/1356/2259 1952/2421/2259 1729/1891/2260
f 1730/1893/2261 1952/2421/2261 1728/1356/2261
f 1731/1894/2262 2516/1344/2262 1723/1335/2262
f 1733/1362/2162 1735/1370/2162 1732/1361/2162
f 1733/1895/2263 1726/2422/2263 1727/1896/2263
f 1722/1337/2264 1864/2076/2883 1866/1366/2265
f 1727/1896/2267 2515/2420/2267 1720/1885/2267
f 1658/1369/2162 1735/1370/2162 1720/1336/2162
f 1657/1228/2183 1734/1808/2884 1866/1366/2268
f 1737/1898/2269 2517/2423/2885 1729/1899/2270
f 1676/1262/2162 1677/1263/2162 2517/1340/2162
f 1738/1375/2162 1744/2424/2162 1739/1902/2162
f 2522/1904/2162 1767/1957/2162 1647/1905/2162
f 1741/1907/2162 1748/1382/2162 1742/1908/2162
f 1749/1910/2162 1748/1382/2162 1741/1907/2162
f 1738/1912/2272 1949/1983/2325 1661/1814/2170
f 1740/1903/2273 1914/1388/2273 1745/1914/2274
f 1762/1915/2275 1951/1797/2163 1647/1798/2163
f 1667/1917/2181 1914/1388/2273 1740/1903/2273
f 1647/1905/2162 1838/2057/2162 1747/1918/2162
f 1748/1919/2277 1957/1923/2277 1955/1920/2278
f 1749/1922/2280 1815/2031/2280 1957/1923/2277
f 1936/1400/2281 1932/1402/2284 1750/1909/2282
f 1932/1402/2284 1751/1925/2285 1741/1907/2285
f 1751/1925/2285 1935/2135/2286 1743/1911/2286
f 1752/1926/2287 1868/1948/2287 1936/1400/2287
f 1754/1405/2288 1761/1937/2288 1760/1927/2288
f 1757/1929/2162 1759/1410/2162 2519/1930/2162
f 1763/1932/2162 1756/1950/2162 1754/1933/2162
f 1753/1924/2162 1754/1933/2162 1755/1935/2162
f 1746/1416/2162 1838/2057/2162 1738/1375/2162
f 1756/1936/2289 2518/2425/2289 1761/1937/2289
f 1757/1929/2253 1766/1955/2253 1758/1419/2253
f 1760/1927/2290 1922/2426/2290 2519/1938/2290
f 2523/1939/2291 2519/2427/2291 1922/1940/2291
f 1764/1943/2292 1950/1434/2886 1762/1428/2293
f 1755/1935/2162 2519/1930/2162 1759/1410/2162
f 1763/1945/2295 1770/2428/2887 1956/1946/2295
f 1763/1945/2297 2520/1947/2297 1950/1434/2297
f 1759/1410/2298 1758/1419/2888 1868/1948/2299
f 1764/1949/2162 1768/1443/2162 1756/1950/2162
f 1768/1951/2251 2521/1956/2251 2518/1952/2251
f 1757/1929/2300 2522/1904/2889 1765/1954/2301
f 1768/1951/2302 2523/1939/2302 1923/1941/2302
f 1767/1957/2162 2522/1904/2162 2523/1931/2162
f 1769/1906/2303 1934/2133/2890 1765/1954/2304
f 1742/1921/2279 1955/1920/2278 1956/1958/2305
f 1750/1909/2162 1742/1908/2162 1770/1934/2162
f 1771/1960/2162 1807/2429/2162 1772/1961/2162
f 1774/1450/2162 1842/2059/2162 1775/1232/2162
f 2532/1962/2162 1804/2008/2162 1780/1452/2162
f 1777/1963/2162 1784/1965/2162 1783/1455/2162
f 1681/1457/2162 1675/2430/2162 1784/1965/2162
f 1771/1966/2307 1847/1461/2307 1779/1460/2308
f 1699/1854/2309 1817/1464/2309 1987/1463/2218
f 1961/1968/2310 1960/2067/2311 1780/1969/2311
f 1781/1971/2313 1916/1607/2891 1773/1449/2314
f 1648/1799/2162 2498/1294/2162 1672/1809/2162
f 1782/1972/2315 2524/2147/2892 1783/1973/2316
f 1954/1831/2188 1782/1972/2315 1784/1974/2317
f 1946/1475/2318 2525/2136/2319 1778/1964/2319
f 1778/1964/2319 2525/2136/2319 1944/1976/2320
f 1777/1963/2320 1944/1976/2320 1945/1479/2197
f 1790/1977/2321 2526/2002/2321 1946/1475/2322
f 1791/1481/2323 2527/1985/2323 1794/1482/2323
f 1798/1978/2162 2528/2431/2162 1787/1979/2162
f 1795/1981/2162 1799/2003/2162 1791/1487/2162
f 1785/1476/2162 1791/1487/2162 1786/1490/2162
f 1838/1208/2164 2497/2142/2871 1949/1983/2325
f 1799/1984/2326 1801/2432/2326 2527/1985/2326
f 1788/1980/2327 2529/2007/2327 2531/1986/2327
f 1786/1494/2328 1794/1482/2328 1792/1987/2328
f 1787/1989/2329 2528/2433/2329 1792/1990/2329
f 1797/1995/2330 1796/2001/2893 1961/1996/2331
f 1786/1490/2162 2528/2431/2162 1798/1978/2162
f 1795/1998/2333 1789/2434/2894 1806/1999/2334
f 1795/1998/2335 2530/2000/2335 1796/2001/2335
f 1798/1978/2336 2531/1986/2336 2526/2002/2337
f 1797/1511/2162 1803/2009/2162 1799/2003/2162
f 1799/1512/2338 1803/1514/2338 1800/2004/2338
f 1788/1980/2339 2532/1962/2895 1802/2006/2340
f 1803/1514/2342 1787/1989/2342 1793/1991/2342
f 1804/2008/2162 2532/1962/2162 1787/1979/2162
f 1805/1518/2343 2533/1519/2896 1802/2006/2344
f 1783/1973/2316 2524/2147/2892 1806/2010/2345
f 1778/1964/2162 1783/1455/2162 1789/1982/2162
f 1813/2012/2162 1772/1524/2162 1807/2013/2162
f 1813/2012/2162 1810/2014/2162 1808/2015/2162
f 1834/2016/2162 1809/1526/2162 1808/2015/2162
f 1978/2018/2347 1701/1300/2234 1648/1799/2235
f 1743/2019/2162 1699/1854/2162 1698/1297/2162
f 1807/2021/2308 1779/1460/2308 1963/2022/2348
f 1810/2023/2348 1963/2022/2348 1811/2024/2349
f 1808/2025/2350 1811/2024/2349 1826/2026/2351
f 1772/1524/2313 1813/2012/2353 1942/2028/2353
f 1813/2012/2353 1809/1526/2379 1814/2030/2354
f 1685/1841/2238 1976/2162/2238 1978/2018/2347
f 1698/1540/2224 1958/1850/2224 1815/2031/2280
f 1776/1285/2219 1938/1707/2878 1939/1542/2355
f 1816/2034/2357 2508/2148/2223 1842/1849/2223
f 1699/1854/2309 1743/2019/2286 1935/2036/2286
f 1939/1542/2359 1828/1577/2897 1818/2037/2359
f 1824/1549/2360 1924/2046/2360 1925/1548/2360
f 1835/1552/2162 2534/2435/2162 1829/2038/2162
f 1819/1555/2162 1823/2051/2162 1827/2039/2162
f 1821/2033/2162 1818/2037/2162 1824/2041/2162
f 1837/2042/2361 1934/2133/2890 1769/1906/2303
f 1819/2043/2362 1925/2436/2362 1822/2044/2362
f 2535/1562/2327 2536/2077/2327 1832/1553/2327
f 1824/1549/2363 2534/1564/2898 1825/1563/2363
f 2537/1565/2364 1825/1563/2899 2534/1564/2365
f 1826/1571/2367 1872/2050/2900 1830/2047/2368
f 1829/2038/2162 2534/2435/2162 1824/2041/2162
f 1827/2048/2369 1871/2437/2369 1959/1574/2370
f 1872/2050/2371 1871/2437/2371 1827/2048/2371
f 1828/1577/2341 2535/1562/2341 1829/2038/2341
f 1823/2051/2162 1836/2054/2162 1830/1578/2162
f 1823/2045/2372 1822/2044/2372 1831/2052/2372
f 1832/1553/2373 2536/2077/2336 1833/2053/2374
f 1831/2052/2376 2537/2438/2901 1835/1584/2377
f 1812/2017/2162 1836/2054/2162 1835/1552/2162
f 1809/1526/2379 1834/2016/2380 1833/2053/2380
f 1774/2035/2358 1820/2439/2902 1959/2055/2381
f 1776/1285/2162 1821/2033/2162 1820/2040/2162
f 1986/1590/2382 1913/1856/2236 1702/1858/2236
f 1839/2056/2162 1702/1858/2162 1703/1255/2162
f 1841/1882/2383 1840/2058/2383 1837/2042/2384
f 1839/2056/2162 1841/1882/2162 1747/1918/2162
f 1745/1914/2385 1986/1590/2385 1839/2056/2385
f 1663/1244/2174 1933/2132/2872 1840/2058/2386
f 1673/1826/2162 1672/1809/2162 1775/1232/2162
f 1987/1463/2387 1915/1843/2388 1673/1826/2388
f 2498/1294/2229 1937/1595/2880 2500/2060/2208
f 1853/2061/2389 2538/1611/2389 1846/2062/2389
f 1845/2064/2162 1711/1872/2162 1707/1313/2162
f 1917/1601/2390 1710/1870/2245 1711/1872/2245
f 1846/2062/2391 2533/1519/2896 1805/1518/2343
f 1851/2065/2392 1962/2149/2392 1847/1461/2307
f 1848/1604/2162 1851/1605/2162 1771/1960/2162
f 1780/1452/2162 1851/1605/2162 1844/2063/2162
f 1773/1449/2314 1916/1607/2891 1852/1606/2391
f 1694/1802/2162 2499/1282/2162 1853/2061/2162
f 1849/2066/2393 1912/1287/2222 1694/1802/2222
f 1707/1313/2242 1983/2165/2242 1849/2066/2393
f 1960/2067/2311 1962/2149/2392 1851/2065/2392
f 1845/2064/2162 1853/2061/2162 1844/2063/2162
f 1852/1606/2394 1917/1601/2394 1845/2064/2394
f 2499/1282/2214 2507/2138/2877 2538/1611/2390
f 1863/2068/2395 2539/2075/2395 1929/2069/2395
f 1855/1617/2162 1715/1329/2162 1713/1874/2162
f 1856/2071/2396 1919/1328/2249 1715/1329/2249
f 1929/2069/2397 2502/2131/2190 1676/1262/2190
f 1857/2072/2399 2540/2144/2399 1953/1830/2189
f 1859/1621/2162 1857/2074/2162 1858/1234/2162
f 1737/1901/2162 1857/2074/2162 1854/1615/2162
f 1682/1837/2198 1918/1836/2198 1862/1624/2397
f 1687/1805/2162 1684/1839/2162 1863/2068/2162
f 1860/1625/2401 1686/1842/2207 1687/1805/2207
f 1713/1874/2247 2512/1626/2247 1860/1625/2401
f 1736/1900/2271 2540/2144/2399 1857/2072/2399
f 1855/1617/2162 1863/2068/2162 1854/1615/2162
f 1862/1624/2402 1856/2071/2402 1855/1617/2402
f 1684/1839/2201 2504/2130/2875 2539/2075/2396
f 1876/2086/303 2541/2153/303 1877/2082/303
f 1891/2088/303 2542/1640/303 1878/1644/303
f 1880/2083/302 2543/1722/302 1881/2090/302
f 1882/2092/2408 1877/2082/2410 1968/2093/2409
f 1883/2084/302 1875/2085/302 1884/1649/302
f 1886/2096/2146 1969/1658/2146 1892/1651/2146
f 1888/1654/2149 1968/2093/2149 1889/1635/2149
f 1875/2085/2412 1886/2096/2413 1887/1655/2413
f 1969/1658/2415 2542/1640/2903 1891/2099/2416
f 1890/2101/2418 1889/1635/2418 1880/2083/2419
f 1894/1661/2130 1899/1663/2130 1897/1662/2130
f 1897/1662/2420 1899/1663/2420 1900/2104/2420
f 1895/1666/2421 1894/1661/2421 2544/2103/2421
f 1896/1668/2904 2544/2103/2904 1897/1662/2904
f 1899/1663/2423 1894/1661/2424 1895/2107/2424
f 2547/1671/2130 2545/2112/2130 1904/2108/2130
f 1904/2108/2425 2545/2112/2425 1905/1674/2425
f 1902/1676/2426 2547/1671/2426 2546/1677/2426
f 1903/2110/2427 2546/1677/2427 1904/2108/2427
f 2545/2112/2428 2547/1671/2429 1902/1679/2429
f 2001/2166/2478 1990/2170/2482 1988/2167/2479
f 1995/2169/2481 2548/2184/2481 1990/2170/2482
f 1991/2173/2484 1992/2174/2485 2032/2440/2483
f 1992/2174/2485 2008/2191/2483 2032/2440/2483
f 1991/2173/2484 2032/2440/2483 2041/2171/2483
f 1992/2174/2485 1991/2173/2484 1998/2175/2486
f 1993/2177/2487 2549/2441/2905 1994/2178/2488
f 1995/2169/161 2001/2166/161 1996/2179/161
f 1998/2175/2490 1991/2173/2496 1999/2181/2495
f 2001/2166/161 1989/2168/2489 1994/2178/2488
f 1990/2170/2491 2003/2185/2491 2002/2183/2492
f 2548/2184/2491 2550/2442/2491 2003/2185/2491
f 2043/2172/2494 2551/2443/2906 1999/2181/2495
f 2004/2176/161 2552/2444/161 2005/2186/161
f 1993/2177/2497 1989/2168/2480 2038/2188/2497
f 1989/2168/2480 1988/2167/2479 2006/2187/2497
f 1988/2167/2479 2558/2189/2497 2006/2187/2497
f 2558/2189/2498 1988/2167/2493 2002/2183/2492
f 2008/2191/161 1992/2174/161 2005/2186/161
f 2011/2195/2501 2020/2201/2506 2010/2193/2499
f 2020/2201/2506 2563/2217/2500 2560/2445/2500
f 2010/2193/2499 2020/2201/2506 2560/2445/2500
f 2012/2196/2907 2011/2195/2505 2013/2197/2504
f 2015/2199/161 2553/2446/161 2016/2200/161
f 2017/2194/2503 2554/2447/2908 2013/2197/2504
f 2021/2202/161 2557/2448/161 2018/2203/161
f 2020/2201/2506 2011/2195/2501 2012/2196/2507
f 2022/2205/2509 2555/2210/2509 2025/2206/2510
f 2022/2205/161 2021/2207/161 2019/2208/161
f 2555/2210/2511 2556/2449/2511 2024/2211/2512
f 2565/2212/2909 2025/2215/2513 2024/2213/2512
f 2025/2215/2510 2565/2212/2515 2030/2216/2515
f 2030/2216/2515 2562/2450/2515 2557/2448/2515
f 2557/2448/2515 2021/2202/2510 2030/2216/2515
f 2563/2217/161 2020/2201/161 2016/2200/161
f 2006/2219/2516 2558/2451/2910 2028/2220/2516
f 2030/2222/2518 2559/2245/2518 2031/2223/2518
f 2010/2225/2519 2560/2237/2519 2040/2226/2519
f 2032/2228/2520 2008/2452/2521 2033/2229/2520
f 2010/2225/2522 2561/2227/2911 2035/2231/2523
f 2557/2233/2912 2562/2224/2913 2031/2223/2524
f 2006/2219/2526 2029/2221/2526 2037/2235/2526
f 2560/2237/2527 2563/2453/2914 2039/2238/2528
f 2041/2239/2530 2564/2246/2530 2042/2240/2531
f 2038/2236/2532 2037/2235/2915 2044/2242/2532
f 2030/2222/2534 2565/2454/2916 2045/2244/2535
f 2032/2228/2537 2034/2230/2537 2564/2246/2537
f 2058/2166/2538 2059/2170/2541 2061/2167/2539
f 2052/2169/2540 2566/2184/2540 2059/2170/2541
f 2048/2173/2543 2049/2174/2543 2567/2440/2542
f 2049/2174/2543 2578/2191/2542 2567/2440/2542
f 2048/2173/2543 2567/2440/2542 2047/2171/2542
f 2049/2174/2543 2048/2173/2543 2055/2175/2544
f 2101/2177/2545 2568/2441/2917 2051/2178/2546
f 2052/2169/161 2058/2166/161 2053/2179/161
f 2055/2175/2547 2048/2173/2553 2056/2181/2552
f 2058/2166/161 2046/2168/2546 2051/2178/2546
f 2059/2170/2548 2062/2185/2548 2060/2183/2549
f 2566/2184/2548 2569/2442/2548 2062/2185/2548
f 2063/2172/2551 2570/2443/2551 2056/2181/2552
f 2050/2176/161 2571/2444/161 2064/2186/161
f 2101/2177/2554 2046/2168/2539 2065/2188/2554
f 2046/2168/2539 2061/2167/2539 2087/2187/2554
f 2061/2167/2539 2572/2189/2554 2087/2187/2554
f 2572/2189/2555 2061/2167/2550 2060/2183/2549
f 2578/2191/161 2049/2174/161 2064/2186/161
f 2073/2195/2558 2077/2201/2563 2068/2193/2556
f 2077/2201/2563 2580/2217/2557 2573/2445/2557
f 2068/2193/2556 2077/2201/2563 2573/2445/2557
f 2078/2196/2918 2073/2195/2562 2069/2197/2561
f 2079/2199/161 2574/2446/161 2071/2200/161
f 2072/2194/2560 2575/2447/2919 2069/2197/2561
f 2074/2202/161 2577/2448/161 2075/2203/161
f 2077/2201/2563 2073/2195/2558 2078/2196/2564
f 2074/2207/2920 2081/2205/2567 2080/2210/2567
f 2081/2205/161 2074/2207/161 2076/2208/161
f 2080/2210/2568 2576/2449/2568 2083/2211/2569
f 2582/2212/2921 2084/2215/2570 2083/2213/2569
f 2084/2215/2566 2582/2212/2572 2089/2216/2572
f 2089/2216/2572 2091/2450/2572 2577/2448/2572
f 2577/2448/2572 2074/2202/2566 2089/2216/2572
f 2580/2217/161 2077/2201/161 2071/2200/161
f 2087/2219/2573 2572/2451/2922 2088/2220/2573
f 2089/2222/2575 2103/2245/2575 2090/2223/2575
f 2068/2225/2576 2573/2237/2576 2098/2226/2576
f 2567/2228/2577 2578/2452/2578 2093/2229/2578
f 2068/2225/2579 2092/2227/2923 2094/2231/2580
f 2577/2233/2924 2091/2224/2925 2090/2223/2581
f 2087/2219/2583 2579/2221/2583 2096/2235/2583
f 2573/2237/2584 2580/2453/2926 2097/2238/2584
f 2047/2239/2586 2581/2246/2586 2099/2240/2587
f 2065/2236/2588 2096/2235/2927 2100/2242/2588
f 2089/2222/2590 2582/2454/2928 2102/2244/2591
f 2567/2228/2929 2583/2230/2929 2581/2246/2929
f 2666/999/2930 2665/1000/2930 2688/1001/2930
f 2584/1002/2931 2665/1000/2932 2587/1003/2931
f 2663/1004/2933 2585/1005/2933 2586/1006/2933
f 2587/1003/2934 2586/1007/2934 2585/1005/2934
f 2588/1008/2935 2661/1009/2935 2686/1010/2935
f 2589/1011/2936 2661/1012/2936 2588/1013/2936
f 2590/1014/2937 2592/1015/2937 2591/1016/2937
f 2592/1015/2938 2667/1017/2938 2593/1018/2938
f 2599/1019/2939 2596/1020/2939 2594/1021/2939
f 2597/1022/2940 2595/1023/2940 2600/1024/2940
f 2596/1020/2941 2595/1023/2941 2598/1025/2941
f 2597/1026/2942 2596/1020/2942 2598/1025/2942
f 2595/1023/2943 2599/1027/2943 2600/1028/2943
f 2601/1029/2944 2605/1030/2944 2604/1031/2944
f 2602/1032/2945 2603/1033/2945 2604/1034/2945
f 2605/1035/2946 2669/1036/2946 2659/1037/2946
f 2602/1038/2947 2685/1039/2947 2660/1040/2947
f 2619/1041/2948 2606/1042/2949 2620/1043/2948
f 2607/1044/2950 2608/1045/2951 2629/1046/2952
f 2609/1047/161 2611/1048/161 2610/1049/161
f 2611/1048/2953 2612/1050/2953 2613/1051/2953
f 2675/1052/2954 2616/1053/2955 2614/1054/2955
f 2615/1055/160 2674/1056/2956 2628/1057/2956
f 2673/1058/2957 2627/1059/2958 2674/1056/2957
f 2616/1060/161 2617/1061/161 2614/1054/161
f 2618/1062/160 2619/1041/160 2620/1063/1733
f 2615/1055/160 2621/1064/160 2622/1065/160
f 2675/1052/2959 2623/1066/2960 2624/1067/2959
f 2625/1068/161 2610/1049/161 2617/1061/161
f 2622/1065/160 2626/1069/160 2618/1062/160
f 2627/1059/2959 2623/1066/2960 2628/1057/2961
f 2613/1051/2962 2629/1046/2962 2630/1070/2963
f 2628/1057/2961 2631/1071/2964 2621/1064/2965
f 2631/1071/2964 2626/1069/2966 2621/1064/2965
f 2617/1061/2967 2623/1066/2960 2614/1054/2968
f 2617/1061/2967 2630/1070/2963 2631/1071/2964
f 2630/1070/2963 2629/1046/2962 2608/1045/2962
f 2632/1072/2969 2627/1059/2970 2633/1073/2971
f 2612/1074/2972 2629/1046/2952 2613/1051/2972
f 2672/1075/2973 2624/1067/2974 2632/1072/2969
f 2657/1076/303 2634/1077/303 2635/1078/303
f 2638/1079/303 2636/1080/303 2637/1081/303
f 2679/1082/2975 2656/1083/2975 2658/1084/2975
f 2640/1085/2976 2638/1086/2977 2639/1087/2978
f 2640/1088/2979 2642/1089/2979 2644/1090/2979
f 2637/1081/303 2641/1091/303 2676/1092/303
f 2642/1093/303 2643/1094/303 2644/1095/303
f 2638/1079/303 2643/1094/303 2645/1096/303
f 2656/1097/303 2641/1091/303 2634/1077/303
f 2647/1098/2980 2646/1099/2981 2637/1100/2982
f 2637/1081/2983 2677/1101/2983 2638/1079/2983
f 2647/1102/295 2677/1103/295 2646/1104/295
f 2654/1105/303 2648/1106/303 2649/1107/303
f 2684/1108/296 2681/1109/296 2649/1107/296
f 2650/1110/2984 2654/1105/2984 2682/1111/2984
f 2651/1112/2985 2680/1113/2985 2648/1106/2985
f 2652/1114/2979 2649/1107/2979 2680/1113/2979
f 2653/1115/2975 2682/1111/2975 2681/1109/2975
f 2683/1116/295 2648/1106/295 2654/1105/295
f 2655/1117/2986 2656/1097/2986 2657/1076/2986
f 2658/1118/296 2655/1119/296 2657/1120/296
f 2659/1037/2987 2669/1036/2987 2601/1029/2987
f 2601/1029/2988 2660/1040/2988 2659/1037/2988
f 2591/1016/2989 2661/1012/2990 2662/1121/2991
f 2686/1010/2992 2592/1015/2992 2593/1018/2992
f 2663/1122/2993 2584/1002/2993 2664/1123/2993
f 2687/1124/2994 2665/1000/2994 2584/1002/2994
f 2666/999/2930 2587/1003/2930 2665/1000/2930
f 2585/1005/2931 2664/1123/2931 2587/1003/2931
f 2664/1123/2931 2584/1002/2931 2587/1003/2931
f 2663/1004/2933 2664/1123/2933 2585/1005/2933
f 2587/1003/2934 2666/2348/2934 2586/1007/2934
f 2593/1018/2995 2667/2349/2995 2686/1010/2995
f 2667/2349/2995 2588/1008/2995 2686/1010/2995
f 2589/1011/2936 2662/1121/2936 2661/1012/2936
f 2662/2350/2937 2589/2351/2937 2591/1016/2937
f 2589/2351/2937 2590/1014/2937 2591/1016/2937
f 2592/1015/2938 2590/2352/2938 2667/1017/2938
f 2599/1019/2939 2668/2353/2939 2596/1020/2939
f 2597/1022/2940 2598/1025/2940 2595/1023/2940
f 2596/1020/2941 2668/2353/2941 2595/1023/2941
f 2597/1026/2942 2594/2354/2942 2596/1020/2942
f 2595/1023/2943 2668/2353/2943 2599/1027/2943
f 2604/1031/2944 2603/1033/2944 2601/1029/2944
f 2601/1029/2944 2669/1036/2944 2605/1030/2944
f 2602/1032/2945 2660/1040/2945 2603/1033/2945
f 2685/1039/2946 2670/2355/2946 2659/1037/2946
f 2670/2355/2946 2605/1035/2946 2659/1037/2946
f 2602/1038/2947 2670/2356/2947 2685/1039/2947
f 2619/1041/2948 2608/1045/2948 2606/1042/2949
f 2607/1044/2950 2606/2357/2951 2608/1045/2951
f 2609/1047/161 2671/2358/161 2611/1048/161
f 2611/1048/2953 2671/2359/2953 2612/1050/2953
f 2675/1052/2954 2672/2360/2996 2616/1053/2955
f 2615/1055/160 2673/2361/160 2674/1056/2956
f 2673/1058/2957 2633/2362/2957 2627/1059/2958
f 2616/1060/161 2625/1068/161 2617/1061/161
f 2618/1062/160 2626/1069/160 2619/1041/160
f 2615/1055/160 2628/1057/2956 2621/1064/160
f 2675/1052/2959 2614/1054/2968 2623/1066/2960
f 2625/1068/161 2609/1047/161 2610/1049/161
f 2622/1065/160 2621/1064/160 2626/1069/160
f 2628/1057/2961 2674/1056/2959 2627/1059/2959
f 2627/1059/2959 2624/1067/2959 2623/1066/2960
f 2630/1070/2963 2610/1049/2997 2611/1048/2962
f 2611/1048/2962 2613/1051/2962 2630/1070/2963
f 2628/1057/2961 2623/1066/2960 2631/1071/2964
f 2631/1071/2964 2630/1070/2963 2626/1069/2966
f 2617/1061/2967 2631/1071/2964 2623/1066/2960
f 2617/1061/2967 2610/1049/2997 2630/1070/2963
f 2619/1041/2962 2626/1069/2966 2608/1045/2962
f 2626/1069/2966 2630/1070/2963 2608/1045/2962
f 2632/1072/2969 2624/1067/2974 2627/1059/2970
f 2612/1074/2972 2607/1044/2950 2629/1046/2952
f 2672/1075/2998 2675/1052/2998 2624/1067/2999
f 2635/1078/303 2642/1093/303 2657/1076/303
f 2657/1076/303 2656/1097/303 2634/1077/303
f 2638/1079/303 2645/1096/303 2636/1080/303
f 2676/2363/2975 2656/1083/2975 2679/1082/2975
f 2656/1083/2975 2655/2364/2975 2658/1084/2975
f 2644/1090/3000 2638/1086/2977 2640/1085/2976
f 2638/1086/2977 2677/2365/3001 2639/1087/2978
f 2640/1088/2979 2678/2366/2979 2642/1089/2979
f 2637/1081/303 2636/1080/303 2641/1091/303
f 2642/1093/303 2635/1078/303 2643/1094/303
f 2638/1079/303 2644/1095/303 2643/1094/303
f 2656/1097/303 2676/1092/303 2641/1091/303
f 2637/1100/2982 2676/2363/3002 2679/2367/3003
f 2679/2367/3003 2647/1098/2980 2637/1100/2982
f 2637/1081/2983 2646/2368/2983 2677/1101/2983
f 2647/1102/295 2639/2369/295 2677/1103/295
f 2648/1106/303 2680/1113/303 2649/1107/303
f 2649/1107/303 2681/1109/303 2654/1105/303
f 2681/1109/303 2682/1111/303 2654/1105/303
f 2684/1108/296 2653/2370/296 2681/1109/296
f 2650/1110/2984 2683/2371/2984 2654/1105/2984
f 2651/1112/2985 2652/2372/2985 2680/1113/2985
f 2652/1114/2979 2684/2373/2979 2649/1107/2979
f 2653/1115/2975 2650/2374/2975 2682/1111/2975
f 2683/1116/295 2651/2375/295 2648/1106/295
f 2657/1120/296 2642/1089/296 2678/2376/296
f 2678/2376/296 2658/1118/296 2657/1120/296
f 2603/1033/2988 2660/1040/2988 2601/1029/2988
f 2660/1040/2988 2685/1039/3004 2659/1037/2988
f 2591/1016/2989 2686/1010/3005 2661/1012/2990
f 2686/1010/2992 2591/1016/2992 2592/1015/2992
f 2663/1122/2993 2687/2377/2993 2584/1002/2993
f 2687/1124/2994 2688/2378/2994 2665/1000/2994
f 2771/999/3006 2770/1000/3006 2793/1001/3006
f 2689/1002/3007 2770/1000/3008 2692/1003/3007
f 2768/1004/3009 2690/1005/3009 2691/1006/3009
f 2692/1003/3010 2691/1007/3010 2690/1005/3010
f 2693/1008/3011 2766/1009/3011 2791/1010/3011
f 2694/1011/3012 2766/1012/3012 2693/1013/3012
f 2695/1014/3013 2697/1015/3013 2696/1016/3013
f 2697/1015/3014 2772/1017/3014 2698/1018/3014
f 2704/1019/3015 2701/1020/3015 2699/1021/3015
f 2702/1022/3016 2700/1023/3016 2705/1024/3016
f 2701/1020/3017 2700/1023/3017 2703/1025/3017
f 2702/1026/3018 2701/1020/3018 2703/1025/3018
f 2700/1023/3019 2704/1027/3019 2705/1028/3019
f 2706/1029/3020 2710/1030/3020 2709/1031/3020
f 2707/1032/3021 2708/1033/3021 2709/1034/3021
f 2710/1035/3022 2774/1036/3022 2764/1037/3022
f 2707/1038/3023 2790/1039/3023 2765/1040/3023
f 2724/1041/3024 2711/1042/3025 2725/1043/3024
f 2712/1044/3026 2713/1045/3027 2734/1046/3028
f 2714/1047/161 2716/1048/161 2715/1049/161
f 2716/1048/3029 2717/1050/3029 2718/1051/3029
f 2780/1052/3030 2721/1053/3031 2719/1054/3031
f 2720/1055/160 2779/1056/3032 2733/1057/3032
f 2778/1058/3033 2732/1059/3033 2779/1056/3033
f 2721/1060/161 2722/1061/161 2719/1054/161
f 2723/1062/160 2724/1041/160 2725/1063/2956
f 2720/1055/160 2726/1064/160 2727/1065/160
f 2780/1052/3034 2728/1066/3035 2729/1067/3034
f 2730/1068/161 2715/1049/161 2722/1061/161
f 2727/1065/160 2731/1069/160 2723/1062/160
f 2732/1059/3034 2728/1066/3035 2733/1057/3036
f 2718/1051/3037 2734/1046/3037 2735/1070/3038
f 2733/1057/3036 2736/1071/3039 2726/1064/3040
f 2736/1071/3039 2731/1069/3041 2726/1064/3040
f 2722/1061/3042 2728/1066/3035 2719/1054/3043
f 2722/1061/3042 2735/1070/3038 2736/1071/3039
f 2735/1070/3038 2734/1046/3037 2713/1045/3037
f 2737/1072/3044 2732/1059/3045 2738/1073/3046
f 2717/1074/3047 2734/1046/3028 2718/1051/3047
f 2777/1075/3044 2729/1067/3048 2737/1072/3044
f 2762/1076/295 2739/1077/295 2740/1078/295
f 2743/1079/295 2741/1080/295 2742/1081/295
f 2784/1082/1761 2761/1083/1761 2763/1084/1761
f 2745/1085/3049 2743/1086/3050 2744/1087/3051
f 2745/1088/1762 2747/1089/1762 2749/1090/1762
f 2742/1081/295 2746/1091/295 2781/1092/295
f 2747/1093/295 2748/1094/295 2749/1095/295
f 2743/1079/295 2748/1094/295 2750/1096/295
f 2761/1097/295 2746/1091/295 2739/1077/295
f 2752/1098/3052 2751/1099/3053 2742/1100/3054
f 2742/1081/3055 2782/1101/3055 2743/1079/3055
f 2752/1102/302 2782/1103/302 2751/1104/302
f 2759/1105/295 2753/1106/295 2754/1107/295
f 2789/1108/303 2786/1109/303 2754/1107/303
f 2755/1110/1752 2759/1105/1752 2787/1111/1752
f 2756/1112/1756 2785/1113/1756 2753/1106/1756
f 2757/1114/1762 2754/1107/1762 2785/1113/1762
f 2758/1115/1761 2787/1111/1761 2786/1109/1761
f 2788/1116/302 2753/1106/302 2759/1105/302
f 2760/1117/3056 2761/1097/3056 2762/1076/3056
f 2763/1118/303 2760/1119/303 2762/1120/303
f 2764/1037/3057 2774/1036/3057 2706/1029/3057
f 2706/1029/3058 2765/1040/3058 2764/1037/3058
f 2696/1016/3059 2766/1012/3060 2767/1121/3061
f 2791/1010/3062 2697/1015/3062 2698/1018/3062
f 2768/1122/3063 2689/1002/3063 2769/1123/3063
f 2792/1124/3064 2770/1000/3064 2689/1002/3064
f 2771/999/3006 2692/1003/3006 2770/1000/3006
f 2690/1005/3007 2769/1123/3007 2692/1003/3007
f 2769/1123/3007 2689/1002/3007 2692/1003/3007
f 2768/1004/3009 2769/1123/3009 2690/1005/3009
f 2692/1003/3010 2771/2348/3010 2691/1007/3010
f 2698/1018/3065 2772/2349/3065 2791/1010/3065
f 2772/2349/3065 2693/1008/3065 2791/1010/3065
f 2694/1011/3012 2767/1121/3012 2766/1012/3012
f 2767/2350/3013 2694/2351/3013 2696/1016/3013
f 2694/2351/3013 2695/1014/3013 2696/1016/3013
f 2697/1015/3014 2695/2352/3014 2772/1017/3014
f 2704/1019/3015 2773/2353/3015 2701/1020/3015
f 2702/1022/3016 2703/1025/3016 2700/1023/3016
f 2701/1020/3017 2773/2353/3017 2700/1023/3017
f 2702/1026/3018 2699/2354/3018 2701/1020/3018
f 2700/1023/3019 2773/2353/3019 2704/1027/3019
f 2709/1031/3020 2708/1033/3020 2706/1029/3020
f 2706/1029/3020 2774/1036/3020 2710/1030/3020
f 2707/1032/3021 2765/1040/3021 2708/1033/3021
f 2790/1039/3022 2775/2355/3022 2764/1037/3022
f 2775/2355/3022 2710/1035/3022 2764/1037/3022
f 2707/1038/3023 2775/2356/3023 2790/1039/3023
f 2724/1041/3024 2713/1045/3024 2711/1042/3025
f 2712/1044/3026 2711/2357/3027 2713/1045/3027
f 2714/1047/161 2776/2358/161 2716/1048/161
f 2716/1048/3029 2776/2359/3029 2717/1050/3029
f 2780/1052/3030 2777/2360/3066 2721/1053/3066
f 2720/1055/160 2778/2361/160 2779/1056/3032
f 2778/1058/3033 2738/2362/3033 2732/1059/3033
f 2721/1060/161 2730/1068/161 2722/1061/161
f 2723/1062/160 2731/1069/160 2724/1041/160
f 2720/1055/160 2733/1057/3032 2726/1064/160
f 2780/1052/3034 2719/1054/3043 2728/1066/3035
f 2730/1068/161 2714/1047/161 2715/1049/161
f 2727/1065/160 2726/1064/160 2731/1069/160
f 2733/1057/3036 2779/1056/3034 2732/1059/3034
f 2732/1059/3034 2729/1067/3034 2728/1066/3035
f 2735/1070/3038 2715/1049/3067 2716/1048/3037
f 2716/1048/3037 2718/1051/3037 2735/1070/3038
f 2733/1057/3036 2728/1066/3035 2736/1071/3039
f 2736/1071/3039 2735/1070/3038 2731/1069/3041
f 2722/1061/3042 2736/1071/3039 2728/1066/3035
f 2722/1061/3042 2715/1049/3067 2735/1070/3038
f 2724/1041/3037 2731/1069/3041 2713/1045/3037
f 2731/1069/3041 2735/1070/3038 2713/1045/3037
f 2737/1072/3044 2729/1067/3048 2732/1059/3045
f 2717/1074/3047 2712/1044/3026 2734/1046/3028
f 2777/1075/3068 2780/1052/3068 2729/1067/3068
f 2740/1078/295 2747/1093/295 2762/1076/295
f 2762/1076/295 2761/1097/295 2739/1077/295
f 2743/1079/295 2750/1096/295 2741/1080/295
f 2781/2363/1761 2761/1083/1761 2784/1082/1761
f 2761/1083/1761 2760/2364/1761 2763/1084/1761
f 2749/1090/3069 2743/1086/3050 2745/1085/3049
f 2743/1086/3050 2782/2365/3070 2744/1087/3051
f 2745/1088/1762 2783/2366/1762 2747/1089/1762
f 2742/1081/295 2741/1080/295 2746/1091/295
f 2747/1093/295 2740/1078/295 2748/1094/295
f 2743/1079/295 2749/1095/295 2748/1094/295
f 2761/1097/295 2781/1092/295 2746/1091/295
f 2742/1100/3054 2781/2363/3071 2784/2367/3072
f 2784/2367/3072 2752/1098/3052 2742/1100/3054
f 2742/1081/3055 2751/2368/3055 2782/1101/3055
f 2752/1102/302 2744/2369/302 2782/1103/302
f 2753/1106/295 2785/1113/295 2754/1107/295
f 2754/1107/295 2786/1109/295 2759/1105/295
f 2786/1109/295 2787/1111/295 2759/1105/295
f 2789/1108/303 2758/2370/303 2786/1109/303
f 2755/1110/1752 2788/2371/1752 2759/1105/1752
f 2756/1112/1756 2757/2372/1756 2785/1113/1756
f 2757/1114/1762 2789/2373/1762 2754/1107/1762
f 2758/1115/1761 2755/2374/1761 2787/1111/1761
f 2788/1116/302 2756/2375/302 2753/1106/302
f 2762/1120/303 2747/1089/303 2783/2376/303
f 2783/2376/303 2763/1118/303 2762/1120/303
f 2708/1033/3058 2765/1040/3058 2706/1029/3058
f 2765/1040/3058 2790/1039/3058 2764/1037/3058
f 2696/1016/3059 2791/1010/3073 2766/1012/3060
f 2791/1010/3062 2696/1016/3062 2697/1015/3062
f 2768/1122/3063 2792/2377/3074 2689/1002/3063
f 2792/1124/3064 2793/2378/3064 2770/1000/3064
f 2876/999/3075 2875/1000/3075 2898/1001/3075
f 2794/1002/3076 2875/1000/3077 2797/1003/3076
f 2873/1004/3078 2795/1005/3078 2796/1006/3078
f 2797/1003/3079 2796/1007/3079 2795/1005/3079
f 2798/1008/3080 2871/1009/3080 2896/1010/3080
f 2799/1011/3081 2871/1012/3081 2798/1013/3081
f 2800/1014/3082 2802/1015/3082 2801/1016/3082
f 2802/1015/3083 2877/1017/3083 2803/1018/3083
f 2809/1019/3084 2806/1020/3084 2804/1021/3084
f 2807/1022/3085 2805/1023/3085 2810/1024/3085
f 2806/1020/3086 2805/1023/3086 2808/1025/3086
f 2807/1026/3087 2806/1020/3087 2808/1025/3087
f 2805/1023/3088 2809/1027/3088 2810/1028/3088
f 2811/1029/3089 2815/1030/3089 2814/1031/3089
f 2812/1032/3090 2813/1033/3090 2814/1034/3090
f 2815/1035/3091 2879/1036/3091 2869/1037/3091
f 2812/1038/3092 2895/1039/3092 2870/1040/3092
f 2829/1041/3093 2816/1042/3094 2830/1043/3093
f 2817/1044/3095 2818/1045/3096 2839/1046/3097
f 2819/1047/161 2821/1048/161 2820/1049/161
f 2821/1048/3098 2822/1050/3098 2823/1051/3098
f 2885/1052/3099 2826/1053/3100 2824/1054/3100
f 2825/1055/160 2884/1056/1736 2838/1057/1736
f 2883/1058/3101 2837/1059/3102 2884/1056/3101
f 2826/1060/161 2827/1061/161 2824/1054/161
f 2828/1062/160 2829/1041/160 2830/1063/3032
f 2825/1055/160 2831/1064/160 2832/1065/160
f 2885/1052/3103 2833/1066/3104 2834/1067/3103
f 2835/1068/161 2820/1049/161 2827/1061/161
f 2832/1065/160 2836/1069/160 2828/1062/160
f 2837/1059/3103 2833/1066/3104 2838/1057/3105
f 2823/1051/3106 2839/1046/3106 2840/1070/3107
f 2838/1057/3105 2841/1071/3108 2831/1064/3109
f 2841/1071/3108 2836/1069/3110 2831/1064/3109
f 2827/1061/3111 2833/1066/3104 2824/1054/3112
f 2827/1061/3111 2840/1070/3107 2841/1071/3108
f 2840/1070/3107 2839/1046/3106 2818/1045/3106
f 2842/1072/3113 2837/1059/3114 2843/1073/3115
f 2822/1074/3116 2839/1046/3097 2823/1051/3116
f 2882/1075/3117 2834/1067/3118 2842/1072/3113
f 2867/1076/302 2844/1077/302 2845/1078/302
f 2848/1079/302 2846/1080/302 2847/1081/302
f 2889/1082/2984 2866/1083/2984 2868/1084/2984
f 2850/1085/3119 2848/1086/3120 2849/1087/3121
f 2850/1088/2985 2852/1089/2985 2854/1090/2985
f 2847/1081/302 2851/1091/302 2886/1092/302
f 2852/1093/302 2853/1094/302 2854/1095/302
f 2848/1079/302 2853/1094/302 2855/1096/302
f 2866/1097/302 2851/1091/302 2844/1077/302
f 2857/1098/3122 2856/1099/3123 2847/1100/3124
f 2847/1081/3125 2887/1101/3125 2848/1079/3125
f 2857/1102/296 2887/1103/296 2856/1104/296
f 2864/1105/302 2858/1106/302 2859/1107/302
f 2894/1108/295 2891/1109/295 2859/1107/295
f 2860/1110/2975 2864/1105/2975 2892/1111/2975
f 2861/1112/2979 2890/1113/2979 2858/1106/2979
f 2862/1114/2985 2859/1107/2985 2890/1113/2985
f 2863/1115/2984 2892/1111/2984 2891/1109/2984
f 2893/1116/296 2858/1106/296 2864/1105/296
f 2865/1117/3126 2866/1097/3126 2867/1076/3126
f 2868/1118/295 2865/1119/295 2867/1120/295
f 2869/1037/3127 2879/1036/3127 2811/1029/3127
f 2811/1029/3128 2870/1040/3128 2869/1037/3128
f 2801/1016/3129 2871/1012/3130 2872/1121/3131
f 2896/1010/3132 2802/1015/3132 2803/1018/3132
f 2873/1122/3133 2794/1002/3134 2874/1123/3134
f 2897/1124/3135 2875/1000/3135 2794/1002/3135
f 2876/999/3075 2797/1003/3075 2875/1000/3075
f 2795/1005/3076 2874/1123/3076 2797/1003/3076
f 2874/1123/3076 2794/1002/3076 2797/1003/3076
f 2873/1004/3078 2874/1123/3078 2795/1005/3078
f 2797/1003/3079 2876/2348/3079 2796/1007/3079
f 2803/1018/3136 2877/2349/3136 2896/1010/3136
f 2877/2349/3136 2798/1008/3136 2896/1010/3136
f 2799/1011/3081 2872/1121/3081 2871/1012/3081
f 2872/2350/3082 2799/2351/3082 2801/1016/3082
f 2799/2351/3082 2800/1014/3082 2801/1016/3082
f 2802/1015/3083 2800/2352/3083 2877/1017/3083
f 2809/1019/3084 2878/2353/3084 2806/1020/3084
f 2807/1022/3085 2808/1025/3085 2805/1023/3085
f 2806/1020/3086 2878/2353/3086 2805/1023/3086
f 2807/1026/3087 2804/2354/3087 2806/1020/3087
f 2805/1023/3088 2878/2353/3088 2809/1027/3088
f 2814/1031/3089 2813/1033/3089 2811/1029/3089
f 2811/1029/3089 2879/1036/3089 2815/1030/3089
f 2812/1032/3090 2870/1040/3090 2813/1033/3090
f 2895/1039/3091 2880/2355/3091 2869/1037/3091
f 2880/2355/3091 2815/1035/3091 2869/1037/3091
f 2812/1038/3092 2880/2356/3092 2895/1039/3092
f 2829/1041/3093 2818/1045/3093 2816/1042/3094
f 2817/1044/3095 2816/2357/3096 2818/1045/3096
f 2819/1047/161 2881/2358/161 2821/1048/161
f 2821/1048/3098 2881/2359/3098 2822/1050/3098
f 2885/1052/3099 2882/2360/3137 2826/1053/3100
f 2825/1055/160 2883/2361/160 2884/1056/1736
f 2883/1058/3101 2843/2362/3101 2837/1059/3102
f 2826/1060/161 2835/1068/161 2827/1061/161
f 2828/1062/160 2836/1069/160 2829/1041/160
f 2825/1055/160 2838/1057/1736 2831/1064/160
f 2885/1052/3103 2824/1054/3112 2833/1066/3104
f 2835/1068/161 2819/1047/161 2820/1049/161
f 2832/1065/160 2831/1064/160 2836/1069/160
f 2838/1057/3105 2884/1056/3103 2837/1059/3103
f 2837/1059/3103 2834/1067/3103 2833/1066/3104
f 2840/1070/3107 2820/1049/3138 2821/1048/3106
f 2821/1048/3106 2823/1051/3106 2840/1070/3107
f 2838/1057/3105 2833/1066/3104 2841/1071/3108
f 2841/1071/3108 2840/1070/3107 2836/1069/3110
f 2827/1061/3111 2841/1071/3108 2833/1066/3104
f 2827/1061/3111 2820/1049/3138 2840/1070/3107
f 2829/1041/3106 2836/1069/3110 2818/1045/3106
f 2836/1069/3110 2840/1070/3107 2818/1045/3106
f 2842/1072/3113 2834/1067/3118 2837/1059/3114
f 2822/1074/3116 2817/1044/3095 2839/1046/3097
f 2882/1075/3139 2885/1052/3139 2834/1067/3140
f 2845/1078/302 2852/1093/302 2867/1076/302
f 2867/1076/302 2866/1097/302 2844/1077/302
f 2848/1079/302 2855/1096/302 2846/1080/302
f 2886/2363/2984 2866/1083/2984 2889/1082/2984
f 2866/1083/2984 2865/2364/2984 2868/1084/2984
f 2854/1090/3141 2848/1086/3120 2850/1085/3119
f 2848/1086/3120 2887/2365/3142 2849/1087/3121
f 2850/1088/2985 2888/2366/2985 2852/1089/2985
f 2847/1081/302 2846/1080/302 2851/1091/302
f 2852/1093/302 2845/1078/302 2853/1094/302
f 2848/1079/302 2854/1095/302 2853/1094/302
f 2866/1097/302 2886/1092/302 2851/1091/302
f 2847/1100/3124 2886/2363/3143 2889/2367/3144
f 2889/2367/3144 2857/1098/3122 2847/1100/3124
f 2847/1081/3125 2856/2368/3125 2887/1101/3125
f 2857/1102/296 2849/2369/296 2887/1103/296
f 2858/1106/302 2890/1113/302 2859/1107/302
f 2859/1107/302 2891/1109/302 2864/1105/302
f 2891/1109/302 2892/1111/302 2864/1105/302
f 2894/1108/295 2863/2370/295 2891/1109/295
f 2860/1110/2975 2893/2371/2975 2864/1105/2975
f 2861/1112/2979 2862/2372/2979 2890/1113/2979
f 2862/1114/2985 2894/2373/2985 2859/1107/2985
f 2863/1115/2984 2860/2374/2984 2892/1111/2984
f 2893/1116/296 2861/2375/296 2858/1106/296
f 2867/1120/295 2852/1089/295 2888/2376/295
f 2888/2376/295 2868/1118/295 2867/1120/295
f 2813/1033/3128 2870/1040/3128 2811/1029/3128
f 2870/1040/3128 2895/1039/3128 2869/1037/3128
f 2801/1016/3129 2896/1010/3145 2871/1012/3130
f 2896/1010/3132 2801/1016/3132 2802/1015/3132
f 2873/1122/3133 2897/2377/3133 2794/1002/3134
f 2897/1124/3135 2898/2378/3135 2875/1000/3135
